
Starting iot-benchmark

Using configuration file: /home/yikanji/WorkSpace/BigData/tools/iot-benchmark/conf-influxdb2-run
Set MAX_HEAP_SIZE=1g
Set HEAP_NEWSIZE=512m
2026/06/17 03:13:36 INFO  [iot.benchmark.App] Initial Heap Size: 538968064 bytes, Max Heap Size: 1073741824 bytes. 
2026/06/17 03:13:36 INFO  [benchmark.conf.ConfigDescriptor] Init SensorTypes: BOOLEAN:INT32:INT64:FLOAT:DOUBLE:TEXT:STRING:BLOB:TIMESTAMP:DATE:OBJECT= 1:1:1:1:1:1:0:0:0:0:0
2026/06/17 03:13:36 WARN  [benchmark.influxdb2.InfluxDB] No bucket to clear!
2026/06/17 03:13:36 INFO  [benchmark.tsdb.DBWrapper] Waiting 1000ms for old data deletion.
2026/06/17 03:13:38 INFO  [benchmark.tsdb.DBWrapper] Registering schema...
2026/06/17 03:13:39 INFO  [benchmark.mode.BaseMode] Registering schema successful!
2026/06/17 03:13:39 INFO  [benchmark.schema.MetaDataSchema] SCHEMA_CLIENT_DATA_SCHEMA has been cleared!
2026/06/17 03:13:39 INFO  [benchmark.workload.GenerateDataWorkLoad] Start Generating WorkLoad
2026/06/17 03:13:39 INFO  [benchmark.workload.GenerateDataWorkLoad] Finish 0.0 % WorkLoad Buffer
2026/06/17 03:13:39 INFO  [benchmark.workload.GenerateDataWorkLoad] Finish Generating WorkLoad
2026/06/17 03:13:39 INFO  [benchmark.tsdb.DBWrapper] DataClientService-thread-1 insert one batch latency (device: d_0, sg: g_0) ,66.80, ms, throughput ,748.4977164307719, points/s
2026/06/17 03:13:39 INFO  [benchmark.tsdb.DBWrapper] DataClientService-thread-1 insert one batch latency (device: d_1, sg: g_0) ,3.66, ms, throughput ,13643.919887268477, points/s
2026/06/17 03:13:39 INFO  [benchmark.tsdb.DBWrapper] DataClientService-thread-1 insert one batch latency (device: d_2, sg: g_0) ,3.41, ms, throughput ,14652.877722614578, points/s
2026/06/17 03:13:39 INFO  [benchmark.tsdb.DBWrapper] DataClientService-thread-1 insert one batch latency (device: d_3, sg: g_0) ,2.77, ms, throughput ,18018.459551441258, points/s
2026/06/17 03:13:39 INFO  [benchmark.tsdb.DBWrapper] DataClientService-thread-1 insert one batch latency (device: d_4, sg: g_0) ,2.57, ms, throughput ,19429.903320687055, points/s
2026/06/17 03:13:39 INFO  [benchmark.tsdb.DBWrapper] DataClientService-thread-1 insert one batch latency (device: d_5, sg: g_0) ,2.56, ms, throughput ,19561.57043417297, points/s
2026/06/17 03:13:39 INFO  [benchmark.tsdb.DBWrapper] DataClientService-thread-1 insert one batch latency (device: d_6, sg: g_0) ,2.75, ms, throughput ,18201.734188426537, points/s
2026/06/17 03:13:39 INFO  [benchmark.tsdb.DBWrapper] DataClientService-thread-1 insert one batch latency (device: d_7, sg: g_0) ,2.60, ms, throughput ,19213.499250865665, points/s
2026/06/17 03:13:39 INFO  [benchmark.tsdb.DBWrapper] DataClientService-thread-1 insert one batch latency (device: d_8, sg: g_0) ,2.92, ms, throughput ,17100.553305502755, points/s
2026/06/17 03:13:39 INFO  [benchmark.tsdb.DBWrapper] DataClientService-thread-1 insert one batch latency (device: d_9, sg: g_0) ,2.74, ms, throughput ,18279.02270108387, points/s
2026/06/17 03:13:39 INFO  [benchmark.tsdb.DBWrapper] DataClientService-thread-1 insert one batch latency (device: d_10, sg: g_0) ,2.46, ms, throughput ,20287.47349948774, points/s
2026/06/17 03:13:39 INFO  [benchmark.tsdb.DBWrapper] DataClientService-thread-1 insert one batch latency (device: d_11, sg: g_0) ,2.76, ms, throughput ,18146.370072716134, points/s
2026/06/17 03:13:39 INFO  [benchmark.tsdb.DBWrapper] DataClientService-thread-1 insert one batch latency (device: d_12, sg: g_0) ,2.45, ms, throughput ,20371.469675233955, points/s
2026/06/17 03:13:39 INFO  [benchmark.tsdb.DBWrapper] DataClientService-thread-1 insert one batch latency (device: d_13, sg: g_0) ,2.58, ms, throughput ,19351.994590730472, points/s
2026/06/17 03:13:39 INFO  [benchmark.tsdb.DBWrapper] DataClientService-thread-1 insert one batch latency (device: d_14, sg: g_0) ,2.51, ms, throughput ,19942.29497525959, points/s
2026/06/17 03:13:39 INFO  [benchmark.tsdb.DBWrapper] DataClientService-thread-1 insert one batch latency (device: d_15, sg: g_0) ,2.58, ms, throughput ,19359.479988879913, points/s
2026/06/17 03:13:39 INFO  [benchmark.tsdb.DBWrapper] DataClientService-thread-1 insert one batch latency (device: d_16, sg: g_0) ,2.66, ms, throughput ,18779.272190526983, points/s
2026/06/17 03:13:39 INFO  [benchmark.tsdb.DBWrapper] DataClientService-thread-1 insert one batch latency (device: d_17, sg: g_0) ,2.45, ms, throughput ,20385.31507135268, points/s
2026/06/17 03:13:39 INFO  [benchmark.tsdb.DBWrapper] DataClientService-thread-1 insert one batch latency (device: d_18, sg: g_0) ,2.60, ms, throughput ,19243.299579302984, points/s
2026/06/17 03:13:39 INFO  [benchmark.tsdb.DBWrapper] DataClientService-thread-1 insert one batch latency (device: d_19, sg: g_0) ,2.66, ms, throughput ,18783.08170264879, points/s
2026/06/17 03:13:39 INFO  [benchmark.tsdb.DBWrapper] DataClientService-thread-1 insert one batch latency (device: d_0, sg: g_0) ,1.39, ms, throughput ,35945.388889567854, points/s
2026/06/17 03:13:39 INFO  [benchmark.tsdb.DBWrapper] DataClientService-thread-1 insert one batch latency (device: d_1, sg: g_0) ,1.48, ms, throughput ,33678.243450591995, points/s
2026/06/17 03:13:39 INFO  [benchmark.tsdb.DBWrapper] DataClientService-thread-1 insert one batch latency (device: d_2, sg: g_0) ,1.55, ms, throughput ,32157.649661701525, points/s
2026/06/17 03:13:39 INFO  [benchmark.tsdb.DBWrapper] DataClientService-thread-1 insert one batch latency (device: d_3, sg: g_0) ,1.50, ms, throughput ,33385.013333974326, points/s
2026/06/17 03:13:39 INFO  [benchmark.tsdb.DBWrapper] DataClientService-thread-1 insert one batch latency (device: d_4, sg: g_0) ,1.38, ms, throughput ,36278.65197236148, points/s
2026/06/17 03:13:39 INFO  [benchmark.tsdb.DBWrapper] DataClientService-thread-1 insert one batch latency (device: d_5, sg: g_0) ,1.31, ms, throughput ,38046.07531905439, points/s
2026/06/17 03:13:39 INFO  [benchmark.tsdb.DBWrapper] DataClientService-thread-1 insert one batch latency (device: d_6, sg: g_0) ,1.47, ms, throughput ,34038.428023701636, points/s
2026/06/17 03:13:39 INFO  [benchmark.tsdb.DBWrapper] DataClientService-thread-1 insert one batch latency (device: d_7, sg: g_0) ,1.38, ms, throughput ,36147.38300176544, points/s
2026/06/17 03:13:39 INFO  [benchmark.tsdb.DBWrapper] DataClientService-thread-1 insert one batch latency (device: d_8, sg: g_0) ,1.26, ms, throughput ,39684.93337693385, points/s
2026/06/17 03:13:39 INFO  [benchmark.tsdb.DBWrapper] DataClientService-thread-1 insert one batch latency (device: d_9, sg: g_0) ,1.32, ms, throughput ,37982.23191191161, points/s
2026/06/17 03:13:39 INFO  [benchmark.tsdb.DBWrapper] DataClientService-thread-1 insert one batch latency (device: d_10, sg: g_0) ,1.34, ms, throughput ,37391.117067100604, points/s
2026/06/17 03:13:39 INFO  [benchmark.tsdb.DBWrapper] DataClientService-thread-1 insert one batch latency (device: d_11, sg: g_0) ,1.25, ms, throughput ,40129.763603588566, points/s
2026/06/17 03:13:39 INFO  [benchmark.tsdb.DBWrapper] DataClientService-thread-1 insert one batch latency (device: d_12, sg: g_0) ,1.26, ms, throughput ,39644.34267301187, points/s
2026/06/17 03:13:39 INFO  [benchmark.tsdb.DBWrapper] DataClientService-thread-1 insert one batch latency (device: d_13, sg: g_0) ,1.38, ms, throughput ,36339.95592690145, points/s
2026/06/17 03:13:39 INFO  [benchmark.tsdb.DBWrapper] DataClientService-thread-1 insert one batch latency (device: d_14, sg: g_0) ,1.51, ms, throughput ,33077.20550537008, points/s
2026/06/17 03:13:39 INFO  [benchmark.tsdb.DBWrapper] DataClientService-thread-1 insert one batch latency (device: d_15, sg: g_0) ,1.43, ms, throughput ,34853.96537049417, points/s
2026/06/17 03:13:39 INFO  [benchmark.tsdb.DBWrapper] DataClientService-thread-1 insert one batch latency (device: d_16, sg: g_0) ,1.22, ms, throughput ,40912.010538933915, points/s
2026/06/17 03:13:39 INFO  [benchmark.tsdb.DBWrapper] DataClientService-thread-1 insert one batch latency (device: d_17, sg: g_0) ,1.33, ms, throughput ,37701.53354757858, points/s
2026/06/17 03:13:39 INFO  [benchmark.tsdb.DBWrapper] DataClientService-thread-1 insert one batch latency (device: d_18, sg: g_0) ,1.32, ms, throughput ,37978.856411058834, points/s
2026/06/17 03:13:39 INFO  [benchmark.tsdb.DBWrapper] DataClientService-thread-1 insert one batch latency (device: d_19, sg: g_0) ,1.24, ms, throughput ,40223.48166412588, points/s
2026/06/17 03:13:39 INFO  [benchmark.tsdb.DBWrapper] DataClientService-thread-1 insert one batch latency (device: d_0, sg: g_0) ,1.17, ms, throughput ,42776.79581266501, points/s
2026/06/17 03:13:39 INFO  [benchmark.tsdb.DBWrapper] DataClientService-thread-1 insert one batch latency (device: d_1, sg: g_0) ,1.25, ms, throughput ,40078.74672155852, points/s
2026/06/17 03:13:39 INFO  [benchmark.tsdb.DBWrapper] DataClientService-thread-1 insert one batch latency (device: d_2, sg: g_0) ,1.29, ms, throughput ,38772.072941125385, points/s
2026/06/17 03:13:39 INFO  [benchmark.tsdb.DBWrapper] DataClientService-thread-1 insert one batch latency (device: d_3, sg: g_0) ,1.26, ms, throughput ,39632.96701903016, points/s
2026/06/17 03:13:39 INFO  [benchmark.tsdb.DBWrapper] DataClientService-thread-1 insert one batch latency (device: d_4, sg: g_0) ,1.14, ms, throughput ,43708.70074138698, points/s
2026/06/17 03:13:39 INFO  [benchmark.tsdb.DBWrapper] DataClientService-thread-1 insert one batch latency (device: d_5, sg: g_0) ,1.29, ms, throughput ,38691.84422353981, points/s
2026/06/17 03:13:39 INFO  [benchmark.tsdb.DBWrapper] DataClientService-thread-1 insert one batch latency (device: d_6, sg: g_0) ,1.14, ms, throughput ,43963.773850347316, points/s
2026/06/17 03:13:39 INFO  [benchmark.tsdb.DBWrapper] DataClientService-thread-1 insert one batch latency (device: d_7, sg: g_0) ,1.24, ms, throughput ,40204.52847726957, points/s
2026/06/17 03:13:39 INFO  [benchmark.tsdb.DBWrapper] DataClientService-thread-1 insert one batch latency (device: d_8, sg: g_0) ,1.26, ms, throughput ,39758.996864605506, points/s
2026/06/17 03:13:39 INFO  [benchmark.tsdb.DBWrapper] DataClientService-thread-1 insert one batch latency (device: d_9, sg: g_0) ,1.21, ms, throughput ,41443.493454414645, points/s
2026/06/17 03:13:39 INFO  [benchmark.tsdb.DBWrapper] DataClientService-thread-1 insert one batch latency (device: d_10, sg: g_0) ,1.22, ms, throughput ,40837.962316361896, points/s
2026/06/17 03:13:39 INFO  [benchmark.tsdb.DBWrapper] DataClientService-thread-1 insert one batch latency (device: d_11, sg: g_0) ,1.24, ms, throughput ,40252.56066664681, points/s
2026/06/17 03:13:39 INFO  [benchmark.tsdb.DBWrapper] DataClientService-thread-1 insert one batch latency (device: d_12, sg: g_0) ,1.21, ms, throughput ,41204.93107651179, points/s
2026/06/17 03:13:39 INFO  [benchmark.tsdb.DBWrapper] DataClientService-thread-1 insert one batch latency (device: d_13, sg: g_0) ,1.23, ms, throughput ,40559.59258700439, points/s
2026/06/17 03:13:39 INFO  [benchmark.tsdb.DBWrapper] DataClientService-thread-1 insert one batch latency (device: d_14, sg: g_0) ,1.33, ms, throughput ,37602.862630726355, points/s
2026/06/17 03:13:39 INFO  [benchmark.tsdb.DBWrapper] DataClientService-thread-1 insert one batch latency (device: d_15, sg: g_0) ,1.31, ms, throughput ,38204.80219081618, points/s
2026/06/17 03:13:39 INFO  [benchmark.tsdb.DBWrapper] DataClientService-thread-1 insert one batch latency (device: d_16, sg: g_0) ,1.34, ms, throughput ,37176.29669064042, points/s
2026/06/17 03:13:39 INFO  [benchmark.tsdb.DBWrapper] DataClientService-thread-1 insert one batch latency (device: d_17, sg: g_0) ,1.36, ms, throughput ,36854.077019124314, points/s
2026/06/17 03:13:39 INFO  [benchmark.tsdb.DBWrapper] DataClientService-thread-1 insert one batch latency (device: d_18, sg: g_0) ,1.19, ms, throughput ,41898.64550058825, points/s
2026/06/17 03:13:39 INFO  [benchmark.tsdb.DBWrapper] DataClientService-thread-1 insert one batch latency (device: d_19, sg: g_0) ,1.20, ms, throughput ,41670.208634400595, points/s
2026/06/17 03:13:39 INFO  [benchmark.tsdb.DBWrapper] DataClientService-thread-1 insert one batch latency (device: d_0, sg: g_0) ,1.32, ms, throughput ,37954.495596139874, points/s
2026/06/17 03:13:39 INFO  [benchmark.tsdb.DBWrapper] DataClientService-thread-1 insert one batch latency (device: d_1, sg: g_0) ,1.28, ms, throughput ,39162.67076882588, points/s
2026/06/17 03:13:39 INFO  [benchmark.tsdb.DBWrapper] DataClientService-thread-1 insert one batch latency (device: d_2, sg: g_0) ,1.27, ms, throughput ,39489.32406124005, points/s
2026/06/17 03:13:39 INFO  [benchmark.tsdb.DBWrapper] DataClientService-thread-1 insert one batch latency (device: d_3, sg: g_0) ,1.21, ms, throughput ,41245.00522986666, points/s
2026/06/17 03:13:39 INFO  [benchmark.tsdb.DBWrapper] DataClientService-thread-1 insert one batch latency (device: d_4, sg: g_0) ,1.21, ms, throughput ,41167.9173479957, points/s
2026/06/17 03:13:39 INFO  [benchmark.tsdb.DBWrapper] DataClientService-thread-1 insert one batch latency (device: d_5, sg: g_0) ,1.35, ms, throughput ,37144.50848157707, points/s
2026/06/17 03:13:39 INFO  [benchmark.tsdb.DBWrapper] DataClientService-thread-1 insert one batch latency (device: d_6, sg: g_0) ,1.20, ms, throughput ,41612.29327012703, points/s
2026/06/17 03:13:39 INFO  [benchmark.tsdb.DBWrapper] DataClientService-thread-1 insert one batch latency (device: d_7, sg: g_0) ,1.11, ms, throughput ,44986.6839415533, points/s
2026/06/17 03:13:39 INFO  [benchmark.tsdb.DBWrapper] DataClientService-thread-1 insert one batch latency (device: d_8, sg: g_0) ,1.35, ms, throughput ,37070.18052436512, points/s
2026/06/17 03:13:39 INFO  [benchmark.tsdb.DBWrapper] DataClientService-thread-1 insert one batch latency (device: d_9, sg: g_0) ,1.19, ms, throughput ,42097.03872590786, points/s
2026/06/17 03:13:39 INFO  [benchmark.tsdb.DBWrapper] DataClientService-thread-1 insert one batch latency (device: d_10, sg: g_0) ,1.13, ms, throughput ,44159.000664151376, points/s
2026/06/17 03:13:39 INFO  [benchmark.tsdb.DBWrapper] DataClientService-thread-1 insert one batch latency (device: d_11, sg: g_0) ,1.18, ms, throughput ,42507.681137981635, points/s
2026/06/17 03:13:39 INFO  [benchmark.tsdb.DBWrapper] DataClientService-thread-1 insert one batch latency (device: d_12, sg: g_0) ,1.13, ms, throughput ,44089.33910962461, points/s
2026/06/17 03:13:39 INFO  [benchmark.tsdb.DBWrapper] DataClientService-thread-1 insert one batch latency (device: d_13, sg: g_0) ,1.16, ms, throughput ,42999.91486016858, points/s
2026/06/17 03:13:39 INFO  [benchmark.tsdb.DBWrapper] DataClientService-thread-1 insert one batch latency (device: d_14, sg: g_0) ,1.21, ms, throughput ,41336.593963865205, points/s
2026/06/17 03:13:39 INFO  [benchmark.tsdb.DBWrapper] DataClientService-thread-1 insert one batch latency (device: d_15, sg: g_0) ,1.10, ms, throughput ,45638.96837675881, points/s
2026/06/17 03:13:39 INFO  [benchmark.tsdb.DBWrapper] DataClientService-thread-1 insert one batch latency (device: d_16, sg: g_0) ,1.20, ms, throughput ,41607.61852138174, points/s
2026/06/17 03:13:39 INFO  [benchmark.tsdb.DBWrapper] DataClientService-thread-1 insert one batch latency (device: d_17, sg: g_0) ,1.09, ms, throughput ,45903.60793177622, points/s
2026/06/17 03:13:39 INFO  [benchmark.tsdb.DBWrapper] DataClientService-thread-1 insert one batch latency (device: d_18, sg: g_0) ,1.08, ms, throughput ,46219.43508757659, points/s
2026/06/17 03:13:39 INFO  [benchmark.tsdb.DBWrapper] DataClientService-thread-1 insert one batch latency (device: d_19, sg: g_0) ,1.18, ms, throughput ,42362.1472186285, points/s
2026/06/17 03:13:39 INFO  [benchmark.tsdb.DBWrapper] DataClientService-thread-1 insert one batch latency (device: d_0, sg: g_0) ,1.35, ms, throughput ,37146.66096093954, points/s
2026/06/17 03:13:39 INFO  [benchmark.tsdb.DBWrapper] DataClientService-thread-1 insert one batch latency (device: d_1, sg: g_0) ,1.21, ms, throughput ,41456.8947790845, points/s
2026/06/17 03:13:39 INFO  [benchmark.tsdb.DBWrapper] DataClientService-thread-1 insert one batch latency (device: d_2, sg: g_0) ,1.60, ms, throughput ,31171.467384358533, points/s
2026/06/17 03:13:39 INFO  [benchmark.tsdb.DBWrapper] DataClientService-thread-1 insert one batch latency (device: d_3, sg: g_0) ,1.31, ms, throughput ,38157.744114167974, points/s
2026/06/17 03:13:39 INFO  [benchmark.tsdb.DBWrapper] DataClientService-thread-1 insert one batch latency (device: d_4, sg: g_0) ,1.33, ms, throughput ,37662.37190085757, points/s
2026/06/17 03:13:39 INFO  [benchmark.tsdb.DBWrapper] DataClientService-thread-1 insert one batch latency (device: d_5, sg: g_0) ,1.35, ms, throughput ,37064.60211890917, points/s
2026/06/17 03:13:39 INFO  [benchmark.tsdb.DBWrapper] DataClientService-thread-1 insert one batch latency (device: d_6, sg: g_0) ,1.19, ms, throughput ,41992.10548416898, points/s
2026/06/17 03:13:39 INFO  [benchmark.tsdb.DBWrapper] DataClientService-thread-1 insert one batch latency (device: d_7, sg: g_0) ,1.08, ms, throughput ,46502.5436891398, points/s
2026/06/17 03:13:39 INFO  [benchmark.tsdb.DBWrapper] DataClientService-thread-1 insert one batch latency (device: d_8, sg: g_0) ,1.25, ms, throughput ,39983.015215136606, points/s
2026/06/17 03:13:39 INFO  [benchmark.tsdb.DBWrapper] DataClientService-thread-1 insert one batch latency (device: d_9, sg: g_0) ,1.09, ms, throughput ,45801.470776829585, points/s
2026/06/17 03:13:39 INFO  [benchmark.tsdb.DBWrapper] DataClientService-thread-1 insert one batch latency (device: d_10, sg: g_0) ,1.12, ms, throughput ,44727.119841844906, points/s
2026/06/17 03:13:39 INFO  [benchmark.tsdb.DBWrapper] DataClientService-thread-1 insert one batch latency (device: d_11, sg: g_0) ,1.20, ms, throughput ,41665.13894490535, points/s
2026/06/17 03:13:39 INFO  [benchmark.tsdb.DBWrapper] DataClientService-thread-1 insert one batch latency (device: d_12, sg: g_0) ,1.07, ms, throughput ,46569.807676008255, points/s
2026/06/17 03:13:39 INFO  [benchmark.tsdb.DBWrapper] DataClientService-thread-1 insert one batch latency (device: d_13, sg: g_0) ,1.07, ms, throughput ,46755.32098930519, points/s
2026/06/17 03:13:39 INFO  [benchmark.tsdb.DBWrapper] DataClientService-thread-1 insert one batch latency (device: d_14, sg: g_0) ,1.07, ms, throughput ,46666.82222274074, points/s
2026/06/17 03:13:39 INFO  [benchmark.tsdb.DBWrapper] DataClientService-thread-1 insert one batch latency (device: d_15, sg: g_0) ,1.13, ms, throughput ,44410.021743146644, points/s
2026/06/17 03:13:39 INFO  [benchmark.tsdb.DBWrapper] DataClientService-thread-1 insert one batch latency (device: d_16, sg: g_0) ,1.18, ms, throughput ,42332.12771433603, points/s
2026/06/17 03:13:39 INFO  [benchmark.tsdb.DBWrapper] DataClientService-thread-1 insert one batch latency (device: d_17, sg: g_0) ,1.11, ms, throughput ,45145.707771833586, points/s
2026/06/17 03:13:39 INFO  [benchmark.tsdb.DBWrapper] DataClientService-thread-1 insert one batch latency (device: d_18, sg: g_0) ,1.10, ms, throughput ,45479.93152541509, points/s
2026/06/17 03:13:39 INFO  [benchmark.tsdb.DBWrapper] DataClientService-thread-1 insert one batch latency (device: d_19, sg: g_0) ,1.16, ms, throughput ,43028.593360860155, points/s
2026/06/17 03:13:39 INFO  [benchmark.tsdb.DBWrapper] DataClientService-thread-1 insert one batch latency (device: d_0, sg: g_0) ,1.10, ms, throughput ,45580.22255911071, points/s
2026/06/17 03:13:39 INFO  [benchmark.tsdb.DBWrapper] DataClientService-thread-1 insert one batch latency (device: d_1, sg: g_0) ,1.15, ms, throughput ,43573.97204642545, points/s
2026/06/17 03:13:39 INFO  [benchmark.tsdb.DBWrapper] DataClientService-thread-1 insert one batch latency (device: d_2, sg: g_0) ,1.45, ms, throughput ,34392.10577360915, points/s
2026/06/17 03:13:39 INFO  [benchmark.tsdb.DBWrapper] DataClientService-thread-1 insert one batch latency (device: d_3, sg: g_0) ,1.31, ms, throughput ,38101.71175750242, points/s
2026/06/17 03:13:39 INFO  [benchmark.tsdb.DBWrapper] DataClientService-thread-1 insert one batch latency (device: d_4, sg: g_0) ,1.13, ms, throughput ,44272.11768591412, points/s
2026/06/17 03:13:39 INFO  [benchmark.tsdb.DBWrapper] DataClientService-thread-1 insert one batch latency (device: d_5, sg: g_0) ,1.38, ms, throughput ,36296.5603201647, points/s
2026/06/17 03:13:39 INFO  [benchmark.tsdb.DBWrapper] DataClientService-thread-1 insert one batch latency (device: d_6, sg: g_0) ,1.29, ms, throughput ,38901.27246062219, points/s
2026/06/17 03:13:39 INFO  [benchmark.tsdb.DBWrapper] DataClientService-thread-1 insert one batch latency (device: d_7, sg: g_0) ,1.11, ms, throughput ,45037.214250134886, points/s
2026/06/17 03:13:39 INFO  [benchmark.tsdb.DBWrapper] DataClientService-thread-1 insert one batch latency (device: d_8, sg: g_0) ,1.38, ms, throughput ,36316.939382670134, points/s
2026/06/17 03:13:39 INFO  [benchmark.tsdb.DBWrapper] DataClientService-thread-1 insert one batch latency (device: d_9, sg: g_0) ,1.16, ms, throughput ,43153.595730210625, points/s
2026/06/17 03:13:39 INFO  [benchmark.tsdb.DBWrapper] DataClientService-thread-1 insert one batch latency (device: d_10, sg: g_0) ,1.28, ms, throughput ,39010.141076274194, points/s
2026/06/17 03:13:39 INFO  [benchmark.tsdb.DBWrapper] DataClientService-thread-1 insert one batch latency (device: d_11, sg: g_0) ,1.17, ms, throughput ,42666.01131673284, points/s
2026/06/17 03:13:39 INFO  [benchmark.tsdb.DBWrapper] DataClientService-thread-1 insert one batch latency (device: d_12, sg: g_0) ,1.12, ms, throughput ,44660.00339416026, points/s
2026/06/17 03:13:39 INFO  [benchmark.tsdb.DBWrapper] DataClientService-thread-1 insert one batch latency (device: d_13, sg: g_0) ,1.26, ms, throughput ,39641.35671750538, points/s
2026/06/17 03:13:39 INFO  [benchmark.tsdb.DBWrapper] DataClientService-thread-1 insert one batch latency (device: d_14, sg: g_0) ,1.26, ms, throughput ,39721.883262151714, points/s
2026/06/17 03:13:39 INFO  [benchmark.tsdb.DBWrapper] DataClientService-thread-1 insert one batch latency (device: d_15, sg: g_0) ,1.20, ms, throughput ,41650.24952664492, points/s
2026/06/17 03:13:39 INFO  [benchmark.tsdb.DBWrapper] DataClientService-thread-1 insert one batch latency (device: d_16, sg: g_0) ,1.09, ms, throughput ,45678.03562521354, points/s
2026/06/17 03:13:39 INFO  [benchmark.tsdb.DBWrapper] DataClientService-thread-1 insert one batch latency (device: d_17, sg: g_0) ,1.23, ms, throughput ,40488.05926156258, points/s
2026/06/17 03:13:39 INFO  [benchmark.tsdb.DBWrapper] DataClientService-thread-1 insert one batch latency (device: d_18, sg: g_0) ,1.40, ms, throughput ,35775.84572310497, points/s
2026/06/17 03:13:39 INFO  [benchmark.tsdb.DBWrapper] DataClientService-thread-1 insert one batch latency (device: d_19, sg: g_0) ,1.30, ms, throughput ,38326.393700980545, points/s
2026/06/17 03:13:39 INFO  [benchmark.tsdb.DBWrapper] DataClientService-thread-1 insert one batch latency (device: d_0, sg: g_0) ,1.24, ms, throughput ,40171.64540649286, points/s
2026/06/17 03:13:39 INFO  [benchmark.tsdb.DBWrapper] DataClientService-thread-1 insert one batch latency (device: d_1, sg: g_0) ,3.90, ms, throughput ,12821.577997761866, points/s
2026/06/17 03:13:39 INFO  [benchmark.tsdb.DBWrapper] DataClientService-thread-1 insert one batch latency (device: d_2, sg: g_0) ,1.40, ms, throughput ,35842.29390681004, points/s
2026/06/17 03:13:39 INFO  [benchmark.tsdb.DBWrapper] DataClientService-thread-1 insert one batch latency (device: d_3, sg: g_0) ,1.24, ms, throughput ,40313.28258159811, points/s
2026/06/17 03:13:39 INFO  [benchmark.tsdb.DBWrapper] DataClientService-thread-1 insert one batch latency (device: d_4, sg: g_0) ,1.33, ms, throughput ,37453.82879255598, points/s
2026/06/17 03:13:39 INFO  [benchmark.tsdb.DBWrapper] DataClientService-thread-1 insert one batch latency (device: d_5, sg: g_0) ,1.32, ms, throughput ,37777.989334518046, points/s
2026/06/17 03:13:39 INFO  [benchmark.tsdb.DBWrapper] DataClientService-thread-1 insert one batch latency (device: d_6, sg: g_0) ,1.35, ms, throughput ,37124.5960843946, points/s
2026/06/17 03:13:39 INFO  [benchmark.tsdb.DBWrapper] DataClientService-thread-1 insert one batch latency (device: d_7, sg: g_0) ,1.65, ms, throughput ,30332.480383984934, points/s
2026/06/17 03:13:39 INFO  [benchmark.tsdb.DBWrapper] DataClientService-thread-1 insert one batch latency (device: d_8, sg: g_0) ,1.23, ms, throughput ,40549.49430725649, points/s
2026/06/17 03:13:39 INFO  [benchmark.tsdb.DBWrapper] DataClientService-thread-1 insert one batch latency (device: d_9, sg: g_0) ,1.27, ms, throughput ,39404.829455898114, points/s
2026/06/17 03:13:39 INFO  [benchmark.tsdb.DBWrapper] DataClientService-thread-1 insert one batch latency (device: d_10, sg: g_0) ,1.18, ms, throughput ,42543.05357021305, points/s
2026/06/17 03:13:39 INFO  [benchmark.tsdb.DBWrapper] DataClientService-thread-1 insert one batch latency (device: d_11, sg: g_0) ,1.17, ms, throughput ,42738.18417422136, points/s
2026/06/17 03:13:39 INFO  [benchmark.tsdb.DBWrapper] DataClientService-thread-1 insert one batch latency (device: d_12, sg: g_0) ,1.14, ms, throughput ,43757.70135543856, points/s
2026/06/17 03:13:39 INFO  [benchmark.tsdb.DBWrapper] DataClientService-thread-1 insert one batch latency (device: d_13, sg: g_0) ,1.12, ms, throughput ,44526.49192690175, points/s
2026/06/17 03:13:39 INFO  [benchmark.tsdb.DBWrapper] DataClientService-thread-1 insert one batch latency (device: d_14, sg: g_0) ,1.31, ms, throughput ,38275.519437074276, points/s
2026/06/17 03:13:39 INFO  [benchmark.tsdb.DBWrapper] DataClientService-thread-1 insert one batch latency (device: d_15, sg: g_0) ,1.08, ms, throughput ,46412.11170467045, points/s
2026/06/17 03:13:39 INFO  [benchmark.tsdb.DBWrapper] DataClientService-thread-1 insert one batch latency (device: d_16, sg: g_0) ,1.32, ms, throughput ,37837.05246334346, points/s
2026/06/17 03:13:39 INFO  [benchmark.tsdb.DBWrapper] DataClientService-thread-1 insert one batch latency (device: d_17, sg: g_0) ,1.18, ms, throughput ,42233.33240420002, points/s
2026/06/17 03:13:39 INFO  [benchmark.tsdb.DBWrapper] DataClientService-thread-1 insert one batch latency (device: d_18, sg: g_0) ,1.06, ms, throughput ,46968.731975749106, points/s
2026/06/17 03:13:39 INFO  [benchmark.tsdb.DBWrapper] DataClientService-thread-1 insert one batch latency (device: d_19, sg: g_0) ,1.15, ms, throughput ,43463.067692858676, points/s
2026/06/17 03:13:39 INFO  [benchmark.tsdb.DBWrapper] DataClientService-thread-1 insert one batch latency (device: d_0, sg: g_0) ,1.13, ms, throughput ,44217.53968303099, points/s
2026/06/17 03:13:39 INFO  [benchmark.tsdb.DBWrapper] DataClientService-thread-1 insert one batch latency (device: d_1, sg: g_0) ,1.11, ms, throughput ,44950.891151417076, points/s
2026/06/17 03:13:39 INFO  [benchmark.tsdb.DBWrapper] DataClientService-thread-1 insert one batch latency (device: d_2, sg: g_0) ,1.23, ms, throughput ,40593.70732586517, points/s
2026/06/17 03:13:39 INFO  [benchmark.tsdb.DBWrapper] DataClientService-thread-1 insert one batch latency (device: d_3, sg: g_0) ,1.28, ms, throughput ,39214.33299556721, points/s
2026/06/17 03:13:39 INFO  [benchmark.tsdb.DBWrapper] DataClientService-thread-1 insert one batch latency (device: d_4, sg: g_0) ,1.33, ms, throughput ,37554.341131617446, points/s
2026/06/17 03:13:39 INFO  [benchmark.tsdb.DBWrapper] DataClientService-thread-1 insert one batch latency (device: d_5, sg: g_0) ,1.48, ms, throughput ,33794.15036774794, points/s
2026/06/17 03:13:39 INFO  [benchmark.tsdb.DBWrapper] DataClientService-thread-1 insert one batch latency (device: d_6, sg: g_0) ,1.27, ms, throughput ,39483.30566869716, points/s
2026/06/17 03:13:39 INFO  [benchmark.tsdb.DBWrapper] DataClientService-thread-1 insert one batch latency (device: d_7, sg: g_0) ,1.28, ms, throughput ,39131.3467131234, points/s
2026/06/17 03:13:39 INFO  [benchmark.tsdb.DBWrapper] DataClientService-thread-1 insert one batch latency (device: d_8, sg: g_0) ,1.39, ms, throughput ,35922.22407421244, points/s
2026/06/17 03:13:39 INFO  [benchmark.tsdb.DBWrapper] DataClientService-thread-1 insert one batch latency (device: d_9, sg: g_0) ,1.19, ms, throughput ,42147.35727640405, points/s
2026/06/17 03:13:39 INFO  [benchmark.tsdb.DBWrapper] DataClientService-thread-1 insert one batch latency (device: d_10, sg: g_0) ,1.37, ms, throughput ,36591.54179193171, points/s
2026/06/17 03:13:39 INFO  [benchmark.tsdb.DBWrapper] DataClientService-thread-1 insert one batch latency (device: d_11, sg: g_0) ,1.22, ms, throughput ,40962.82296113693, points/s
2026/06/17 03:13:39 INFO  [benchmark.tsdb.DBWrapper] DataClientService-thread-1 insert one batch latency (device: d_12, sg: g_0) ,1.28, ms, throughput ,39130.029871864805, points/s
2026/06/17 03:13:39 INFO  [benchmark.tsdb.DBWrapper] DataClientService-thread-1 insert one batch latency (device: d_13, sg: g_0) ,1.17, ms, throughput ,42905.30712906002, points/s
2026/06/17 03:13:39 INFO  [benchmark.tsdb.DBWrapper] DataClientService-thread-1 insert one batch latency (device: d_14, sg: g_0) ,1.21, ms, throughput ,41209.31198581081, points/s
2026/06/17 03:13:39 INFO  [benchmark.tsdb.DBWrapper] DataClientService-thread-1 insert one batch latency (device: d_15, sg: g_0) ,1.25, ms, throughput ,40013.924845846355, points/s
2026/06/17 03:13:39 INFO  [benchmark.tsdb.DBWrapper] DataClientService-thread-1 insert one batch latency (device: d_16, sg: g_0) ,1.23, ms, throughput ,40788.65683768807, points/s
2026/06/17 03:13:39 INFO  [benchmark.tsdb.DBWrapper] DataClientService-thread-1 insert one batch latency (device: d_17, sg: g_0) ,1.21, ms, throughput ,41426.359260986894, points/s
2026/06/17 03:13:39 INFO  [benchmark.tsdb.DBWrapper] DataClientService-thread-1 insert one batch latency (device: d_18, sg: g_0) ,1.12, ms, throughput ,44583.22707664213, points/s
2026/06/17 03:13:39 INFO  [benchmark.tsdb.DBWrapper] DataClientService-thread-1 insert one batch latency (device: d_19, sg: g_0) ,1.41, ms, throughput ,35475.30883030102, points/s
2026/06/17 03:13:39 INFO  [benchmark.tsdb.DBWrapper] DataClientService-thread-1 insert one batch latency (device: d_0, sg: g_0) ,1.18, ms, throughput ,42286.30194449331, points/s
2026/06/17 03:13:39 INFO  [benchmark.tsdb.DBWrapper] DataClientService-thread-1 insert one batch latency (device: d_1, sg: g_0) ,1.21, ms, throughput ,41344.48973044219, points/s
2026/06/17 03:13:39 INFO  [benchmark.tsdb.DBWrapper] DataClientService-thread-1 insert one batch latency (device: d_2, sg: g_0) ,1.07, ms, throughput ,46913.99726022256, points/s
2026/06/17 03:13:39 INFO  [benchmark.tsdb.DBWrapper] DataClientService-thread-1 insert one batch latency (device: d_3, sg: g_0) ,1.15, ms, throughput ,43529.55003504129, points/s
2026/06/17 03:13:39 INFO  [benchmark.tsdb.DBWrapper] DataClientService-thread-1 insert one batch latency (device: d_4, sg: g_0) ,1.14, ms, throughput ,43875.505884582846, points/s
2026/06/17 03:13:39 INFO  [benchmark.tsdb.DBWrapper] DataClientService-thread-1 insert one batch latency (device: d_5, sg: g_0) ,1.30, ms, throughput ,38354.470482015975, points/s
2026/06/17 03:13:39 INFO  [benchmark.tsdb.DBWrapper] DataClientService-thread-1 insert one batch latency (device: d_6, sg: g_0) ,1.20, ms, throughput ,41832.952653464185, points/s
2026/06/17 03:13:39 INFO  [benchmark.tsdb.DBWrapper] DataClientService-thread-1 insert one batch latency (device: d_7, sg: g_0) ,1.19, ms, throughput ,41877.379682100436, points/s
2026/06/17 03:13:39 INFO  [benchmark.tsdb.DBWrapper] DataClientService-thread-1 insert one batch latency (device: d_8, sg: g_0) ,1.18, ms, throughput ,42459.63574727685, points/s
2026/06/17 03:13:39 INFO  [benchmark.tsdb.DBWrapper] DataClientService-thread-1 insert one batch latency (device: d_9, sg: g_0) ,1.52, ms, throughput ,32996.483234816835, points/s
2026/06/17 03:13:39 INFO  [benchmark.tsdb.DBWrapper] DataClientService-thread-1 insert one batch latency (device: d_10, sg: g_0) ,1.42, ms, throughput ,35142.76396432869, points/s
2026/06/17 03:13:39 INFO  [benchmark.tsdb.DBWrapper] DataClientService-thread-1 insert one batch latency (device: d_11, sg: g_0) ,1.53, ms, throughput ,32670.72742028016, points/s
2026/06/17 03:13:39 INFO  [benchmark.tsdb.DBWrapper] DataClientService-thread-1 insert one batch latency (device: d_12, sg: g_0) ,1.33, ms, throughput ,37495.31308586427, points/s
2026/06/17 03:13:39 INFO  [benchmark.tsdb.DBWrapper] DataClientService-thread-1 insert one batch latency (device: d_13, sg: g_0) ,1.45, ms, throughput ,34391.01761645487, points/s
2026/06/17 03:13:39 INFO  [benchmark.tsdb.DBWrapper] DataClientService-thread-1 insert one batch latency (device: d_14, sg: g_0) ,1.54, ms, throughput ,32398.464831142443, points/s
2026/06/17 03:13:39 INFO  [benchmark.tsdb.DBWrapper] DataClientService-thread-1 insert one batch latency (device: d_15, sg: g_0) ,1.81, ms, throughput ,27601.37432763052, points/s
2026/06/17 03:13:39 INFO  [benchmark.tsdb.DBWrapper] DataClientService-thread-1 insert one batch latency (device: d_16, sg: g_0) ,1.27, ms, throughput ,39455.38936945553, points/s
2026/06/17 03:13:39 INFO  [benchmark.tsdb.DBWrapper] DataClientService-thread-1 insert one batch latency (device: d_17, sg: g_0) ,1.59, ms, throughput ,31397.233401381603, points/s
2026/06/17 03:13:39 INFO  [benchmark.tsdb.DBWrapper] DataClientService-thread-1 insert one batch latency (device: d_18, sg: g_0) ,1.17, ms, throughput ,42789.095969096, points/s
2026/06/17 03:13:39 INFO  [benchmark.tsdb.DBWrapper] DataClientService-thread-1 insert one batch latency (device: d_19, sg: g_0) ,1.11, ms, throughput ,44847.23238759489, points/s
2026/06/17 03:13:39 INFO  [benchmark.tsdb.DBWrapper] DataClientService-thread-1 insert one batch latency (device: d_0, sg: g_0) ,1.32, ms, throughput ,37914.60569189226, points/s
2026/06/17 03:13:39 INFO  [benchmark.tsdb.DBWrapper] DataClientService-thread-1 insert one batch latency (device: d_1, sg: g_0) ,1.14, ms, throughput ,44047.779507387255, points/s
2026/06/17 03:13:39 INFO  [benchmark.tsdb.DBWrapper] DataClientService-thread-1 insert one batch latency (device: d_2, sg: g_0) ,1.29, ms, throughput ,38794.695368534085, points/s
2026/06/17 03:13:39 INFO  [benchmark.tsdb.DBWrapper] DataClientService-thread-1 insert one batch latency (device: d_3, sg: g_0) ,1.28, ms, throughput ,39178.22881496044, points/s
2026/06/17 03:13:39 INFO  [benchmark.tsdb.DBWrapper] DataClientService-thread-1 insert one batch latency (device: d_4, sg: g_0) ,1.07, ms, throughput ,46577.35613884896, points/s
2026/06/17 03:13:39 INFO  [benchmark.tsdb.DBWrapper] DataClientService-thread-1 insert one batch latency (device: d_5, sg: g_0) ,1.21, ms, throughput ,41335.944662744165, points/s
2026/06/17 03:13:39 INFO  [benchmark.tsdb.DBWrapper] DataClientService-thread-1 insert one batch latency (device: d_6, sg: g_0) ,1.20, ms, throughput ,41653.58050012621, points/s
2026/06/17 03:13:39 INFO  [benchmark.tsdb.DBWrapper] DataClientService-thread-1 insert one batch latency (device: d_7, sg: g_0) ,1.05, ms, throughput ,47660.94385826779, points/s
2026/06/17 03:13:39 INFO  [benchmark.tsdb.DBWrapper] DataClientService-thread-1 insert one batch latency (device: d_8, sg: g_0) ,1.15, ms, throughput ,43485.8992623052, points/s
2026/06/17 03:13:39 INFO  [benchmark.tsdb.DBWrapper] DataClientService-thread-1 insert one batch latency (device: d_9, sg: g_0) ,1.12, ms, throughput ,44681.47470313628, points/s
2026/06/17 03:13:39 INFO  [benchmark.tsdb.DBWrapper] DataClientService-thread-1 insert one batch latency (device: d_10, sg: g_0) ,1.22, ms, throughput ,41027.39152767954, points/s
2026/06/17 03:13:39 INFO  [benchmark.tsdb.DBWrapper] DataClientService-thread-1 insert one batch latency (device: d_11, sg: g_0) ,1.35, ms, throughput ,36966.06219761761, points/s
2026/06/17 03:13:39 INFO  [benchmark.tsdb.DBWrapper] DataClientService-thread-1 insert one batch latency (device: d_12, sg: g_0) ,1.19, ms, throughput ,41942.22709870516, points/s
2026/06/17 03:13:39 INFO  [benchmark.tsdb.DBWrapper] DataClientService-thread-1 insert one batch latency (device: d_13, sg: g_0) ,1.05, ms, throughput ,47417.05098186487, points/s
2026/06/17 03:13:39 INFO  [benchmark.tsdb.DBWrapper] DataClientService-thread-1 insert one batch latency (device: d_14, sg: g_0) ,1.24, ms, throughput ,40437.23978636198, points/s
2026/06/17 03:13:39 INFO  [benchmark.tsdb.DBWrapper] DataClientService-thread-1 insert one batch latency (device: d_15, sg: g_0) ,1.13, ms, throughput ,44138.69082877455, points/s
2026/06/17 03:13:39 INFO  [benchmark.tsdb.DBWrapper] DataClientService-thread-1 insert one batch latency (device: d_16, sg: g_0) ,1.07, ms, throughput ,46697.68015264538, points/s
2026/06/17 03:13:39 INFO  [benchmark.tsdb.DBWrapper] DataClientService-thread-1 insert one batch latency (device: d_17, sg: g_0) ,1.13, ms, throughput ,44325.29804330404, points/s
2026/06/17 03:13:39 INFO  [benchmark.tsdb.DBWrapper] DataClientService-thread-1 insert one batch latency (device: d_18, sg: g_0) ,1.17, ms, throughput ,42696.54286092455, points/s
2026/06/17 03:13:39 INFO  [benchmark.tsdb.DBWrapper] DataClientService-thread-1 insert one batch latency (device: d_19, sg: g_0) ,1.06, ms, throughput ,47277.52379241385, points/s
2026/06/17 03:13:39 INFO  [benchmark.tsdb.DBWrapper] DataClientService-thread-1 insert one batch latency (device: d_0, sg: g_0) ,1.10, ms, throughput ,45277.674393754576, points/s
2026/06/17 03:13:39 INFO  [benchmark.tsdb.DBWrapper] DataClientService-thread-1 insert one batch latency (device: d_1, sg: g_0) ,1.23, ms, throughput ,40706.43576890793, points/s
2026/06/17 03:13:39 INFO  [benchmark.tsdb.DBWrapper] DataClientService-thread-1 insert one batch latency (device: d_2, sg: g_0) ,0.97, ms, throughput ,51482.91385055128, points/s
2026/06/17 03:13:39 INFO  [benchmark.tsdb.DBWrapper] DataClientService-thread-1 insert one batch latency (device: d_3, sg: g_0) ,1.15, ms, throughput ,43491.87571761595, points/s
2026/06/17 03:13:39 INFO  [benchmark.tsdb.DBWrapper] DataClientService-thread-1 insert one batch latency (device: d_4, sg: g_0) ,1.09, ms, throughput ,45825.18790618301, points/s
2026/06/17 03:13:39 INFO  [benchmark.tsdb.DBWrapper] DataClientService-thread-1 insert one batch latency (device: d_5, sg: g_0) ,1.42, ms, throughput ,35253.91988335183, points/s
2026/06/17 03:13:39 INFO  [benchmark.tsdb.DBWrapper] DataClientService-thread-1 insert one batch latency (device: d_6, sg: g_0) ,1.13, ms, throughput ,44231.66066885348, points/s
2026/06/17 03:13:39 INFO  [benchmark.tsdb.DBWrapper] DataClientService-thread-1 insert one batch latency (device: d_7, sg: g_0) ,1.20, ms, throughput ,41834.6677197847, points/s
2026/06/17 03:13:39 INFO  [benchmark.tsdb.DBWrapper] DataClientService-thread-1 insert one batch latency (device: d_8, sg: g_0) ,1.73, ms, throughput ,28880.949836678228, points/s
2026/06/17 03:13:39 INFO  [benchmark.tsdb.DBWrapper] DataClientService-thread-1 insert one batch latency (device: d_9, sg: g_0) ,1.65, ms, throughput ,30386.5103341483, points/s
2026/06/17 03:13:39 INFO  [benchmark.tsdb.DBWrapper] DataClientService-thread-1 insert one batch latency (device: d_10, sg: g_0) ,1.34, ms, throughput ,37399.927144941925, points/s
2026/06/17 03:13:39 INFO  [benchmark.tsdb.DBWrapper] DataClientService-thread-1 insert one batch latency (device: d_11, sg: g_0) ,1.31, ms, throughput ,38047.60973501362, points/s
2026/06/17 03:13:39 INFO  [benchmark.tsdb.DBWrapper] DataClientService-thread-1 insert one batch latency (device: d_12, sg: g_0) ,1.31, ms, throughput ,38269.57239875976, points/s
2026/06/17 03:13:39 INFO  [benchmark.tsdb.DBWrapper] DataClientService-thread-1 insert one batch latency (device: d_13, sg: g_0) ,1.24, ms, throughput ,40363.49751320492, points/s
2026/06/17 03:13:39 INFO  [benchmark.tsdb.DBWrapper] DataClientService-thread-1 insert one batch latency (device: d_14, sg: g_0) ,1.27, ms, throughput ,39385.39872989966, points/s
2026/06/17 03:13:39 INFO  [benchmark.tsdb.DBWrapper] DataClientService-thread-1 insert one batch latency (device: d_15, sg: g_0) ,1.25, ms, throughput ,39915.95296942758, points/s
2026/06/17 03:13:39 INFO  [benchmark.tsdb.DBWrapper] DataClientService-thread-1 insert one batch latency (device: d_16, sg: g_0) ,1.19, ms, throughput ,42183.555837529195, points/s
2026/06/17 03:13:39 INFO  [benchmark.tsdb.DBWrapper] DataClientService-thread-1 insert one batch latency (device: d_17, sg: g_0) ,1.36, ms, throughput ,36734.453979076054, points/s
2026/06/17 03:13:39 INFO  [benchmark.tsdb.DBWrapper] DataClientService-thread-1 insert one batch latency (device: d_18, sg: g_0) ,1.29, ms, throughput ,38906.267021491825, points/s
2026/06/17 03:13:39 INFO  [benchmark.tsdb.DBWrapper] DataClientService-thread-1 insert one batch latency (device: d_19, sg: g_0) ,1.06, ms, throughput ,47198.93217135856, points/s
2026/06/17 03:13:39 INFO  [benchmark.tsdb.DBWrapper] DataClientService-thread-1 insert one batch latency (device: d_0, sg: g_0) ,1.00, ms, throughput ,49934.436085419846, points/s
2026/06/17 03:13:39 INFO  [benchmark.tsdb.DBWrapper] DataClientService-thread-1 insert one batch latency (device: d_1, sg: g_0) ,1.11, ms, throughput ,45153.37246023568, points/s
2026/06/17 03:13:39 INFO  [benchmark.tsdb.DBWrapper] DataClientService-thread-1 insert one batch latency (device: d_2, sg: g_0) ,1.05, ms, throughput ,47716.66227673374, points/s
2026/06/17 03:13:39 INFO  [benchmark.tsdb.DBWrapper] DataClientService-thread-1 insert one batch latency (device: d_3, sg: g_0) ,1.10, ms, throughput ,45623.893050294864, points/s
2026/06/17 03:13:39 INFO  [benchmark.tsdb.DBWrapper] DataClientService-thread-1 insert one batch latency (device: d_4, sg: g_0) ,1.03, ms, throughput ,48570.709724924636, points/s
2026/06/17 03:13:39 INFO  [benchmark.tsdb.DBWrapper] DataClientService-thread-1 insert one batch latency (device: d_5, sg: g_0) ,1.01, ms, throughput ,49442.682087509595, points/s
2026/06/17 03:13:39 INFO  [benchmark.tsdb.DBWrapper] DataClientService-thread-1 insert one batch latency (device: d_6, sg: g_0) ,1.05, ms, throughput ,47661.398175712326, points/s
2026/06/17 03:13:39 INFO  [benchmark.tsdb.DBWrapper] DataClientService-thread-1 insert one batch latency (device: d_7, sg: g_0) ,1.34, ms, throughput ,37335.86221573408, points/s
2026/06/17 03:13:39 INFO  [benchmark.tsdb.DBWrapper] DataClientService-thread-1 insert one batch latency (device: d_8, sg: g_0) ,1.75, ms, throughput ,28604.200812931387, points/s
2026/06/17 03:13:39 INFO  [benchmark.tsdb.DBWrapper] DataClientService-thread-1 insert one batch latency (device: d_9, sg: g_0) ,1.25, ms, throughput ,40096.71327241306, points/s
2026/06/17 03:13:39 INFO  [benchmark.tsdb.DBWrapper] DataClientService-thread-1 insert one batch latency (device: d_10, sg: g_0) ,1.09, ms, throughput ,45999.97976000891, points/s
2026/06/17 03:13:39 INFO  [benchmark.tsdb.DBWrapper] DataClientService-thread-1 insert one batch latency (device: d_11, sg: g_0) ,1.07, ms, throughput ,46615.30902686813, points/s
2026/06/17 03:13:39 INFO  [benchmark.tsdb.DBWrapper] DataClientService-thread-1 insert one batch latency (device: d_12, sg: g_0) ,1.20, ms, throughput ,41624.383230701475, points/s
2026/06/17 03:13:39 INFO  [benchmark.tsdb.DBWrapper] DataClientService-thread-1 insert one batch latency (device: d_13, sg: g_0) ,1.16, ms, throughput ,43043.63246936154, points/s
2026/06/17 03:13:39 INFO  [benchmark.tsdb.DBWrapper] DataClientService-thread-1 insert one batch latency (device: d_14, sg: g_0) ,1.17, ms, throughput ,42855.14703172396, points/s
2026/06/17 03:13:39 INFO  [benchmark.tsdb.DBWrapper] DataClientService-thread-1 insert one batch latency (device: d_15, sg: g_0) ,1.40, ms, throughput ,35634.54070284143, points/s
2026/06/17 03:13:39 INFO  [benchmark.tsdb.DBWrapper] DataClientService-thread-1 insert one batch latency (device: d_16, sg: g_0) ,1.23, ms, throughput ,40574.07446478739, points/s
2026/06/17 03:13:39 INFO  [benchmark.tsdb.DBWrapper] DataClientService-thread-1 insert one batch latency (device: d_17, sg: g_0) ,1.31, ms, throughput ,38026.97785917241, points/s
2026/06/17 03:13:39 INFO  [benchmark.tsdb.DBWrapper] DataClientService-thread-1 insert one batch latency (device: d_18, sg: g_0) ,1.33, ms, throughput ,37731.09351500603, points/s
2026/06/17 03:13:39 INFO  [benchmark.tsdb.DBWrapper] DataClientService-thread-1 insert one batch latency (device: d_19, sg: g_0) ,1.14, ms, throughput ,44000.37312316408, points/s
2026/06/17 03:13:39 INFO  [benchmark.tsdb.DBWrapper] DataClientService-thread-1 insert one batch latency (device: d_0, sg: g_0) ,1.48, ms, throughput ,33829.72821196355, points/s
2026/06/17 03:13:39 INFO  [benchmark.tsdb.DBWrapper] DataClientService-thread-1 insert one batch latency (device: d_1, sg: g_0) ,1.12, ms, throughput ,44694.41534341401, points/s
2026/06/17 03:13:39 INFO  [benchmark.tsdb.DBWrapper] DataClientService-thread-1 insert one batch latency (device: d_2, sg: g_0) ,1.24, ms, throughput ,40278.95593723894, points/s
2026/06/17 03:13:39 INFO  [benchmark.tsdb.DBWrapper] DataClientService-thread-1 insert one batch latency (device: d_3, sg: g_0) ,1.28, ms, throughput ,38962.68855019056, points/s
2026/06/17 03:13:39 INFO  [benchmark.tsdb.DBWrapper] DataClientService-thread-1 insert one batch latency (device: d_4, sg: g_0) ,1.16, ms, throughput ,43208.86300197896, points/s
2026/06/17 03:13:39 INFO  [benchmark.tsdb.DBWrapper] DataClientService-thread-1 insert one batch latency (device: d_5, sg: g_0) ,1.08, ms, throughput ,46139.72030101553, points/s
2026/06/17 03:13:39 INFO  [benchmark.tsdb.DBWrapper] DataClientService-thread-1 insert one batch latency (device: d_6, sg: g_0) ,1.33, ms, throughput ,37455.03523020614, points/s
2026/06/17 03:13:39 INFO  [benchmark.tsdb.DBWrapper] DataClientService-thread-1 insert one batch latency (device: d_7, sg: g_0) ,1.25, ms, throughput ,40015.17375388748, points/s
2026/06/17 03:13:39 INFO  [benchmark.tsdb.DBWrapper] DataClientService-thread-1 insert one batch latency (device: d_8, sg: g_0) ,1.13, ms, throughput ,44309.9784299025, points/s
2026/06/17 03:13:39 INFO  [benchmark.tsdb.DBWrapper] DataClientService-thread-1 insert one batch latency (device: d_9, sg: g_0) ,1.28, ms, throughput ,39027.04027512502, points/s
2026/06/17 03:13:39 INFO  [benchmark.tsdb.DBWrapper] DataClientService-thread-1 insert one batch latency (device: d_10, sg: g_0) ,1.36, ms, throughput ,36833.93200750823, points/s
2026/06/17 03:13:39 INFO  [benchmark.tsdb.DBWrapper] DataClientService-thread-1 insert one batch latency (device: d_11, sg: g_0) ,1.38, ms, throughput ,36234.45722957137, points/s
2026/06/17 03:13:39 INFO  [benchmark.tsdb.DBWrapper] DataClientService-thread-1 insert one batch latency (device: d_12, sg: g_0) ,1.37, ms, throughput ,36549.78775538251, points/s
2026/06/17 03:13:39 INFO  [benchmark.tsdb.DBWrapper] DataClientService-thread-1 insert one batch latency (device: d_13, sg: g_0) ,1.32, ms, throughput ,37804.61065031491, points/s
2026/06/17 03:13:39 INFO  [benchmark.tsdb.DBWrapper] DataClientService-thread-1 insert one batch latency (device: d_14, sg: g_0) ,1.21, ms, throughput ,41319.274863253864, points/s
2026/06/17 03:13:39 INFO  [benchmark.tsdb.DBWrapper] DataClientService-thread-1 insert one batch latency (device: d_15, sg: g_0) ,1.34, ms, throughput ,37376.63840494448, points/s
2026/06/17 03:13:39 INFO  [benchmark.tsdb.DBWrapper] DataClientService-thread-1 insert one batch latency (device: d_16, sg: g_0) ,1.53, ms, throughput ,32676.91937689036, points/s
2026/06/17 03:13:39 INFO  [benchmark.tsdb.DBWrapper] DataClientService-thread-1 insert one batch latency (device: d_17, sg: g_0) ,1.34, ms, throughput ,37451.30394204935, points/s
2026/06/17 03:13:39 INFO  [benchmark.tsdb.DBWrapper] DataClientService-thread-1 insert one batch latency (device: d_18, sg: g_0) ,1.10, ms, throughput ,45264.10701159124, points/s
2026/06/17 03:13:39 INFO  [benchmark.tsdb.DBWrapper] DataClientService-thread-1 insert one batch latency (device: d_19, sg: g_0) ,1.16, ms, throughput ,42942.30357975631, points/s
2026/06/17 03:13:39 INFO  [benchmark.tsdb.DBWrapper] DataClientService-thread-1 insert one batch latency (device: d_0, sg: g_0) ,1.10, ms, throughput ,45416.890723327575, points/s
2026/06/17 03:13:39 INFO  [benchmark.tsdb.DBWrapper] DataClientService-thread-1 insert one batch latency (device: d_1, sg: g_0) ,1.04, ms, throughput ,48156.75215453309, points/s
2026/06/17 03:13:39 INFO  [benchmark.tsdb.DBWrapper] DataClientService-thread-1 insert one batch latency (device: d_2, sg: g_0) ,1.33, ms, throughput ,37486.73906605539, points/s
2026/06/17 03:13:39 INFO  [benchmark.tsdb.DBWrapper] DataClientService-thread-1 insert one batch latency (device: d_3, sg: g_0) ,1.03, ms, throughput ,48385.33305076299, points/s
2026/06/17 03:13:39 INFO  [benchmark.tsdb.DBWrapper] DataClientService-thread-1 insert one batch latency (device: d_4, sg: g_0) ,1.02, ms, throughput ,48905.01667661069, points/s
2026/06/17 03:13:39 INFO  [benchmark.tsdb.DBWrapper] DataClientService-thread-1 insert one batch latency (device: d_5, sg: g_0) ,1.16, ms, throughput ,43037.70447213395, points/s
2026/06/17 03:13:39 INFO  [benchmark.tsdb.DBWrapper] DataClientService-thread-1 insert one batch latency (device: d_6, sg: g_0) ,1.17, ms, throughput ,42843.65322689828, points/s
2026/06/17 03:13:39 INFO  [benchmark.tsdb.DBWrapper] DataClientService-thread-1 insert one batch latency (device: d_7, sg: g_0) ,1.05, ms, throughput ,47449.40469976863, points/s
2026/06/17 03:13:39 INFO  [benchmark.tsdb.DBWrapper] DataClientService-thread-1 insert one batch latency (device: d_8, sg: g_0) ,1.17, ms, throughput ,42585.30261967747, points/s
2026/06/17 03:13:39 INFO  [benchmark.tsdb.DBWrapper] DataClientService-thread-1 insert one batch latency (device: d_9, sg: g_0) ,1.11, ms, throughput ,45138.90142747262, points/s
2026/06/17 03:13:39 INFO  [benchmark.tsdb.DBWrapper] DataClientService-thread-1 insert one batch latency (device: d_10, sg: g_0) ,1.19, ms, throughput ,42168.044718368066, points/s
2026/06/17 03:13:39 INFO  [benchmark.tsdb.DBWrapper] DataClientService-thread-1 insert one batch latency (device: d_11, sg: g_0) ,1.39, ms, throughput ,36000.59328977742, points/s
2026/06/17 03:13:39 INFO  [benchmark.tsdb.DBWrapper] DataClientService-thread-1 insert one batch latency (device: d_12, sg: g_0) ,1.11, ms, throughput ,45080.66283000172, points/s
2026/06/17 03:13:39 INFO  [benchmark.tsdb.DBWrapper] DataClientService-thread-1 insert one batch latency (device: d_13, sg: g_0) ,1.04, ms, throughput ,48282.728205900734, points/s
2026/06/17 03:13:39 INFO  [benchmark.tsdb.DBWrapper] DataClientService-thread-1 insert one batch latency (device: d_14, sg: g_0) ,1.29, ms, throughput ,38842.523862904534, points/s
2026/06/17 03:13:39 INFO  [benchmark.tsdb.DBWrapper] DataClientService-thread-1 insert one batch latency (device: d_15, sg: g_0) ,1.06, ms, throughput ,47227.64290612467, points/s
2026/06/17 03:13:40 INFO  [benchmark.tsdb.DBWrapper] DataClientService-thread-1 insert one batch latency (device: d_16, sg: g_0) ,1.17, ms, throughput ,42847.39813459567, points/s
2026/06/17 03:13:40 INFO  [benchmark.tsdb.DBWrapper] DataClientService-thread-1 insert one batch latency (device: d_17, sg: g_0) ,1.03, ms, throughput ,48558.72838286809, points/s
2026/06/17 03:13:40 INFO  [benchmark.tsdb.DBWrapper] DataClientService-thread-1 insert one batch latency (device: d_18, sg: g_0) ,1.00, ms, throughput ,49934.685431455655, points/s
2026/06/17 03:13:40 INFO  [benchmark.tsdb.DBWrapper] DataClientService-thread-1 insert one batch latency (device: d_19, sg: g_0) ,0.99, ms, throughput ,50486.07997802846, points/s
2026/06/17 03:13:40 INFO  [benchmark.tsdb.DBWrapper] DataClientService-thread-1 insert one batch latency (device: d_0, sg: g_0) ,1.01, ms, throughput ,49703.617329862034, points/s
2026/06/17 03:13:40 INFO  [benchmark.tsdb.DBWrapper] DataClientService-thread-1 insert one batch latency (device: d_1, sg: g_0) ,0.98, ms, throughput ,51024.2089461766, points/s
2026/06/17 03:13:40 INFO  [benchmark.tsdb.DBWrapper] DataClientService-thread-1 insert one batch latency (device: d_2, sg: g_0) ,1.14, ms, throughput ,43997.23697351806, points/s
2026/06/17 03:13:40 INFO  [benchmark.tsdb.DBWrapper] DataClientService-thread-1 insert one batch latency (device: d_3, sg: g_0) ,1.41, ms, throughput ,35356.35314774077, points/s
2026/06/17 03:13:40 INFO  [benchmark.tsdb.DBWrapper] DataClientService-thread-1 insert one batch latency (device: d_4, sg: g_0) ,1.20, ms, throughput ,41604.77955707551, points/s
2026/06/17 03:13:40 INFO  [benchmark.tsdb.DBWrapper] DataClientService-thread-1 insert one batch latency (device: d_5, sg: g_0) ,1.30, ms, throughput ,38411.89846966997, points/s
2026/06/17 03:13:40 INFO  [benchmark.tsdb.DBWrapper] DataClientService-thread-1 insert one batch latency (device: d_6, sg: g_0) ,1.28, ms, throughput ,38981.24846024069, points/s
2026/06/17 03:13:40 INFO  [benchmark.tsdb.DBWrapper] DataClientService-thread-1 insert one batch latency (device: d_7, sg: g_0) ,1.09, ms, throughput ,45935.19462741964, points/s
2026/06/17 03:13:40 INFO  [benchmark.tsdb.DBWrapper] DataClientService-thread-1 insert one batch latency (device: d_8, sg: g_0) ,1.12, ms, throughput ,44824.677239911536, points/s
2026/06/17 03:13:40 INFO  [benchmark.tsdb.DBWrapper] DataClientService-thread-1 insert one batch latency (device: d_9, sg: g_0) ,1.06, ms, throughput ,47211.09876278595, points/s
2026/06/17 03:13:40 INFO  [benchmark.tsdb.DBWrapper] DataClientService-thread-1 insert one batch latency (device: d_10, sg: g_0) ,1.17, ms, throughput ,42683.23914565229, points/s
2026/06/17 03:13:40 INFO  [benchmark.tsdb.DBWrapper] DataClientService-thread-1 insert one batch latency (device: d_11, sg: g_0) ,1.09, ms, throughput ,46025.38576177076, points/s
2026/06/17 03:13:40 INFO  [benchmark.tsdb.DBWrapper] DataClientService-thread-1 insert one batch latency (device: d_12, sg: g_0) ,1.20, ms, throughput ,41656.183193896206, points/s
2026/06/17 03:13:40 INFO  [benchmark.tsdb.DBWrapper] DataClientService-thread-1 insert one batch latency (device: d_13, sg: g_0) ,1.13, ms, throughput ,44142.860422041056, points/s
2026/06/17 03:13:40 INFO  [benchmark.tsdb.DBWrapper] DataClientService-thread-1 insert one batch latency (device: d_14, sg: g_0) ,1.15, ms, throughput ,43635.614690540584, points/s
2026/06/17 03:13:40 INFO  [benchmark.tsdb.DBWrapper] DataClientService-thread-1 insert one batch latency (device: d_15, sg: g_0) ,1.12, ms, throughput ,44750.45802093784, points/s
2026/06/17 03:13:40 INFO  [benchmark.tsdb.DBWrapper] DataClientService-thread-1 insert one batch latency (device: d_16, sg: g_0) ,1.21, ms, throughput ,41294.36356713926, points/s
2026/06/17 03:13:40 INFO  [benchmark.tsdb.DBWrapper] DataClientService-thread-1 insert one batch latency (device: d_17, sg: g_0) ,1.29, ms, throughput ,38751.57912684942, points/s
2026/06/17 03:13:40 INFO  [benchmark.tsdb.DBWrapper] DataClientService-thread-1 insert one batch latency (device: d_18, sg: g_0) ,1.04, ms, throughput ,48184.50424890958, points/s
2026/06/17 03:13:40 INFO  [benchmark.tsdb.DBWrapper] DataClientService-thread-1 insert one batch latency (device: d_19, sg: g_0) ,1.28, ms, throughput ,39136.49243100236, points/s
2026/06/17 03:13:40 INFO  [benchmark.tsdb.DBWrapper] DataClientService-thread-1 insert one batch latency (device: d_0, sg: g_0) ,1.15, ms, throughput ,43469.94488010989, points/s
2026/06/17 03:13:40 INFO  [benchmark.tsdb.DBWrapper] DataClientService-thread-1 insert one batch latency (device: d_1, sg: g_0) ,1.18, ms, throughput ,42368.71629568619, points/s
2026/06/17 03:13:40 INFO  [benchmark.tsdb.DBWrapper] DataClientService-thread-1 insert one batch latency (device: d_2, sg: g_0) ,1.20, ms, throughput ,41713.90766709966, points/s
2026/06/17 03:13:40 INFO  [benchmark.tsdb.DBWrapper] DataClientService-thread-1 insert one batch latency (device: d_3, sg: g_0) ,1.29, ms, throughput ,38703.28513484225, points/s
2026/06/17 03:13:40 INFO  [benchmark.tsdb.DBWrapper] DataClientService-thread-1 insert one batch latency (device: d_4, sg: g_0) ,1.27, ms, throughput ,39266.53258454673, points/s
2026/06/17 03:13:40 INFO  [benchmark.tsdb.DBWrapper] DataClientService-thread-1 insert one batch latency (device: d_5, sg: g_0) ,1.14, ms, throughput ,43761.952483272, points/s
2026/06/17 03:13:40 INFO  [benchmark.tsdb.DBWrapper] DataClientService-thread-1 insert one batch latency (device: d_6, sg: g_0) ,1.23, ms, throughput ,40616.65835379059, points/s
2026/06/17 03:13:40 INFO  [benchmark.tsdb.DBWrapper] DataClientService-thread-1 insert one batch latency (device: d_7, sg: g_0) ,1.09, ms, throughput ,46038.05689935529, points/s
2026/06/17 03:13:40 INFO  [benchmark.tsdb.DBWrapper] DataClientService-thread-1 insert one batch latency (device: d_8, sg: g_0) ,1.35, ms, throughput ,37130.88190300226, points/s
2026/06/17 03:13:40 INFO  [benchmark.tsdb.DBWrapper] DataClientService-thread-1 insert one batch latency (device: d_9, sg: g_0) ,1.12, ms, throughput ,44577.94051697929, points/s
2026/06/17 03:13:40 INFO  [benchmark.tsdb.DBWrapper] DataClientService-thread-1 insert one batch latency (device: d_10, sg: g_0) ,1.10, ms, throughput ,45595.76798319887, points/s
2026/06/17 03:13:40 INFO  [benchmark.tsdb.DBWrapper] DataClientService-thread-1 insert one batch latency (device: d_11, sg: g_0) ,1.06, ms, throughput ,47243.88616869091, points/s
2026/06/17 03:13:40 INFO  [benchmark.tsdb.DBWrapper] DataClientService-thread-1 insert one batch latency (device: d_12, sg: g_0) ,1.06, ms, throughput ,46967.01131059566, points/s
2026/06/17 03:13:40 INFO  [benchmark.tsdb.DBWrapper] DataClientService-thread-1 insert one batch latency (device: d_13, sg: g_0) ,1.09, ms, throughput ,45798.74383205417, points/s
2026/06/17 03:13:40 INFO  [benchmark.tsdb.DBWrapper] DataClientService-thread-1 insert one batch latency (device: d_14, sg: g_0) ,1.11, ms, throughput ,45118.90184202429, points/s
2026/06/17 03:13:40 INFO  [benchmark.tsdb.DBWrapper] DataClientService-thread-1 insert one batch latency (device: d_15, sg: g_0) ,1.01, ms, throughput ,49497.99137151014, points/s
2026/06/17 03:13:40 INFO  [benchmark.tsdb.DBWrapper] DataClientService-thread-1 insert one batch latency (device: d_16, sg: g_0) ,1.09, ms, throughput ,45775.80840077636, points/s
2026/06/17 03:13:40 INFO  [benchmark.tsdb.DBWrapper] DataClientService-thread-1 insert one batch latency (device: d_17, sg: g_0) ,1.22, ms, throughput ,41034.09194426914, points/s
2026/06/17 03:13:40 INFO  [benchmark.tsdb.DBWrapper] DataClientService-thread-1 insert one batch latency (device: d_18, sg: g_0) ,1.18, ms, throughput ,42496.842484603396, points/s
2026/06/17 03:13:40 INFO  [benchmark.tsdb.DBWrapper] DataClientService-thread-1 insert one batch latency (device: d_19, sg: g_0) ,1.17, ms, throughput ,42673.03917384996, points/s
2026/06/17 03:13:40 INFO  [benchmark.tsdb.DBWrapper] DataClientService-thread-1 insert one batch latency (device: d_0, sg: g_0) ,1.09, ms, throughput ,45955.29101647589, points/s
2026/06/17 03:13:40 INFO  [benchmark.tsdb.DBWrapper] DataClientService-thread-1 insert one batch latency (device: d_1, sg: g_0) ,1.19, ms, throughput ,42165.697698933545, points/s
2026/06/17 03:13:40 INFO  [benchmark.tsdb.DBWrapper] DataClientService-thread-1 insert one batch latency (device: d_2, sg: g_0) ,1.15, ms, throughput ,43314.23175712844, points/s
2026/06/17 03:13:40 INFO  [benchmark.tsdb.DBWrapper] DataClientService-thread-1 insert one batch latency (device: d_3, sg: g_0) ,1.24, ms, throughput ,40242.744233214755, points/s
2026/06/17 03:13:40 INFO  [benchmark.tsdb.DBWrapper] DataClientService-thread-1 insert one batch latency (device: d_4, sg: g_0) ,1.23, ms, throughput ,40667.367772087055, points/s
2026/06/17 03:13:40 INFO  [benchmark.tsdb.DBWrapper] DataClientService-thread-1 insert one batch latency (device: d_5, sg: g_0) ,1.08, ms, throughput ,46320.314237011786, points/s
2026/06/17 03:13:40 INFO  [benchmark.tsdb.DBWrapper] DataClientService-thread-1 insert one batch latency (device: d_6, sg: g_0) ,1.19, ms, throughput ,41902.367483762835, points/s
2026/06/17 03:13:40 INFO  [benchmark.tsdb.DBWrapper] DataClientService-thread-1 insert one batch latency (device: d_7, sg: g_0) ,1.22, ms, throughput ,41108.21161191875, points/s
2026/06/17 03:13:40 INFO  [benchmark.tsdb.DBWrapper] DataClientService-thread-1 insert one batch latency (device: d_8, sg: g_0) ,1.13, ms, throughput ,44381.20615691597, points/s
2026/06/17 03:13:40 INFO  [benchmark.tsdb.DBWrapper] DataClientService-thread-1 insert one batch latency (device: d_9, sg: g_0) ,1.12, ms, throughput ,44810.13497708858, points/s
2026/06/17 03:13:40 INFO  [benchmark.tsdb.DBWrapper] DataClientService-thread-1 insert one batch latency (device: d_10, sg: g_0) ,1.26, ms, throughput ,39663.3690541635, points/s
2026/06/17 03:13:40 INFO  [benchmark.tsdb.DBWrapper] DataClientService-thread-1 insert one batch latency (device: d_11, sg: g_0) ,1.26, ms, throughput ,39826.07158019497, points/s
2026/06/17 03:13:40 INFO  [benchmark.tsdb.DBWrapper] DataClientService-thread-1 insert one batch latency (device: d_12, sg: g_0) ,1.30, ms, throughput ,38405.141987650444, points/s
2026/06/17 03:13:40 INFO  [benchmark.tsdb.DBWrapper] DataClientService-thread-1 insert one batch latency (device: d_13, sg: g_0) ,1.29, ms, throughput ,38678.31554388674, points/s
2026/06/17 03:13:40 INFO  [benchmark.tsdb.DBWrapper] DataClientService-thread-1 insert one batch latency (device: d_14, sg: g_0) ,1.28, ms, throughput ,38940.324731156, points/s
2026/06/17 03:13:40 INFO  [benchmark.tsdb.DBWrapper] DataClientService-thread-1 insert one batch latency (device: d_15, sg: g_0) ,1.34, ms, throughput ,37247.610193329994, points/s
2026/06/17 03:13:40 INFO  [benchmark.tsdb.DBWrapper] DataClientService-thread-1 insert one batch latency (device: d_16, sg: g_0) ,1.22, ms, throughput ,41126.97789918462, points/s
2026/06/17 03:13:40 INFO  [benchmark.tsdb.DBWrapper] DataClientService-thread-1 insert one batch latency (device: d_17, sg: g_0) ,1.12, ms, throughput ,44601.79959340999, points/s
2026/06/17 03:13:40 INFO  [benchmark.tsdb.DBWrapper] DataClientService-thread-1 insert one batch latency (device: d_18, sg: g_0) ,1.29, ms, throughput ,38720.84900882371, points/s
2026/06/17 03:13:40 INFO  [benchmark.tsdb.DBWrapper] DataClientService-thread-1 insert one batch latency (device: d_19, sg: g_0) ,1.23, ms, throughput ,40491.37088395092, points/s
2026/06/17 03:13:40 INFO  [benchmark.tsdb.DBWrapper] DataClientService-thread-1 insert one batch latency (device: d_0, sg: g_0) ,1.12, ms, throughput ,44529.66432648437, points/s
2026/06/17 03:13:40 INFO  [benchmark.tsdb.DBWrapper] DataClientService-thread-1 insert one batch latency (device: d_1, sg: g_0) ,1.23, ms, throughput ,40560.34933817678, points/s
2026/06/17 03:13:40 INFO  [benchmark.tsdb.DBWrapper] DataClientService-thread-1 insert one batch latency (device: d_2, sg: g_0) ,1.38, ms, throughput ,36309.81861067015, points/s
2026/06/17 03:13:40 INFO  [benchmark.tsdb.DBWrapper] DataClientService-thread-1 insert one batch latency (device: d_3, sg: g_0) ,1.20, ms, throughput ,41800.637710528914, points/s
2026/06/17 03:13:40 INFO  [benchmark.tsdb.DBWrapper] DataClientService-thread-1 insert one batch latency (device: d_4, sg: g_0) ,1.16, ms, throughput ,43087.1420212523, points/s
2026/06/17 03:13:40 INFO  [benchmark.tsdb.DBWrapper] DataClientService-thread-1 insert one batch latency (device: d_5, sg: g_0) ,0.99, ms, throughput ,50273.9932632849, points/s
2026/06/17 03:13:40 INFO  [benchmark.tsdb.DBWrapper] DataClientService-thread-1 insert one batch latency (device: d_6, sg: g_0) ,1.15, ms, throughput ,43514.16951902048, points/s
2026/06/17 03:13:40 INFO  [benchmark.tsdb.DBWrapper] DataClientService-thread-1 insert one batch latency (device: d_7, sg: g_0) ,1.18, ms, throughput ,42477.166399202106, points/s
2026/06/17 03:13:40 INFO  [benchmark.tsdb.DBWrapper] DataClientService-thread-1 insert one batch latency (device: d_8, sg: g_0) ,1.01, ms, throughput ,49436.131484290185, points/s
2026/06/17 03:13:40 INFO  [benchmark.tsdb.DBWrapper] DataClientService-thread-1 insert one batch latency (device: d_9, sg: g_0) ,1.14, ms, throughput ,43778.505279249955, points/s
2026/06/17 03:13:40 INFO  [benchmark.tsdb.DBWrapper] DataClientService-thread-1 insert one batch latency (device: d_10, sg: g_0) ,1.37, ms, throughput ,36477.92501889556, points/s
2026/06/17 03:13:40 INFO  [benchmark.tsdb.DBWrapper] DataClientService-thread-1 insert one batch latency (device: d_11, sg: g_0) ,1.18, ms, throughput ,42458.986741756795, points/s
2026/06/17 03:13:40 INFO  [benchmark.tsdb.DBWrapper] DataClientService-thread-1 insert one batch latency (device: d_12, sg: g_0) ,1.19, ms, throughput ,41907.565321322065, points/s
2026/06/17 03:13:40 INFO  [benchmark.tsdb.DBWrapper] DataClientService-thread-1 insert one batch latency (device: d_13, sg: g_0) ,1.10, ms, throughput ,45486.88249282672, points/s
2026/06/17 03:13:40 INFO  [benchmark.tsdb.DBWrapper] DataClientService-thread-1 insert one batch latency (device: d_14, sg: g_0) ,1.18, ms, throughput ,42445.21807928597, points/s
2026/06/17 03:13:40 INFO  [benchmark.tsdb.DBWrapper] DataClientService-thread-1 insert one batch latency (device: d_15, sg: g_0) ,1.10, ms, throughput ,45420.975224674854, points/s
2026/06/17 03:13:40 INFO  [benchmark.tsdb.DBWrapper] DataClientService-thread-1 insert one batch latency (device: d_16, sg: g_0) ,1.14, ms, throughput ,44052.3588716605, points/s
2026/06/17 03:13:40 INFO  [benchmark.tsdb.DBWrapper] DataClientService-thread-1 insert one batch latency (device: d_17, sg: g_0) ,1.20, ms, throughput ,41815.25018900493, points/s
2026/06/17 03:13:40 INFO  [benchmark.tsdb.DBWrapper] DataClientService-thread-1 insert one batch latency (device: d_18, sg: g_0) ,1.12, ms, throughput ,44778.75266097738, points/s
2026/06/17 03:13:40 INFO  [benchmark.tsdb.DBWrapper] DataClientService-thread-1 insert one batch latency (device: d_19, sg: g_0) ,1.09, ms, throughput ,45744.90081590605, points/s
2026/06/17 03:13:40 INFO  [benchmark.tsdb.DBWrapper] DataClientService-thread-1 insert one batch latency (device: d_0, sg: g_0) ,1.05, ms, throughput ,47672.25894045544, points/s
2026/06/17 03:13:40 INFO  [benchmark.tsdb.DBWrapper] DataClientService-thread-1 insert one batch latency (device: d_1, sg: g_0) ,1.03, ms, throughput ,48473.09743092583, points/s
2026/06/17 03:13:40 INFO  [benchmark.tsdb.DBWrapper] DataClientService-thread-1 insert one batch latency (device: d_2, sg: g_0) ,1.20, ms, throughput ,41793.75450850127, points/s
2026/06/17 03:13:40 INFO  [benchmark.tsdb.DBWrapper] DataClientService-thread-1 insert one batch latency (device: d_3, sg: g_0) ,1.02, ms, throughput ,49205.96336911263, points/s
2026/06/17 03:13:40 INFO  [benchmark.tsdb.DBWrapper] DataClientService-thread-1 insert one batch latency (device: d_4, sg: g_0) ,1.07, ms, throughput ,46738.494384837286, points/s
2026/06/17 03:13:40 INFO  [benchmark.tsdb.DBWrapper] DataClientService-thread-1 insert one batch latency (device: d_5, sg: g_0) ,1.25, ms, throughput ,40092.14779248625, points/s
2026/06/17 03:13:40 INFO  [benchmark.tsdb.DBWrapper] DataClientService-thread-1 insert one batch latency (device: d_6, sg: g_0) ,1.04, ms, throughput ,48188.08000377795, points/s
2026/06/17 03:13:40 INFO  [benchmark.tsdb.DBWrapper] DataClientService-thread-1 insert one batch latency (device: d_7, sg: g_0) ,1.02, ms, throughput ,48814.58657950334, points/s
2026/06/17 03:13:40 INFO  [benchmark.tsdb.DBWrapper] DataClientService-thread-1 insert one batch latency (device: d_8, sg: g_0) ,1.05, ms, throughput ,47668.66843294973, points/s
2026/06/17 03:13:40 INFO  [benchmark.tsdb.DBWrapper] DataClientService-thread-1 insert one batch latency (device: d_9, sg: g_0) ,1.11, ms, throughput ,44887.97756319329, points/s
2026/06/17 03:13:40 INFO  [benchmark.tsdb.DBWrapper] DataClientService-thread-1 insert one batch latency (device: d_10, sg: g_0) ,1.03, ms, throughput ,48535.91414967505, points/s
2026/06/17 03:13:40 INFO  [benchmark.tsdb.DBWrapper] DataClientService-thread-1 insert one batch latency (device: d_11, sg: g_0) ,0.98, ms, throughput ,50846.647527988534, points/s
2026/06/17 03:13:40 INFO  [benchmark.tsdb.DBWrapper] DataClientService-thread-1 insert one batch latency (device: d_12, sg: g_0) ,1.02, ms, throughput ,48963.39594445984, points/s
2026/06/17 03:13:40 INFO  [benchmark.tsdb.DBWrapper] DataClientService-thread-1 insert one batch latency (device: d_13, sg: g_0) ,1.33, ms, throughput ,37553.69239169703, points/s
2026/06/17 03:13:40 INFO  [benchmark.tsdb.DBWrapper] DataClientService-thread-1 insert one batch latency (device: d_14, sg: g_0) ,1.19, ms, throughput ,41877.44983081511, points/s
2026/06/17 03:13:40 INFO  [benchmark.tsdb.DBWrapper] DataClientService-thread-1 insert one batch latency (device: d_15, sg: g_0) ,1.14, ms, throughput ,44042.619161710405, points/s
2026/06/17 03:13:40 INFO  [benchmark.tsdb.DBWrapper] DataClientService-thread-1 insert one batch latency (device: d_16, sg: g_0) ,1.18, ms, throughput ,42296.63987033542, points/s
2026/06/17 03:13:40 INFO  [benchmark.tsdb.DBWrapper] DataClientService-thread-1 insert one batch latency (device: d_17, sg: g_0) ,1.04, ms, throughput ,47903.18192095592, points/s
2026/06/17 03:13:40 INFO  [benchmark.tsdb.DBWrapper] DataClientService-thread-1 insert one batch latency (device: d_18, sg: g_0) ,1.00, ms, throughput ,49961.329930633685, points/s
2026/06/17 03:13:40 INFO  [benchmark.tsdb.DBWrapper] DataClientService-thread-1 insert one batch latency (device: d_19, sg: g_0) ,1.10, ms, throughput ,45263.082615083644, points/s
2026/06/17 03:13:40 INFO  [benchmark.tsdb.DBWrapper] DataClientService-thread-1 insert one batch latency (device: d_0, sg: g_0) ,1.16, ms, throughput ,43274.157365607774, points/s
2026/06/17 03:13:40 INFO  [benchmark.tsdb.DBWrapper] DataClientService-thread-1 insert one batch latency (device: d_1, sg: g_0) ,1.01, ms, throughput ,49406.13821861229, points/s
2026/06/17 03:13:40 INFO  [benchmark.tsdb.DBWrapper] DataClientService-thread-1 insert one batch latency (device: d_2, sg: g_0) ,1.04, ms, throughput ,48186.68678942707, points/s
2026/06/17 03:13:40 INFO  [benchmark.tsdb.DBWrapper] DataClientService-thread-1 insert one batch latency (device: d_3, sg: g_0) ,1.22, ms, throughput ,40822.32491304845, points/s
2026/06/17 03:13:40 INFO  [benchmark.tsdb.DBWrapper] DataClientService-thread-1 insert one batch latency (device: d_4, sg: g_0) ,1.13, ms, throughput ,44190.76978553335, points/s
2026/06/17 03:13:40 INFO  [benchmark.tsdb.DBWrapper] DataClientService-thread-1 insert one batch latency (device: d_5, sg: g_0) ,1.18, ms, throughput ,42378.340260779354, points/s
2026/06/17 03:13:40 INFO  [benchmark.tsdb.DBWrapper] DataClientService-thread-1 insert one batch latency (device: d_6, sg: g_0) ,1.30, ms, throughput ,38527.4797249138, points/s
2026/06/17 03:13:40 INFO  [benchmark.tsdb.DBWrapper] DataClientService-thread-1 insert one batch latency (device: d_7, sg: g_0) ,1.28, ms, throughput ,39008.77151236227, points/s
2026/06/17 03:13:40 INFO  [benchmark.tsdb.DBWrapper] DataClientService-thread-1 insert one batch latency (device: d_8, sg: g_0) ,1.22, ms, throughput ,40966.14557729492, points/s
2026/06/17 03:13:40 INFO  [benchmark.tsdb.DBWrapper] DataClientService-thread-1 insert one batch latency (device: d_9, sg: g_0) ,1.09, ms, throughput ,45995.113479143976, points/s
2026/06/17 03:13:40 INFO  [benchmark.tsdb.DBWrapper] DataClientService-thread-1 insert one batch latency (device: d_10, sg: g_0) ,1.09, ms, throughput ,45796.18499460521, points/s
2026/06/17 03:13:40 INFO  [benchmark.tsdb.DBWrapper] DataClientService-thread-1 insert one batch latency (device: d_11, sg: g_0) ,1.06, ms, throughput ,47159.044821842566, points/s
2026/06/17 03:13:40 INFO  [benchmark.tsdb.DBWrapper] DataClientService-thread-1 insert one batch latency (device: d_12, sg: g_0) ,1.13, ms, throughput ,44299.8497349097, points/s
2026/06/17 03:13:40 INFO  [benchmark.tsdb.DBWrapper] DataClientService-thread-1 insert one batch latency (device: d_13, sg: g_0) ,0.98, ms, throughput ,50866.252276264786, points/s
2026/06/17 03:13:40 INFO  [benchmark.tsdb.DBWrapper] DataClientService-thread-1 insert one batch latency (device: d_14, sg: g_0) ,0.92, ms, throughput ,54462.01873275596, points/s
2026/06/17 03:13:40 INFO  [benchmark.tsdb.DBWrapper] DataClientService-thread-1 insert one batch latency (device: d_15, sg: g_0) ,1.03, ms, throughput ,48664.784312809454, points/s
2026/06/17 03:13:40 INFO  [benchmark.tsdb.DBWrapper] DataClientService-thread-1 insert one batch latency (device: d_16, sg: g_0) ,1.04, ms, throughput ,47962.59684847369, points/s
2026/06/17 03:13:40 INFO  [benchmark.tsdb.DBWrapper] DataClientService-thread-1 insert one batch latency (device: d_17, sg: g_0) ,1.04, ms, throughput ,48051.18796952017, points/s
2026/06/17 03:13:40 INFO  [benchmark.tsdb.DBWrapper] DataClientService-thread-1 insert one batch latency (device: d_18, sg: g_0) ,1.19, ms, throughput ,42129.84925097341, points/s
2026/06/17 03:13:40 INFO  [benchmark.tsdb.DBWrapper] DataClientService-thread-1 insert one batch latency (device: d_19, sg: g_0) ,1.00, ms, throughput ,50016.35534819886, points/s
2026/06/17 03:13:40 INFO  [benchmark.tsdb.DBWrapper] DataClientService-thread-1 insert one batch latency (device: d_0, sg: g_0) ,1.17, ms, throughput ,42590.78011828311, points/s
2026/06/17 03:13:40 INFO  [benchmark.tsdb.DBWrapper] DataClientService-thread-1 insert one batch latency (device: d_1, sg: g_0) ,1.02, ms, throughput ,49241.678156391565, points/s
2026/06/17 03:13:40 INFO  [benchmark.tsdb.DBWrapper] DataClientService-thread-1 insert one batch latency (device: d_2, sg: g_0) ,0.98, ms, throughput ,51262.91312781689, points/s
2026/06/17 03:13:40 INFO  [benchmark.tsdb.DBWrapper] DataClientService-thread-1 insert one batch latency (device: d_3, sg: g_0) ,1.04, ms, throughput ,47988.28318077858, points/s
2026/06/17 03:13:40 INFO  [benchmark.tsdb.DBWrapper] DataClientService-thread-1 insert one batch latency (device: d_4, sg: g_0) ,1.00, ms, throughput ,50081.382246149995, points/s
2026/06/17 03:13:40 INFO  [benchmark.tsdb.DBWrapper] DataClientService-thread-1 insert one batch latency (device: d_5, sg: g_0) ,1.18, ms, throughput ,42447.12785754065, points/s
2026/06/17 03:13:40 INFO  [benchmark.tsdb.DBWrapper] DataClientService-thread-1 insert one batch latency (device: d_6, sg: g_0) ,1.12, ms, throughput ,44625.963028282145, points/s
2026/06/17 03:13:40 INFO  [benchmark.tsdb.DBWrapper] DataClientService-thread-1 insert one batch latency (device: d_7, sg: g_0) ,1.03, ms, throughput ,48537.5632201761, points/s
2026/06/17 03:13:40 INFO  [benchmark.tsdb.DBWrapper] DataClientService-thread-1 insert one batch latency (device: d_8, sg: g_0) ,1.04, ms, throughput ,47943.7868687721, points/s
2026/06/17 03:13:40 INFO  [benchmark.tsdb.DBWrapper] DataClientService-thread-1 insert one batch latency (device: d_9, sg: g_0) ,1.09, ms, throughput ,45780.25113214561, points/s
2026/06/17 03:13:40 INFO  [benchmark.tsdb.DBWrapper] DataClientService-thread-1 insert one batch latency (device: d_10, sg: g_0) ,0.99, ms, throughput ,50753.43473869594, points/s
2026/06/17 03:13:40 INFO  [benchmark.tsdb.DBWrapper] DataClientService-thread-1 insert one batch latency (device: d_11, sg: g_0) ,0.93, ms, throughput ,53489.20801739041, points/s
2026/06/17 03:13:40 INFO  [benchmark.tsdb.DBWrapper] DataClientService-thread-1 insert one batch latency (device: d_12, sg: g_0) ,0.91, ms, throughput ,55130.01310991712, points/s
2026/06/17 03:13:40 INFO  [benchmark.tsdb.DBWrapper] DataClientService-thread-1 insert one batch latency (device: d_13, sg: g_0) ,0.89, ms, throughput ,56056.45108850417, points/s
2026/06/17 03:13:40 INFO  [benchmark.tsdb.DBWrapper] DataClientService-thread-1 insert one batch latency (device: d_14, sg: g_0) ,0.95, ms, throughput ,52470.57712387779, points/s
2026/06/17 03:13:40 INFO  [benchmark.tsdb.DBWrapper] DataClientService-thread-1 insert one batch latency (device: d_15, sg: g_0) ,0.87, ms, throughput ,57390.98295832152, points/s
2026/06/17 03:13:40 INFO  [benchmark.tsdb.DBWrapper] DataClientService-thread-1 insert one batch latency (device: d_16, sg: g_0) ,0.95, ms, throughput ,52790.56189218267, points/s
2026/06/17 03:13:40 INFO  [benchmark.tsdb.DBWrapper] DataClientService-thread-1 insert one batch latency (device: d_17, sg: g_0) ,2.06, ms, throughput ,24282.017175156387, points/s
2026/06/17 03:13:40 INFO  [benchmark.tsdb.DBWrapper] DataClientService-thread-1 insert one batch latency (device: d_18, sg: g_0) ,1.83, ms, throughput ,27365.561207456132, points/s
2026/06/17 03:13:40 INFO  [benchmark.tsdb.DBWrapper] DataClientService-thread-1 insert one batch latency (device: d_19, sg: g_0) ,1.67, ms, throughput ,29952.495342386974, points/s
2026/06/17 03:13:40 INFO  [benchmark.tsdb.DBWrapper] DataClientService-thread-1 insert one batch latency (device: d_0, sg: g_0) ,1.28, ms, throughput ,38991.21917744124, points/s
2026/06/17 03:13:40 INFO  [benchmark.tsdb.DBWrapper] DataClientService-thread-1 insert one batch latency (device: d_1, sg: g_0) ,1.30, ms, throughput ,38492.83609827375, points/s
2026/06/17 03:13:40 INFO  [benchmark.tsdb.DBWrapper] DataClientService-thread-1 insert one batch latency (device: d_2, sg: g_0) ,1.17, ms, throughput ,42887.45816328456, points/s
2026/06/17 03:13:40 INFO  [benchmark.tsdb.DBWrapper] DataClientService-thread-1 insert one batch latency (device: d_3, sg: g_0) ,1.00, ms, throughput ,50206.85223119251, points/s
2026/06/17 03:13:40 INFO  [benchmark.tsdb.DBWrapper] DataClientService-thread-1 insert one batch latency (device: d_4, sg: g_0) ,1.12, ms, throughput ,44560.73806841678, points/s
2026/06/17 03:13:40 INFO  [benchmark.tsdb.DBWrapper] DataClientService-thread-1 insert one batch latency (device: d_5, sg: g_0) ,1.06, ms, throughput ,47304.85328872801, points/s
2026/06/17 03:13:40 INFO  [benchmark.tsdb.DBWrapper] DataClientService-thread-1 insert one batch latency (device: d_6, sg: g_0) ,1.04, ms, throughput ,48084.366906799994, points/s
2026/06/17 03:13:40 INFO  [benchmark.tsdb.DBWrapper] DataClientService-thread-1 insert one batch latency (device: d_7, sg: g_0) ,1.08, ms, throughput ,46399.75055494101, points/s
2026/06/17 03:13:40 INFO  [benchmark.tsdb.DBWrapper] DataClientService-thread-1 insert one batch latency (device: d_8, sg: g_0) ,1.08, ms, throughput ,46214.180544014846, points/s
2026/06/17 03:13:40 INFO  [benchmark.tsdb.DBWrapper] DataClientService-thread-1 insert one batch latency (device: d_9, sg: g_0) ,0.91, ms, throughput ,55031.77534708541, points/s
2026/06/17 03:13:40 INFO  [benchmark.tsdb.DBWrapper] DataClientService-thread-1 insert one batch latency (device: d_10, sg: g_0) ,0.87, ms, throughput ,57296.54284119805, points/s
2026/06/17 03:13:40 INFO  [benchmark.tsdb.DBWrapper] DataClientService-thread-1 insert one batch latency (device: d_11, sg: g_0) ,0.90, ms, throughput ,55627.68612189361, points/s
2026/06/17 03:13:40 INFO  [benchmark.tsdb.DBWrapper] DataClientService-thread-1 insert one batch latency (device: d_12, sg: g_0) ,1.12, ms, throughput ,44732.802026932724, points/s
2026/06/17 03:13:40 INFO  [benchmark.tsdb.DBWrapper] DataClientService-thread-1 insert one batch latency (device: d_13, sg: g_0) ,1.09, ms, throughput ,45759.34428690011, points/s
2026/06/17 03:13:40 INFO  [benchmark.tsdb.DBWrapper] DataClientService-thread-1 insert one batch latency (device: d_14, sg: g_0) ,1.13, ms, throughput ,44413.808786117304, points/s
2026/06/17 03:13:40 INFO  [benchmark.tsdb.DBWrapper] DataClientService-thread-1 insert one batch latency (device: d_15, sg: g_0) ,1.12, ms, throughput ,44557.24358197463, points/s
2026/06/17 03:13:40 INFO  [benchmark.tsdb.DBWrapper] DataClientService-thread-1 insert one batch latency (device: d_16, sg: g_0) ,0.90, ms, throughput ,55415.784632094605, points/s
2026/06/17 03:13:40 INFO  [benchmark.tsdb.DBWrapper] DataClientService-thread-1 insert one batch latency (device: d_17, sg: g_0) ,1.05, ms, throughput ,47540.89943578461, points/s
2026/06/17 03:13:40 INFO  [benchmark.tsdb.DBWrapper] DataClientService-thread-1 insert one batch latency (device: d_18, sg: g_0) ,0.95, ms, throughput ,52606.27256151514, points/s
2026/06/17 03:13:40 INFO  [benchmark.tsdb.DBWrapper] DataClientService-thread-1 insert one batch latency (device: d_19, sg: g_0) ,1.13, ms, throughput ,44175.699124614344, points/s
2026/06/17 03:13:40 INFO  [benchmark.tsdb.DBWrapper] DataClientService-thread-1 insert one batch latency (device: d_0, sg: g_0) ,0.99, ms, throughput ,50368.95257763115, points/s
2026/06/17 03:13:40 INFO  [benchmark.tsdb.DBWrapper] DataClientService-thread-1 insert one batch latency (device: d_1, sg: g_0) ,0.93, ms, throughput ,53653.76794316134, points/s
2026/06/17 03:13:40 INFO  [benchmark.tsdb.DBWrapper] DataClientService-thread-1 insert one batch latency (device: d_2, sg: g_0) ,1.12, ms, throughput ,44559.0701769708, points/s
2026/06/17 03:13:40 INFO  [benchmark.tsdb.DBWrapper] DataClientService-thread-1 insert one batch latency (device: d_3, sg: g_0) ,1.06, ms, throughput ,47217.16211634875, points/s
2026/06/17 03:13:40 INFO  [benchmark.tsdb.DBWrapper] DataClientService-thread-1 insert one batch latency (device: d_4, sg: g_0) ,1.32, ms, throughput ,37916.58956960121, points/s
2026/06/17 03:13:40 INFO  [benchmark.tsdb.DBWrapper] DataClientService-thread-1 insert one batch latency (device: d_5, sg: g_0) ,1.19, ms, throughput ,41944.1270672163, points/s
2026/06/17 03:13:40 INFO  [benchmark.tsdb.DBWrapper] DataClientService-thread-1 insert one batch latency (device: d_6, sg: g_0) ,1.22, ms, throughput ,41133.03410422124, points/s
2026/06/17 03:13:40 INFO  [benchmark.tsdb.DBWrapper] DataClientService-thread-1 insert one batch latency (device: d_7, sg: g_0) ,1.22, ms, throughput ,40916.59724484001, points/s
2026/06/17 03:13:40 INFO  [benchmark.tsdb.DBWrapper] DataClientService-thread-1 insert one batch latency (device: d_8, sg: g_0) ,1.08, ms, throughput ,46209.22613408993, points/s
2026/06/17 03:13:40 INFO  [benchmark.tsdb.DBWrapper] DataClientService-thread-1 insert one batch latency (device: d_9, sg: g_0) ,1.09, ms, throughput ,45844.6837129426, points/s
2026/06/17 03:13:40 INFO  [benchmark.tsdb.DBWrapper] DataClientService-thread-1 insert one batch latency (device: d_10, sg: g_0) ,1.06, ms, throughput ,47038.6799064871, points/s
2026/06/17 03:13:40 INFO  [benchmark.tsdb.DBWrapper] DataClientService-thread-1 insert one batch latency (device: d_11, sg: g_0) ,0.96, ms, throughput ,51936.77424850084, points/s
2026/06/17 03:13:40 INFO  [benchmark.tsdb.DBWrapper] DataClientService-thread-1 insert one batch latency (device: d_12, sg: g_0) ,1.11, ms, throughput ,44943.133453241615, points/s
2026/06/17 03:13:40 INFO  [benchmark.tsdb.DBWrapper] DataClientService-thread-1 insert one batch latency (device: d_13, sg: g_0) ,1.08, ms, throughput ,46203.33347810378, points/s
2026/06/17 03:13:40 INFO  [benchmark.tsdb.DBWrapper] DataClientService-thread-1 insert one batch latency (device: d_14, sg: g_0) ,1.13, ms, throughput ,44412.62526580956, points/s
2026/06/17 03:13:40 INFO  [benchmark.tsdb.DBWrapper] DataClientService-thread-1 insert one batch latency (device: d_15, sg: g_0) ,1.14, ms, throughput ,43692.96429673115, points/s
2026/06/17 03:13:40 INFO  [benchmark.tsdb.DBWrapper] DataClientService-thread-1 insert one batch latency (device: d_16, sg: g_0) ,1.04, ms, throughput ,48180.13976094942, points/s
2026/06/17 03:13:40 INFO  [benchmark.tsdb.DBWrapper] DataClientService-thread-1 insert one batch latency (device: d_17, sg: g_0) ,1.02, ms, throughput ,48918.65317164088, points/s
2026/06/17 03:13:40 INFO  [benchmark.tsdb.DBWrapper] DataClientService-thread-1 insert one batch latency (device: d_18, sg: g_0) ,1.10, ms, throughput ,45327.587004036875, points/s
2026/06/17 03:13:40 INFO  [benchmark.tsdb.DBWrapper] DataClientService-thread-1 insert one batch latency (device: d_19, sg: g_0) ,1.08, ms, throughput ,46182.123823510396, points/s
2026/06/17 03:13:40 INFO  [benchmark.tsdb.DBWrapper] DataClientService-thread-1 insert one batch latency (device: d_0, sg: g_0) ,1.09, ms, throughput ,46048.61444324002, points/s
2026/06/17 03:13:40 INFO  [benchmark.tsdb.DBWrapper] DataClientService-thread-1 insert one batch latency (device: d_1, sg: g_0) ,1.19, ms, throughput ,42152.33178268955, points/s
2026/06/17 03:13:40 INFO  [benchmark.tsdb.DBWrapper] DataClientService-thread-1 insert one batch latency (device: d_2, sg: g_0) ,1.06, ms, throughput ,47160.55717368667, points/s
2026/06/17 03:13:40 INFO  [benchmark.tsdb.DBWrapper] DataClientService-thread-1 insert one batch latency (device: d_3, sg: g_0) ,1.03, ms, throughput ,48542.69961486222, points/s
2026/06/17 03:13:40 INFO  [benchmark.tsdb.DBWrapper] DataClientService-thread-1 insert one batch latency (device: d_4, sg: g_0) ,1.03, ms, throughput ,48423.7113481936, points/s
2026/06/17 03:13:40 INFO  [benchmark.tsdb.DBWrapper] DataClientService-thread-1 insert one batch latency (device: d_5, sg: g_0) ,0.98, ms, throughput ,50832.328547639045, points/s
2026/06/17 03:13:40 INFO  [benchmark.tsdb.DBWrapper] DataClientService-thread-1 insert one batch latency (device: d_6, sg: g_0) ,0.93, ms, throughput ,53782.06217636644, points/s
2026/06/17 03:13:40 INFO  [benchmark.tsdb.DBWrapper] DataClientService-thread-1 insert one batch latency (device: d_7, sg: g_0) ,1.06, ms, throughput ,47113.941297913705, points/s
2026/06/17 03:13:40 INFO  [benchmark.tsdb.DBWrapper] DataClientService-thread-1 insert one batch latency (device: d_8, sg: g_0) ,0.97, ms, throughput ,51592.559114754236, points/s
2026/06/17 03:13:40 INFO  [benchmark.tsdb.DBWrapper] DataClientService-thread-1 insert one batch latency (device: d_9, sg: g_0) ,1.24, ms, throughput ,40262.8357920505, points/s
2026/06/17 03:13:40 INFO  [benchmark.tsdb.DBWrapper] DataClientService-thread-1 insert one batch latency (device: d_10, sg: g_0) ,1.21, ms, throughput ,41163.34190354112, points/s
2026/06/17 03:13:40 INFO  [benchmark.tsdb.DBWrapper] DataClientService-thread-1 insert one batch latency (device: d_11, sg: g_0) ,0.96, ms, throughput ,51846.35229803772, points/s
2026/06/17 03:13:40 INFO  [benchmark.tsdb.DBWrapper] DataClientService-thread-1 insert one batch latency (device: d_12, sg: g_0) ,0.96, ms, throughput ,52137.045351930276, points/s
2026/06/17 03:13:40 INFO  [benchmark.tsdb.DBWrapper] DataClientService-thread-1 insert one batch latency (device: d_13, sg: g_0) ,1.17, ms, throughput ,42885.36142496048, points/s
2026/06/17 03:13:40 INFO  [benchmark.tsdb.DBWrapper] DataClientService-thread-1 insert one batch latency (device: d_14, sg: g_0) ,0.96, ms, throughput ,51903.13214641251, points/s
2026/06/17 03:13:40 INFO  [benchmark.tsdb.DBWrapper] DataClientService-thread-1 insert one batch latency (device: d_15, sg: g_0) ,0.93, ms, throughput ,53978.425902735195, points/s
2026/06/17 03:13:40 INFO  [benchmark.tsdb.DBWrapper] DataClientService-thread-1 insert one batch latency (device: d_16, sg: g_0) ,1.04, ms, throughput ,48209.77810003336, points/s
2026/06/17 03:13:40 INFO  [benchmark.tsdb.DBWrapper] DataClientService-thread-1 insert one batch latency (device: d_17, sg: g_0) ,0.87, ms, throughput ,57604.15118555103, points/s
2026/06/17 03:13:40 INFO  [benchmark.tsdb.DBWrapper] DataClientService-thread-1 insert one batch latency (device: d_18, sg: g_0) ,1.05, ms, throughput ,47724.45047681498, points/s
2026/06/17 03:13:40 INFO  [benchmark.tsdb.DBWrapper] DataClientService-thread-1 insert one batch latency (device: d_19, sg: g_0) ,1.07, ms, throughput ,46898.0679871912, points/s
2026/06/17 03:13:40 INFO  [benchmark.tsdb.DBWrapper] DataClientService-thread-1 insert one batch latency (device: d_0, sg: g_0) ,1.15, ms, throughput ,43647.727917523254, points/s
2026/06/17 03:13:40 INFO  [benchmark.tsdb.DBWrapper] DataClientService-thread-1 insert one batch latency (device: d_1, sg: g_0) ,1.20, ms, throughput ,41593.18537250857, points/s
2026/06/17 03:13:40 INFO  [benchmark.tsdb.DBWrapper] DataClientService-thread-1 insert one batch latency (device: d_2, sg: g_0) ,1.16, ms, throughput ,43129.586292382366, points/s
2026/06/17 03:13:40 INFO  [benchmark.tsdb.DBWrapper] DataClientService-thread-1 insert one batch latency (device: d_3, sg: g_0) ,1.07, ms, throughput ,46769.403456258915, points/s
2026/06/17 03:13:40 INFO  [benchmark.tsdb.DBWrapper] DataClientService-thread-1 insert one batch latency (device: d_4, sg: g_0) ,1.05, ms, throughput ,47684.94366977605, points/s
2026/06/17 03:13:40 INFO  [benchmark.tsdb.DBWrapper] DataClientService-thread-1 insert one batch latency (device: d_5, sg: g_0) ,1.08, ms, throughput ,46443.06498220767, points/s
2026/06/17 03:13:40 INFO  [benchmark.tsdb.DBWrapper] DataClientService-thread-1 insert one batch latency (device: d_6, sg: g_0) ,1.10, ms, throughput ,45324.505328348845, points/s
2026/06/17 03:13:40 INFO  [benchmark.tsdb.DBWrapper] DataClientService-thread-1 insert one batch latency (device: d_7, sg: g_0) ,1.07, ms, throughput ,46813.060469366465, points/s
2026/06/17 03:13:40 INFO  [benchmark.tsdb.DBWrapper] DataClientService-thread-1 insert one batch latency (device: d_8, sg: g_0) ,1.01, ms, throughput ,49276.61922970789, points/s
2026/06/17 03:13:40 INFO  [benchmark.tsdb.DBWrapper] DataClientService-thread-1 insert one batch latency (device: d_9, sg: g_0) ,1.11, ms, throughput ,45170.3826834821, points/s
2026/06/17 03:13:40 INFO  [benchmark.tsdb.DBWrapper] DataClientService-thread-1 insert one batch latency (device: d_10, sg: g_0) ,1.05, ms, throughput ,47712.79189493262, points/s
2026/06/17 03:13:40 INFO  [benchmark.tsdb.DBWrapper] DataClientService-thread-1 insert one batch latency (device: d_11, sg: g_0) ,0.99, ms, throughput ,50604.77769827205, points/s
2026/06/17 03:13:40 INFO  [benchmark.tsdb.DBWrapper] DataClientService-thread-1 insert one batch latency (device: d_12, sg: g_0) ,1.08, ms, throughput ,46337.14162854665, points/s
2026/06/17 03:13:40 INFO  [benchmark.tsdb.DBWrapper] DataClientService-thread-1 insert one batch latency (device: d_13, sg: g_0) ,0.91, ms, throughput ,55150.262404948524, points/s
2026/06/17 03:13:40 INFO  [benchmark.tsdb.DBWrapper] DataClientService-thread-1 insert one batch latency (device: d_14, sg: g_0) ,1.07, ms, throughput ,46929.673069125536, points/s
2026/06/17 03:13:40 INFO  [benchmark.tsdb.DBWrapper] DataClientService-thread-1 insert one batch latency (device: d_15, sg: g_0) ,1.12, ms, throughput ,44613.57948132252, points/s
2026/06/17 03:13:40 INFO  [benchmark.tsdb.DBWrapper] DataClientService-thread-1 insert one batch latency (device: d_16, sg: g_0) ,0.99, ms, throughput ,50372.098693045526, points/s
2026/06/17 03:13:40 INFO  [benchmark.tsdb.DBWrapper] DataClientService-thread-1 insert one batch latency (device: d_17, sg: g_0) ,0.92, ms, throughput ,54442.39015158939, points/s
2026/06/17 03:13:40 INFO  [benchmark.tsdb.DBWrapper] DataClientService-thread-1 insert one batch latency (device: d_18, sg: g_0) ,1.06, ms, throughput ,47361.13242362071, points/s
2026/06/17 03:13:40 INFO  [benchmark.tsdb.DBWrapper] DataClientService-thread-1 insert one batch latency (device: d_19, sg: g_0) ,0.97, ms, throughput ,51755.65534045905, points/s
2026/06/17 03:13:40 INFO  [benchmark.tsdb.DBWrapper] DataClientService-thread-1 insert one batch latency (device: d_0, sg: g_0) ,1.02, ms, throughput ,49045.621255979895, points/s
2026/06/17 03:13:40 INFO  [benchmark.tsdb.DBWrapper] DataClientService-thread-1 insert one batch latency (device: d_1, sg: g_0) ,0.92, ms, throughput ,54342.27372420644, points/s
2026/06/17 03:13:40 INFO  [benchmark.tsdb.DBWrapper] DataClientService-thread-1 insert one batch latency (device: d_2, sg: g_0) ,0.96, ms, throughput ,52049.12187926478, points/s
2026/06/17 03:13:40 INFO  [benchmark.tsdb.DBWrapper] DataClientService-thread-1 insert one batch latency (device: d_3, sg: g_0) ,0.92, ms, throughput ,54559.600361839264, points/s
2026/06/17 03:13:40 INFO  [benchmark.tsdb.DBWrapper] DataClientService-thread-1 insert one batch latency (device: d_4, sg: g_0) ,1.15, ms, throughput ,43508.868412648546, points/s
2026/06/17 03:13:40 INFO  [benchmark.tsdb.DBWrapper] DataClientService-thread-1 insert one batch latency (device: d_5, sg: g_0) ,0.99, ms, throughput ,50733.65944929627, points/s
2026/06/17 03:13:40 INFO  [benchmark.tsdb.DBWrapper] DataClientService-thread-1 insert one batch latency (device: d_6, sg: g_0) ,0.89, ms, throughput ,56177.944763597596, points/s
2026/06/17 03:13:40 INFO  [benchmark.tsdb.DBWrapper] DataClientService-thread-1 insert one batch latency (device: d_7, sg: g_0) ,1.08, ms, throughput ,46237.21540993915, points/s
2026/06/17 03:13:40 INFO  [benchmark.tsdb.DBWrapper] DataClientService-thread-1 insert one batch latency (device: d_8, sg: g_0) ,1.09, ms, throughput ,46046.32444424389, points/s
2026/06/17 03:13:40 INFO  [benchmark.tsdb.DBWrapper] DataClientService-thread-1 insert one batch latency (device: d_9, sg: g_0) ,0.87, ms, throughput ,57338.068693299814, points/s
2026/06/17 03:13:40 INFO  [benchmark.tsdb.DBWrapper] DataClientService-thread-1 insert one batch latency (device: d_10, sg: g_0) ,0.87, ms, throughput ,57421.36717978401, points/s
2026/06/17 03:13:40 INFO  [benchmark.tsdb.DBWrapper] DataClientService-thread-1 insert one batch latency (device: d_11, sg: g_0) ,1.38, ms, throughput ,36246.96069234594, points/s
2026/06/17 03:13:40 INFO  [benchmark.tsdb.DBWrapper] DataClientService-thread-1 insert one batch latency (device: d_12, sg: g_0) ,1.35, ms, throughput ,37109.744647847074, points/s
2026/06/17 03:13:40 INFO  [benchmark.tsdb.DBWrapper] DataClientService-thread-1 insert one batch latency (device: d_13, sg: g_0) ,1.26, ms, throughput ,39564.38034663145, points/s
2026/06/17 03:13:40 INFO  [benchmark.tsdb.DBWrapper] DataClientService-thread-1 insert one batch latency (device: d_14, sg: g_0) ,1.15, ms, throughput ,43393.96337896643, points/s
2026/06/17 03:13:40 INFO  [benchmark.tsdb.DBWrapper] DataClientService-thread-1 insert one batch latency (device: d_15, sg: g_0) ,1.13, ms, throughput ,44261.65365078972, points/s
2026/06/17 03:13:40 INFO  [benchmark.tsdb.DBWrapper] DataClientService-thread-1 insert one batch latency (device: d_16, sg: g_0) ,1.13, ms, throughput ,44375.65232208914, points/s
2026/06/17 03:13:40 INFO  [benchmark.tsdb.DBWrapper] DataClientService-thread-1 insert one batch latency (device: d_17, sg: g_0) ,0.91, ms, throughput ,54676.359691712816, points/s
2026/06/17 03:13:40 INFO  [benchmark.tsdb.DBWrapper] DataClientService-thread-1 insert one batch latency (device: d_18, sg: g_0) ,1.02, ms, throughput ,48866.87490470959, points/s
2026/06/17 03:13:40 INFO  [benchmark.tsdb.DBWrapper] DataClientService-thread-1 insert one batch latency (device: d_19, sg: g_0) ,1.00, ms, throughput ,50000.0, points/s
2026/06/17 03:13:40 INFO  [benchmark.tsdb.DBWrapper] DataClientService-thread-1 insert one batch latency (device: d_0, sg: g_0) ,0.91, ms, throughput ,54774.59160064503, points/s
2026/06/17 03:13:40 INFO  [benchmark.tsdb.DBWrapper] DataClientService-thread-1 insert one batch latency (device: d_1, sg: g_0) ,1.12, ms, throughput ,44463.02010617769, points/s
2026/06/17 03:13:40 INFO  [benchmark.tsdb.DBWrapper] DataClientService-thread-1 insert one batch latency (device: d_2, sg: g_0) ,0.99, ms, throughput ,50550.49488934496, points/s
2026/06/17 03:13:40 INFO  [benchmark.tsdb.DBWrapper] DataClientService-thread-1 insert one batch latency (device: d_3, sg: g_0) ,1.31, ms, throughput ,38275.812442394905, points/s
2026/06/17 03:13:40 INFO  [benchmark.tsdb.DBWrapper] DataClientService-thread-1 insert one batch latency (device: d_4, sg: g_0) ,1.16, ms, throughput ,43144.10043256275, points/s
2026/06/17 03:13:40 INFO  [benchmark.tsdb.DBWrapper] DataClientService-thread-1 insert one batch latency (device: d_5, sg: g_0) ,1.11, ms, throughput ,45191.85751188094, points/s
2026/06/17 03:13:40 INFO  [benchmark.tsdb.DBWrapper] DataClientService-thread-1 insert one batch latency (device: d_6, sg: g_0) ,1.05, ms, throughput ,47604.04101183342, points/s
2026/06/17 03:13:40 INFO  [benchmark.tsdb.DBWrapper] DataClientService-thread-1 insert one batch latency (device: d_7, sg: g_0) ,0.89, ms, throughput ,56492.13234072891, points/s
2026/06/17 03:13:40 INFO  [benchmark.tsdb.DBWrapper] DataClientService-thread-1 insert one batch latency (device: d_8, sg: g_0) ,0.99, ms, throughput ,50546.40665595083, points/s
2026/06/17 03:13:40 INFO  [benchmark.tsdb.DBWrapper] DataClientService-thread-1 insert one batch latency (device: d_9, sg: g_0) ,0.99, ms, throughput ,50477.56827343497, points/s
2026/06/17 03:13:40 INFO  [benchmark.tsdb.DBWrapper] DataClientService-thread-1 insert one batch latency (device: d_10, sg: g_0) ,1.05, ms, throughput ,47835.81218512077, points/s
2026/06/17 03:13:40 INFO  [benchmark.tsdb.DBWrapper] DataClientService-thread-1 insert one batch latency (device: d_11, sg: g_0) ,0.93, ms, throughput ,54048.38627733092, points/s
2026/06/17 03:13:40 INFO  [benchmark.tsdb.DBWrapper] DataClientService-thread-1 insert one batch latency (device: d_12, sg: g_0) ,0.93, ms, throughput ,53987.98443418433, points/s
2026/06/17 03:13:40 INFO  [benchmark.tsdb.DBWrapper] DataClientService-thread-1 insert one batch latency (device: d_13, sg: g_0) ,0.90, ms, throughput ,55385.031198388075, points/s
2026/06/17 03:13:40 INFO  [benchmark.tsdb.DBWrapper] DataClientService-thread-1 insert one batch latency (device: d_14, sg: g_0) ,0.99, ms, throughput ,50493.115768596115, points/s
2026/06/17 03:13:40 INFO  [benchmark.tsdb.DBWrapper] DataClientService-thread-1 insert one batch latency (device: d_15, sg: g_0) ,0.95, ms, throughput ,52684.09667321003, points/s
2026/06/17 03:13:40 INFO  [benchmark.tsdb.DBWrapper] DataClientService-thread-1 insert one batch latency (device: d_16, sg: g_0) ,0.91, ms, throughput ,54731.90125489303, points/s
2026/06/17 03:13:40 INFO  [benchmark.tsdb.DBWrapper] DataClientService-thread-1 insert one batch latency (device: d_17, sg: g_0) ,1.01, ms, throughput ,49297.51047572097, points/s
2026/06/17 03:13:40 INFO  [benchmark.tsdb.DBWrapper] DataClientService-thread-1 insert one batch latency (device: d_18, sg: g_0) ,1.09, ms, throughput ,45955.92459184246, points/s
2026/06/17 03:13:40 INFO  [benchmark.tsdb.DBWrapper] DataClientService-thread-1 insert one batch latency (device: d_19, sg: g_0) ,1.17, ms, throughput ,42624.9828434444, points/s
2026/06/17 03:13:40 INFO  [benchmark.tsdb.DBWrapper] DataClientService-thread-1 insert one batch latency (device: d_0, sg: g_0) ,0.97, ms, throughput ,51388.09522830703, points/s
2026/06/17 03:13:40 INFO  [benchmark.tsdb.DBWrapper] DataClientService-thread-1 insert one batch latency (device: d_1, sg: g_0) ,1.10, ms, throughput ,45569.25569911896, points/s
2026/06/17 03:13:40 INFO  [benchmark.tsdb.DBWrapper] DataClientService-thread-1 insert one batch latency (device: d_2, sg: g_0) ,1.06, ms, throughput ,47238.93168211223, points/s
2026/06/17 03:13:40 INFO  [benchmark.tsdb.DBWrapper] DataClientService-thread-1 insert one batch latency (device: d_3, sg: g_0) ,0.99, ms, throughput ,50651.01752829113, points/s
2026/06/17 03:13:40 INFO  [benchmark.tsdb.DBWrapper] DataClientService-thread-1 insert one batch latency (device: d_4, sg: g_0) ,1.03, ms, throughput ,48650.673568575556, points/s
2026/06/17 03:13:40 INFO  [benchmark.tsdb.DBWrapper] DataClientService-thread-1 insert one batch latency (device: d_5, sg: g_0) ,0.94, ms, throughput ,53202.29961619861, points/s
2026/06/17 03:13:40 INFO  [benchmark.tsdb.DBWrapper] DataClientService-thread-1 insert one batch latency (device: d_6, sg: g_0) ,1.31, ms, throughput ,38165.63733942762, points/s
2026/06/17 03:13:40 INFO  [benchmark.tsdb.DBWrapper] DataClientService-thread-1 insert one batch latency (device: d_7, sg: g_0) ,1.14, ms, throughput ,43960.372361938054, points/s
2026/06/17 03:13:40 INFO  [benchmark.tsdb.DBWrapper] DataClientService-thread-1 insert one batch latency (device: d_8, sg: g_0) ,0.92, ms, throughput ,54397.01991366105, points/s
2026/06/17 03:13:40 INFO  [benchmark.tsdb.DBWrapper] DataClientService-thread-1 insert one batch latency (device: d_9, sg: g_0) ,1.08, ms, throughput ,46188.13907063921, points/s
2026/06/17 03:13:40 INFO  [benchmark.tsdb.DBWrapper] DataClientService-thread-1 insert one batch latency (device: d_10, sg: g_0) ,1.18, ms, throughput ,42380.06441769792, points/s
2026/06/17 03:13:40 INFO  [benchmark.tsdb.DBWrapper] DataClientService-thread-1 insert one batch latency (device: d_11, sg: g_0) ,1.10, ms, throughput ,45389.39104685184, points/s
2026/06/17 03:13:40 INFO  [benchmark.tsdb.DBWrapper] DataClientService-thread-1 insert one batch latency (device: d_12, sg: g_0) ,1.12, ms, throughput ,44504.21855487682, points/s
2026/06/17 03:13:40 INFO  [benchmark.tsdb.DBWrapper] DataClientService-thread-1 insert one batch latency (device: d_13, sg: g_0) ,0.93, ms, throughput ,53968.055228749, points/s
2026/06/17 03:13:40 INFO  [benchmark.tsdb.DBWrapper] DataClientService-thread-1 insert one batch latency (device: d_14, sg: g_0) ,1.08, ms, throughput ,46135.97378738513, points/s
2026/06/17 03:13:40 INFO  [benchmark.tsdb.DBWrapper] DataClientService-thread-1 insert one batch latency (device: d_15, sg: g_0) ,1.13, ms, throughput ,44337.52204683284, points/s
2026/06/17 03:13:40 INFO  [benchmark.tsdb.DBWrapper] DataClientService-thread-1 insert one batch latency (device: d_16, sg: g_0) ,1.09, ms, throughput ,45708.017186214456, points/s
2026/06/17 03:13:40 INFO  [benchmark.tsdb.DBWrapper] DataClientService-thread-1 insert one batch latency (device: d_17, sg: g_0) ,1.32, ms, throughput ,37771.31132927821, points/s
2026/06/17 03:13:40 INFO  [benchmark.tsdb.DBWrapper] DataClientService-thread-1 insert one batch latency (device: d_18, sg: g_0) ,1.00, ms, throughput ,50051.95392817745, points/s
2026/06/17 03:13:40 INFO  [benchmark.tsdb.DBWrapper] DataClientService-thread-1 insert one batch latency (device: d_19, sg: g_0) ,0.89, ms, throughput ,56454.94556614149, points/s
2026/06/17 03:13:40 INFO  [benchmark.tsdb.DBWrapper] DataClientService-thread-1 insert one batch latency (device: d_0, sg: g_0) ,0.91, ms, throughput ,54809.23645252698, points/s
2026/06/17 03:13:40 INFO  [benchmark.tsdb.DBWrapper] DataClientService-thread-1 insert one batch latency (device: d_1, sg: g_0) ,0.91, ms, throughput ,55092.16919907004, points/s
2026/06/17 03:13:40 INFO  [benchmark.tsdb.DBWrapper] DataClientService-thread-1 insert one batch latency (device: d_2, sg: g_0) ,0.93, ms, throughput ,53859.57731003727, points/s
2026/06/17 03:13:40 INFO  [benchmark.tsdb.DBWrapper] DataClientService-thread-1 insert one batch latency (device: d_3, sg: g_0) ,0.97, ms, throughput ,51431.5985455144, points/s
2026/06/17 03:13:40 INFO  [benchmark.tsdb.DBWrapper] DataClientService-thread-1 insert one batch latency (device: d_4, sg: g_0) ,1.00, ms, throughput ,49922.52024857421, points/s
2026/06/17 03:13:40 INFO  [benchmark.tsdb.DBWrapper] DataClientService-thread-1 insert one batch latency (device: d_5, sg: g_0) ,1.21, ms, throughput ,41304.290359248196, points/s
2026/06/17 03:13:40 INFO  [benchmark.tsdb.DBWrapper] DataClientService-thread-1 insert one batch latency (device: d_6, sg: g_0) ,1.20, ms, throughput ,41653.302898653346, points/s
2026/06/17 03:13:40 INFO  [benchmark.tsdb.DBWrapper] DataClientService-thread-1 insert one batch latency (device: d_7, sg: g_0) ,1.08, ms, throughput ,46267.76450818292, points/s
2026/06/17 03:13:40 INFO  [benchmark.tsdb.DBWrapper] DataClientService-thread-1 insert one batch latency (device: d_8, sg: g_0) ,1.17, ms, throughput ,42866.38974978888, points/s
2026/06/17 03:13:40 INFO  [benchmark.tsdb.DBWrapper] DataClientService-thread-1 insert one batch latency (device: d_9, sg: g_0) ,1.39, ms, throughput ,35957.69361599916, points/s
2026/06/17 03:13:40 INFO  [benchmark.tsdb.DBWrapper] DataClientService-thread-1 insert one batch latency (device: d_10, sg: g_0) ,1.23, ms, throughput ,40679.54364060762, points/s
2026/06/17 03:13:40 INFO  [benchmark.tsdb.DBWrapper] DataClientService-thread-1 insert one batch latency (device: d_11, sg: g_0) ,1.17, ms, throughput ,42567.7913360923, points/s
2026/06/17 03:13:40 INFO  [benchmark.tsdb.DBWrapper] DataClientService-thread-1 insert one batch latency (device: d_12, sg: g_0) ,1.21, ms, throughput ,41487.81959104626, points/s
2026/06/17 03:13:40 INFO  [benchmark.tsdb.DBWrapper] DataClientService-thread-1 insert one batch latency (device: d_13, sg: g_0) ,1.00, ms, throughput ,50147.23227395634, points/s
2026/06/17 03:13:40 INFO  [benchmark.tsdb.DBWrapper] DataClientService-thread-1 insert one batch latency (device: d_14, sg: g_0) ,1.01, ms, throughput ,49536.7815556729, points/s
2026/06/17 03:13:40 INFO  [benchmark.tsdb.DBWrapper] DataClientService-thread-1 insert one batch latency (device: d_15, sg: g_0) ,1.10, ms, throughput ,45401.67314245865, points/s
2026/06/17 03:13:40 INFO  [benchmark.tsdb.DBWrapper] DataClientService-thread-1 insert one batch latency (device: d_16, sg: g_0) ,0.97, ms, throughput ,51635.87619369237, points/s
2026/06/17 03:13:40 INFO  [benchmark.tsdb.DBWrapper] DataClientService-thread-1 insert one batch latency (device: d_17, sg: g_0) ,1.00, ms, throughput ,49868.64598647163, points/s
2026/06/17 03:13:40 INFO  [benchmark.tsdb.DBWrapper] DataClientService-thread-1 insert one batch latency (device: d_18, sg: g_0) ,1.05, ms, throughput ,47464.62935820227, points/s
2026/06/17 03:13:40 INFO  [benchmark.tsdb.DBWrapper] DataClientService-thread-1 insert one batch latency (device: d_19, sg: g_0) ,1.03, ms, throughput ,48538.458476804924, points/s
2026/06/17 03:13:40 INFO  [benchmark.tsdb.DBWrapper] DataClientService-thread-1 insert one batch latency (device: d_0, sg: g_0) ,0.96, ms, throughput ,52265.555013155245, points/s
2026/06/17 03:13:40 INFO  [benchmark.tsdb.DBWrapper] DataClientService-thread-1 insert one batch latency (device: d_1, sg: g_0) ,1.23, ms, throughput ,40695.336802746446, points/s
2026/06/17 03:13:40 INFO  [benchmark.tsdb.DBWrapper] DataClientService-thread-1 insert one batch latency (device: d_2, sg: g_0) ,1.14, ms, throughput ,43780.88193959815, points/s
2026/06/17 03:13:40 INFO  [benchmark.tsdb.DBWrapper] DataClientService-thread-1 insert one batch latency (device: d_3, sg: g_0) ,1.16, ms, throughput ,43210.73008849558, points/s
2026/06/17 03:13:40 INFO  [benchmark.tsdb.DBWrapper] DataClientService-thread-1 insert one batch latency (device: d_4, sg: g_0) ,1.06, ms, throughput ,47227.732124303395, points/s
2026/06/17 03:13:40 INFO  [benchmark.tsdb.DBWrapper] DataClientService-thread-1 insert one batch latency (device: d_5, sg: g_0) ,0.96, ms, throughput ,52183.73266065023, points/s
2026/06/17 03:13:40 INFO  [benchmark.tsdb.DBWrapper] DataClientService-thread-1 insert one batch latency (device: d_6, sg: g_0) ,1.12, ms, throughput ,44614.9727848666, points/s
2026/06/17 03:13:40 INFO  [benchmark.tsdb.DBWrapper] DataClientService-thread-1 insert one batch latency (device: d_7, sg: g_0) ,1.08, ms, throughput ,46201.88189505335, points/s
2026/06/17 03:13:40 INFO  [benchmark.tsdb.DBWrapper] DataClientService-thread-1 insert one batch latency (device: d_8, sg: g_0) ,1.10, ms, throughput ,45291.496068698136, points/s
2026/06/17 03:13:40 INFO  [benchmark.tsdb.DBWrapper] DataClientService-thread-1 insert one batch latency (device: d_9, sg: g_0) ,1.04, ms, throughput ,48069.62019231694, points/s
2026/06/17 03:13:40 INFO  [benchmark.tsdb.DBWrapper] DataClientService-thread-1 insert one batch latency (device: d_10, sg: g_0) ,0.98, ms, throughput ,51166.38900372901, points/s
2026/06/17 03:13:40 INFO  [benchmark.tsdb.DBWrapper] DataClientService-thread-1 insert one batch latency (device: d_11, sg: g_0) ,1.10, ms, throughput ,45541.529776418414, points/s
2026/06/17 03:13:40 INFO  [benchmark.tsdb.DBWrapper] DataClientService-thread-1 insert one batch latency (device: d_12, sg: g_0) ,1.11, ms, throughput ,45090.338493171075, points/s
2026/06/17 03:13:40 INFO  [benchmark.tsdb.DBWrapper] DataClientService-thread-1 insert one batch latency (device: d_13, sg: g_0) ,1.12, ms, throughput ,44467.923508056694, points/s
2026/06/17 03:13:40 INFO  [benchmark.tsdb.DBWrapper] DataClientService-thread-1 insert one batch latency (device: d_14, sg: g_0) ,1.15, ms, throughput ,43303.16546139523, points/s
2026/06/17 03:13:40 INFO  [benchmark.tsdb.DBWrapper] DataClientService-thread-1 insert one batch latency (device: d_15, sg: g_0) ,0.99, ms, throughput ,50422.08325896076, points/s
2026/06/17 03:13:40 INFO  [benchmark.tsdb.DBWrapper] DataClientService-thread-1 insert one batch latency (device: d_16, sg: g_0) ,1.10, ms, throughput ,45643.13458791096, points/s
2026/06/17 03:13:40 INFO  [benchmark.tsdb.DBWrapper] DataClientService-thread-1 insert one batch latency (device: d_17, sg: g_0) ,1.11, ms, throughput ,44949.07270063018, points/s
2026/06/17 03:13:40 INFO  [benchmark.tsdb.DBWrapper] DataClientService-thread-1 insert one batch latency (device: d_18, sg: g_0) ,1.20, ms, throughput ,41661.18127779842, points/s
2026/06/17 03:13:40 INFO  [benchmark.tsdb.DBWrapper] DataClientService-thread-1 insert one batch latency (device: d_19, sg: g_0) ,1.09, ms, throughput ,45669.23236414088, points/s
2026/06/17 03:13:40 INFO  [benchmark.tsdb.DBWrapper] DataClientService-thread-1 insert one batch latency (device: d_0, sg: g_0) ,1.01, ms, throughput ,49502.10779975012, points/s
2026/06/17 03:13:40 INFO  [benchmark.tsdb.DBWrapper] DataClientService-thread-1 insert one batch latency (device: d_1, sg: g_0) ,1.02, ms, throughput ,49077.442240758224, points/s
2026/06/17 03:13:40 INFO  [benchmark.tsdb.DBWrapper] DataClientService-thread-1 insert one batch latency (device: d_2, sg: g_0) ,1.14, ms, throughput ,43789.81589009807, points/s
2026/06/17 03:13:40 INFO  [benchmark.tsdb.DBWrapper] DataClientService-thread-1 insert one batch latency (device: d_3, sg: g_0) ,1.01, ms, throughput ,49515.638028802256, points/s
2026/06/17 03:13:40 INFO  [benchmark.tsdb.DBWrapper] DataClientService-thread-1 insert one batch latency (device: d_4, sg: g_0) ,1.20, ms, throughput ,41790.1915077316, points/s
2026/06/17 03:13:40 INFO  [benchmark.tsdb.DBWrapper] DataClientService-thread-1 insert one batch latency (device: d_5, sg: g_0) ,0.95, ms, throughput ,52455.54916763534, points/s
2026/06/17 03:13:40 INFO  [benchmark.tsdb.DBWrapper] DataClientService-thread-1 insert one batch latency (device: d_6, sg: g_0) ,1.03, ms, throughput ,48365.11404977544, points/s
2026/06/17 03:13:40 INFO  [benchmark.tsdb.DBWrapper] DataClientService-thread-1 insert one batch latency (device: d_7, sg: g_0) ,0.95, ms, throughput ,52389.92353166761, points/s
2026/06/17 03:13:40 INFO  [benchmark.tsdb.DBWrapper] DataClientService-thread-1 insert one batch latency (device: d_8, sg: g_0) ,1.14, ms, throughput ,43823.51394464214, points/s
2026/06/17 03:13:40 INFO  [benchmark.tsdb.DBWrapper] DataClientService-thread-1 insert one batch latency (device: d_9, sg: g_0) ,1.11, ms, throughput ,44884.63302772883, points/s
2026/06/17 03:13:40 INFO  [benchmark.tsdb.DBWrapper] DataClientService-thread-1 insert one batch latency (device: d_10, sg: g_0) ,1.06, ms, throughput ,47322.851637181375, points/s
2026/06/17 03:13:40 INFO  [benchmark.tsdb.DBWrapper] DataClientService-thread-1 insert one batch latency (device: d_11, sg: g_0) ,0.98, ms, throughput ,50928.68456300642, points/s
2026/06/17 03:13:40 INFO  [benchmark.tsdb.DBWrapper] DataClientService-thread-1 insert one batch latency (device: d_12, sg: g_0) ,1.12, ms, throughput ,44445.23458194812, points/s
2026/06/17 03:13:40 INFO  [benchmark.tsdb.DBWrapper] DataClientService-thread-1 insert one batch latency (device: d_13, sg: g_0) ,1.06, ms, throughput ,47342.835987372724, points/s
2026/06/17 03:13:40 INFO  [benchmark.tsdb.DBWrapper] DataClientService-thread-1 insert one batch latency (device: d_14, sg: g_0) ,0.98, ms, throughput ,50807.01868478919, points/s
2026/06/17 03:13:40 INFO  [benchmark.tsdb.DBWrapper] DataClientService-thread-1 insert one batch latency (device: d_15, sg: g_0) ,1.15, ms, throughput ,43559.4329258784, points/s
2026/06/17 03:13:40 INFO  [benchmark.tsdb.DBWrapper] DataClientService-thread-1 insert one batch latency (device: d_16, sg: g_0) ,1.01, ms, throughput ,49588.858771921994, points/s
2026/06/17 03:13:40 INFO  [benchmark.tsdb.DBWrapper] DataClientService-thread-1 insert one batch latency (device: d_17, sg: g_0) ,0.97, ms, throughput ,51750.727097715724, points/s
2026/06/17 03:13:40 INFO  [benchmark.tsdb.DBWrapper] DataClientService-thread-1 insert one batch latency (device: d_18, sg: g_0) ,0.98, ms, throughput ,50931.693468621495, points/s
2026/06/17 03:13:40 INFO  [benchmark.tsdb.DBWrapper] DataClientService-thread-1 insert one batch latency (device: d_19, sg: g_0) ,0.99, ms, throughput ,50539.45817657678, points/s
2026/06/17 03:13:40 INFO  [benchmark.tsdb.DBWrapper] DataClientService-thread-1 insert one batch latency (device: d_0, sg: g_0) ,0.94, ms, throughput ,53347.274754469174, points/s
2026/06/17 03:13:40 INFO  [benchmark.tsdb.DBWrapper] DataClientService-thread-1 insert one batch latency (device: d_1, sg: g_0) ,0.94, ms, throughput ,53272.134305443244, points/s
2026/06/17 03:13:40 INFO  [benchmark.tsdb.DBWrapper] DataClientService-thread-1 insert one batch latency (device: d_2, sg: g_0) ,0.99, ms, throughput ,50456.225188151264, points/s
2026/06/17 03:13:40 INFO  [benchmark.tsdb.DBWrapper] DataClientService-thread-1 insert one batch latency (device: d_3, sg: g_0) ,1.18, ms, throughput ,42361.53707990064, points/s
2026/06/17 03:13:40 INFO  [benchmark.tsdb.DBWrapper] DataClientService-thread-1 insert one batch latency (device: d_4, sg: g_0) ,1.01, ms, throughput ,49465.32925607113, points/s
2026/06/17 03:13:40 INFO  [benchmark.tsdb.DBWrapper] DataClientService-thread-1 insert one batch latency (device: d_5, sg: g_0) ,1.11, ms, throughput ,44995.4689562761, points/s
2026/06/17 03:13:40 INFO  [benchmark.tsdb.DBWrapper] DataClientService-thread-1 insert one batch latency (device: d_6, sg: g_0) ,1.05, ms, throughput ,47673.39528967786, points/s
2026/06/17 03:13:40 INFO  [benchmark.tsdb.DBWrapper] DataClientService-thread-1 insert one batch latency (device: d_7, sg: g_0) ,1.18, ms, throughput ,42336.50066806998, points/s
2026/06/17 03:13:40 INFO  [benchmark.tsdb.DBWrapper] DataClientService-thread-1 insert one batch latency (device: d_8, sg: g_0) ,1.20, ms, throughput ,41616.449484288954, points/s
2026/06/17 03:13:40 INFO  [benchmark.tsdb.DBWrapper] DataClientService-thread-1 insert one batch latency (device: d_9, sg: g_0) ,1.04, ms, throughput ,48262.874363050716, points/s
2026/06/17 03:13:40 INFO  [benchmark.tsdb.DBWrapper] DataClientService-thread-1 insert one batch latency (device: d_10, sg: g_0) ,1.19, ms, throughput ,41994.11578449628, points/s
2026/06/17 03:13:40 INFO  [benchmark.tsdb.DBWrapper] DataClientService-thread-1 insert one batch latency (device: d_11, sg: g_0) ,1.07, ms, throughput ,46785.595650811025, points/s
2026/06/17 03:13:40 INFO  [benchmark.tsdb.DBWrapper] DataClientService-thread-1 insert one batch latency (device: d_12, sg: g_0) ,1.06, ms, throughput ,47031.99869062915, points/s
2026/06/17 03:13:40 INFO  [benchmark.tsdb.DBWrapper] DataClientService-thread-1 insert one batch latency (device: d_13, sg: g_0) ,1.01, ms, throughput ,49750.05572006241, points/s
2026/06/17 03:13:40 INFO  [benchmark.tsdb.DBWrapper] DataClientService-thread-1 insert one batch latency (device: d_14, sg: g_0) ,1.11, ms, throughput ,45119.390418987685, points/s
2026/06/17 03:13:40 INFO  [benchmark.tsdb.DBWrapper] DataClientService-thread-1 insert one batch latency (device: d_15, sg: g_0) ,1.17, ms, throughput ,42653.70903857687, points/s
2026/06/17 03:13:40 INFO  [benchmark.tsdb.DBWrapper] DataClientService-thread-1 insert one batch latency (device: d_16, sg: g_0) ,1.19, ms, throughput ,42074.08404719029, points/s
2026/06/17 03:13:40 INFO  [benchmark.tsdb.DBWrapper] DataClientService-thread-1 insert one batch latency (device: d_17, sg: g_0) ,1.14, ms, throughput ,43832.15790096563, points/s
2026/06/17 03:13:40 INFO  [benchmark.tsdb.DBWrapper] DataClientService-thread-1 insert one batch latency (device: d_18, sg: g_0) ,1.07, ms, throughput ,46852.40835434664, points/s
2026/06/17 03:13:40 INFO  [benchmark.tsdb.DBWrapper] DataClientService-thread-1 insert one batch latency (device: d_19, sg: g_0) ,1.00, ms, throughput ,49863.57326355092, points/s
2026/06/17 03:13:40 INFO  [benchmark.tsdb.DBWrapper] DataClientService-thread-1 insert one batch latency (device: d_0, sg: g_0) ,1.28, ms, throughput ,39120.32472999152, points/s
2026/06/17 03:13:40 INFO  [benchmark.tsdb.DBWrapper] DataClientService-thread-1 insert one batch latency (device: d_1, sg: g_0) ,1.21, ms, throughput ,41486.71802722358, points/s
2026/06/17 03:13:40 INFO  [benchmark.tsdb.DBWrapper] DataClientService-thread-1 insert one batch latency (device: d_2, sg: g_0) ,1.22, ms, throughput ,40841.39814808764, points/s
2026/06/17 03:13:40 INFO  [benchmark.tsdb.DBWrapper] DataClientService-thread-1 insert one batch latency (device: d_3, sg: g_0) ,1.16, ms, throughput ,43164.88381308224, points/s
2026/06/17 03:13:40 INFO  [benchmark.tsdb.DBWrapper] DataClientService-thread-1 insert one batch latency (device: d_4, sg: g_0) ,1.16, ms, throughput ,43046.07824399551, points/s
2026/06/17 03:13:40 INFO  [benchmark.tsdb.DBWrapper] DataClientService-thread-1 insert one batch latency (device: d_5, sg: g_0) ,1.01, ms, throughput ,49558.53259167338, points/s
2026/06/17 03:13:40 INFO  [benchmark.tsdb.DBWrapper] DataClientService-thread-1 insert one batch latency (device: d_6, sg: g_0) ,0.97, ms, throughput ,51595.70022072641, points/s
2026/06/17 03:13:40 INFO  [benchmark.tsdb.DBWrapper] DataClientService-thread-1 insert one batch latency (device: d_7, sg: g_0) ,1.09, ms, throughput ,45928.78099503785, points/s
2026/06/17 03:13:40 INFO  [benchmark.tsdb.DBWrapper] DataClientService-thread-1 insert one batch latency (device: d_8, sg: g_0) ,1.13, ms, throughput ,44314.141174218385, points/s
2026/06/17 03:13:40 INFO  [benchmark.tsdb.DBWrapper] DataClientService-thread-1 insert one batch latency (device: d_9, sg: g_0) ,1.10, ms, throughput ,45446.24118683768, points/s
2026/06/17 03:13:40 INFO  [benchmark.tsdb.DBWrapper] DataClientService-thread-1 insert one batch latency (device: d_10, sg: g_0) ,1.04, ms, throughput ,48290.142629765265, points/s
2026/06/17 03:13:40 INFO  [benchmark.tsdb.DBWrapper] DataClientService-thread-1 insert one batch latency (device: d_11, sg: g_0) ,1.09, ms, throughput ,45768.308009728506, points/s
2026/06/17 03:13:40 INFO  [benchmark.tsdb.DBWrapper] DataClientService-thread-1 insert one batch latency (device: d_12, sg: g_0) ,1.05, ms, throughput ,47846.569448817085, points/s
2026/06/17 03:13:40 INFO  [benchmark.tsdb.DBWrapper] DataClientService-thread-1 insert one batch latency (device: d_13, sg: g_0) ,1.04, ms, throughput ,48100.97356370493, points/s
2026/06/17 03:13:40 INFO  [benchmark.tsdb.DBWrapper] DataClientService-thread-1 insert one batch latency (device: d_14, sg: g_0) ,1.06, ms, throughput ,47006.17661160677, points/s
2026/06/17 03:13:40 INFO  [benchmark.tsdb.DBWrapper] DataClientService-thread-1 insert one batch latency (device: d_15, sg: g_0) ,0.93, ms, throughput ,53532.73205368691, points/s
2026/06/17 03:13:40 INFO  [benchmark.tsdb.DBWrapper] DataClientService-thread-1 insert one batch latency (device: d_16, sg: g_0) ,1.21, ms, throughput ,41202.486322834666, points/s
2026/06/17 03:13:40 INFO  [benchmark.tsdb.DBWrapper] DataClientService-thread-1 insert one batch latency (device: d_17, sg: g_0) ,1.33, ms, throughput ,37664.86854584229, points/s
2026/06/17 03:13:40 INFO  [benchmark.tsdb.DBWrapper] DataClientService-thread-1 insert one batch latency (device: d_18, sg: g_0) ,1.17, ms, throughput ,42724.19736186627, points/s
2026/06/17 03:13:40 INFO  [benchmark.tsdb.DBWrapper] DataClientService-thread-1 insert one batch latency (device: d_19, sg: g_0) ,1.23, ms, throughput ,40771.79374691154, points/s
2026/06/17 03:13:40 INFO  [benchmark.tsdb.DBWrapper] DataClientService-thread-1 insert one batch latency (device: d_0, sg: g_0) ,1.27, ms, throughput ,39323.75721197708, points/s
2026/06/17 03:13:40 INFO  [benchmark.tsdb.DBWrapper] DataClientService-thread-1 insert one batch latency (device: d_1, sg: g_0) ,1.04, ms, throughput ,47958.226466418695, points/s
2026/06/17 03:13:40 INFO  [benchmark.tsdb.DBWrapper] DataClientService-thread-1 insert one batch latency (device: d_2, sg: g_0) ,1.10, ms, throughput ,45496.89893136884, points/s
2026/06/17 03:13:40 INFO  [benchmark.tsdb.DBWrapper] DataClientService-thread-1 insert one batch latency (device: d_3, sg: g_0) ,0.99, ms, throughput ,50305.6065598511, points/s
2026/06/17 03:13:40 INFO  [benchmark.tsdb.DBWrapper] DataClientService-thread-1 insert one batch latency (device: d_4, sg: g_0) ,1.13, ms, throughput ,44260.047252026445, points/s
2026/06/17 03:13:40 INFO  [benchmark.tsdb.DBWrapper] DataClientService-thread-1 insert one batch latency (device: d_5, sg: g_0) ,0.97, ms, throughput ,51701.763547154595, points/s
2026/06/17 03:13:40 INFO  [benchmark.tsdb.DBWrapper] DataClientService-thread-1 insert one batch latency (device: d_6, sg: g_0) ,0.92, ms, throughput ,54159.093420103425, points/s
2026/06/17 03:13:40 INFO  [benchmark.tsdb.DBWrapper] DataClientService-thread-1 insert one batch latency (device: d_7, sg: g_0) ,0.93, ms, throughput ,53549.81739512268, points/s
2026/06/17 03:13:40 INFO  [benchmark.tsdb.DBWrapper] DataClientService-thread-1 insert one batch latency (device: d_8, sg: g_0) ,1.14, ms, throughput ,43808.15532619553, points/s
2026/06/17 03:13:40 INFO  [benchmark.tsdb.DBWrapper] DataClientService-thread-1 insert one batch latency (device: d_9, sg: g_0) ,1.13, ms, throughput ,44364.0764552748, points/s
2026/06/17 03:13:40 INFO  [benchmark.tsdb.DBWrapper] DataClientService-thread-1 insert one batch latency (device: d_10, sg: g_0) ,1.01, ms, throughput ,49560.69400831034, points/s
2026/06/17 03:13:40 INFO  [benchmark.tsdb.DBWrapper] DataClientService-thread-1 insert one batch latency (device: d_11, sg: g_0) ,1.14, ms, throughput ,43710.22915524737, points/s
2026/06/17 03:13:40 INFO  [benchmark.tsdb.DBWrapper] DataClientService-thread-1 insert one batch latency (device: d_12, sg: g_0) ,1.36, ms, throughput ,36803.26813020996, points/s
2026/06/17 03:13:40 INFO  [benchmark.tsdb.DBWrapper] DataClientService-thread-1 insert one batch latency (device: d_13, sg: g_0) ,1.07, ms, throughput ,46856.22822356793, points/s
2026/06/17 03:13:40 INFO  [benchmark.tsdb.DBWrapper] DataClientService-thread-1 insert one batch latency (device: d_14, sg: g_0) ,0.95, ms, throughput ,52359.58468377429, points/s
2026/06/17 03:13:40 INFO  [benchmark.tsdb.DBWrapper] DataClientService-thread-1 insert one batch latency (device: d_15, sg: g_0) ,1.14, ms, throughput ,43952.10275650008, points/s
2026/06/17 03:13:40 INFO  [benchmark.tsdb.DBWrapper] DataClientService-thread-1 insert one batch latency (device: d_16, sg: g_0) ,0.99, ms, throughput ,50472.06522605933, points/s
2026/06/17 03:13:40 INFO  [benchmark.tsdb.DBWrapper] DataClientService-thread-1 insert one batch latency (device: d_17, sg: g_0) ,1.04, ms, throughput ,47880.88767335276, points/s
2026/06/17 03:13:40 INFO  [benchmark.tsdb.DBWrapper] DataClientService-thread-1 insert one batch latency (device: d_18, sg: g_0) ,1.33, ms, throughput ,37501.72507935365, points/s
2026/06/17 03:13:40 INFO  [benchmark.tsdb.DBWrapper] DataClientService-thread-1 insert one batch latency (device: d_19, sg: g_0) ,1.05, ms, throughput ,47693.585880409286, points/s
2026/06/17 03:13:40 INFO  [benchmark.tsdb.DBWrapper] DataClientService-thread-1 insert one batch latency (device: d_0, sg: g_0) ,0.99, ms, throughput ,50316.237553020736, points/s
2026/06/17 03:13:40 INFO  [benchmark.tsdb.DBWrapper] DataClientService-thread-1 insert one batch latency (device: d_1, sg: g_0) ,0.99, ms, throughput ,50419.33763107767, points/s
2026/06/17 03:13:40 INFO  [benchmark.tsdb.DBWrapper] DataClientService-thread-1 insert one batch latency (device: d_2, sg: g_0) ,1.17, ms, throughput ,42893.89679900006, points/s
2026/06/17 03:13:40 INFO  [benchmark.tsdb.DBWrapper] DataClientService-thread-1 insert one batch latency (device: d_3, sg: g_0) ,1.19, ms, throughput ,42016.912647678946, points/s
2026/06/17 03:13:40 INFO  [benchmark.tsdb.DBWrapper] DataClientService-thread-1 insert one batch latency (device: d_4, sg: g_0) ,1.08, ms, throughput ,46172.65618362681, points/s
2026/06/17 03:13:40 INFO  [benchmark.tsdb.DBWrapper] DataClientService-thread-1 insert one batch latency (device: d_5, sg: g_0) ,0.99, ms, throughput ,50285.420044170714, points/s
2026/06/17 03:13:40 INFO  [benchmark.tsdb.DBWrapper] DataClientService-thread-1 insert one batch latency (device: d_6, sg: g_0) ,1.15, ms, throughput ,43446.18625032476, points/s
2026/06/17 03:13:40 INFO  [benchmark.tsdb.DBWrapper] DataClientService-thread-1 insert one batch latency (device: d_7, sg: g_0) ,1.14, ms, throughput ,43798.90695447804, points/s
2026/06/17 03:13:40 INFO  [benchmark.tsdb.DBWrapper] DataClientService-thread-1 insert one batch latency (device: d_8, sg: g_0) ,1.14, ms, throughput ,43904.40080151874, points/s
2026/06/17 03:13:40 INFO  [benchmark.tsdb.DBWrapper] DataClientService-thread-1 insert one batch latency (device: d_9, sg: g_0) ,1.05, ms, throughput ,47697.99916433106, points/s
2026/06/17 03:13:40 INFO  [benchmark.tsdb.DBWrapper] DataClientService-thread-1 insert one batch latency (device: d_10, sg: g_0) ,1.17, ms, throughput ,42585.084999829654, points/s
2026/06/17 03:13:40 INFO  [benchmark.tsdb.DBWrapper] DataClientService-thread-1 insert one batch latency (device: d_11, sg: g_0) ,1.09, ms, throughput ,45906.05234575337, points/s
2026/06/17 03:13:40 INFO  [benchmark.tsdb.DBWrapper] DataClientService-thread-1 insert one batch latency (device: d_12, sg: g_0) ,1.06, ms, throughput ,47391.83760902492, points/s
2026/06/17 03:13:40 INFO  [benchmark.tsdb.DBWrapper] DataClientService-thread-1 insert one batch latency (device: d_13, sg: g_0) ,0.97, ms, throughput ,51674.35236534181, points/s
2026/06/17 03:13:40 INFO  [benchmark.tsdb.DBWrapper] DataClientService-thread-1 insert one batch latency (device: d_14, sg: g_0) ,1.17, ms, throughput ,42643.0140082301, points/s
2026/06/17 03:13:40 INFO  [benchmark.tsdb.DBWrapper] DataClientService-thread-1 insert one batch latency (device: d_15, sg: g_0) ,0.96, ms, throughput ,52128.23963977301, points/s
2026/06/17 03:13:40 INFO  [benchmark.tsdb.DBWrapper] DataClientService-thread-1 insert one batch latency (device: d_16, sg: g_0) ,0.94, ms, throughput ,52970.87131786231, points/s
2026/06/17 03:13:40 INFO  [benchmark.tsdb.DBWrapper] DataClientService-thread-1 insert one batch latency (device: d_17, sg: g_0) ,1.04, ms, throughput ,47847.02731204013, points/s
2026/06/17 03:13:40 INFO  [benchmark.tsdb.DBWrapper] DataClientService-thread-1 insert one batch latency (device: d_18, sg: g_0) ,0.95, ms, throughput ,52416.56069785312, points/s
2026/06/17 03:13:40 INFO  [benchmark.tsdb.DBWrapper] DataClientService-thread-1 insert one batch latency (device: d_19, sg: g_0) ,0.86, ms, throughput ,58376.36644479755, points/s
2026/06/17 03:13:40 INFO  [benchmark.tsdb.DBWrapper] DataClientService-thread-1 insert one batch latency (device: d_0, sg: g_0) ,1.05, ms, throughput ,47503.45587641501, points/s
2026/06/17 03:13:40 INFO  [benchmark.tsdb.DBWrapper] DataClientService-thread-1 insert one batch latency (device: d_1, sg: g_0) ,0.95, ms, throughput ,52385.14818186866, points/s
2026/06/17 03:13:40 INFO  [benchmark.tsdb.DBWrapper] DataClientService-thread-1 insert one batch latency (device: d_2, sg: g_0) ,0.91, ms, throughput ,55073.41837403442, points/s
2026/06/17 03:13:40 INFO  [benchmark.tsdb.DBWrapper] DataClientService-thread-1 insert one batch latency (device: d_3, sg: g_0) ,1.08, ms, throughput ,46402.63566970604, points/s
2026/06/17 03:13:40 INFO  [benchmark.tsdb.DBWrapper] DataClientService-thread-1 insert one batch latency (device: d_4, sg: g_0) ,1.04, ms, throughput ,48026.172342879974, points/s
2026/06/17 03:13:40 INFO  [benchmark.tsdb.DBWrapper] DataClientService-thread-1 insert one batch latency (device: d_5, sg: g_0) ,1.20, ms, throughput ,41681.08137397517, points/s
2026/06/17 03:13:40 INFO  [benchmark.tsdb.DBWrapper] DataClientService-thread-1 insert one batch latency (device: d_6, sg: g_0) ,1.17, ms, throughput ,42770.977667561725, points/s
2026/06/17 03:13:40 INFO  [benchmark.tsdb.DBWrapper] DataClientService-thread-1 insert one batch latency (device: d_7, sg: g_0) ,1.18, ms, throughput ,42218.14113524581, points/s
2026/06/17 03:13:40 INFO  [benchmark.tsdb.DBWrapper] DataClientService-thread-1 insert one batch latency (device: d_8, sg: g_0) ,1.00, ms, throughput ,49941.51848185774, points/s
2026/06/17 03:13:40 INFO  [benchmark.tsdb.DBWrapper] DataClientService-thread-1 insert one batch latency (device: d_9, sg: g_0) ,0.96, ms, throughput ,51874.269221232345, points/s
2026/06/17 03:13:40 INFO  [benchmark.tsdb.DBWrapper] DataClientService-thread-1 insert one batch latency (device: d_10, sg: g_0) ,0.97, ms, throughput ,51392.74334463974, points/s
2026/06/17 03:13:40 INFO  [benchmark.tsdb.DBWrapper] DataClientService-thread-1 insert one batch latency (device: d_11, sg: g_0) ,0.97, ms, throughput ,51581.1159471273, points/s
2026/06/17 03:13:40 INFO  [benchmark.tsdb.DBWrapper] DataClientService-thread-1 insert one batch latency (device: d_12, sg: g_0) ,0.98, ms, throughput ,51033.11436725062, points/s
2026/06/17 03:13:40 INFO  [benchmark.tsdb.DBWrapper] DataClientService-thread-1 insert one batch latency (device: d_13, sg: g_0) ,0.90, ms, throughput ,55714.279346939504, points/s
2026/06/17 03:13:40 INFO  [benchmark.tsdb.DBWrapper] DataClientService-thread-1 insert one batch latency (device: d_14, sg: g_0) ,0.90, ms, throughput ,55291.50788788651, points/s
2026/06/17 03:13:40 INFO  [benchmark.tsdb.DBWrapper] DataClientService-thread-1 insert one batch latency (device: d_15, sg: g_0) ,0.88, ms, throughput ,57009.942533977926, points/s
2026/06/17 03:13:40 INFO  [benchmark.tsdb.DBWrapper] DataClientService-thread-1 insert one batch latency (device: d_16, sg: g_0) ,0.91, ms, throughput ,55051.528230423675, points/s
2026/06/17 03:13:40 INFO  [benchmark.tsdb.DBWrapper] DataClientService-thread-1 insert one batch latency (device: d_17, sg: g_0) ,0.99, ms, throughput ,50548.91062042722, points/s
2026/06/17 03:13:40 INFO  [benchmark.tsdb.DBWrapper] DataClientService-thread-1 insert one batch latency (device: d_18, sg: g_0) ,0.93, ms, throughput ,53906.49594838776, points/s
2026/06/17 03:13:40 INFO  [benchmark.tsdb.DBWrapper] DataClientService-thread-1 insert one batch latency (device: d_19, sg: g_0) ,0.92, ms, throughput ,54576.573115143474, points/s
2026/06/17 03:13:40 INFO  [benchmark.tsdb.DBWrapper] DataClientService-thread-1 insert one batch latency (device: d_0, sg: g_0) ,0.94, ms, throughput ,53176.10223424711, points/s
2026/06/17 03:13:40 INFO  [benchmark.tsdb.DBWrapper] DataClientService-thread-1 insert one batch latency (device: d_1, sg: g_0) ,1.04, ms, throughput ,48045.370203991035, points/s
2026/06/17 03:13:40 INFO  [benchmark.tsdb.DBWrapper] DataClientService-thread-1 insert one batch latency (device: d_2, sg: g_0) ,1.02, ms, throughput ,49068.724674404475, points/s
2026/06/17 03:13:40 INFO  [benchmark.tsdb.DBWrapper] DataClientService-thread-1 insert one batch latency (device: d_3, sg: g_0) ,1.03, ms, throughput ,48443.79163743891, points/s
2026/06/17 03:13:40 INFO  [benchmark.tsdb.DBWrapper] DataClientService-thread-1 insert one batch latency (device: d_4, sg: g_0) ,1.05, ms, throughput ,47424.24687924743, points/s
2026/06/17 03:13:40 INFO  [benchmark.tsdb.DBWrapper] DataClientService-thread-1 insert one batch latency (device: d_5, sg: g_0) ,0.98, ms, throughput ,51076.696767866626, points/s
2026/06/17 03:13:40 INFO  [benchmark.tsdb.DBWrapper] DataClientService-thread-1 insert one batch latency (device: d_6, sg: g_0) ,0.97, ms, throughput ,51787.06814763872, points/s
2026/06/17 03:13:40 INFO  [benchmark.tsdb.DBWrapper] DataClientService-thread-1 insert one batch latency (device: d_7, sg: g_0) ,0.88, ms, throughput ,56597.96428442062, points/s
2026/06/17 03:13:40 INFO  [benchmark.tsdb.DBWrapper] DataClientService-thread-1 insert one batch latency (device: d_8, sg: g_0) ,0.99, ms, throughput ,50257.115402398675, points/s
2026/06/17 03:13:40 INFO  [benchmark.tsdb.DBWrapper] DataClientService-thread-1 insert one batch latency (device: d_9, sg: g_0) ,0.87, ms, throughput ,57591.08029348414, points/s
2026/06/17 03:13:40 INFO  [benchmark.tsdb.DBWrapper] DataClientService-thread-1 insert one batch latency (device: d_10, sg: g_0) ,0.84, ms, throughput ,59756.71844785509, points/s
2026/06/17 03:13:40 INFO  [benchmark.tsdb.DBWrapper] DataClientService-thread-1 insert one batch latency (device: d_11, sg: g_0) ,0.94, ms, throughput ,53334.129789671526, points/s
2026/06/17 03:13:40 INFO  [benchmark.tsdb.DBWrapper] DataClientService-thread-1 insert one batch latency (device: d_12, sg: g_0) ,1.04, ms, throughput ,47989.803126631654, points/s
2026/06/17 03:13:40 INFO  [benchmark.tsdb.DBWrapper] DataClientService-thread-1 insert one batch latency (device: d_13, sg: g_0) ,3.21, ms, throughput ,15578.580697826945, points/s
2026/06/17 03:13:40 INFO  [benchmark.tsdb.DBWrapper] DataClientService-thread-1 insert one batch latency (device: d_14, sg: g_0) ,1.19, ms, throughput ,41842.719910690896, points/s
2026/06/17 03:13:40 INFO  [benchmark.tsdb.DBWrapper] DataClientService-thread-1 insert one batch latency (device: d_15, sg: g_0) ,0.99, ms, throughput ,50474.61278400803, points/s
2026/06/17 03:13:40 INFO  [benchmark.tsdb.DBWrapper] DataClientService-thread-1 insert one batch latency (device: d_16, sg: g_0) ,1.04, ms, throughput ,48043.06195729357, points/s
2026/06/17 03:13:40 INFO  [benchmark.tsdb.DBWrapper] DataClientService-thread-1 insert one batch latency (device: d_17, sg: g_0) ,1.05, ms, throughput ,47563.82827935949, points/s
2026/06/17 03:13:40 INFO  [benchmark.tsdb.DBWrapper] DataClientService-thread-1 insert one batch latency (device: d_18, sg: g_0) ,1.05, ms, throughput ,47557.13276144296, points/s
2026/06/17 03:13:40 INFO  [benchmark.tsdb.DBWrapper] DataClientService-thread-1 insert one batch latency (device: d_19, sg: g_0) ,1.08, ms, throughput ,46465.33546578246, points/s
2026/06/17 03:13:40 INFO  [benchmark.tsdb.DBWrapper] DataClientService-thread-1 insert one batch latency (device: d_0, sg: g_0) ,1.06, ms, throughput ,46963.65858171629, points/s
2026/06/17 03:13:40 INFO  [benchmark.tsdb.DBWrapper] DataClientService-thread-1 insert one batch latency (device: d_1, sg: g_0) ,1.02, ms, throughput ,49171.896097816665, points/s
2026/06/17 03:13:40 INFO  [benchmark.tsdb.DBWrapper] DataClientService-thread-1 insert one batch latency (device: d_2, sg: g_0) ,1.07, ms, throughput ,46659.94141377756, points/s
2026/06/17 03:13:40 INFO  [benchmark.tsdb.DBWrapper] DataClientService-thread-1 insert one batch latency (device: d_3, sg: g_0) ,1.12, ms, throughput ,44835.1277845977, points/s
2026/06/17 03:13:40 INFO  [benchmark.mode.BaseMode] DataClientService-thread-1 74.00% workload is done.
2026/06/17 03:13:41 INFO  [benchmark.tsdb.DBWrapper] DataClientService-thread-1 insert one batch latency (device: d_4, sg: g_0) ,562.68, ms, throughput ,88.86071253922046, points/s
2026/06/17 03:13:41 INFO  [benchmark.tsdb.DBWrapper] DataClientService-thread-1 insert one batch latency (device: d_5, sg: g_0) ,5.03, ms, throughput ,9942.544026579204, points/s
2026/06/17 03:13:41 INFO  [benchmark.tsdb.DBWrapper] DataClientService-thread-1 insert one batch latency (device: d_6, sg: g_0) ,5.31, ms, throughput ,9413.869868687812, points/s
2026/06/17 03:13:41 INFO  [benchmark.tsdb.DBWrapper] DataClientService-thread-1 insert one batch latency (device: d_7, sg: g_0) ,5.85, ms, throughput ,8543.256815938437, points/s
2026/06/17 03:13:41 INFO  [benchmark.tsdb.DBWrapper] DataClientService-thread-1 insert one batch latency (device: d_8, sg: g_0) ,3.72, ms, throughput ,13441.593721377807, points/s
2026/06/17 03:13:41 INFO  [benchmark.tsdb.DBWrapper] DataClientService-thread-1 insert one batch latency (device: d_9, sg: g_0) ,4.67, ms, throughput ,10701.117988600741, points/s
2026/06/17 03:13:41 INFO  [benchmark.tsdb.DBWrapper] DataClientService-thread-1 insert one batch latency (device: d_10, sg: g_0) ,4.16, ms, throughput ,12024.939724989628, points/s
2026/06/17 03:13:41 INFO  [benchmark.tsdb.DBWrapper] DataClientService-thread-1 insert one batch latency (device: d_11, sg: g_0) ,3.98, ms, throughput ,12574.9909585815, points/s
2026/06/17 03:13:41 INFO  [benchmark.tsdb.DBWrapper] DataClientService-thread-1 insert one batch latency (device: d_12, sg: g_0) ,4.73, ms, throughput ,10565.590871160437, points/s
2026/06/17 03:13:41 INFO  [benchmark.tsdb.DBWrapper] DataClientService-thread-1 insert one batch latency (device: d_13, sg: g_0) ,4.10, ms, throughput ,12205.291042488083, points/s
2026/06/17 03:13:41 INFO  [benchmark.tsdb.DBWrapper] DataClientService-thread-1 insert one batch latency (device: d_14, sg: g_0) ,4.33, ms, throughput ,11558.235011280838, points/s
2026/06/17 03:13:41 INFO  [benchmark.tsdb.DBWrapper] DataClientService-thread-1 insert one batch latency (device: d_15, sg: g_0) ,3.62, ms, throughput ,13799.574973090828, points/s
2026/06/17 03:13:41 INFO  [benchmark.tsdb.DBWrapper] DataClientService-thread-1 insert one batch latency (device: d_16, sg: g_0) ,4.12, ms, throughput ,12133.118755083777, points/s
2026/06/17 03:13:41 INFO  [benchmark.tsdb.DBWrapper] DataClientService-thread-1 insert one batch latency (device: d_17, sg: g_0) ,3.95, ms, throughput ,12660.99724091548, points/s
2026/06/17 03:13:41 INFO  [benchmark.tsdb.DBWrapper] DataClientService-thread-1 insert one batch latency (device: d_18, sg: g_0) ,2.33, ms, throughput ,21461.751296075163, points/s
2026/06/17 03:13:41 INFO  [benchmark.tsdb.DBWrapper] DataClientService-thread-1 insert one batch latency (device: d_19, sg: g_0) ,1.86, ms, throughput ,26924.75661366259, points/s
2026/06/17 03:13:41 INFO  [benchmark.tsdb.DBWrapper] DataClientService-thread-1 insert one batch latency (device: d_0, sg: g_0) ,6.03, ms, throughput ,8286.819415951597, points/s
2026/06/17 03:13:41 INFO  [benchmark.tsdb.DBWrapper] DataClientService-thread-1 insert one batch latency (device: d_1, sg: g_0) ,1.30, ms, throughput ,38539.59596629173, points/s
2026/06/17 03:13:41 INFO  [benchmark.tsdb.DBWrapper] DataClientService-thread-1 insert one batch latency (device: d_2, sg: g_0) ,4.77, ms, throughput ,10484.91912143088, points/s
2026/06/17 03:13:41 INFO  [benchmark.tsdb.DBWrapper] DataClientService-thread-1 insert one batch latency (device: d_3, sg: g_0) ,1.91, ms, throughput ,26223.0289591398, points/s
2026/06/17 03:13:41 INFO  [benchmark.tsdb.DBWrapper] DataClientService-thread-1 insert one batch latency (device: d_4, sg: g_0) ,1.88, ms, throughput ,26597.711213754636, points/s
2026/06/17 03:13:41 INFO  [benchmark.tsdb.DBWrapper] DataClientService-thread-1 insert one batch latency (device: d_5, sg: g_0) ,2.02, ms, throughput ,24769.139237734693, points/s
2026/06/17 03:13:41 INFO  [benchmark.tsdb.DBWrapper] DataClientService-thread-1 insert one batch latency (device: d_6, sg: g_0) ,1.94, ms, throughput ,25817.07159022318, points/s
2026/06/17 03:13:41 INFO  [benchmark.tsdb.DBWrapper] DataClientService-thread-1 insert one batch latency (device: d_7, sg: g_0) ,2.96, ms, throughput ,16877.209859666, points/s
2026/06/17 03:13:41 INFO  [benchmark.tsdb.DBWrapper] DataClientService-thread-1 insert one batch latency (device: d_8, sg: g_0) ,15.61, ms, throughput ,3202.0667419579295, points/s
2026/06/17 03:13:41 INFO  [benchmark.tsdb.DBWrapper] DataClientService-thread-1 insert one batch latency (device: d_9, sg: g_0) ,1.67, ms, throughput ,29947.830878609464, points/s
2026/06/17 03:13:41 INFO  [benchmark.tsdb.DBWrapper] DataClientService-thread-1 insert one batch latency (device: d_10, sg: g_0) ,1.41, ms, throughput ,35500.37062386931, points/s
2026/06/17 03:13:41 INFO  [benchmark.tsdb.DBWrapper] DataClientService-thread-1 insert one batch latency (device: d_11, sg: g_0) ,1.26, ms, throughput ,39808.53686111279, points/s
2026/06/17 03:13:41 INFO  [benchmark.tsdb.DBWrapper] DataClientService-thread-1 insert one batch latency (device: d_12, sg: g_0) ,1.08, ms, throughput ,46231.74308465587, points/s
2026/06/17 03:13:41 INFO  [benchmark.tsdb.DBWrapper] DataClientService-thread-1 insert one batch latency (device: d_13, sg: g_0) ,1.16, ms, throughput ,42932.163746707105, points/s
2026/06/17 03:13:41 INFO  [benchmark.tsdb.DBWrapper] DataClientService-thread-1 insert one batch latency (device: d_14, sg: g_0) ,1.40, ms, throughput ,35805.538687168446, points/s
2026/06/17 03:13:41 INFO  [benchmark.tsdb.DBWrapper] DataClientService-thread-1 insert one batch latency (device: d_15, sg: g_0) ,1.18, ms, throughput ,42228.08911140277, points/s
2026/06/17 03:13:41 INFO  [benchmark.tsdb.DBWrapper] DataClientService-thread-1 insert one batch latency (device: d_16, sg: g_0) ,1.18, ms, throughput ,42514.04238820082, points/s
2026/06/17 03:13:41 INFO  [benchmark.tsdb.DBWrapper] DataClientService-thread-1 insert one batch latency (device: d_17, sg: g_0) ,0.98, ms, throughput ,51057.29445354399, points/s
2026/06/17 03:13:41 INFO  [benchmark.tsdb.DBWrapper] DataClientService-thread-1 insert one batch latency (device: d_18, sg: g_0) ,0.98, ms, throughput ,50892.03559999674, points/s
2026/06/17 03:13:41 INFO  [benchmark.tsdb.DBWrapper] DataClientService-thread-1 insert one batch latency (device: d_19, sg: g_0) ,1.31, ms, throughput ,38286.01182272045, points/s
2026/06/17 03:13:41 INFO  [benchmark.tsdb.DBWrapper] DataClientService-thread-1 insert one batch latency (device: d_0, sg: g_0) ,1.10, ms, throughput ,45338.848955438254, points/s
2026/06/17 03:13:41 INFO  [benchmark.tsdb.DBWrapper] DataClientService-thread-1 insert one batch latency (device: d_1, sg: g_0) ,1.25, ms, throughput ,39851.87853785052, points/s
2026/06/17 03:13:41 INFO  [benchmark.tsdb.DBWrapper] DataClientService-thread-1 insert one batch latency (device: d_2, sg: g_0) ,1.57, ms, throughput ,31784.819316016117, points/s
2026/06/17 03:13:41 INFO  [benchmark.tsdb.DBWrapper] DataClientService-thread-1 insert one batch latency (device: d_3, sg: g_0) ,1.31, ms, throughput ,38162.98648267019, points/s
2026/06/17 03:13:41 INFO  [benchmark.tsdb.DBWrapper] DataClientService-thread-1 insert one batch latency (device: d_4, sg: g_0) ,1.52, ms, throughput ,32925.929828258355, points/s
2026/06/17 03:13:41 INFO  [benchmark.tsdb.DBWrapper] DataClientService-thread-1 insert one batch latency (device: d_5, sg: g_0) ,1.37, ms, throughput ,36406.317806766914, points/s
2026/06/17 03:13:41 INFO  [benchmark.tsdb.DBWrapper] DataClientService-thread-1 insert one batch latency (device: d_6, sg: g_0) ,7.08, ms, throughput ,7063.151496265076, points/s
2026/06/17 03:13:41 INFO  [benchmark.tsdb.DBWrapper] DataClientService-thread-1 insert one batch latency (device: d_7, sg: g_0) ,1.82, ms, throughput ,27414.70053003582, points/s
2026/06/17 03:13:41 INFO  [benchmark.tsdb.DBWrapper] DataClientService-thread-1 insert one batch latency (device: d_8, sg: g_0) ,1.74, ms, throughput ,28779.91024121594, points/s
2026/06/17 03:13:41 INFO  [benchmark.tsdb.DBWrapper] DataClientService-thread-1 insert one batch latency (device: d_9, sg: g_0) ,1.50, ms, throughput ,33306.177696451494, points/s
2026/06/17 03:13:41 INFO  [benchmark.tsdb.DBWrapper] DataClientService-thread-1 insert one batch latency (device: d_10, sg: g_0) ,1.38, ms, throughput ,36141.21674465941, points/s
2026/06/17 03:13:41 INFO  [benchmark.tsdb.DBWrapper] DataClientService-thread-1 insert one batch latency (device: d_11, sg: g_0) ,1.58, ms, throughput ,31714.236964972893, points/s
2026/06/17 03:13:41 INFO  [benchmark.tsdb.DBWrapper] DataClientService-thread-1 insert one batch latency (device: d_12, sg: g_0) ,1.40, ms, throughput ,35717.29617210593, points/s
2026/06/17 03:13:41 INFO  [benchmark.tsdb.DBWrapper] DataClientService-thread-1 insert one batch latency (device: d_13, sg: g_0) ,1.22, ms, throughput ,41038.470282812516, points/s
2026/06/17 03:13:41 INFO  [benchmark.tsdb.DBWrapper] DataClientService-thread-1 insert one batch latency (device: d_14, sg: g_0) ,1.13, ms, throughput ,44059.967378000154, points/s
2026/06/17 03:13:41 INFO  [benchmark.tsdb.DBWrapper] DataClientService-thread-1 insert one batch latency (device: d_15, sg: g_0) ,1.12, ms, throughput ,44518.880011824214, points/s
2026/06/17 03:13:41 INFO  [benchmark.tsdb.DBWrapper] DataClientService-thread-1 insert one batch latency (device: d_16, sg: g_0) ,1.08, ms, throughput ,46143.08416683125, points/s
2026/06/17 03:13:41 INFO  [benchmark.tsdb.DBWrapper] DataClientService-thread-1 insert one batch latency (device: d_17, sg: g_0) ,7.42, ms, throughput ,6739.3737261741235, points/s
2026/06/17 03:13:41 INFO  [benchmark.tsdb.DBWrapper] DataClientService-thread-1 insert one batch latency (device: d_18, sg: g_0) ,1.12, ms, throughput ,44635.40462440646, points/s
2026/06/17 03:13:41 INFO  [benchmark.tsdb.DBWrapper] DataClientService-thread-1 insert one batch latency (device: d_19, sg: g_0) ,1.08, ms, throughput ,46102.62259378887, points/s
2026/06/17 03:13:41 INFO  [benchmark.tsdb.DBWrapper] DataClientService-thread-1 insert one batch latency (device: d_0, sg: g_0) ,1.11, ms, throughput ,45130.95649646579, points/s
2026/06/17 03:13:41 INFO  [benchmark.tsdb.DBWrapper] DataClientService-thread-1 insert one batch latency (device: d_1, sg: g_0) ,1.12, ms, throughput ,44712.240959632, points/s
2026/06/17 03:13:41 INFO  [benchmark.tsdb.DBWrapper] DataClientService-thread-1 insert one batch latency (device: d_2, sg: g_0) ,1.16, ms, throughput ,42926.11899807004, points/s
2026/06/17 03:13:41 INFO  [benchmark.tsdb.DBWrapper] DataClientService-thread-1 insert one batch latency (device: d_3, sg: g_0) ,1.31, ms, throughput ,38130.73962958274, points/s
2026/06/17 03:13:41 INFO  [benchmark.tsdb.DBWrapper] DataClientService-thread-1 insert one batch latency (device: d_4, sg: g_0) ,1.20, ms, throughput ,41567.355326898156, points/s
2026/06/17 03:13:41 INFO  [benchmark.tsdb.DBWrapper] DataClientService-thread-1 insert one batch latency (device: d_5, sg: g_0) ,1.60, ms, throughput ,31163.21045887204, points/s
2026/06/17 03:13:41 INFO  [benchmark.tsdb.DBWrapper] DataClientService-thread-1 insert one batch latency (device: d_6, sg: g_0) ,1.35, ms, throughput ,36960.05062048533, points/s
2026/06/17 03:13:41 INFO  [benchmark.tsdb.DBWrapper] DataClientService-thread-1 insert one batch latency (device: d_7, sg: g_0) ,1.25, ms, throughput ,39959.91221606484, points/s
2026/06/17 03:13:41 INFO  [benchmark.tsdb.DBWrapper] DataClientService-thread-1 insert one batch latency (device: d_8, sg: g_0) ,1.13, ms, throughput ,44112.28871316514, points/s
2026/06/17 03:13:41 INFO  [benchmark.tsdb.DBWrapper] DataClientService-thread-1 insert one batch latency (device: d_9, sg: g_0) ,8.99, ms, throughput ,5563.4253297636915, points/s
2026/06/17 03:13:41 INFO  [benchmark.tsdb.DBWrapper] DataClientService-thread-1 insert one batch latency (device: d_10, sg: g_0) ,1.95, ms, throughput ,25705.619248367693, points/s
2026/06/17 03:13:41 INFO  [benchmark.tsdb.DBWrapper] DataClientService-thread-1 insert one batch latency (device: d_11, sg: g_0) ,1.87, ms, throughput ,26670.12311462232, points/s
2026/06/17 03:13:41 INFO  [benchmark.tsdb.DBWrapper] DataClientService-thread-1 insert one batch latency (device: d_12, sg: g_0) ,1.96, ms, throughput ,25574.44029058702, points/s
2026/06/17 03:13:41 INFO  [benchmark.tsdb.DBWrapper] DataClientService-thread-1 insert one batch latency (device: d_13, sg: g_0) ,1.57, ms, throughput ,31789.224724387423, points/s
2026/06/17 03:13:41 INFO  [benchmark.tsdb.DBWrapper] DataClientService-thread-1 insert one batch latency (device: d_14, sg: g_0) ,1.41, ms, throughput ,35424.86457074275, points/s
2026/06/17 03:13:41 INFO  [benchmark.tsdb.DBWrapper] DataClientService-thread-1 insert one batch latency (device: d_15, sg: g_0) ,1.30, ms, throughput ,38507.332566267265, points/s
2026/06/17 03:13:41 INFO  [benchmark.tsdb.DBWrapper] DataClientService-thread-1 insert one batch latency (device: d_16, sg: g_0) ,1.12, ms, throughput ,44447.01249405521, points/s
2026/06/17 03:13:41 INFO  [benchmark.tsdb.DBWrapper] DataClientService-thread-1 insert one batch latency (device: d_17, sg: g_0) ,1.16, ms, throughput ,43121.70065087896, points/s
2026/06/17 03:13:41 INFO  [benchmark.tsdb.DBWrapper] DataClientService-thread-1 insert one batch latency (device: d_18, sg: g_0) ,1.19, ms, throughput ,42025.670960849726, points/s
2026/06/17 03:13:41 INFO  [benchmark.tsdb.DBWrapper] DataClientService-thread-1 insert one batch latency (device: d_19, sg: g_0) ,1.07, ms, throughput ,46609.31235417112, points/s
2026/06/17 03:13:41 INFO  [benchmark.tsdb.DBWrapper] DataClientService-thread-1 insert one batch latency (device: d_0, sg: g_0) ,6.49, ms, throughput ,7709.585466382893, points/s
2026/06/17 03:13:41 INFO  [benchmark.tsdb.DBWrapper] DataClientService-thread-1 insert one batch latency (device: d_1, sg: g_0) ,1.24, ms, throughput ,40417.69260243056, points/s
2026/06/17 03:13:41 INFO  [benchmark.tsdb.DBWrapper] DataClientService-thread-1 insert one batch latency (device: d_2, sg: g_0) ,1.18, ms, throughput ,42435.527702761196, points/s
2026/06/17 03:13:41 INFO  [benchmark.tsdb.DBWrapper] DataClientService-thread-1 insert one batch latency (device: d_3, sg: g_0) ,1.29, ms, throughput ,38677.148689656875, points/s
2026/06/17 03:13:41 INFO  [benchmark.tsdb.DBWrapper] DataClientService-thread-1 insert one batch latency (device: d_4, sg: g_0) ,1.30, ms, throughput ,38336.943395503076, points/s
2026/06/17 03:13:41 INFO  [benchmark.tsdb.DBWrapper] DataClientService-thread-1 insert one batch latency (device: d_5, sg: g_0) ,1.22, ms, throughput ,41151.789197490725, points/s
2026/06/17 03:13:41 INFO  [benchmark.tsdb.DBWrapper] DataClientService-thread-1 insert one batch latency (device: d_6, sg: g_0) ,1.29, ms, throughput ,38715.06255966959, points/s
2026/06/17 03:13:41 INFO  [benchmark.tsdb.DBWrapper] DataClientService-thread-1 insert one batch latency (device: d_7, sg: g_0) ,1.23, ms, throughput ,40766.807339329855, points/s
2026/06/17 03:13:41 INFO  [benchmark.tsdb.DBWrapper] DataClientService-thread-1 insert one batch latency (device: d_8, sg: g_0) ,2.20, ms, throughput ,22715.49164728657, points/s
2026/06/17 03:13:41 INFO  [benchmark.tsdb.DBWrapper] DataClientService-thread-1 insert one batch latency (device: d_9, sg: g_0) ,1.18, ms, throughput ,42302.50862336638, points/s
2026/06/17 03:13:41 INFO  [benchmark.tsdb.DBWrapper] DataClientService-thread-1 insert one batch latency (device: d_10, sg: g_0) ,1.17, ms, throughput ,42905.74894130064, points/s
2026/06/17 03:13:41 INFO  [benchmark.tsdb.DBWrapper] DataClientService-thread-1 insert one batch latency (device: d_11, sg: g_0) ,1.15, ms, throughput ,43390.385905414165, points/s
2026/06/17 03:13:41 INFO  [benchmark.tsdb.DBWrapper] DataClientService-thread-1 insert one batch latency (device: d_12, sg: g_0) ,9.96, ms, throughput ,5019.3853682306435, points/s
2026/06/17 03:13:41 INFO  [benchmark.tsdb.DBWrapper] DataClientService-thread-1 insert one batch latency (device: d_13, sg: g_0) ,0.93, ms, throughput ,53775.178883132554, points/s
2026/06/17 03:13:41 INFO  [benchmark.tsdb.DBWrapper] DataClientService-thread-1 insert one batch latency (device: d_14, sg: g_0) ,0.99, ms, throughput ,50253.22600584345, points/s
2026/06/17 03:13:41 INFO  [benchmark.tsdb.DBWrapper] DataClientService-thread-1 insert one batch latency (device: d_15, sg: g_0) ,1.06, ms, throughput ,47142.548695895675, points/s
2026/06/17 03:13:41 INFO  [benchmark.tsdb.DBWrapper] DataClientService-thread-1 insert one batch latency (device: d_16, sg: g_0) ,0.96, ms, throughput ,52024.15585604708, points/s
2026/06/17 03:13:41 INFO  [benchmark.tsdb.DBWrapper] DataClientService-thread-1 insert one batch latency (device: d_17, sg: g_0) ,1.18, ms, throughput ,42391.490501762644, points/s
2026/06/17 03:13:41 INFO  [benchmark.tsdb.DBWrapper] DataClientService-thread-1 insert one batch latency (device: d_18, sg: g_0) ,1.06, ms, throughput ,47078.585457989895, points/s
2026/06/17 03:13:41 INFO  [benchmark.tsdb.DBWrapper] DataClientService-thread-1 insert one batch latency (device: d_19, sg: g_0) ,1.18, ms, throughput ,42399.29108385308, points/s
2026/06/17 03:13:41 INFO  [benchmark.tsdb.DBWrapper] DataClientService-thread-1 insert one batch latency (device: d_0, sg: g_0) ,1.27, ms, throughput ,39315.34682426354, points/s
2026/06/17 03:13:41 INFO  [benchmark.tsdb.DBWrapper] DataClientService-thread-1 insert one batch latency (device: d_1, sg: g_0) ,0.99, ms, throughput ,50651.68457372556, points/s
2026/06/17 03:13:41 INFO  [benchmark.tsdb.DBWrapper] DataClientService-thread-1 insert one batch latency (device: d_2, sg: g_0) ,1.05, ms, throughput ,47403.6095004418, points/s
2026/06/17 03:13:41 INFO  [benchmark.tsdb.DBWrapper] DataClientService-thread-1 insert one batch latency (device: d_3, sg: g_0) ,5.25, ms, throughput ,9516.551567147646, points/s
2026/06/17 03:13:41 INFO  [benchmark.tsdb.DBWrapper] DataClientService-thread-1 insert one batch latency (device: d_4, sg: g_0) ,1.39, ms, throughput ,35902.027674719015, points/s
2026/06/17 03:13:41 INFO  [benchmark.tsdb.DBWrapper] DataClientService-thread-1 insert one batch latency (device: d_5, sg: g_0) ,1.27, ms, throughput ,39386.60871058484, points/s
2026/06/17 03:13:41 INFO  [benchmark.tsdb.DBWrapper] DataClientService-thread-1 insert one batch latency (device: d_6, sg: g_0) ,1.14, ms, throughput ,43879.43335854938, points/s
2026/06/17 03:13:41 INFO  [benchmark.tsdb.DBWrapper] DataClientService-thread-1 insert one batch latency (device: d_7, sg: g_0) ,1.28, ms, throughput ,39187.4098689573, points/s
2026/06/17 03:13:41 INFO  [benchmark.tsdb.DBWrapper] DataClientService-thread-1 insert one batch latency (device: d_8, sg: g_0) ,1.27, ms, throughput ,39252.41421973659, points/s
2026/06/17 03:13:41 INFO  [benchmark.tsdb.DBWrapper] DataClientService-thread-1 insert one batch latency (device: d_9, sg: g_0) ,1.20, ms, throughput ,41779.22686705098, points/s
2026/06/17 03:13:41 INFO  [benchmark.tsdb.DBWrapper] DataClientService-thread-1 insert one batch latency (device: d_10, sg: g_0) ,1.22, ms, throughput ,41094.190349933466, points/s
2026/06/17 03:13:41 INFO  [benchmark.tsdb.DBWrapper] DataClientService-thread-1 insert one batch latency (device: d_11, sg: g_0) ,1.20, ms, throughput ,41764.534893433614, points/s
2026/06/17 03:13:41 INFO  [benchmark.tsdb.DBWrapper] DataClientService-thread-1 insert one batch latency (device: d_12, sg: g_0) ,1.18, ms, throughput ,42545.76861058283, points/s
2026/06/17 03:13:41 INFO  [benchmark.tsdb.DBWrapper] DataClientService-thread-1 insert one batch latency (device: d_13, sg: g_0) ,1.15, ms, throughput ,43312.50579304765, points/s
2026/06/17 03:13:41 INFO  [benchmark.tsdb.DBWrapper] DataClientService-thread-1 insert one batch latency (device: d_14, sg: g_0) ,14.09, ms, throughput ,3549.7268094750157, points/s
2026/06/17 03:13:41 INFO  [benchmark.tsdb.DBWrapper] DataClientService-thread-1 insert one batch latency (device: d_15, sg: g_0) ,1.19, ms, throughput ,41869.208965035024, points/s
2026/06/17 03:13:41 INFO  [benchmark.tsdb.DBWrapper] DataClientService-thread-1 insert one batch latency (device: d_16, sg: g_0) ,1.04, ms, throughput ,47896.02348054655, points/s
2026/06/17 03:13:41 INFO  [benchmark.tsdb.DBWrapper] DataClientService-thread-1 insert one batch latency (device: d_17, sg: g_0) ,1.08, ms, throughput ,46298.39687170991, points/s
2026/06/17 03:13:41 INFO  [benchmark.tsdb.DBWrapper] DataClientService-thread-1 insert one batch latency (device: d_18, sg: g_0) ,1.20, ms, throughput ,41779.01740764539, points/s
2026/06/17 03:13:41 INFO  [benchmark.tsdb.DBWrapper] DataClientService-thread-1 insert one batch latency (device: d_19, sg: g_0) ,1.12, ms, throughput ,44537.319601586954, points/s
2026/06/17 03:13:41 INFO  [benchmark.tsdb.DBWrapper] DataClientService-thread-1 insert one batch latency (device: d_0, sg: g_0) ,1.08, ms, throughput ,46221.5286938628, points/s
2026/06/17 03:13:41 INFO  [benchmark.tsdb.DBWrapper] DataClientService-thread-1 insert one batch latency (device: d_1, sg: g_0) ,1.05, ms, throughput ,47654.22097262265, points/s
2026/06/17 03:13:41 INFO  [benchmark.tsdb.DBWrapper] DataClientService-thread-1 insert one batch latency (device: d_2, sg: g_0) ,1.03, ms, throughput ,48528.89507470538, points/s
2026/06/17 03:13:41 INFO  [benchmark.tsdb.DBWrapper] DataClientService-thread-1 insert one batch latency (device: d_3, sg: g_0) ,1.07, ms, throughput ,46835.599551876985, points/s
2026/06/17 03:13:41 INFO  [benchmark.tsdb.DBWrapper] DataClientService-thread-1 insert one batch latency (device: d_4, sg: g_0) ,1.17, ms, throughput ,42674.89666273773, points/s
2026/06/17 03:13:41 INFO  [benchmark.tsdb.DBWrapper] DataClientService-thread-1 insert one batch latency (device: d_5, sg: g_0) ,1.18, ms, throughput ,42353.71450546956, points/s
2026/06/17 03:13:41 INFO  [benchmark.tsdb.DBWrapper] DataClientService-thread-1 insert one batch latency (device: d_6, sg: g_0) ,1.47, ms, throughput ,33987.43280684534, points/s
2026/06/17 03:13:41 INFO  [benchmark.tsdb.DBWrapper] DataClientService-thread-1 insert one batch latency (device: d_7, sg: g_0) ,1.32, ms, throughput ,37853.437546370464, points/s
2026/06/17 03:13:41 INFO  [benchmark.tsdb.DBWrapper] DataClientService-thread-1 insert one batch latency (device: d_8, sg: g_0) ,1.40, ms, throughput ,35615.80800515147, points/s
2026/06/17 03:13:41 INFO  [benchmark.tsdb.DBWrapper] DataClientService-thread-1 insert one batch latency (device: d_9, sg: g_0) ,1.32, ms, throughput ,37901.44260470842, points/s
2026/06/17 03:13:41 INFO  [benchmark.tsdb.DBWrapper] DataClientService-thread-1 insert one batch latency (device: d_10, sg: g_0) ,1.10, ms, throughput ,45397.01505546607, points/s
2026/06/17 03:13:41 INFO  [benchmark.tsdb.DBWrapper] DataClientService-thread-1 insert one batch latency (device: d_11, sg: g_0) ,1.07, ms, throughput ,46720.45748671971, points/s
2026/06/17 03:13:41 INFO  [benchmark.tsdb.DBWrapper] DataClientService-thread-1 insert one batch latency (device: d_12, sg: g_0) ,1.05, ms, throughput ,47420.01902491163, points/s
2026/06/17 03:13:41 INFO  [benchmark.tsdb.DBWrapper] DataClientService-thread-1 insert one batch latency (device: d_13, sg: g_0) ,1.13, ms, throughput ,44425.41062407039, points/s
2026/06/17 03:13:41 INFO  [benchmark.tsdb.DBWrapper] DataClientService-thread-1 insert one batch latency (device: d_14, sg: g_0) ,1.01, ms, throughput ,49700.801176914974, points/s
2026/06/17 03:13:41 INFO  [benchmark.tsdb.DBWrapper] DataClientService-thread-1 insert one batch latency (device: d_15, sg: g_0) ,1.03, ms, throughput ,48627.0161976591, points/s
2026/06/17 03:13:41 INFO  [benchmark.tsdb.DBWrapper] DataClientService-thread-1 insert one batch latency (device: d_16, sg: g_0) ,0.94, ms, throughput ,52922.82159081768, points/s
2026/06/17 03:13:41 INFO  [benchmark.tsdb.DBWrapper] DataClientService-thread-1 insert one batch latency (device: d_17, sg: g_0) ,1.22, ms, throughput ,40992.073772615324, points/s
2026/06/17 03:13:41 INFO  [benchmark.tsdb.DBWrapper] DataClientService-thread-1 insert one batch latency (device: d_18, sg: g_0) ,1.04, ms, throughput ,47914.290916408725, points/s
2026/06/17 03:13:41 INFO  [benchmark.tsdb.DBWrapper] DataClientService-thread-1 insert one batch latency (device: d_19, sg: g_0) ,0.92, ms, throughput ,54271.72768617916, points/s
2026/06/17 03:13:41 INFO  [benchmark.tsdb.DBWrapper] DataClientService-thread-1 insert one batch latency (device: d_0, sg: g_0) ,1.02, ms, throughput ,49039.31972655675, points/s
2026/06/17 03:13:41 INFO  [benchmark.tsdb.DBWrapper] DataClientService-thread-1 insert one batch latency (device: d_1, sg: g_0) ,1.00, ms, throughput ,50122.197918525366, points/s
2026/06/17 03:13:41 INFO  [benchmark.tsdb.DBWrapper] DataClientService-thread-1 insert one batch latency (device: d_2, sg: g_0) ,1.04, ms, throughput ,47959.698506151304, points/s
2026/06/17 03:13:41 INFO  [benchmark.tsdb.DBWrapper] DataClientService-thread-1 insert one batch latency (device: d_3, sg: g_0) ,0.93, ms, throughput ,53646.11162253738, points/s
2026/06/17 03:13:41 INFO  [benchmark.tsdb.DBWrapper] DataClientService-thread-1 insert one batch latency (device: d_4, sg: g_0) ,1.09, ms, throughput ,45934.01303423553, points/s
2026/06/17 03:13:41 INFO  [benchmark.tsdb.DBWrapper] DataClientService-thread-1 insert one batch latency (device: d_5, sg: g_0) ,1.24, ms, throughput ,40200.067696914004, points/s
2026/06/17 03:13:41 INFO  [benchmark.tsdb.DBWrapper] DataClientService-thread-1 insert one batch latency (device: d_6, sg: g_0) ,1.02, ms, throughput ,49005.002430648114, points/s
2026/06/17 03:13:41 INFO  [benchmark.tsdb.DBWrapper] DataClientService-thread-1 insert one batch latency (device: d_7, sg: g_0) ,0.98, ms, throughput ,50840.02981259348, points/s
2026/06/17 03:13:41 INFO  [benchmark.tsdb.DBWrapper] DataClientService-thread-1 insert one batch latency (device: d_8, sg: g_0) ,1.03, ms, throughput ,48452.1476898985, points/s
2026/06/17 03:13:41 INFO  [benchmark.tsdb.DBWrapper] DataClientService-thread-1 insert one batch latency (device: d_9, sg: g_0) ,1.10, ms, throughput ,45259.88679597115, points/s
2026/06/17 03:13:41 INFO  [benchmark.tsdb.DBWrapper] DataClientService-thread-1 insert one batch latency (device: d_10, sg: g_0) ,1.07, ms, throughput ,46612.39740611331, points/s
2026/06/17 03:13:41 INFO  [benchmark.tsdb.DBWrapper] DataClientService-thread-1 insert one batch latency (device: d_11, sg: g_0) ,1.01, ms, throughput ,49594.56443573784, points/s
2026/06/17 03:13:41 INFO  [benchmark.tsdb.DBWrapper] DataClientService-thread-1 insert one batch latency (device: d_12, sg: g_0) ,1.02, ms, throughput ,48940.726906828604, points/s
2026/06/17 03:13:41 INFO  [benchmark.tsdb.DBWrapper] DataClientService-thread-1 insert one batch latency (device: d_13, sg: g_0) ,1.02, ms, throughput ,48796.959754219475, points/s
2026/06/17 03:13:41 INFO  [benchmark.tsdb.DBWrapper] DataClientService-thread-1 insert one batch latency (device: d_14, sg: g_0) ,0.92, ms, throughput ,54064.10705558223, points/s
2026/06/17 03:13:41 INFO  [benchmark.tsdb.DBWrapper] DataClientService-thread-1 insert one batch latency (device: d_15, sg: g_0) ,0.99, ms, throughput ,50750.24080989264, points/s
2026/06/17 03:13:41 INFO  [benchmark.tsdb.DBWrapper] DataClientService-thread-1 insert one batch latency (device: d_16, sg: g_0) ,1.26, ms, throughput ,39621.22112603511, points/s
2026/06/17 03:13:41 INFO  [benchmark.tsdb.DBWrapper] DataClientService-thread-1 insert one batch latency (device: d_17, sg: g_0) ,1.16, ms, throughput ,43271.12388090056, points/s
2026/06/17 03:13:41 INFO  [benchmark.tsdb.DBWrapper] DataClientService-thread-1 insert one batch latency (device: d_18, sg: g_0) ,1.05, ms, throughput ,47648.18107833552, points/s
2026/06/17 03:13:41 INFO  [benchmark.tsdb.DBWrapper] DataClientService-thread-1 insert one batch latency (device: d_19, sg: g_0) ,1.49, ms, throughput ,33635.89946095108, points/s
2026/06/17 03:13:41 INFO  [benchmark.tsdb.DBWrapper] DataClientService-thread-1 insert one batch latency (device: d_0, sg: g_0) ,1.28, ms, throughput ,39016.533646297954, points/s
2026/06/17 03:13:41 INFO  [benchmark.tsdb.DBWrapper] DataClientService-thread-1 insert one batch latency (device: d_1, sg: g_0) ,1.10, ms, throughput ,45457.2315636833, points/s
2026/06/17 03:13:41 INFO  [benchmark.tsdb.DBWrapper] DataClientService-thread-1 insert one batch latency (device: d_2, sg: g_0) ,1.00, ms, throughput ,49984.00511836212, points/s
2026/06/17 03:13:41 INFO  [benchmark.tsdb.DBWrapper] DataClientService-thread-1 insert one batch latency (device: d_3, sg: g_0) ,1.03, ms, throughput ,48380.183089964885, points/s
2026/06/17 03:13:41 INFO  [benchmark.tsdb.DBWrapper] DataClientService-thread-1 insert one batch latency (device: d_4, sg: g_0) ,0.88, ms, throughput ,56899.133767587526, points/s
2026/06/17 03:13:41 INFO  [benchmark.tsdb.DBWrapper] DataClientService-thread-1 insert one batch latency (device: d_5, sg: g_0) ,1.06, ms, throughput ,47160.824069375456, points/s
2026/06/17 03:13:41 INFO  [benchmark.tsdb.DBWrapper] DataClientService-thread-1 insert one batch latency (device: d_6, sg: g_0) ,1.07, ms, throughput ,46691.53146355539, points/s
2026/06/17 03:13:41 INFO  [benchmark.tsdb.DBWrapper] DataClientService-thread-1 insert one batch latency (device: d_7, sg: g_0) ,1.07, ms, throughput ,46552.89759200482, points/s
2026/06/17 03:13:41 INFO  [benchmark.tsdb.DBWrapper] DataClientService-thread-1 insert one batch latency (device: d_8, sg: g_0) ,1.08, ms, throughput ,46322.37407725831, points/s
2026/06/17 03:13:41 INFO  [benchmark.tsdb.DBWrapper] DataClientService-thread-1 insert one batch latency (device: d_9, sg: g_0) ,1.06, ms, throughput ,47076.812410200975, points/s
2026/06/17 03:13:41 INFO  [benchmark.tsdb.DBWrapper] DataClientService-thread-1 insert one batch latency (device: d_10, sg: g_0) ,1.13, ms, throughput ,44198.816886069595, points/s
2026/06/17 03:13:41 INFO  [benchmark.tsdb.DBWrapper] DataClientService-thread-1 insert one batch latency (device: d_11, sg: g_0) ,1.22, ms, throughput ,40977.86293888316, points/s
2026/06/17 03:13:41 INFO  [benchmark.tsdb.DBWrapper] DataClientService-thread-1 insert one batch latency (device: d_12, sg: g_0) ,1.02, ms, throughput ,49169.86516639574, points/s
2026/06/17 03:13:41 INFO  [benchmark.tsdb.DBWrapper] DataClientService-thread-1 insert one batch latency (device: d_13, sg: g_0) ,0.96, ms, throughput ,52275.937490524986, points/s
2026/06/17 03:13:41 INFO  [benchmark.tsdb.DBWrapper] DataClientService-thread-1 insert one batch latency (device: d_14, sg: g_0) ,0.96, ms, throughput ,51895.644087217894, points/s
2026/06/17 03:13:41 INFO  [benchmark.tsdb.DBWrapper] DataClientService-thread-1 insert one batch latency (device: d_15, sg: g_0) ,0.92, ms, throughput ,54412.94418646663, points/s
2026/06/17 03:13:41 INFO  [benchmark.tsdb.DBWrapper] DataClientService-thread-1 insert one batch latency (device: d_16, sg: g_0) ,0.91, ms, throughput ,55182.826221554635, points/s
2026/06/17 03:13:41 INFO  [benchmark.tsdb.DBWrapper] DataClientService-thread-1 insert one batch latency (device: d_17, sg: g_0) ,0.92, ms, throughput ,54079.36904518547, points/s
2026/06/17 03:13:41 INFO  [benchmark.tsdb.DBWrapper] DataClientService-thread-1 insert one batch latency (device: d_18, sg: g_0) ,1.21, ms, throughput ,41268.22198341678, points/s
2026/06/17 03:13:41 INFO  [benchmark.tsdb.DBWrapper] DataClientService-thread-1 insert one batch latency (device: d_19, sg: g_0) ,0.94, ms, throughput ,53455.754137742646, points/s
2026/06/17 03:13:41 INFO  [benchmark.tsdb.DBWrapper] DataClientService-thread-1 insert one batch latency (device: d_0, sg: g_0) ,0.92, ms, throughput ,54389.031690313204, points/s
2026/06/17 03:13:41 INFO  [benchmark.tsdb.DBWrapper] DataClientService-thread-1 insert one batch latency (device: d_1, sg: g_0) ,0.83, ms, throughput ,60143.719431954596, points/s
2026/06/17 03:13:41 INFO  [benchmark.tsdb.DBWrapper] DataClientService-thread-1 insert one batch latency (device: d_2, sg: g_0) ,1.01, ms, throughput ,49594.61362820307, points/s
2026/06/17 03:13:41 INFO  [benchmark.tsdb.DBWrapper] DataClientService-thread-1 insert one batch latency (device: d_3, sg: g_0) ,0.91, ms, throughput ,55238.303565411545, points/s
2026/06/17 03:13:41 INFO  [benchmark.tsdb.DBWrapper] DataClientService-thread-1 insert one batch latency (device: d_4, sg: g_0) ,0.89, ms, throughput ,56353.14033509832, points/s
2026/06/17 03:13:41 INFO  [benchmark.tsdb.DBWrapper] DataClientService-thread-1 insert one batch latency (device: d_5, sg: g_0) ,0.86, ms, throughput ,57930.7819844537, points/s
2026/06/17 03:13:41 INFO  [benchmark.tsdb.DBWrapper] DataClientService-thread-1 insert one batch latency (device: d_6, sg: g_0) ,0.83, ms, throughput ,60235.012926433774, points/s
2026/06/17 03:13:41 INFO  [benchmark.tsdb.DBWrapper] DataClientService-thread-1 insert one batch latency (device: d_7, sg: g_0) ,0.87, ms, throughput ,57382.486406088974, points/s
2026/06/17 03:13:41 INFO  [benchmark.tsdb.DBWrapper] DataClientService-thread-1 insert one batch latency (device: d_8, sg: g_0) ,0.88, ms, throughput ,56701.235519921975, points/s
2026/06/17 03:13:41 INFO  [benchmark.tsdb.DBWrapper] DataClientService-thread-1 insert one batch latency (device: d_9, sg: g_0) ,0.89, ms, throughput ,56253.91667894877, points/s
2026/06/17 03:13:41 INFO  [benchmark.tsdb.DBWrapper] DataClientService-thread-1 insert one batch latency (device: d_10, sg: g_0) ,0.92, ms, throughput ,54390.806648297075, points/s
2026/06/17 03:13:41 INFO  [benchmark.tsdb.DBWrapper] DataClientService-thread-1 insert one batch latency (device: d_11, sg: g_0) ,0.86, ms, throughput ,58455.671310774895, points/s
2026/06/17 03:13:41 INFO  [benchmark.tsdb.DBWrapper] DataClientService-thread-1 insert one batch latency (device: d_12, sg: g_0) ,0.89, ms, throughput ,56296.796712267074, points/s
2026/06/17 03:13:41 INFO  [benchmark.tsdb.DBWrapper] DataClientService-thread-1 insert one batch latency (device: d_13, sg: g_0) ,1.10, ms, throughput ,45523.285615825356, points/s
2026/06/17 03:13:41 INFO  [benchmark.tsdb.DBWrapper] DataClientService-thread-1 insert one batch latency (device: d_14, sg: g_0) ,0.85, ms, throughput ,58746.536891650234, points/s
2026/06/17 03:13:41 INFO  [benchmark.tsdb.DBWrapper] DataClientService-thread-1 insert one batch latency (device: d_15, sg: g_0) ,1.01, ms, throughput ,49457.7942021617, points/s
2026/06/17 03:13:41 INFO  [benchmark.tsdb.DBWrapper] DataClientService-thread-1 insert one batch latency (device: d_16, sg: g_0) ,0.93, ms, throughput ,53575.86771475351, points/s
2026/06/17 03:13:41 INFO  [benchmark.tsdb.DBWrapper] DataClientService-thread-1 insert one batch latency (device: d_17, sg: g_0) ,0.89, ms, throughput ,56005.21520563995, points/s
2026/06/17 03:13:41 INFO  [benchmark.tsdb.DBWrapper] DataClientService-thread-1 insert one batch latency (device: d_18, sg: g_0) ,0.95, ms, throughput ,52854.23436413185, points/s
2026/06/17 03:13:41 INFO  [benchmark.tsdb.DBWrapper] DataClientService-thread-1 insert one batch latency (device: d_19, sg: g_0) ,0.90, ms, throughput ,55798.52714207755, points/s
2026/06/17 03:13:41 INFO  [benchmark.tsdb.DBWrapper] DataClientService-thread-1 insert one batch latency (device: d_0, sg: g_0) ,0.88, ms, throughput ,56520.677524665625, points/s
2026/06/17 03:13:41 INFO  [benchmark.tsdb.DBWrapper] DataClientService-thread-1 insert one batch latency (device: d_1, sg: g_0) ,0.85, ms, throughput ,58655.016998223924, points/s
2026/06/17 03:13:41 INFO  [benchmark.tsdb.DBWrapper] DataClientService-thread-1 insert one batch latency (device: d_2, sg: g_0) ,0.87, ms, throughput ,57645.99135540714, points/s
2026/06/17 03:13:41 INFO  [benchmark.tsdb.DBWrapper] DataClientService-thread-1 insert one batch latency (device: d_3, sg: g_0) ,0.88, ms, throughput ,56592.71131152476, points/s
2026/06/17 03:13:41 INFO  [benchmark.tsdb.DBWrapper] DataClientService-thread-1 insert one batch latency (device: d_4, sg: g_0) ,0.83, ms, throughput ,60181.43499020848, points/s
2026/06/17 03:13:41 INFO  [benchmark.tsdb.DBWrapper] DataClientService-thread-1 insert one batch latency (device: d_5, sg: g_0) ,0.95, ms, throughput ,52382.89803145069, points/s
2026/06/17 03:13:41 INFO  [benchmark.tsdb.DBWrapper] DataClientService-thread-1 insert one batch latency (device: d_6, sg: g_0) ,1.02, ms, throughput ,49146.61812291373, points/s
2026/06/17 03:13:41 INFO  [benchmark.tsdb.DBWrapper] DataClientService-thread-1 insert one batch latency (device: d_7, sg: g_0) ,0.84, ms, throughput ,59432.53812597321, points/s
2026/06/17 03:13:41 INFO  [benchmark.tsdb.DBWrapper] DataClientService-thread-1 insert one batch latency (device: d_8, sg: g_0) ,0.94, ms, throughput ,53296.77884927991, points/s
2026/06/17 03:13:41 INFO  [benchmark.tsdb.DBWrapper] DataClientService-thread-1 insert one batch latency (device: d_9, sg: g_0) ,0.83, ms, throughput ,60394.05915718883, points/s
2026/06/17 03:13:41 INFO  [benchmark.tsdb.DBWrapper] DataClientService-thread-1 insert one batch latency (device: d_10, sg: g_0) ,0.78, ms, throughput ,63736.08163317336, points/s
2026/06/17 03:13:41 INFO  [benchmark.tsdb.DBWrapper] DataClientService-thread-1 insert one batch latency (device: d_11, sg: g_0) ,0.77, ms, throughput ,65311.41134041222, points/s
2026/06/17 03:13:41 INFO  [benchmark.tsdb.DBWrapper] DataClientService-thread-1 insert one batch latency (device: d_12, sg: g_0) ,0.86, ms, throughput ,58180.05797060976, points/s
2026/06/17 03:13:41 INFO  [benchmark.tsdb.DBWrapper] DataClientService-thread-1 insert one batch latency (device: d_13, sg: g_0) ,1.08, ms, throughput ,46237.3864409789, points/s
2026/06/17 03:13:41 INFO  [benchmark.tsdb.DBWrapper] DataClientService-thread-1 insert one batch latency (device: d_14, sg: g_0) ,1.13, ms, throughput ,44136.898535449436, points/s
2026/06/17 03:13:41 INFO  [benchmark.tsdb.DBWrapper] DataClientService-thread-1 insert one batch latency (device: d_15, sg: g_0) ,1.11, ms, throughput ,44948.95147580892, points/s
2026/06/17 03:13:41 INFO  [benchmark.tsdb.DBWrapper] DataClientService-thread-1 insert one batch latency (device: d_16, sg: g_0) ,1.01, ms, throughput ,49339.88172243554, points/s
2026/06/17 03:13:41 INFO  [benchmark.tsdb.DBWrapper] DataClientService-thread-1 insert one batch latency (device: d_17, sg: g_0) ,0.95, ms, throughput ,52455.32904178801, points/s
2026/06/17 03:13:41 INFO  [benchmark.tsdb.DBWrapper] DataClientService-thread-1 insert one batch latency (device: d_18, sg: g_0) ,0.87, ms, throughput ,57378.14030561893, points/s
2026/06/17 03:13:41 INFO  [benchmark.tsdb.DBWrapper] DataClientService-thread-1 insert one batch latency (device: d_19, sg: g_0) ,0.82, ms, throughput ,60929.46683060755, points/s
2026/06/17 03:13:41 INFO  [benchmark.tsdb.DBWrapper] DataClientService-thread-1 insert one batch latency (device: d_0, sg: g_0) ,0.84, ms, throughput ,59731.37605560275, points/s
2026/06/17 03:13:41 INFO  [benchmark.tsdb.DBWrapper] DataClientService-thread-1 insert one batch latency (device: d_1, sg: g_0) ,0.87, ms, throughput ,57172.12927304494, points/s
2026/06/17 03:13:41 INFO  [benchmark.tsdb.DBWrapper] DataClientService-thread-1 insert one batch latency (device: d_2, sg: g_0) ,1.07, ms, throughput ,46553.11431024113, points/s
2026/06/17 03:13:41 INFO  [benchmark.tsdb.DBWrapper] DataClientService-thread-1 insert one batch latency (device: d_3, sg: g_0) ,0.98, ms, throughput ,51225.72924948159, points/s
2026/06/17 03:13:41 INFO  [benchmark.tsdb.DBWrapper] DataClientService-thread-1 insert one batch latency (device: d_4, sg: g_0) ,0.87, ms, throughput ,57467.763458088186, points/s
2026/06/17 03:13:41 INFO  [benchmark.tsdb.DBWrapper] DataClientService-thread-1 insert one batch latency (device: d_5, sg: g_0) ,1.09, ms, throughput ,45887.346564184925, points/s
2026/06/17 03:13:41 INFO  [benchmark.tsdb.DBWrapper] DataClientService-thread-1 insert one batch latency (device: d_6, sg: g_0) ,0.97, ms, throughput ,51798.87119899883, points/s
2026/06/17 03:13:41 INFO  [benchmark.tsdb.DBWrapper] DataClientService-thread-1 insert one batch latency (device: d_7, sg: g_0) ,0.87, ms, throughput ,57373.465690093784, points/s
2026/06/17 03:13:41 INFO  [benchmark.tsdb.DBWrapper] DataClientService-thread-1 insert one batch latency (device: d_8, sg: g_0) ,1.18, ms, throughput ,42296.56831022672, points/s
2026/06/17 03:13:41 INFO  [benchmark.tsdb.DBWrapper] DataClientService-thread-1 insert one batch latency (device: d_9, sg: g_0) ,1.07, ms, throughput ,46876.56743522361, points/s
2026/06/17 03:13:41 INFO  [benchmark.tsdb.DBWrapper] DataClientService-thread-1 insert one batch latency (device: d_10, sg: g_0) ,0.91, ms, throughput ,54940.34577256015, points/s
2026/06/17 03:13:41 INFO  [benchmark.tsdb.DBWrapper] DataClientService-thread-1 insert one batch latency (device: d_11, sg: g_0) ,0.99, ms, throughput ,50268.686127350695, points/s
2026/06/17 03:13:41 INFO  [benchmark.tsdb.DBWrapper] DataClientService-thread-1 insert one batch latency (device: d_12, sg: g_0) ,1.04, ms, throughput ,48239.96488130556, points/s
2026/06/17 03:13:41 INFO  [benchmark.tsdb.DBWrapper] DataClientService-thread-1 insert one batch latency (device: d_13, sg: g_0) ,0.90, ms, throughput ,55601.457647813695, points/s
2026/06/17 03:13:41 INFO  [benchmark.tsdb.DBWrapper] DataClientService-thread-1 insert one batch latency (device: d_14, sg: g_0) ,0.84, ms, throughput ,59270.920264016386, points/s
2026/06/17 03:13:41 INFO  [benchmark.tsdb.DBWrapper] DataClientService-thread-1 insert one batch latency (device: d_15, sg: g_0) ,1.11, ms, throughput ,44947.4968289541, points/s
2026/06/17 03:13:41 INFO  [benchmark.tsdb.DBWrapper] DataClientService-thread-1 insert one batch latency (device: d_16, sg: g_0) ,1.19, ms, throughput ,42079.89119823332, points/s
2026/06/17 03:13:41 INFO  [benchmark.tsdb.DBWrapper] DataClientService-thread-1 insert one batch latency (device: d_17, sg: g_0) ,1.30, ms, throughput ,38561.20434353406, points/s
2026/06/17 03:13:41 INFO  [benchmark.tsdb.DBWrapper] DataClientService-thread-1 insert one batch latency (device: d_18, sg: g_0) ,1.13, ms, throughput ,44438.95376482373, points/s
2026/06/17 03:13:41 INFO  [benchmark.tsdb.DBWrapper] DataClientService-thread-1 insert one batch latency (device: d_19, sg: g_0) ,1.00, ms, throughput ,49963.67640725193, points/s
2026/06/17 03:13:41 INFO  [benchmark.tsdb.DBWrapper] DataClientService-thread-1 insert one batch latency (device: d_0, sg: g_0) ,1.25, ms, throughput ,39963.521297759406, points/s
2026/06/17 03:13:41 INFO  [benchmark.tsdb.DBWrapper] DataClientService-thread-1 insert one batch latency (device: d_1, sg: g_0) ,1.11, ms, throughput ,45228.03523083032, points/s
2026/06/17 03:13:41 INFO  [benchmark.tsdb.DBWrapper] DataClientService-thread-1 insert one batch latency (device: d_2, sg: g_0) ,1.09, ms, throughput ,45995.32503516343, points/s
2026/06/17 03:13:41 INFO  [benchmark.tsdb.DBWrapper] DataClientService-thread-1 insert one batch latency (device: d_3, sg: g_0) ,1.12, ms, throughput ,44745.77241942182, points/s
2026/06/17 03:13:41 INFO  [benchmark.tsdb.DBWrapper] DataClientService-thread-1 insert one batch latency (device: d_4, sg: g_0) ,1.08, ms, throughput ,46266.394496889974, points/s
2026/06/17 03:13:41 INFO  [benchmark.tsdb.DBWrapper] DataClientService-thread-1 insert one batch latency (device: d_5, sg: g_0) ,1.04, ms, throughput ,48248.716342901695, points/s
2026/06/17 03:13:41 INFO  [benchmark.tsdb.DBWrapper] DataClientService-thread-1 insert one batch latency (device: d_6, sg: g_0) ,0.96, ms, throughput ,52076.82373036704, points/s
2026/06/17 03:13:41 INFO  [benchmark.tsdb.DBWrapper] DataClientService-thread-1 insert one batch latency (device: d_7, sg: g_0) ,0.95, ms, throughput ,52765.82631811673, points/s
2026/06/17 03:13:41 INFO  [benchmark.tsdb.DBWrapper] DataClientService-thread-1 insert one batch latency (device: d_8, sg: g_0) ,1.03, ms, throughput ,48724.5852563303, points/s
2026/06/17 03:13:41 INFO  [benchmark.tsdb.DBWrapper] DataClientService-thread-1 insert one batch latency (device: d_9, sg: g_0) ,0.95, ms, throughput ,52791.230743078806, points/s
2026/06/17 03:13:41 INFO  [benchmark.tsdb.DBWrapper] DataClientService-thread-1 insert one batch latency (device: d_10, sg: g_0) ,1.04, ms, throughput ,47969.82122607026, points/s
2026/06/17 03:13:41 INFO  [benchmark.tsdb.DBWrapper] DataClientService-thread-1 insert one batch latency (device: d_11, sg: g_0) ,1.15, ms, throughput ,43657.33185596922, points/s
2026/06/17 03:13:41 INFO  [benchmark.tsdb.DBWrapper] DataClientService-thread-1 insert one batch latency (device: d_12, sg: g_0) ,1.11, ms, throughput ,45132.05639701767, points/s
2026/06/17 03:13:41 INFO  [benchmark.tsdb.DBWrapper] DataClientService-thread-1 insert one batch latency (device: d_13, sg: g_0) ,1.09, ms, throughput ,45811.290467403436, points/s
2026/06/17 03:13:41 INFO  [benchmark.tsdb.DBWrapper] DataClientService-thread-1 insert one batch latency (device: d_14, sg: g_0) ,0.99, ms, throughput ,50312.64276212384, points/s
2026/06/17 03:13:41 INFO  [benchmark.tsdb.DBWrapper] DataClientService-thread-1 insert one batch latency (device: d_15, sg: g_0) ,0.88, ms, throughput ,57081.47009901352, points/s
2026/06/17 03:13:41 INFO  [benchmark.tsdb.DBWrapper] DataClientService-thread-1 insert one batch latency (device: d_16, sg: g_0) ,1.20, ms, throughput ,41611.3928664757, points/s
2026/06/17 03:13:41 INFO  [benchmark.tsdb.DBWrapper] DataClientService-thread-1 insert one batch latency (device: d_17, sg: g_0) ,0.99, ms, throughput ,50272.27463944724, points/s
2026/06/17 03:13:41 INFO  [benchmark.tsdb.DBWrapper] DataClientService-thread-1 insert one batch latency (device: d_18, sg: g_0) ,0.93, ms, throughput ,53631.95606470159, points/s
2026/06/17 03:13:41 INFO  [benchmark.tsdb.DBWrapper] DataClientService-thread-1 insert one batch latency (device: d_19, sg: g_0) ,0.87, ms, throughput ,57292.07845348055, points/s
2026/06/17 03:13:44 INFO  [benchmark.mode.BaseMode] All dataClients finished. The final test result is: 
----------------------Main Configurations----------------------
########### Test Mode ###########
BENCHMARK_WORK_MODE=testWithDefaultPath
IoTDB_DIALECT_MODE=TREE
########### Database Connection Information ###########
DOUBLE_WRITE=false
DBConfig=
  DB_SWITCH=InfluxDB-2.x
  HOST=[127.0.0.1]
########### Data Mode ###########
GROUP_NUMBER=1
IoTDB_TABLE_NUMBER=1
DEVICE_NUMBER=20
REAL_INSERT_RATE=1.0
SENSOR_NUMBER=5
IS_SENSOR_TS_ALIGNMENT=true
IS_OUT_OF_ORDER=false
OUT_OF_ORDER_RATIO=0.5
########### Data Amount ###########
OPERATION_PROPORTION=1:0:0:0:0:0:0:0:0:0:0:0:0
SCHEMA_CLIENT_NUMBER=1
DATA_CLIENT_NUMBER=1
LOOP=50
BATCH_SIZE_PER_WRITE=10
DEVICE_NUM_PER_WRITE=1
START_TIME=2022-01-01T00:00:00+08:00
POINT_STEP=1000
OP_MIN_INTERVAL=0
OP_MIN_INTERVAL_RANDOM=false
INTERVAL_BETWEEN_WRITE_BATCH=0
INSERT_DATATYPE_PROPORTION=1:1:1:1:1:1:0:0:0:0:0
ENCODINGS=RLE/TS_2DIFF/TS_2DIFF/GORILLA/GORILLA/DICTIONARY/PLAIN/PLAIN/TS_2DIFF/TS_2DIFF
COMPRESSOR=LZ4
########### Other Param ###########
IS_DELETE_DATA=true
CREATE_SCHEMA=true
BENCHMARK_CLUSTER=false
VECTOR=true

---------------------------------------------------------------

Create schema cost 0.02 second
Test elapsed time (not include schema creation): 2.98 second
----------------------------------------------------------Result Matrix----------------------------------------------------------
Operation                okOperation              okPoint                  failOperation            failPoint                throughput(point/s)      
INGESTION                1000                     50000                    0                        0                        16756.07                 
PRECISE_POINT            0                        0                        0                        0                        0.00                     
TIME_RANGE               0                        0                        0                        0                        0.00                     
VALUE_RANGE              0                        0                        0                        0                        0.00                     
AGG_RANGE                0                        0                        0                        0                        0.00                     
AGG_VALUE                0                        0                        0                        0                        0.00                     
AGG_RANGE_VALUE          0                        0                        0                        0                        0.00                     
GROUP_BY                 0                        0                        0                        0                        0.00                     
LATEST_POINT             0                        0                        0                        0                        0.00                     
RANGE_QUERY_DESC         0                        0                        0                        0                        0.00                     
VALUE_RANGE_QUERY_DESC   0                        0                        0                        0                        0.00                     
GROUP_BY_DESC            0                        0                        0                        0                        0.00                     
SET_OPERATION            0                        0                        0                        0                        0.00                     
---------------------------------------------------------------------------------------------------------------------------------

--------------------------------------------------------------------------Latency (ms) Matrix--------------------------------------------------------------------------
Operation                AVG         MIN         P10         P25         MEDIAN      P75         P90         P95         P99         P999        MAX         SLOWEST_THREAD
INGESTION                1.92        0.78        0.94        1.03        1.12        1.24        1.40        1.96        5.31        15.61       562.68      1920.45     
PRECISE_POINT            0.00        0.00        0.00        0.00        0.00        0.00        0.00        0.00        0.00        0.00        0.00        0.00        
TIME_RANGE               0.00        0.00        0.00        0.00        0.00        0.00        0.00        0.00        0.00        0.00        0.00        0.00        
VALUE_RANGE              0.00        0.00        0.00        0.00        0.00        0.00        0.00        0.00        0.00        0.00        0.00        0.00        
AGG_RANGE                0.00        0.00        0.00        0.00        0.00        0.00        0.00        0.00        0.00        0.00        0.00        0.00        
AGG_VALUE                0.00        0.00        0.00        0.00        0.00        0.00        0.00        0.00        0.00        0.00        0.00        0.00        
AGG_RANGE_VALUE          0.00        0.00        0.00        0.00        0.00        0.00        0.00        0.00        0.00        0.00        0.00        0.00        
GROUP_BY                 0.00        0.00        0.00        0.00        0.00        0.00        0.00        0.00        0.00        0.00        0.00        0.00        
LATEST_POINT             0.00        0.00        0.00        0.00        0.00        0.00        0.00        0.00        0.00        0.00        0.00        0.00        
RANGE_QUERY_DESC         0.00        0.00        0.00        0.00        0.00        0.00        0.00        0.00        0.00        0.00        0.00        0.00        
VALUE_RANGE_QUERY_DESC   0.00        0.00        0.00        0.00        0.00        0.00        0.00        0.00        0.00        0.00        0.00        0.00        
GROUP_BY_DESC            0.00        0.00        0.00        0.00        0.00        0.00        0.00        0.00        0.00        0.00        0.00        0.00        
SET_OPERATION            0.00        0.00        0.00        0.00        0.00        0.00        0.00        0.00        0.00        0.00        0.00        0.00        
-----------------------------------------------------------------------------------------------------------------------------------------------------------------------


----------------------------------------------------------------------------SQL Statements Example---------------------------------------------------------------------
Operation                          SQL                                                                             
------------------------------------------------------------------------------------------------------------------------------------------------------------------------
