
Starting iot-benchmark

Using configuration file: /home/yikanji/WorkSpace/BigData/var/benchmarks/iotbench-ooo/configs/influxdb2/ratio_0p3
Set MAX_HEAP_SIZE=1g
Set HEAP_NEWSIZE=512m
2026/06/17 11:50:12 INFO  [iot.benchmark.App] Initial Heap Size: 538968064 bytes, Max Heap Size: 1073741824 bytes. 
2026/06/17 11:50:12 INFO  [benchmark.conf.ConfigDescriptor] Init SensorTypes: BOOLEAN:INT32:INT64:FLOAT:DOUBLE:TEXT:STRING:BLOB:TIMESTAMP:DATE:OBJECT= 1:1:1:1:1:1:0:0:0:0:0
2026/06/17 11:50:12 WARN  [benchmark.influxdb2.InfluxDB] No bucket to clear!
2026/06/17 11:50:12 INFO  [benchmark.tsdb.DBWrapper] Waiting 1000ms for old data deletion.
2026/06/17 11:50:14 INFO  [benchmark.tsdb.DBWrapper] Registering schema...
2026/06/17 11:50:15 INFO  [benchmark.mode.BaseMode] Registering schema successful!
2026/06/17 11:50:15 INFO  [benchmark.schema.MetaDataSchema] SCHEMA_CLIENT_DATA_SCHEMA has been cleared!
2026/06/17 11:50:15 INFO  [benchmark.workload.GenerateDataWorkLoad] Start Generating WorkLoad
2026/06/17 11:50:15 INFO  [benchmark.workload.GenerateDataWorkLoad] Finish 0.0 % WorkLoad Buffer
2026/06/17 11:50:15 INFO  [benchmark.workload.GenerateDataWorkLoad] Finish Generating WorkLoad
2026/06/17 11:50:15 INFO  [benchmark.tsdb.DBWrapper] DataClientService-thread-1 insert one batch latency (device: d_0, sg: g_0) ,70.93, ms, throughput ,704.9547220976136, points/s
2026/06/17 11:50:15 INFO  [benchmark.tsdb.DBWrapper] DataClientService-thread-1 insert one batch latency (device: d_1, sg: g_0) ,3.73, ms, throughput ,13392.029706735977, points/s
2026/06/17 11:50:15 INFO  [benchmark.tsdb.DBWrapper] DataClientService-thread-1 insert one batch latency (device: d_2, sg: g_0) ,5.88, ms, throughput ,8508.722206046195, points/s
2026/06/17 11:50:15 INFO  [benchmark.tsdb.DBWrapper] DataClientService-thread-1 insert one batch latency (device: d_3, sg: g_0) ,3.26, ms, throughput ,15344.39889544879, points/s
2026/06/17 11:50:15 INFO  [benchmark.tsdb.DBWrapper] DataClientService-thread-1 insert one batch latency (device: d_4, sg: g_0) ,2.77, ms, throughput ,18019.024486052374, points/s
2026/06/17 11:50:15 INFO  [benchmark.tsdb.DBWrapper] DataClientService-thread-1 insert one batch latency (device: d_5, sg: g_0) ,3.07, ms, throughput ,16280.085190429785, points/s
2026/06/17 11:50:15 INFO  [benchmark.tsdb.DBWrapper] DataClientService-thread-1 insert one batch latency (device: d_6, sg: g_0) ,2.81, ms, throughput ,17824.161792055485, points/s
2026/06/17 11:50:15 INFO  [benchmark.tsdb.DBWrapper] DataClientService-thread-1 insert one batch latency (device: d_7, sg: g_0) ,2.72, ms, throughput ,18383.826350788408, points/s
2026/06/17 11:50:15 INFO  [benchmark.tsdb.DBWrapper] DataClientService-thread-1 insert one batch latency (device: d_8, sg: g_0) ,2.81, ms, throughput ,17765.435143015307, points/s
2026/06/17 11:50:15 INFO  [benchmark.tsdb.DBWrapper] DataClientService-thread-1 insert one batch latency (device: d_9, sg: g_0) ,2.48, ms, throughput ,20142.853114286518, points/s
2026/06/17 11:50:15 INFO  [benchmark.tsdb.DBWrapper] DataClientService-thread-1 insert one batch latency (device: d_10, sg: g_0) ,2.81, ms, throughput ,17816.819576551214, points/s
2026/06/17 11:50:15 INFO  [benchmark.tsdb.DBWrapper] DataClientService-thread-1 insert one batch latency (device: d_11, sg: g_0) ,2.81, ms, throughput ,17796.17190105471, points/s
2026/06/17 11:50:15 INFO  [benchmark.tsdb.DBWrapper] DataClientService-thread-1 insert one batch latency (device: d_12, sg: g_0) ,2.74, ms, throughput ,18223.493655126214, points/s
2026/06/17 11:50:15 INFO  [benchmark.tsdb.DBWrapper] DataClientService-thread-1 insert one batch latency (device: d_13, sg: g_0) ,2.66, ms, throughput ,18832.377527399225, points/s
2026/06/17 11:50:15 INFO  [benchmark.tsdb.DBWrapper] DataClientService-thread-1 insert one batch latency (device: d_14, sg: g_0) ,2.46, ms, throughput ,20286.362290086865, points/s
2026/06/17 11:50:15 INFO  [benchmark.tsdb.DBWrapper] DataClientService-thread-1 insert one batch latency (device: d_15, sg: g_0) ,2.62, ms, throughput ,19101.065648452528, points/s
2026/06/17 11:50:15 INFO  [benchmark.tsdb.DBWrapper] DataClientService-thread-1 insert one batch latency (device: d_16, sg: g_0) ,2.49, ms, throughput ,20055.586062330356, points/s
2026/06/17 11:50:15 INFO  [benchmark.tsdb.DBWrapper] DataClientService-thread-1 insert one batch latency (device: d_17, sg: g_0) ,2.66, ms, throughput ,18766.66245042317, points/s
2026/06/17 11:50:15 INFO  [benchmark.tsdb.DBWrapper] DataClientService-thread-1 insert one batch latency (device: d_18, sg: g_0) ,2.81, ms, throughput ,17794.26554880718, points/s
2026/06/17 11:50:15 INFO  [benchmark.tsdb.DBWrapper] DataClientService-thread-1 insert one batch latency (device: d_19, sg: g_0) ,2.75, ms, throughput ,18177.47541769112, points/s
2026/06/17 11:50:15 INFO  [benchmark.tsdb.DBWrapper] DataClientService-thread-1 insert one batch latency (device: d_0, sg: g_0) ,1.40, ms, throughput ,35738.12815120945, points/s
2026/06/17 11:50:15 INFO  [benchmark.tsdb.DBWrapper] DataClientService-thread-1 insert one batch latency (device: d_1, sg: g_0) ,1.37, ms, throughput ,36400.32789415367, points/s
2026/06/17 11:50:15 INFO  [benchmark.tsdb.DBWrapper] DataClientService-thread-1 insert one batch latency (device: d_2, sg: g_0) ,1.46, ms, throughput ,34156.69177411223, points/s
2026/06/17 11:50:15 INFO  [benchmark.tsdb.DBWrapper] DataClientService-thread-1 insert one batch latency (device: d_3, sg: g_0) ,1.17, ms, throughput ,42842.992428786376, points/s
2026/06/17 11:50:15 INFO  [benchmark.tsdb.DBWrapper] DataClientService-thread-1 insert one batch latency (device: d_4, sg: g_0) ,1.36, ms, throughput ,36643.673982698325, points/s
2026/06/17 11:50:15 INFO  [benchmark.tsdb.DBWrapper] DataClientService-thread-1 insert one batch latency (device: d_5, sg: g_0) ,1.42, ms, throughput ,35100.94681293933, points/s
2026/06/17 11:50:15 INFO  [benchmark.tsdb.DBWrapper] DataClientService-thread-1 insert one batch latency (device: d_6, sg: g_0) ,1.45, ms, throughput ,34406.329113053005, points/s
2026/06/17 11:50:15 INFO  [benchmark.tsdb.DBWrapper] DataClientService-thread-1 insert one batch latency (device: d_7, sg: g_0) ,1.38, ms, throughput ,36349.360978234006, points/s
2026/06/17 11:50:15 INFO  [benchmark.tsdb.DBWrapper] DataClientService-thread-1 insert one batch latency (device: d_8, sg: g_0) ,1.46, ms, throughput ,34209.78810457248, points/s
2026/06/17 11:50:15 INFO  [benchmark.tsdb.DBWrapper] DataClientService-thread-1 insert one batch latency (device: d_9, sg: g_0) ,1.55, ms, throughput ,32181.7004553067, points/s
2026/06/17 11:50:15 INFO  [benchmark.tsdb.DBWrapper] DataClientService-thread-1 insert one batch latency (device: d_10, sg: g_0) ,1.46, ms, throughput ,34298.46939650471, points/s
2026/06/17 11:50:15 INFO  [benchmark.tsdb.DBWrapper] DataClientService-thread-1 insert one batch latency (device: d_11, sg: g_0) ,1.55, ms, throughput ,32317.71676623755, points/s
2026/06/17 11:50:15 INFO  [benchmark.tsdb.DBWrapper] DataClientService-thread-1 insert one batch latency (device: d_12, sg: g_0) ,1.45, ms, throughput ,34489.53759876941, points/s
2026/06/17 11:50:15 INFO  [benchmark.tsdb.DBWrapper] DataClientService-thread-1 insert one batch latency (device: d_13, sg: g_0) ,1.47, ms, throughput ,34128.434856326116, points/s
2026/06/17 11:50:15 INFO  [benchmark.tsdb.DBWrapper] DataClientService-thread-1 insert one batch latency (device: d_14, sg: g_0) ,1.96, ms, throughput ,25445.797651963578, points/s
2026/06/17 11:50:15 INFO  [benchmark.tsdb.DBWrapper] DataClientService-thread-1 insert one batch latency (device: d_15, sg: g_0) ,1.22, ms, throughput ,40902.00370735762, points/s
2026/06/17 11:50:15 INFO  [benchmark.tsdb.DBWrapper] DataClientService-thread-1 insert one batch latency (device: d_16, sg: g_0) ,1.49, ms, throughput ,33561.32661211832, points/s
2026/06/17 11:50:15 INFO  [benchmark.tsdb.DBWrapper] DataClientService-thread-1 insert one batch latency (device: d_17, sg: g_0) ,1.25, ms, throughput ,39927.10906968239, points/s
2026/06/17 11:50:15 INFO  [benchmark.tsdb.DBWrapper] DataClientService-thread-1 insert one batch latency (device: d_18, sg: g_0) ,1.39, ms, throughput ,36004.3781323809, points/s
2026/06/17 11:50:15 INFO  [benchmark.tsdb.DBWrapper] DataClientService-thread-1 insert one batch latency (device: d_19, sg: g_0) ,1.20, ms, throughput ,41757.52407947626, points/s
2026/06/17 11:50:15 INFO  [benchmark.tsdb.DBWrapper] DataClientService-thread-1 insert one batch latency (device: d_0, sg: g_0) ,1.39, ms, throughput ,35890.22472305308, points/s
2026/06/17 11:50:15 INFO  [benchmark.tsdb.DBWrapper] DataClientService-thread-1 insert one batch latency (device: d_1, sg: g_0) ,1.49, ms, throughput ,33597.74760700043, points/s
2026/06/17 11:50:15 INFO  [benchmark.tsdb.DBWrapper] DataClientService-thread-1 insert one batch latency (device: d_2, sg: g_0) ,1.57, ms, throughput ,31792.09495917259, points/s
2026/06/17 11:50:15 INFO  [benchmark.tsdb.DBWrapper] DataClientService-thread-1 insert one batch latency (device: d_3, sg: g_0) ,1.37, ms, throughput ,36381.416954322405, points/s
2026/06/17 11:50:15 INFO  [benchmark.tsdb.DBWrapper] DataClientService-thread-1 insert one batch latency (device: d_4, sg: g_0) ,1.32, ms, throughput ,37978.1929216244, points/s
2026/06/17 11:50:15 INFO  [benchmark.tsdb.DBWrapper] DataClientService-thread-1 insert one batch latency (device: d_5, sg: g_0) ,1.62, ms, throughput ,30875.842678936315, points/s
2026/06/17 11:50:15 INFO  [benchmark.tsdb.DBWrapper] DataClientService-thread-1 insert one batch latency (device: d_6, sg: g_0) ,1.54, ms, throughput ,32422.56195303138, points/s
2026/06/17 11:50:15 INFO  [benchmark.tsdb.DBWrapper] DataClientService-thread-1 insert one batch latency (device: d_7, sg: g_0) ,1.34, ms, throughput ,37389.69106393862, points/s
2026/06/17 11:50:15 INFO  [benchmark.tsdb.DBWrapper] DataClientService-thread-1 insert one batch latency (device: d_8, sg: g_0) ,1.31, ms, throughput ,38081.45623488642, points/s
2026/06/17 11:50:15 INFO  [benchmark.tsdb.DBWrapper] DataClientService-thread-1 insert one batch latency (device: d_9, sg: g_0) ,1.23, ms, throughput ,40664.92024389193, points/s
2026/06/17 11:50:15 INFO  [benchmark.tsdb.DBWrapper] DataClientService-thread-1 insert one batch latency (device: d_10, sg: g_0) ,1.19, ms, throughput ,42180.06839919891, points/s
2026/06/17 11:50:15 INFO  [benchmark.tsdb.DBWrapper] DataClientService-thread-1 insert one batch latency (device: d_11, sg: g_0) ,1.25, ms, throughput ,39890.03116209234, points/s
2026/06/17 11:50:15 INFO  [benchmark.tsdb.DBWrapper] DataClientService-thread-1 insert one batch latency (device: d_12, sg: g_0) ,1.37, ms, throughput ,36522.502609532814, points/s
2026/06/17 11:50:15 INFO  [benchmark.tsdb.DBWrapper] DataClientService-thread-1 insert one batch latency (device: d_13, sg: g_0) ,1.36, ms, throughput ,36882.89386135868, points/s
2026/06/17 11:50:15 INFO  [benchmark.tsdb.DBWrapper] DataClientService-thread-1 insert one batch latency (device: d_14, sg: g_0) ,1.27, ms, throughput ,39241.2623443201, points/s
2026/06/17 11:50:15 INFO  [benchmark.tsdb.DBWrapper] DataClientService-thread-1 insert one batch latency (device: d_15, sg: g_0) ,1.28, ms, throughput ,39146.20559743764, points/s
2026/06/17 11:50:15 INFO  [benchmark.tsdb.DBWrapper] DataClientService-thread-1 insert one batch latency (device: d_16, sg: g_0) ,1.12, ms, throughput ,44691.5789445458, points/s
2026/06/17 11:50:15 INFO  [benchmark.tsdb.DBWrapper] DataClientService-thread-1 insert one batch latency (device: d_17, sg: g_0) ,1.42, ms, throughput ,35101.29179774074, points/s
2026/06/17 11:50:15 INFO  [benchmark.tsdb.DBWrapper] DataClientService-thread-1 insert one batch latency (device: d_18, sg: g_0) ,1.26, ms, throughput ,39586.08786528063, points/s
2026/06/17 11:50:15 INFO  [benchmark.tsdb.DBWrapper] DataClientService-thread-1 insert one batch latency (device: d_19, sg: g_0) ,1.34, ms, throughput ,37397.101874193155, points/s
2026/06/17 11:50:15 INFO  [benchmark.tsdb.DBWrapper] DataClientService-thread-1 insert one batch latency (device: d_0, sg: g_0) ,1.21, ms, throughput ,41317.70422308255, points/s
2026/06/17 11:50:15 INFO  [benchmark.tsdb.DBWrapper] DataClientService-thread-1 insert one batch latency (device: d_1, sg: g_0) ,1.46, ms, throughput ,34182.37802702049, points/s
2026/06/17 11:50:15 INFO  [benchmark.tsdb.DBWrapper] DataClientService-thread-1 insert one batch latency (device: d_2, sg: g_0) ,1.25, ms, throughput ,40004.48050181621, points/s
2026/06/17 11:50:15 INFO  [benchmark.tsdb.DBWrapper] DataClientService-thread-1 insert one batch latency (device: d_3, sg: g_0) ,1.33, ms, throughput ,37516.103787550805, points/s
2026/06/17 11:50:15 INFO  [benchmark.tsdb.DBWrapper] DataClientService-thread-1 insert one batch latency (device: d_4, sg: g_0) ,1.59, ms, throughput ,31406.680075225282, points/s
2026/06/17 11:50:15 INFO  [benchmark.tsdb.DBWrapper] DataClientService-thread-1 insert one batch latency (device: d_5, sg: g_0) ,1.24, ms, throughput ,40275.93850991916, points/s
2026/06/17 11:50:15 INFO  [benchmark.tsdb.DBWrapper] DataClientService-thread-1 insert one batch latency (device: d_6, sg: g_0) ,1.17, ms, throughput ,42838.03709259956, points/s
2026/06/17 11:50:15 INFO  [benchmark.tsdb.DBWrapper] DataClientService-thread-1 insert one batch latency (device: d_7, sg: g_0) ,1.41, ms, throughput ,35359.50360914453, points/s
2026/06/17 11:50:15 INFO  [benchmark.tsdb.DBWrapper] DataClientService-thread-1 insert one batch latency (device: d_8, sg: g_0) ,1.62, ms, throughput ,30842.91211373879, points/s
2026/06/17 11:50:15 INFO  [benchmark.tsdb.DBWrapper] DataClientService-thread-1 insert one batch latency (device: d_9, sg: g_0) ,1.89, ms, throughput ,26459.05831153107, points/s
2026/06/17 11:50:15 INFO  [benchmark.tsdb.DBWrapper] DataClientService-thread-1 insert one batch latency (device: d_10, sg: g_0) ,1.36, ms, throughput ,36791.73157341312, points/s
2026/06/17 11:50:15 INFO  [benchmark.tsdb.DBWrapper] DataClientService-thread-1 insert one batch latency (device: d_11, sg: g_0) ,1.36, ms, throughput ,36746.06265938605, points/s
2026/06/17 11:50:15 INFO  [benchmark.tsdb.DBWrapper] DataClientService-thread-1 insert one batch latency (device: d_12, sg: g_0) ,1.40, ms, throughput ,35624.181979721296, points/s
2026/06/17 11:50:15 INFO  [benchmark.tsdb.DBWrapper] DataClientService-thread-1 insert one batch latency (device: d_13, sg: g_0) ,1.37, ms, throughput ,36392.93598555346, points/s
2026/06/17 11:50:15 INFO  [benchmark.tsdb.DBWrapper] DataClientService-thread-1 insert one batch latency (device: d_14, sg: g_0) ,1.47, ms, throughput ,34045.56658631913, points/s
2026/06/17 11:50:15 INFO  [benchmark.tsdb.DBWrapper] DataClientService-thread-1 insert one batch latency (device: d_15, sg: g_0) ,1.50, ms, throughput ,33405.95788577701, points/s
2026/06/17 11:50:15 INFO  [benchmark.tsdb.DBWrapper] DataClientService-thread-1 insert one batch latency (device: d_16, sg: g_0) ,1.46, ms, throughput ,34161.219090928964, points/s
2026/06/17 11:50:15 INFO  [benchmark.tsdb.DBWrapper] DataClientService-thread-1 insert one batch latency (device: d_17, sg: g_0) ,1.48, ms, throughput ,33725.01566526978, points/s
2026/06/17 11:50:15 INFO  [benchmark.tsdb.DBWrapper] DataClientService-thread-1 insert one batch latency (device: d_18, sg: g_0) ,1.58, ms, throughput ,31704.12191629858, points/s
2026/06/17 11:50:15 INFO  [benchmark.tsdb.DBWrapper] DataClientService-thread-1 insert one batch latency (device: d_19, sg: g_0) ,1.57, ms, throughput ,31772.27665519264, points/s
2026/06/17 11:50:15 INFO  [benchmark.tsdb.DBWrapper] DataClientService-thread-1 insert one batch latency (device: d_0, sg: g_0) ,1.15, ms, throughput ,43545.35858731889, points/s
2026/06/17 11:50:15 INFO  [benchmark.tsdb.DBWrapper] DataClientService-thread-1 insert one batch latency (device: d_1, sg: g_0) ,1.33, ms, throughput ,37665.60625429858, points/s
2026/06/17 11:50:15 INFO  [benchmark.tsdb.DBWrapper] DataClientService-thread-1 insert one batch latency (device: d_2, sg: g_0) ,1.17, ms, throughput ,42757.079075797184, points/s
2026/06/17 11:50:15 INFO  [benchmark.tsdb.DBWrapper] DataClientService-thread-1 insert one batch latency (device: d_3, sg: g_0) ,1.59, ms, throughput ,31482.24055328149, points/s
2026/06/17 11:50:15 INFO  [benchmark.tsdb.DBWrapper] DataClientService-thread-1 insert one batch latency (device: d_4, sg: g_0) ,1.37, ms, throughput ,36603.73021293854, points/s
2026/06/17 11:50:15 INFO  [benchmark.tsdb.DBWrapper] DataClientService-thread-1 insert one batch latency (device: d_5, sg: g_0) ,1.53, ms, throughput ,32781.61869076771, points/s
2026/06/17 11:50:15 INFO  [benchmark.tsdb.DBWrapper] DataClientService-thread-1 insert one batch latency (device: d_6, sg: g_0) ,1.44, ms, throughput ,34793.93639111725, points/s
2026/06/17 11:50:15 INFO  [benchmark.tsdb.DBWrapper] DataClientService-thread-1 insert one batch latency (device: d_7, sg: g_0) ,1.42, ms, throughput ,35281.63210007564, points/s
2026/06/17 11:50:15 INFO  [benchmark.tsdb.DBWrapper] DataClientService-thread-1 insert one batch latency (device: d_8, sg: g_0) ,1.23, ms, throughput ,40680.10628898171, points/s
2026/06/17 11:50:15 INFO  [benchmark.tsdb.DBWrapper] DataClientService-thread-1 insert one batch latency (device: d_9, sg: g_0) ,1.31, ms, throughput ,38216.862349740855, points/s
2026/06/17 11:50:15 INFO  [benchmark.tsdb.DBWrapper] DataClientService-thread-1 insert one batch latency (device: d_10, sg: g_0) ,1.22, ms, throughput ,40837.56206288494, points/s
2026/06/17 11:50:15 INFO  [benchmark.tsdb.DBWrapper] DataClientService-thread-1 insert one batch latency (device: d_11, sg: g_0) ,1.41, ms, throughput ,35406.5772674195, points/s
2026/06/17 11:50:15 INFO  [benchmark.tsdb.DBWrapper] DataClientService-thread-1 insert one batch latency (device: d_12, sg: g_0) ,1.66, ms, throughput ,30142.071640470193, points/s
2026/06/17 11:50:15 INFO  [benchmark.tsdb.DBWrapper] DataClientService-thread-1 insert one batch latency (device: d_13, sg: g_0) ,1.20, ms, throughput ,41807.732925512835, points/s
2026/06/17 11:50:15 INFO  [benchmark.tsdb.DBWrapper] DataClientService-thread-1 insert one batch latency (device: d_14, sg: g_0) ,1.17, ms, throughput ,42574.38809960704, points/s
2026/06/17 11:50:15 INFO  [benchmark.tsdb.DBWrapper] DataClientService-thread-1 insert one batch latency (device: d_15, sg: g_0) ,1.32, ms, throughput ,38021.281271553315, points/s
2026/06/17 11:50:15 INFO  [benchmark.tsdb.DBWrapper] DataClientService-thread-1 insert one batch latency (device: d_16, sg: g_0) ,1.31, ms, throughput ,38299.79547909214, points/s
2026/06/17 11:50:15 INFO  [benchmark.tsdb.DBWrapper] DataClientService-thread-1 insert one batch latency (device: d_17, sg: g_0) ,1.42, ms, throughput ,35269.86028197548, points/s
2026/06/17 11:50:15 INFO  [benchmark.tsdb.DBWrapper] DataClientService-thread-1 insert one batch latency (device: d_18, sg: g_0) ,1.39, ms, throughput ,35858.950967904806, points/s
2026/06/17 11:50:15 INFO  [benchmark.tsdb.DBWrapper] DataClientService-thread-1 insert one batch latency (device: d_19, sg: g_0) ,1.39, ms, throughput ,36073.838819202254, points/s
2026/06/17 11:50:15 INFO  [benchmark.tsdb.DBWrapper] DataClientService-thread-1 insert one batch latency (device: d_0, sg: g_0) ,1.45, ms, throughput ,34367.28454461973, points/s
2026/06/17 11:50:15 INFO  [benchmark.tsdb.DBWrapper] DataClientService-thread-1 insert one batch latency (device: d_1, sg: g_0) ,1.34, ms, throughput ,37247.44370793833, points/s
2026/06/17 11:50:15 INFO  [benchmark.tsdb.DBWrapper] DataClientService-thread-1 insert one batch latency (device: d_2, sg: g_0) ,1.74, ms, throughput ,28689.62984639572, points/s
2026/06/17 11:50:15 INFO  [benchmark.tsdb.DBWrapper] DataClientService-thread-1 insert one batch latency (device: d_3, sg: g_0) ,1.33, ms, throughput ,37711.96955286426, points/s
2026/06/17 11:50:15 INFO  [benchmark.tsdb.DBWrapper] DataClientService-thread-1 insert one batch latency (device: d_4, sg: g_0) ,1.39, ms, throughput ,35923.514526750805, points/s
2026/06/17 11:50:15 INFO  [benchmark.tsdb.DBWrapper] DataClientService-thread-1 insert one batch latency (device: d_5, sg: g_0) ,1.23, ms, throughput ,40782.335702243276, points/s
2026/06/17 11:50:15 INFO  [benchmark.tsdb.DBWrapper] DataClientService-thread-1 insert one batch latency (device: d_6, sg: g_0) ,1.44, ms, throughput ,34737.00957421458, points/s
2026/06/17 11:50:15 INFO  [benchmark.tsdb.DBWrapper] DataClientService-thread-1 insert one batch latency (device: d_7, sg: g_0) ,1.29, ms, throughput ,38788.766462922205, points/s
2026/06/17 11:50:15 INFO  [benchmark.tsdb.DBWrapper] DataClientService-thread-1 insert one batch latency (device: d_8, sg: g_0) ,1.26, ms, throughput ,39777.53221781222, points/s
2026/06/17 11:50:15 INFO  [benchmark.tsdb.DBWrapper] DataClientService-thread-1 insert one batch latency (device: d_9, sg: g_0) ,1.36, ms, throughput ,36690.030878329984, points/s
2026/06/17 11:50:15 INFO  [benchmark.tsdb.DBWrapper] DataClientService-thread-1 insert one batch latency (device: d_10, sg: g_0) ,1.22, ms, throughput ,41020.69329894159, points/s
2026/06/17 11:50:15 INFO  [benchmark.tsdb.DBWrapper] DataClientService-thread-1 insert one batch latency (device: d_11, sg: g_0) ,1.48, ms, throughput ,33785.01648033104, points/s
2026/06/17 11:50:15 INFO  [benchmark.tsdb.DBWrapper] DataClientService-thread-1 insert one batch latency (device: d_12, sg: g_0) ,1.40, ms, throughput ,35827.19255252983, points/s
2026/06/17 11:50:15 INFO  [benchmark.tsdb.DBWrapper] DataClientService-thread-1 insert one batch latency (device: d_13, sg: g_0) ,1.49, ms, throughput ,33532.76385758233, points/s
2026/06/17 11:50:15 INFO  [benchmark.tsdb.DBWrapper] DataClientService-thread-1 insert one batch latency (device: d_14, sg: g_0) ,1.64, ms, throughput ,30499.744412141823, points/s
2026/06/17 11:50:15 INFO  [benchmark.tsdb.DBWrapper] DataClientService-thread-1 insert one batch latency (device: d_15, sg: g_0) ,1.49, ms, throughput ,33573.24776183943, points/s
2026/06/17 11:50:15 INFO  [benchmark.tsdb.DBWrapper] DataClientService-thread-1 insert one batch latency (device: d_16, sg: g_0) ,1.37, ms, throughput ,36575.42804223438, points/s
2026/06/17 11:50:15 INFO  [benchmark.tsdb.DBWrapper] DataClientService-thread-1 insert one batch latency (device: d_17, sg: g_0) ,1.36, ms, throughput ,36759.02985568405, points/s
2026/06/17 11:50:15 INFO  [benchmark.tsdb.DBWrapper] DataClientService-thread-1 insert one batch latency (device: d_18, sg: g_0) ,1.42, ms, throughput ,35191.4909790132, points/s
2026/06/17 11:50:15 INFO  [benchmark.tsdb.DBWrapper] DataClientService-thread-1 insert one batch latency (device: d_19, sg: g_0) ,1.42, ms, throughput ,35141.257312017115, points/s
2026/06/17 11:50:15 INFO  [benchmark.tsdb.DBWrapper] DataClientService-thread-1 insert one batch latency (device: d_0, sg: g_0) ,1.39, ms, throughput ,35896.17677000458, points/s
2026/06/17 11:50:15 INFO  [benchmark.tsdb.DBWrapper] DataClientService-thread-1 insert one batch latency (device: d_1, sg: g_0) ,1.46, ms, throughput ,34257.06363523626, points/s
2026/06/17 11:50:15 INFO  [benchmark.tsdb.DBWrapper] DataClientService-thread-1 insert one batch latency (device: d_2, sg: g_0) ,1.37, ms, throughput ,36498.08202578955, points/s
2026/06/17 11:50:15 INFO  [benchmark.tsdb.DBWrapper] DataClientService-thread-1 insert one batch latency (device: d_3, sg: g_0) ,1.30, ms, throughput ,38586.94603615597, points/s
2026/06/17 11:50:15 INFO  [benchmark.tsdb.DBWrapper] DataClientService-thread-1 insert one batch latency (device: d_4, sg: g_0) ,1.57, ms, throughput ,31937.780094331425, points/s
2026/06/17 11:50:15 INFO  [benchmark.tsdb.DBWrapper] DataClientService-thread-1 insert one batch latency (device: d_5, sg: g_0) ,1.66, ms, throughput ,30116.454305508538, points/s
2026/06/17 11:50:15 INFO  [benchmark.tsdb.DBWrapper] DataClientService-thread-1 insert one batch latency (device: d_6, sg: g_0) ,1.42, ms, throughput ,35299.466554461425, points/s
2026/06/17 11:50:15 INFO  [benchmark.tsdb.DBWrapper] DataClientService-thread-1 insert one batch latency (device: d_7, sg: g_0) ,1.60, ms, throughput ,31199.59315730523, points/s
2026/06/17 11:50:15 INFO  [benchmark.tsdb.DBWrapper] DataClientService-thread-1 insert one batch latency (device: d_8, sg: g_0) ,1.48, ms, throughput ,33739.625908523776, points/s
2026/06/17 11:50:15 INFO  [benchmark.tsdb.DBWrapper] DataClientService-thread-1 insert one batch latency (device: d_9, sg: g_0) ,1.30, ms, throughput ,38407.73808380722, points/s
2026/06/17 11:50:15 INFO  [benchmark.tsdb.DBWrapper] DataClientService-thread-1 insert one batch latency (device: d_10, sg: g_0) ,1.28, ms, throughput ,38955.585179113885, points/s
2026/06/17 11:50:15 INFO  [benchmark.tsdb.DBWrapper] DataClientService-thread-1 insert one batch latency (device: d_11, sg: g_0) ,1.23, ms, throughput ,40504.589980136545, points/s
2026/06/17 11:50:15 INFO  [benchmark.tsdb.DBWrapper] DataClientService-thread-1 insert one batch latency (device: d_12, sg: g_0) ,1.23, ms, throughput ,40498.91422410965, points/s
2026/06/17 11:50:15 INFO  [benchmark.tsdb.DBWrapper] DataClientService-thread-1 insert one batch latency (device: d_13, sg: g_0) ,1.10, ms, throughput ,45384.85906639714, points/s
2026/06/17 11:50:15 INFO  [benchmark.tsdb.DBWrapper] DataClientService-thread-1 insert one batch latency (device: d_14, sg: g_0) ,1.27, ms, throughput ,39477.10209647099, points/s
2026/06/17 11:50:15 INFO  [benchmark.tsdb.DBWrapper] DataClientService-thread-1 insert one batch latency (device: d_15, sg: g_0) ,1.34, ms, throughput ,37197.011740864786, points/s
2026/06/17 11:50:15 INFO  [benchmark.tsdb.DBWrapper] DataClientService-thread-1 insert one batch latency (device: d_16, sg: g_0) ,1.23, ms, throughput ,40804.1019547613, points/s
2026/06/17 11:50:15 INFO  [benchmark.tsdb.DBWrapper] DataClientService-thread-1 insert one batch latency (device: d_17, sg: g_0) ,1.26, ms, throughput ,39580.447259054024, points/s
2026/06/17 11:50:15 INFO  [benchmark.tsdb.DBWrapper] DataClientService-thread-1 insert one batch latency (device: d_18, sg: g_0) ,1.27, ms, throughput ,39221.531051686135, points/s
2026/06/17 11:50:15 INFO  [benchmark.tsdb.DBWrapper] DataClientService-thread-1 insert one batch latency (device: d_19, sg: g_0) ,1.38, ms, throughput ,36285.23386921785, points/s
2026/06/17 11:50:15 INFO  [benchmark.tsdb.DBWrapper] DataClientService-thread-1 insert one batch latency (device: d_0, sg: g_0) ,1.19, ms, throughput ,41979.554277884505, points/s
2026/06/17 11:50:15 INFO  [benchmark.tsdb.DBWrapper] DataClientService-thread-1 insert one batch latency (device: d_1, sg: g_0) ,1.31, ms, throughput ,38058.875558133404, points/s
2026/06/17 11:50:15 INFO  [benchmark.tsdb.DBWrapper] DataClientService-thread-1 insert one batch latency (device: d_2, sg: g_0) ,1.43, ms, throughput ,34948.73370253176, points/s
2026/06/17 11:50:15 INFO  [benchmark.tsdb.DBWrapper] DataClientService-thread-1 insert one batch latency (device: d_3, sg: g_0) ,1.43, ms, throughput ,34880.61412204448, points/s
2026/06/17 11:50:15 INFO  [benchmark.tsdb.DBWrapper] DataClientService-thread-1 insert one batch latency (device: d_4, sg: g_0) ,1.13, ms, throughput ,44152.29362334915, points/s
2026/06/17 11:50:15 INFO  [benchmark.tsdb.DBWrapper] DataClientService-thread-1 insert one batch latency (device: d_5, sg: g_0) ,1.12, ms, throughput ,44504.33739272229, points/s
2026/06/17 11:50:15 INFO  [benchmark.tsdb.DBWrapper] DataClientService-thread-1 insert one batch latency (device: d_6, sg: g_0) ,1.19, ms, throughput ,42051.43731812754, points/s
2026/06/17 11:50:15 INFO  [benchmark.tsdb.DBWrapper] DataClientService-thread-1 insert one batch latency (device: d_7, sg: g_0) ,0.97, ms, throughput ,51311.94377852944, points/s
2026/06/17 11:50:15 INFO  [benchmark.tsdb.DBWrapper] DataClientService-thread-1 insert one batch latency (device: d_8, sg: g_0) ,1.20, ms, throughput ,41706.42679354318, points/s
2026/06/17 11:50:15 INFO  [benchmark.tsdb.DBWrapper] DataClientService-thread-1 insert one batch latency (device: d_9, sg: g_0) ,1.42, ms, throughput ,35306.84472614599, points/s
2026/06/17 11:50:15 INFO  [benchmark.tsdb.DBWrapper] DataClientService-thread-1 insert one batch latency (device: d_10, sg: g_0) ,1.32, ms, throughput ,37961.75732567012, points/s
2026/06/17 11:50:15 INFO  [benchmark.tsdb.DBWrapper] DataClientService-thread-1 insert one batch latency (device: d_11, sg: g_0) ,1.38, ms, throughput ,36315.0929884271, points/s
2026/06/17 11:50:15 INFO  [benchmark.tsdb.DBWrapper] DataClientService-thread-1 insert one batch latency (device: d_12, sg: g_0) ,1.55, ms, throughput ,32288.97860919745, points/s
2026/06/17 11:50:15 INFO  [benchmark.tsdb.DBWrapper] DataClientService-thread-1 insert one batch latency (device: d_13, sg: g_0) ,1.22, ms, throughput ,40926.142228166515, points/s
2026/06/17 11:50:15 INFO  [benchmark.tsdb.DBWrapper] DataClientService-thread-1 insert one batch latency (device: d_14, sg: g_0) ,1.27, ms, throughput ,39245.63608149592, points/s
2026/06/17 11:50:15 INFO  [benchmark.tsdb.DBWrapper] DataClientService-thread-1 insert one batch latency (device: d_15, sg: g_0) ,1.29, ms, throughput ,38816.771640156105, points/s
2026/06/17 11:50:15 INFO  [benchmark.tsdb.DBWrapper] DataClientService-thread-1 insert one batch latency (device: d_16, sg: g_0) ,1.26, ms, throughput ,39733.87837618765, points/s
2026/06/17 11:50:15 INFO  [benchmark.tsdb.DBWrapper] DataClientService-thread-1 insert one batch latency (device: d_17, sg: g_0) ,1.64, ms, throughput ,30571.073772280964, points/s
2026/06/17 11:50:15 INFO  [benchmark.tsdb.DBWrapper] DataClientService-thread-1 insert one batch latency (device: d_18, sg: g_0) ,1.59, ms, throughput ,31545.46268991946, points/s
2026/06/17 11:50:15 INFO  [benchmark.tsdb.DBWrapper] DataClientService-thread-1 insert one batch latency (device: d_19, sg: g_0) ,1.27, ms, throughput ,39326.10781645719, points/s
2026/06/17 11:50:15 INFO  [benchmark.tsdb.DBWrapper] DataClientService-thread-1 insert one batch latency (device: d_0, sg: g_0) ,1.80, ms, throughput ,27799.677746135567, points/s
2026/06/17 11:50:15 INFO  [benchmark.tsdb.DBWrapper] DataClientService-thread-1 insert one batch latency (device: d_1, sg: g_0) ,1.63, ms, throughput ,30735.828017059615, points/s
2026/06/17 11:50:15 INFO  [benchmark.tsdb.DBWrapper] DataClientService-thread-1 insert one batch latency (device: d_2, sg: g_0) ,1.93, ms, throughput ,25918.31170191039, points/s
2026/06/17 11:50:15 INFO  [benchmark.tsdb.DBWrapper] DataClientService-thread-1 insert one batch latency (device: d_3, sg: g_0) ,2.08, ms, throughput ,23982.713260281987, points/s
2026/06/17 11:50:15 INFO  [benchmark.tsdb.DBWrapper] DataClientService-thread-1 insert one batch latency (device: d_4, sg: g_0) ,1.99, ms, throughput ,25156.460606743643, points/s
2026/06/17 11:50:15 INFO  [benchmark.tsdb.DBWrapper] DataClientService-thread-1 insert one batch latency (device: d_5, sg: g_0) ,1.89, ms, throughput ,26413.11485109078, points/s
2026/06/17 11:50:15 INFO  [benchmark.tsdb.DBWrapper] DataClientService-thread-1 insert one batch latency (device: d_6, sg: g_0) ,2.14, ms, throughput ,23326.476904221952, points/s
2026/06/17 11:50:15 INFO  [benchmark.tsdb.DBWrapper] DataClientService-thread-1 insert one batch latency (device: d_7, sg: g_0) ,2.33, ms, throughput ,21462.51593055245, points/s
2026/06/17 11:50:15 INFO  [benchmark.tsdb.DBWrapper] DataClientService-thread-1 insert one batch latency (device: d_8, sg: g_0) ,2.33, ms, throughput ,21491.88960561953, points/s
2026/06/17 11:50:15 INFO  [benchmark.tsdb.DBWrapper] DataClientService-thread-1 insert one batch latency (device: d_9, sg: g_0) ,2.47, ms, throughput ,20236.90945156761, points/s
2026/06/17 11:50:15 INFO  [benchmark.tsdb.DBWrapper] DataClientService-thread-1 insert one batch latency (device: d_10, sg: g_0) ,2.91, ms, throughput ,17198.856620011902, points/s
2026/06/17 11:50:15 INFO  [benchmark.tsdb.DBWrapper] DataClientService-thread-1 insert one batch latency (device: d_11, sg: g_0) ,5.10, ms, throughput ,9811.124087957904, points/s
2026/06/17 11:50:15 INFO  [benchmark.tsdb.DBWrapper] DataClientService-thread-1 insert one batch latency (device: d_12, sg: g_0) ,2.82, ms, throughput ,17719.230290811553, points/s
2026/06/17 11:50:15 INFO  [benchmark.tsdb.DBWrapper] DataClientService-thread-1 insert one batch latency (device: d_13, sg: g_0) ,3.01, ms, throughput ,16585.739315964303, points/s
2026/06/17 11:50:15 INFO  [benchmark.tsdb.DBWrapper] DataClientService-thread-1 insert one batch latency (device: d_14, sg: g_0) ,3.01, ms, throughput ,16603.495899268582, points/s
2026/06/17 11:50:15 INFO  [benchmark.tsdb.DBWrapper] DataClientService-thread-1 insert one batch latency (device: d_15, sg: g_0) ,2.44, ms, throughput ,20456.909157412643, points/s
2026/06/17 11:50:15 INFO  [benchmark.tsdb.DBWrapper] DataClientService-thread-1 insert one batch latency (device: d_16, sg: g_0) ,2.44, ms, throughput ,20524.583730655064, points/s
2026/06/17 11:50:15 INFO  [benchmark.tsdb.DBWrapper] DataClientService-thread-1 insert one batch latency (device: d_17, sg: g_0) ,1.92, ms, throughput ,26023.829500196738, points/s
2026/06/17 11:50:15 INFO  [benchmark.tsdb.DBWrapper] DataClientService-thread-1 insert one batch latency (device: d_18, sg: g_0) ,1.62, ms, throughput ,30921.096165227496, points/s
2026/06/17 11:50:15 INFO  [benchmark.tsdb.DBWrapper] DataClientService-thread-1 insert one batch latency (device: d_19, sg: g_0) ,1.25, ms, throughput ,39894.200580061675, points/s
2026/06/17 11:50:15 INFO  [benchmark.tsdb.DBWrapper] DataClientService-thread-1 insert one batch latency (device: d_0, sg: g_0) ,1.13, ms, throughput ,44266.434356419166, points/s
2026/06/17 11:50:15 INFO  [benchmark.tsdb.DBWrapper] DataClientService-thread-1 insert one batch latency (device: d_1, sg: g_0) ,1.11, ms, throughput ,45202.52085418299, points/s
2026/06/17 11:50:15 INFO  [benchmark.tsdb.DBWrapper] DataClientService-thread-1 insert one batch latency (device: d_2, sg: g_0) ,1.40, ms, throughput ,35693.379591953286, points/s
2026/06/17 11:50:15 INFO  [benchmark.tsdb.DBWrapper] DataClientService-thread-1 insert one batch latency (device: d_3, sg: g_0) ,1.85, ms, throughput ,26983.794612307633, points/s
2026/06/17 11:50:15 INFO  [benchmark.tsdb.DBWrapper] DataClientService-thread-1 insert one batch latency (device: d_4, sg: g_0) ,2.19, ms, throughput ,22832.290887039064, points/s
2026/06/17 11:50:15 INFO  [benchmark.tsdb.DBWrapper] DataClientService-thread-1 insert one batch latency (device: d_5, sg: g_0) ,2.24, ms, throughput ,22276.209854371507, points/s
2026/06/17 11:50:15 INFO  [benchmark.tsdb.DBWrapper] DataClientService-thread-1 insert one batch latency (device: d_6, sg: g_0) ,1.98, ms, throughput ,25285.114956246634, points/s
2026/06/17 11:50:15 INFO  [benchmark.tsdb.DBWrapper] DataClientService-thread-1 insert one batch latency (device: d_7, sg: g_0) ,2.49, ms, throughput ,20087.99344649302, points/s
2026/06/17 11:50:15 INFO  [benchmark.tsdb.DBWrapper] DataClientService-thread-1 insert one batch latency (device: d_8, sg: g_0) ,2.56, ms, throughput ,19513.78668543112, points/s
2026/06/17 11:50:15 INFO  [benchmark.tsdb.DBWrapper] DataClientService-thread-1 insert one batch latency (device: d_9, sg: g_0) ,2.59, ms, throughput ,19316.094362984182, points/s
2026/06/17 11:50:15 INFO  [benchmark.tsdb.DBWrapper] DataClientService-thread-1 insert one batch latency (device: d_10, sg: g_0) ,2.51, ms, throughput ,19948.381567855016, points/s
2026/06/17 11:50:15 INFO  [benchmark.tsdb.DBWrapper] DataClientService-thread-1 insert one batch latency (device: d_11, sg: g_0) ,3.38, ms, throughput ,14795.416380005474, points/s
2026/06/17 11:50:15 INFO  [benchmark.tsdb.DBWrapper] DataClientService-thread-1 insert one batch latency (device: d_12, sg: g_0) ,2.25, ms, throughput ,22177.14840016269, points/s
2026/06/17 11:50:15 INFO  [benchmark.tsdb.DBWrapper] DataClientService-thread-1 insert one batch latency (device: d_13, sg: g_0) ,1.99, ms, throughput ,25111.406756073317, points/s
2026/06/17 11:50:15 INFO  [benchmark.tsdb.DBWrapper] DataClientService-thread-1 insert one batch latency (device: d_14, sg: g_0) ,1.69, ms, throughput ,29627.22433793523, points/s
2026/06/17 11:50:15 INFO  [benchmark.tsdb.DBWrapper] DataClientService-thread-1 insert one batch latency (device: d_15, sg: g_0) ,1.84, ms, throughput ,27238.263440857285, points/s
2026/06/17 11:50:15 INFO  [benchmark.tsdb.DBWrapper] DataClientService-thread-1 insert one batch latency (device: d_16, sg: g_0) ,2.29, ms, throughput ,21830.286116461957, points/s
2026/06/17 11:50:15 INFO  [benchmark.tsdb.DBWrapper] DataClientService-thread-1 insert one batch latency (device: d_17, sg: g_0) ,2.60, ms, throughput ,19213.211311509174, points/s
2026/06/17 11:50:15 INFO  [benchmark.tsdb.DBWrapper] DataClientService-thread-1 insert one batch latency (device: d_18, sg: g_0) ,2.71, ms, throughput ,18451.376011366046, points/s
2026/06/17 11:50:15 INFO  [benchmark.tsdb.DBWrapper] DataClientService-thread-1 insert one batch latency (device: d_19, sg: g_0) ,3.52, ms, throughput ,14222.45281559054, points/s
2026/06/17 11:50:15 INFO  [benchmark.tsdb.DBWrapper] DataClientService-thread-1 insert one batch latency (device: d_0, sg: g_0) ,3.97, ms, throughput ,12600.660375408954, points/s
2026/06/17 11:50:15 INFO  [benchmark.tsdb.DBWrapper] DataClientService-thread-1 insert one batch latency (device: d_1, sg: g_0) ,4.78, ms, throughput ,10470.232814002806, points/s
2026/06/17 11:50:15 INFO  [benchmark.tsdb.DBWrapper] DataClientService-thread-1 insert one batch latency (device: d_2, sg: g_0) ,3.42, ms, throughput ,14633.35257131418, points/s
2026/06/17 11:50:15 INFO  [benchmark.tsdb.DBWrapper] DataClientService-thread-1 insert one batch latency (device: d_3, sg: g_0) ,2.97, ms, throughput ,16833.945583934223, points/s
2026/06/17 11:50:15 INFO  [benchmark.tsdb.DBWrapper] DataClientService-thread-1 insert one batch latency (device: d_4, sg: g_0) ,2.65, ms, throughput ,18848.343588717078, points/s
2026/06/17 11:50:15 INFO  [benchmark.tsdb.DBWrapper] DataClientService-thread-1 insert one batch latency (device: d_5, sg: g_0) ,1.98, ms, throughput ,25272.500739220646, points/s
2026/06/17 11:50:15 INFO  [benchmark.tsdb.DBWrapper] DataClientService-thread-1 insert one batch latency (device: d_6, sg: g_0) ,2.00, ms, throughput ,24992.639667617885, points/s
2026/06/17 11:50:15 INFO  [benchmark.tsdb.DBWrapper] DataClientService-thread-1 insert one batch latency (device: d_7, sg: g_0) ,1.46, ms, throughput ,34355.52471192893, points/s
2026/06/17 11:50:15 INFO  [benchmark.tsdb.DBWrapper] DataClientService-thread-1 insert one batch latency (device: d_8, sg: g_0) ,1.29, ms, throughput ,38744.31233494922, points/s
2026/06/17 11:50:15 INFO  [benchmark.tsdb.DBWrapper] DataClientService-thread-1 insert one batch latency (device: d_9, sg: g_0) ,1.15, ms, throughput ,43641.899016137024, points/s
2026/06/17 11:50:15 INFO  [benchmark.tsdb.DBWrapper] DataClientService-thread-1 insert one batch latency (device: d_10, sg: g_0) ,1.07, ms, throughput ,46859.03863996326, points/s
2026/06/17 11:50:15 INFO  [benchmark.tsdb.DBWrapper] DataClientService-thread-1 insert one batch latency (device: d_11, sg: g_0) ,1.25, ms, throughput ,39999.4560073983, points/s
2026/06/17 11:50:15 INFO  [benchmark.tsdb.DBWrapper] DataClientService-thread-1 insert one batch latency (device: d_12, sg: g_0) ,1.07, ms, throughput ,46599.2778975897, points/s
2026/06/17 11:50:15 INFO  [benchmark.tsdb.DBWrapper] DataClientService-thread-1 insert one batch latency (device: d_13, sg: g_0) ,1.22, ms, throughput ,41122.10716256638, points/s
2026/06/17 11:50:15 INFO  [benchmark.tsdb.DBWrapper] DataClientService-thread-1 insert one batch latency (device: d_14, sg: g_0) ,1.02, ms, throughput ,48935.60172683951, points/s
2026/06/17 11:50:15 INFO  [benchmark.tsdb.DBWrapper] DataClientService-thread-1 insert one batch latency (device: d_15, sg: g_0) ,1.20, ms, throughput ,41545.803001434986, points/s
2026/06/17 11:50:15 INFO  [benchmark.tsdb.DBWrapper] DataClientService-thread-1 insert one batch latency (device: d_16, sg: g_0) ,1.11, ms, throughput ,44886.52686009767, points/s
2026/06/17 11:50:15 INFO  [benchmark.tsdb.DBWrapper] DataClientService-thread-1 insert one batch latency (device: d_17, sg: g_0) ,1.10, ms, throughput ,45415.73564408596, points/s
2026/06/17 11:50:15 INFO  [benchmark.tsdb.DBWrapper] DataClientService-thread-1 insert one batch latency (device: d_18, sg: g_0) ,1.19, ms, throughput ,42189.3220513461, points/s
2026/06/17 11:50:15 INFO  [benchmark.tsdb.DBWrapper] DataClientService-thread-1 insert one batch latency (device: d_19, sg: g_0) ,1.11, ms, throughput ,44953.19473364333, points/s
2026/06/17 11:50:15 INFO  [benchmark.tsdb.DBWrapper] DataClientService-thread-1 insert one batch latency (device: d_0, sg: g_0) ,1.00, ms, throughput ,50120.23845204646, points/s
2026/06/17 11:50:15 INFO  [benchmark.tsdb.DBWrapper] DataClientService-thread-1 insert one batch latency (device: d_1, sg: g_0) ,1.04, ms, throughput ,48082.424815916434, points/s
2026/06/17 11:50:15 INFO  [benchmark.tsdb.DBWrapper] DataClientService-thread-1 insert one batch latency (device: d_2, sg: g_0) ,1.14, ms, throughput ,43924.688486109255, points/s
2026/06/17 11:50:15 INFO  [benchmark.tsdb.DBWrapper] DataClientService-thread-1 insert one batch latency (device: d_3, sg: g_0) ,1.14, ms, throughput ,43694.26250639029, points/s
2026/06/17 11:50:15 INFO  [benchmark.tsdb.DBWrapper] DataClientService-thread-1 insert one batch latency (device: d_4, sg: g_0) ,1.15, ms, throughput ,43401.534504653944, points/s
2026/06/17 11:50:16 INFO  [benchmark.tsdb.DBWrapper] DataClientService-thread-1 insert one batch latency (device: d_5, sg: g_0) ,1.25, ms, throughput ,39922.10399069336, points/s
2026/06/17 11:50:16 INFO  [benchmark.tsdb.DBWrapper] DataClientService-thread-1 insert one batch latency (device: d_6, sg: g_0) ,1.25, ms, throughput ,40008.065626030206, points/s
2026/06/17 11:50:16 INFO  [benchmark.tsdb.DBWrapper] DataClientService-thread-1 insert one batch latency (device: d_7, sg: g_0) ,1.17, ms, throughput ,42773.2095989926, points/s
2026/06/17 11:50:16 INFO  [benchmark.tsdb.DBWrapper] DataClientService-thread-1 insert one batch latency (device: d_8, sg: g_0) ,1.34, ms, throughput ,37443.81555476008, points/s
2026/06/17 11:50:16 INFO  [benchmark.tsdb.DBWrapper] DataClientService-thread-1 insert one batch latency (device: d_9, sg: g_0) ,1.32, ms, throughput ,37791.23817701113, points/s
2026/06/17 11:50:16 INFO  [benchmark.tsdb.DBWrapper] DataClientService-thread-1 insert one batch latency (device: d_10, sg: g_0) ,1.05, ms, throughput ,47621.17923373713, points/s
2026/06/17 11:50:16 INFO  [benchmark.tsdb.DBWrapper] DataClientService-thread-1 insert one batch latency (device: d_11, sg: g_0) ,1.21, ms, throughput ,41235.41297266092, points/s
2026/06/17 11:50:16 INFO  [benchmark.tsdb.DBWrapper] DataClientService-thread-1 insert one batch latency (device: d_12, sg: g_0) ,1.03, ms, throughput ,48383.69430794867, points/s
2026/06/17 11:50:16 INFO  [benchmark.tsdb.DBWrapper] DataClientService-thread-1 insert one batch latency (device: d_13, sg: g_0) ,1.13, ms, throughput ,44085.25736091542, points/s
2026/06/17 11:50:16 INFO  [benchmark.tsdb.DBWrapper] DataClientService-thread-1 insert one batch latency (device: d_14, sg: g_0) ,1.03, ms, throughput ,48682.315759341895, points/s
2026/06/17 11:50:16 INFO  [benchmark.tsdb.DBWrapper] DataClientService-thread-1 insert one batch latency (device: d_15, sg: g_0) ,1.07, ms, throughput ,46718.23113564545, points/s
2026/06/17 11:50:16 INFO  [benchmark.tsdb.DBWrapper] DataClientService-thread-1 insert one batch latency (device: d_16, sg: g_0) ,1.19, ms, throughput ,41930.44410210566, points/s
2026/06/17 11:50:16 INFO  [benchmark.tsdb.DBWrapper] DataClientService-thread-1 insert one batch latency (device: d_17, sg: g_0) ,1.22, ms, throughput ,41075.825151713565, points/s
2026/06/17 11:50:16 INFO  [benchmark.tsdb.DBWrapper] DataClientService-thread-1 insert one batch latency (device: d_18, sg: g_0) ,1.27, ms, throughput ,39263.41827319487, points/s
2026/06/17 11:50:16 INFO  [benchmark.tsdb.DBWrapper] DataClientService-thread-1 insert one batch latency (device: d_19, sg: g_0) ,1.40, ms, throughput ,35733.837228083365, points/s
2026/06/17 11:50:16 INFO  [benchmark.tsdb.DBWrapper] DataClientService-thread-1 insert one batch latency (device: d_0, sg: g_0) ,1.40, ms, throughput ,35822.7775548805, points/s
2026/06/17 11:50:16 INFO  [benchmark.tsdb.DBWrapper] DataClientService-thread-1 insert one batch latency (device: d_1, sg: g_0) ,8.20, ms, throughput ,6095.070916150109, points/s
2026/06/17 11:50:16 INFO  [benchmark.tsdb.DBWrapper] DataClientService-thread-1 insert one batch latency (device: d_2, sg: g_0) ,1.42, ms, throughput ,35161.101133171964, points/s
2026/06/17 11:50:16 INFO  [benchmark.tsdb.DBWrapper] DataClientService-thread-1 insert one batch latency (device: d_3, sg: g_0) ,1.28, ms, throughput ,39030.54374231098, points/s
2026/06/17 11:50:16 INFO  [benchmark.tsdb.DBWrapper] DataClientService-thread-1 insert one batch latency (device: d_4, sg: g_0) ,1.02, ms, throughput ,49074.84109566453, points/s
2026/06/17 11:50:16 INFO  [benchmark.tsdb.DBWrapper] DataClientService-thread-1 insert one batch latency (device: d_5, sg: g_0) ,1.01, ms, throughput ,49552.589667888635, points/s
2026/06/17 11:50:16 INFO  [benchmark.tsdb.DBWrapper] DataClientService-thread-1 insert one batch latency (device: d_6, sg: g_0) ,1.16, ms, throughput ,42962.228467975525, points/s
2026/06/17 11:50:16 INFO  [benchmark.tsdb.DBWrapper] DataClientService-thread-1 insert one batch latency (device: d_7, sg: g_0) ,0.94, ms, throughput ,53041.67484392487, points/s
2026/06/17 11:50:16 INFO  [benchmark.tsdb.DBWrapper] DataClientService-thread-1 insert one batch latency (device: d_8, sg: g_0) ,1.00, ms, throughput ,49880.38683237597, points/s
2026/06/17 11:50:16 INFO  [benchmark.tsdb.DBWrapper] DataClientService-thread-1 insert one batch latency (device: d_9, sg: g_0) ,1.14, ms, throughput ,43991.66270008508, points/s
2026/06/17 11:50:16 INFO  [benchmark.tsdb.DBWrapper] DataClientService-thread-1 insert one batch latency (device: d_10, sg: g_0) ,1.19, ms, throughput ,42016.912647678946, points/s
2026/06/17 11:50:16 INFO  [benchmark.tsdb.DBWrapper] DataClientService-thread-1 insert one batch latency (device: d_11, sg: g_0) ,1.13, ms, throughput ,44131.91205039511, points/s
2026/06/17 11:50:16 INFO  [benchmark.tsdb.DBWrapper] DataClientService-thread-1 insert one batch latency (device: d_12, sg: g_0) ,1.27, ms, throughput ,39270.97364524959, points/s
2026/06/17 11:50:16 INFO  [benchmark.tsdb.DBWrapper] DataClientService-thread-1 insert one batch latency (device: d_13, sg: g_0) ,1.05, ms, throughput ,47409.27287450007, points/s
2026/06/17 11:50:16 INFO  [benchmark.tsdb.DBWrapper] DataClientService-thread-1 insert one batch latency (device: d_14, sg: g_0) ,1.10, ms, throughput ,45406.29095079865, points/s
2026/06/17 11:50:16 INFO  [benchmark.tsdb.DBWrapper] DataClientService-thread-1 insert one batch latency (device: d_15, sg: g_0) ,1.43, ms, throughput ,34853.96537049417, points/s
2026/06/17 11:50:16 INFO  [benchmark.tsdb.DBWrapper] DataClientService-thread-1 insert one batch latency (device: d_16, sg: g_0) ,2.17, ms, throughput ,22999.503210730647, points/s
2026/06/17 11:50:16 INFO  [benchmark.tsdb.DBWrapper] DataClientService-thread-1 insert one batch latency (device: d_17, sg: g_0) ,1.32, ms, throughput ,37755.68147494835, points/s
2026/06/17 11:50:16 INFO  [benchmark.tsdb.DBWrapper] DataClientService-thread-1 insert one batch latency (device: d_18, sg: g_0) ,1.19, ms, throughput ,42077.48316059124, points/s
2026/06/17 11:50:16 INFO  [benchmark.tsdb.DBWrapper] DataClientService-thread-1 insert one batch latency (device: d_19, sg: g_0) ,1.26, ms, throughput ,39725.891349687154, points/s
2026/06/17 11:50:16 INFO  [benchmark.tsdb.DBWrapper] DataClientService-thread-1 insert one batch latency (device: d_0, sg: g_0) ,1.24, ms, throughput ,40366.8213792374, points/s
2026/06/17 11:50:16 INFO  [benchmark.tsdb.DBWrapper] DataClientService-thread-1 insert one batch latency (device: d_1, sg: g_0) ,1.09, ms, throughput ,45816.957589075035, points/s
2026/06/17 11:50:16 INFO  [benchmark.tsdb.DBWrapper] DataClientService-thread-1 insert one batch latency (device: d_2, sg: g_0) ,1.20, ms, throughput ,41501.07736796847, points/s
2026/06/17 11:50:16 INFO  [benchmark.tsdb.DBWrapper] DataClientService-thread-1 insert one batch latency (device: d_3, sg: g_0) ,1.38, ms, throughput ,36250.03534378446, points/s
2026/06/17 11:50:16 INFO  [benchmark.tsdb.DBWrapper] DataClientService-thread-1 insert one batch latency (device: d_4, sg: g_0) ,1.23, ms, throughput ,40772.092970157275, points/s
2026/06/17 11:50:16 INFO  [benchmark.tsdb.DBWrapper] DataClientService-thread-1 insert one batch latency (device: d_5, sg: g_0) ,1.13, ms, throughput ,44230.565089699594, points/s
2026/06/17 11:50:16 INFO  [benchmark.tsdb.DBWrapper] DataClientService-thread-1 insert one batch latency (device: d_6, sg: g_0) ,1.30, ms, throughput ,38445.332275317785, points/s
2026/06/17 11:50:16 INFO  [benchmark.tsdb.DBWrapper] DataClientService-thread-1 insert one batch latency (device: d_7, sg: g_0) ,1.21, ms, throughput ,41284.611986574244, points/s
2026/06/17 11:50:16 INFO  [benchmark.tsdb.DBWrapper] DataClientService-thread-1 insert one batch latency (device: d_8, sg: g_0) ,1.11, ms, throughput ,45005.22960768042, points/s
2026/06/17 11:50:16 INFO  [benchmark.tsdb.DBWrapper] DataClientService-thread-1 insert one batch latency (device: d_9, sg: g_0) ,1.11, ms, throughput ,45164.67038823551, points/s
2026/06/17 11:50:16 INFO  [benchmark.tsdb.DBWrapper] DataClientService-thread-1 insert one batch latency (device: d_10, sg: g_0) ,1.12, ms, throughput ,44667.66364891931, points/s
2026/06/17 11:50:16 INFO  [benchmark.tsdb.DBWrapper] DataClientService-thread-1 insert one batch latency (device: d_11, sg: g_0) ,1.02, ms, throughput ,48959.03303951386, points/s
2026/06/17 11:50:16 INFO  [benchmark.tsdb.DBWrapper] DataClientService-thread-1 insert one batch latency (device: d_12, sg: g_0) ,1.04, ms, throughput ,48306.985093430536, points/s
2026/06/17 11:50:16 INFO  [benchmark.tsdb.DBWrapper] DataClientService-thread-1 insert one batch latency (device: d_13, sg: g_0) ,1.05, ms, throughput ,47478.466141681434, points/s
2026/06/17 11:50:16 INFO  [benchmark.tsdb.DBWrapper] DataClientService-thread-1 insert one batch latency (device: d_14, sg: g_0) ,1.20, ms, throughput ,41767.01191278714, points/s
2026/06/17 11:50:16 INFO  [benchmark.tsdb.DBWrapper] DataClientService-thread-1 insert one batch latency (device: d_15, sg: g_0) ,1.07, ms, throughput ,46915.31785127844, points/s
2026/06/17 11:50:16 INFO  [benchmark.tsdb.DBWrapper] DataClientService-thread-1 insert one batch latency (device: d_16, sg: g_0) ,1.17, ms, throughput ,42680.03291484139, points/s
2026/06/17 11:50:16 INFO  [benchmark.tsdb.DBWrapper] DataClientService-thread-1 insert one batch latency (device: d_17, sg: g_0) ,1.07, ms, throughput ,46885.1828756558, points/s
2026/06/17 11:50:16 INFO  [benchmark.tsdb.DBWrapper] DataClientService-thread-1 insert one batch latency (device: d_18, sg: g_0) ,1.16, ms, throughput ,43276.292295002364, points/s
2026/06/17 11:50:16 INFO  [benchmark.tsdb.DBWrapper] DataClientService-thread-1 insert one batch latency (device: d_19, sg: g_0) ,1.05, ms, throughput ,47617.415021961155, points/s
2026/06/17 11:50:16 INFO  [benchmark.tsdb.DBWrapper] DataClientService-thread-1 insert one batch latency (device: d_0, sg: g_0) ,1.17, ms, throughput ,42783.38430260516, points/s
2026/06/17 11:50:16 INFO  [benchmark.tsdb.DBWrapper] DataClientService-thread-1 insert one batch latency (device: d_1, sg: g_0) ,1.15, ms, throughput ,43650.623898367376, points/s
2026/06/17 11:50:16 INFO  [benchmark.tsdb.DBWrapper] DataClientService-thread-1 insert one batch latency (device: d_2, sg: g_0) ,1.25, ms, throughput ,39963.32964871434, points/s
2026/06/17 11:50:16 INFO  [benchmark.tsdb.DBWrapper] DataClientService-thread-1 insert one batch latency (device: d_3, sg: g_0) ,1.52, ms, throughput ,32976.91879499701, points/s
2026/06/17 11:50:16 INFO  [benchmark.tsdb.DBWrapper] DataClientService-thread-1 insert one batch latency (device: d_4, sg: g_0) ,1.31, ms, throughput ,38041.4438706104, points/s
2026/06/17 11:50:16 INFO  [benchmark.tsdb.DBWrapper] DataClientService-thread-1 insert one batch latency (device: d_5, sg: g_0) ,1.35, ms, throughput ,37042.41504692533, points/s
2026/06/17 11:50:16 INFO  [benchmark.tsdb.DBWrapper] DataClientService-thread-1 insert one batch latency (device: d_6, sg: g_0) ,1.67, ms, throughput ,30009.35691748687, points/s
2026/06/17 11:50:16 INFO  [benchmark.tsdb.DBWrapper] DataClientService-thread-1 insert one batch latency (device: d_7, sg: g_0) ,1.23, ms, throughput ,40766.47495552377, points/s
2026/06/17 11:50:16 INFO  [benchmark.tsdb.DBWrapper] DataClientService-thread-1 insert one batch latency (device: d_8, sg: g_0) ,1.16, ms, throughput ,43197.25334584326, points/s
2026/06/17 11:50:16 INFO  [benchmark.tsdb.DBWrapper] DataClientService-thread-1 insert one batch latency (device: d_9, sg: g_0) ,1.26, ms, throughput ,39752.10586780835, points/s
2026/06/17 11:50:16 INFO  [benchmark.tsdb.DBWrapper] DataClientService-thread-1 insert one batch latency (device: d_10, sg: g_0) ,1.22, ms, throughput ,40875.78828957717, points/s
2026/06/17 11:50:16 INFO  [benchmark.tsdb.DBWrapper] DataClientService-thread-1 insert one batch latency (device: d_11, sg: g_0) ,1.06, ms, throughput ,46959.95349086206, points/s
2026/06/17 11:50:16 INFO  [benchmark.tsdb.DBWrapper] DataClientService-thread-1 insert one batch latency (device: d_12, sg: g_0) ,1.28, ms, throughput ,38996.541006812695, points/s
2026/06/17 11:50:16 INFO  [benchmark.tsdb.DBWrapper] DataClientService-thread-1 insert one batch latency (device: d_13, sg: g_0) ,1.25, ms, throughput ,39868.27521867749, points/s
2026/06/17 11:50:16 INFO  [benchmark.tsdb.DBWrapper] DataClientService-thread-1 insert one batch latency (device: d_14, sg: g_0) ,1.08, ms, throughput ,46304.914155319646, points/s
2026/06/17 11:50:16 INFO  [benchmark.tsdb.DBWrapper] DataClientService-thread-1 insert one batch latency (device: d_15, sg: g_0) ,1.15, ms, throughput ,43496.15102559575, points/s
2026/06/17 11:50:16 INFO  [benchmark.tsdb.DBWrapper] DataClientService-thread-1 insert one batch latency (device: d_16, sg: g_0) ,1.21, ms, throughput ,41437.89495493629, points/s
2026/06/17 11:50:16 INFO  [benchmark.tsdb.DBWrapper] DataClientService-thread-1 insert one batch latency (device: d_17, sg: g_0) ,1.48, ms, throughput ,33764.962098830045, points/s
2026/06/17 11:50:16 INFO  [benchmark.tsdb.DBWrapper] DataClientService-thread-1 insert one batch latency (device: d_18, sg: g_0) ,1.29, ms, throughput ,38690.317283815915, points/s
2026/06/17 11:50:16 INFO  [benchmark.tsdb.DBWrapper] DataClientService-thread-1 insert one batch latency (device: d_19, sg: g_0) ,1.22, ms, throughput ,40950.87942013555, points/s
2026/06/17 11:50:16 INFO  [benchmark.tsdb.DBWrapper] DataClientService-thread-1 insert one batch latency (device: d_0, sg: g_0) ,1.17, ms, throughput ,42822.22439188159, points/s
2026/06/17 11:50:16 INFO  [benchmark.tsdb.DBWrapper] DataClientService-thread-1 insert one batch latency (device: d_1, sg: g_0) ,1.28, ms, throughput ,39159.48090192117, points/s
2026/06/17 11:50:16 INFO  [benchmark.tsdb.DBWrapper] DataClientService-thread-1 insert one batch latency (device: d_2, sg: g_0) ,1.15, ms, throughput ,43420.75668484259, points/s
2026/06/17 11:50:16 INFO  [benchmark.tsdb.DBWrapper] DataClientService-thread-1 insert one batch latency (device: d_3, sg: g_0) ,1.23, ms, throughput ,40609.82969049625, points/s
2026/06/17 11:50:16 INFO  [benchmark.tsdb.DBWrapper] DataClientService-thread-1 insert one batch latency (device: d_4, sg: g_0) ,1.26, ms, throughput ,39704.692379954846, points/s
2026/06/17 11:50:16 INFO  [benchmark.tsdb.DBWrapper] DataClientService-thread-1 insert one batch latency (device: d_5, sg: g_0) ,1.28, ms, throughput ,39081.58280410357, points/s
2026/06/17 11:50:16 INFO  [benchmark.tsdb.DBWrapper] DataClientService-thread-1 insert one batch latency (device: d_6, sg: g_0) ,1.20, ms, throughput ,41796.06030335581, points/s
2026/06/17 11:50:16 INFO  [benchmark.tsdb.DBWrapper] DataClientService-thread-1 insert one batch latency (device: d_7, sg: g_0) ,1.29, ms, throughput ,38627.965565486375, points/s
2026/06/17 11:50:16 INFO  [benchmark.tsdb.DBWrapper] DataClientService-thread-1 insert one batch latency (device: d_8, sg: g_0) ,1.17, ms, throughput ,42634.03287254471, points/s
2026/06/17 11:50:16 INFO  [benchmark.tsdb.DBWrapper] DataClientService-thread-1 insert one batch latency (device: d_9, sg: g_0) ,1.36, ms, throughput ,36826.878318101735, points/s
2026/06/17 11:50:16 INFO  [benchmark.tsdb.DBWrapper] DataClientService-thread-1 insert one batch latency (device: d_10, sg: g_0) ,1.13, ms, throughput ,44149.56459699394, points/s
2026/06/17 11:50:16 INFO  [benchmark.tsdb.DBWrapper] DataClientService-thread-1 insert one batch latency (device: d_11, sg: g_0) ,1.83, ms, throughput ,27306.0804087611, points/s
2026/06/17 11:50:16 INFO  [benchmark.tsdb.DBWrapper] DataClientService-thread-1 insert one batch latency (device: d_12, sg: g_0) ,1.80, ms, throughput ,27744.8384889717, points/s
2026/06/17 11:50:16 INFO  [benchmark.tsdb.DBWrapper] DataClientService-thread-1 insert one batch latency (device: d_13, sg: g_0) ,1.16, ms, throughput ,43028.40821567215, points/s
2026/06/17 11:50:16 INFO  [benchmark.tsdb.DBWrapper] DataClientService-thread-1 insert one batch latency (device: d_14, sg: g_0) ,1.09, ms, throughput ,45703.50491038457, points/s
2026/06/17 11:50:16 INFO  [benchmark.tsdb.DBWrapper] DataClientService-thread-1 insert one batch latency (device: d_15, sg: g_0) ,1.21, ms, throughput ,41263.99881159683, points/s
2026/06/17 11:50:16 INFO  [benchmark.tsdb.DBWrapper] DataClientService-thread-1 insert one batch latency (device: d_16, sg: g_0) ,1.25, ms, throughput ,39911.42855774465, points/s
2026/06/17 11:50:16 INFO  [benchmark.tsdb.DBWrapper] DataClientService-thread-1 insert one batch latency (device: d_17, sg: g_0) ,1.37, ms, throughput ,36574.83943645487, points/s
2026/06/17 11:50:16 INFO  [benchmark.tsdb.DBWrapper] DataClientService-thread-1 insert one batch latency (device: d_18, sg: g_0) ,1.73, ms, throughput ,28882.851731035953, points/s
2026/06/17 11:50:16 INFO  [benchmark.tsdb.DBWrapper] DataClientService-thread-1 insert one batch latency (device: d_19, sg: g_0) ,1.42, ms, throughput ,35300.46342448384, points/s
2026/06/17 11:50:16 INFO  [benchmark.tsdb.DBWrapper] DataClientService-thread-1 insert one batch latency (device: d_0, sg: g_0) ,1.30, ms, throughput ,38352.64644766283, points/s
2026/06/17 11:50:16 INFO  [benchmark.tsdb.DBWrapper] DataClientService-thread-1 insert one batch latency (device: d_1, sg: g_0) ,1.17, ms, throughput ,42560.58073061195, points/s
2026/06/17 11:50:16 INFO  [benchmark.tsdb.DBWrapper] DataClientService-thread-1 insert one batch latency (device: d_2, sg: g_0) ,1.28, ms, throughput ,39146.266894550135, points/s
2026/06/17 11:50:16 INFO  [benchmark.tsdb.DBWrapper] DataClientService-thread-1 insert one batch latency (device: d_3, sg: g_0) ,1.11, ms, throughput ,44955.8219138053, points/s
2026/06/17 11:50:16 INFO  [benchmark.tsdb.DBWrapper] DataClientService-thread-1 insert one batch latency (device: d_4, sg: g_0) ,1.07, ms, throughput ,46516.60410183415, points/s
2026/06/17 11:50:16 INFO  [benchmark.tsdb.DBWrapper] DataClientService-thread-1 insert one batch latency (device: d_5, sg: g_0) ,1.26, ms, throughput ,39804.924028322, points/s
2026/06/17 11:50:16 INFO  [benchmark.tsdb.DBWrapper] DataClientService-thread-1 insert one batch latency (device: d_6, sg: g_0) ,1.28, ms, throughput ,39113.4085458104, points/s
2026/06/17 11:50:16 INFO  [benchmark.tsdb.DBWrapper] DataClientService-thread-1 insert one batch latency (device: d_7, sg: g_0) ,1.15, ms, throughput ,43537.58556224003, points/s
2026/06/17 11:50:16 INFO  [benchmark.tsdb.DBWrapper] DataClientService-thread-1 insert one batch latency (device: d_8, sg: g_0) ,1.21, ms, throughput ,41490.36718145148, points/s
2026/06/17 11:50:16 INFO  [benchmark.tsdb.DBWrapper] DataClientService-thread-1 insert one batch latency (device: d_9, sg: g_0) ,1.14, ms, throughput ,43737.75889472933, points/s
2026/06/17 11:50:16 INFO  [benchmark.tsdb.DBWrapper] DataClientService-thread-1 insert one batch latency (device: d_10, sg: g_0) ,1.29, ms, throughput ,38669.49108629561, points/s
2026/06/17 11:50:16 INFO  [benchmark.tsdb.DBWrapper] DataClientService-thread-1 insert one batch latency (device: d_11, sg: g_0) ,1.65, ms, throughput ,30345.88236722159, points/s
2026/06/17 11:50:16 INFO  [benchmark.tsdb.DBWrapper] DataClientService-thread-1 insert one batch latency (device: d_12, sg: g_0) ,1.72, ms, throughput ,29003.36323000015, points/s
2026/06/17 11:50:16 INFO  [benchmark.tsdb.DBWrapper] DataClientService-thread-1 insert one batch latency (device: d_13, sg: g_0) ,1.24, ms, throughput ,40354.11543375428, points/s
2026/06/17 11:50:16 INFO  [benchmark.tsdb.DBWrapper] DataClientService-thread-1 insert one batch latency (device: d_14, sg: g_0) ,1.41, ms, throughput ,35440.156106799615, points/s
2026/06/17 11:50:16 INFO  [benchmark.tsdb.DBWrapper] DataClientService-thread-1 insert one batch latency (device: d_15, sg: g_0) ,1.28, ms, throughput ,39059.32642972759, points/s
2026/06/17 11:50:16 INFO  [benchmark.tsdb.DBWrapper] DataClientService-thread-1 insert one batch latency (device: d_16, sg: g_0) ,1.18, ms, throughput ,42493.59196633148, points/s
2026/06/17 11:50:16 INFO  [benchmark.tsdb.DBWrapper] DataClientService-thread-1 insert one batch latency (device: d_17, sg: g_0) ,1.27, ms, throughput ,39505.3612725783, points/s
2026/06/17 11:50:16 INFO  [benchmark.tsdb.DBWrapper] DataClientService-thread-1 insert one batch latency (device: d_18, sg: g_0) ,1.24, ms, throughput ,40411.975846570276, points/s
2026/06/17 11:50:16 INFO  [benchmark.tsdb.DBWrapper] DataClientService-thread-1 insert one batch latency (device: d_19, sg: g_0) ,1.08, ms, throughput ,46100.32722012261, points/s
2026/06/17 11:50:16 INFO  [benchmark.tsdb.DBWrapper] DataClientService-thread-1 insert one batch latency (device: d_0, sg: g_0) ,1.23, ms, throughput ,40489.10842983237, points/s
2026/06/17 11:50:16 INFO  [benchmark.tsdb.DBWrapper] DataClientService-thread-1 insert one batch latency (device: d_1, sg: g_0) ,1.27, ms, throughput ,39484.02279017796, points/s
2026/06/17 11:50:16 INFO  [benchmark.tsdb.DBWrapper] DataClientService-thread-1 insert one batch latency (device: d_2, sg: g_0) ,1.41, ms, throughput ,35459.78576615832, points/s
2026/06/17 11:50:16 INFO  [benchmark.tsdb.DBWrapper] DataClientService-thread-1 insert one batch latency (device: d_3, sg: g_0) ,1.32, ms, throughput ,37752.118082585024, points/s
2026/06/17 11:50:16 INFO  [benchmark.tsdb.DBWrapper] DataClientService-thread-1 insert one batch latency (device: d_4, sg: g_0) ,1.10, ms, throughput ,45657.26370539742, points/s
2026/06/17 11:50:16 INFO  [benchmark.tsdb.DBWrapper] DataClientService-thread-1 insert one batch latency (device: d_5, sg: g_0) ,1.27, ms, throughput ,39320.66473942982, points/s
2026/06/17 11:50:16 INFO  [benchmark.tsdb.DBWrapper] DataClientService-thread-1 insert one batch latency (device: d_6, sg: g_0) ,1.33, ms, throughput ,37469.20967694797, points/s
2026/06/17 11:50:16 INFO  [benchmark.tsdb.DBWrapper] DataClientService-thread-1 insert one batch latency (device: d_7, sg: g_0) ,1.29, ms, throughput ,38620.56606936099, points/s
2026/06/17 11:50:16 INFO  [benchmark.tsdb.DBWrapper] DataClientService-thread-1 insert one batch latency (device: d_8, sg: g_0) ,1.11, ms, throughput ,44952.46726111809, points/s
2026/06/17 11:50:16 INFO  [benchmark.tsdb.DBWrapper] DataClientService-thread-1 insert one batch latency (device: d_9, sg: g_0) ,0.99, ms, throughput ,50750.034763773816, points/s
2026/06/17 11:50:16 INFO  [benchmark.tsdb.DBWrapper] DataClientService-thread-1 insert one batch latency (device: d_10, sg: g_0) ,1.24, ms, throughput ,40414.491019900095, points/s
2026/06/17 11:50:16 INFO  [benchmark.tsdb.DBWrapper] DataClientService-thread-1 insert one batch latency (device: d_11, sg: g_0) ,1.06, ms, throughput ,47243.662971267346, points/s
2026/06/17 11:50:16 INFO  [benchmark.tsdb.DBWrapper] DataClientService-thread-1 insert one batch latency (device: d_12, sg: g_0) ,1.17, ms, throughput ,42895.81036620153, points/s
2026/06/17 11:50:16 INFO  [benchmark.tsdb.DBWrapper] DataClientService-thread-1 insert one batch latency (device: d_13, sg: g_0) ,1.22, ms, throughput ,40832.82632573979, points/s
2026/06/17 11:50:16 INFO  [benchmark.tsdb.DBWrapper] DataClientService-thread-1 insert one batch latency (device: d_14, sg: g_0) ,1.04, ms, throughput ,47967.75032210344, points/s
2026/06/17 11:50:16 INFO  [benchmark.tsdb.DBWrapper] DataClientService-thread-1 insert one batch latency (device: d_15, sg: g_0) ,1.29, ms, throughput ,38802.37253226611, points/s
2026/06/17 11:50:16 INFO  [benchmark.tsdb.DBWrapper] DataClientService-thread-1 insert one batch latency (device: d_16, sg: g_0) ,1.52, ms, throughput ,32914.81054564198, points/s
2026/06/17 11:50:16 INFO  [benchmark.tsdb.DBWrapper] DataClientService-thread-1 insert one batch latency (device: d_17, sg: g_0) ,1.30, ms, throughput ,38513.7097252509, points/s
2026/06/17 11:50:16 INFO  [benchmark.tsdb.DBWrapper] DataClientService-thread-1 insert one batch latency (device: d_18, sg: g_0) ,1.30, ms, throughput ,38377.96306658346, points/s
2026/06/17 11:50:16 INFO  [benchmark.tsdb.DBWrapper] DataClientService-thread-1 insert one batch latency (device: d_19, sg: g_0) ,1.10, ms, throughput ,45332.51855686647, points/s
2026/06/17 11:50:16 INFO  [benchmark.tsdb.DBWrapper] DataClientService-thread-1 insert one batch latency (device: d_0, sg: g_0) ,1.20, ms, throughput ,41603.84486092666, points/s
2026/06/17 11:50:16 INFO  [benchmark.tsdb.DBWrapper] DataClientService-thread-1 insert one batch latency (device: d_1, sg: g_0) ,1.09, ms, throughput ,46038.31124108238, points/s
2026/06/17 11:50:16 INFO  [benchmark.tsdb.DBWrapper] DataClientService-thread-1 insert one batch latency (device: d_2, sg: g_0) ,0.98, ms, throughput ,50789.62632040331, points/s
2026/06/17 11:50:16 INFO  [benchmark.tsdb.DBWrapper] DataClientService-thread-1 insert one batch latency (device: d_3, sg: g_0) ,1.26, ms, throughput ,39597.71885461222, points/s
2026/06/17 11:50:16 INFO  [benchmark.tsdb.DBWrapper] DataClientService-thread-1 insert one batch latency (device: d_4, sg: g_0) ,1.13, ms, throughput ,44384.55488505289, points/s
2026/06/17 11:50:16 INFO  [benchmark.mode.BaseMode] DataClientService-thread-1 36.00% workload is done.
2026/06/17 11:50:16 INFO  [benchmark.tsdb.DBWrapper] DataClientService-thread-1 insert one batch latency (device: d_5, sg: g_0) ,490.48, ms, throughput ,101.94179505987697, points/s
2026/06/17 11:50:16 INFO  [benchmark.tsdb.DBWrapper] DataClientService-thread-1 insert one batch latency (device: d_6, sg: g_0) ,2.42, ms, throughput ,20668.331156269116, points/s
2026/06/17 11:50:16 INFO  [benchmark.tsdb.DBWrapper] DataClientService-thread-1 insert one batch latency (device: d_7, sg: g_0) ,7.16, ms, throughput ,6978.878424448407, points/s
2026/06/17 11:50:16 INFO  [benchmark.tsdb.DBWrapper] DataClientService-thread-1 insert one batch latency (device: d_8, sg: g_0) ,1.41, ms, throughput ,35422.4301912457, points/s
2026/06/17 11:50:16 INFO  [benchmark.tsdb.DBWrapper] DataClientService-thread-1 insert one batch latency (device: d_9, sg: g_0) ,1.26, ms, throughput ,39655.69340755822, points/s
2026/06/17 11:50:16 INFO  [benchmark.tsdb.DBWrapper] DataClientService-thread-1 insert one batch latency (device: d_10, sg: g_0) ,1.18, ms, throughput ,42384.69878466115, points/s
2026/06/17 11:50:16 INFO  [benchmark.tsdb.DBWrapper] DataClientService-thread-1 insert one batch latency (device: d_11, sg: g_0) ,1.19, ms, throughput ,41864.44126460755, points/s
2026/06/17 11:50:16 INFO  [benchmark.tsdb.DBWrapper] DataClientService-thread-1 insert one batch latency (device: d_12, sg: g_0) ,1.09, ms, throughput ,45813.473192704296, points/s
2026/06/17 11:50:16 INFO  [benchmark.tsdb.DBWrapper] DataClientService-thread-1 insert one batch latency (device: d_13, sg: g_0) ,1.32, ms, throughput ,37810.38545419348, points/s
2026/06/17 11:50:16 INFO  [benchmark.tsdb.DBWrapper] DataClientService-thread-1 insert one batch latency (device: d_14, sg: g_0) ,1.47, ms, throughput ,34095.64373598243, points/s
2026/06/17 11:50:16 INFO  [benchmark.tsdb.DBWrapper] DataClientService-thread-1 insert one batch latency (device: d_15, sg: g_0) ,1.43, ms, throughput ,34890.81269076552, points/s
2026/06/17 11:50:16 INFO  [benchmark.tsdb.DBWrapper] DataClientService-thread-1 insert one batch latency (device: d_16, sg: g_0) ,1.55, ms, throughput ,32235.541231513722, points/s
2026/06/17 11:50:16 INFO  [benchmark.tsdb.DBWrapper] DataClientService-thread-1 insert one batch latency (device: d_17, sg: g_0) ,1.31, ms, throughput ,38270.59761834417, points/s
2026/06/17 11:50:16 INFO  [benchmark.tsdb.DBWrapper] DataClientService-thread-1 insert one batch latency (device: d_18, sg: g_0) ,1.26, ms, throughput ,39727.627386637214, points/s
2026/06/17 11:50:16 INFO  [benchmark.tsdb.DBWrapper] DataClientService-thread-1 insert one batch latency (device: d_19, sg: g_0) ,1.20, ms, throughput ,41575.09751439122, points/s
2026/06/17 11:50:16 INFO  [benchmark.tsdb.DBWrapper] DataClientService-thread-1 insert one batch latency (device: d_0, sg: g_0) ,1.19, ms, throughput ,41842.50981416067, points/s
2026/06/17 11:50:16 INFO  [benchmark.tsdb.DBWrapper] DataClientService-thread-1 insert one batch latency (device: d_1, sg: g_0) ,1.21, ms, throughput ,41179.24170897147, points/s
2026/06/17 11:50:16 INFO  [benchmark.tsdb.DBWrapper] DataClientService-thread-1 insert one batch latency (device: d_2, sg: g_0) ,1.21, ms, throughput ,41404.47284239221, points/s
2026/06/17 11:50:16 INFO  [benchmark.tsdb.DBWrapper] DataClientService-thread-1 insert one batch latency (device: d_3, sg: g_0) ,1.16, ms, throughput ,43123.188287052086, points/s
2026/06/17 11:50:16 INFO  [benchmark.tsdb.DBWrapper] DataClientService-thread-1 insert one batch latency (device: d_4, sg: g_0) ,1.33, ms, throughput ,37694.74045286461, points/s
2026/06/17 11:50:16 INFO  [benchmark.tsdb.DBWrapper] DataClientService-thread-1 insert one batch latency (device: d_5, sg: g_0) ,1.22, ms, throughput ,41051.476087925694, points/s
2026/06/17 11:50:16 INFO  [benchmark.tsdb.DBWrapper] DataClientService-thread-1 insert one batch latency (device: d_6, sg: g_0) ,1.21, ms, throughput ,41451.08647442758, points/s
2026/06/17 11:50:16 INFO  [benchmark.tsdb.DBWrapper] DataClientService-thread-1 insert one batch latency (device: d_7, sg: g_0) ,1.10, ms, throughput ,45381.81078870864, points/s
2026/06/17 11:50:16 INFO  [benchmark.tsdb.DBWrapper] DataClientService-thread-1 insert one batch latency (device: d_8, sg: g_0) ,1.13, ms, throughput ,44240.936138208686, points/s
2026/06/17 11:50:16 INFO  [benchmark.tsdb.DBWrapper] DataClientService-thread-1 insert one batch latency (device: d_9, sg: g_0) ,1.85, ms, throughput ,26985.716999706394, points/s
2026/06/17 11:50:16 INFO  [benchmark.tsdb.DBWrapper] DataClientService-thread-1 insert one batch latency (device: d_10, sg: g_0) ,1.07, ms, throughput ,46642.18263026462, points/s
2026/06/17 11:50:16 INFO  [benchmark.tsdb.DBWrapper] DataClientService-thread-1 insert one batch latency (device: d_11, sg: g_0) ,1.05, ms, throughput ,47466.026191753255, points/s
2026/06/17 11:50:16 INFO  [benchmark.tsdb.DBWrapper] DataClientService-thread-1 insert one batch latency (device: d_12, sg: g_0) ,1.09, ms, throughput ,46015.812873935996, points/s
2026/06/17 11:50:16 INFO  [benchmark.tsdb.DBWrapper] DataClientService-thread-1 insert one batch latency (device: d_13, sg: g_0) ,1.23, ms, throughput ,40647.49839035906, points/s
2026/06/17 11:50:16 INFO  [benchmark.tsdb.DBWrapper] DataClientService-thread-1 insert one batch latency (device: d_14, sg: g_0) ,3.56, ms, throughput ,14043.322526528538, points/s
2026/06/17 11:50:16 INFO  [benchmark.tsdb.DBWrapper] DataClientService-thread-1 insert one batch latency (device: d_15, sg: g_0) ,1.25, ms, throughput ,39953.17487904176, points/s
2026/06/17 11:50:16 INFO  [benchmark.tsdb.DBWrapper] DataClientService-thread-1 insert one batch latency (device: d_16, sg: g_0) ,1.31, ms, throughput ,38312.29732794713, points/s
2026/06/17 11:50:16 INFO  [benchmark.tsdb.DBWrapper] DataClientService-thread-1 insert one batch latency (device: d_17, sg: g_0) ,5.41, ms, throughput ,9246.517900056606, points/s
2026/06/17 11:50:16 INFO  [benchmark.tsdb.DBWrapper] DataClientService-thread-1 insert one batch latency (device: d_18, sg: g_0) ,1.31, ms, throughput ,38266.96565922502, points/s
2026/06/17 11:50:16 INFO  [benchmark.tsdb.DBWrapper] DataClientService-thread-1 insert one batch latency (device: d_19, sg: g_0) ,1.21, ms, throughput ,41284.6801634543, points/s
2026/06/17 11:50:16 INFO  [benchmark.tsdb.DBWrapper] DataClientService-thread-1 insert one batch latency (device: d_0, sg: g_0) ,1.21, ms, throughput ,41178.66516886135, points/s
2026/06/17 11:50:16 INFO  [benchmark.tsdb.DBWrapper] DataClientService-thread-1 insert one batch latency (device: d_1, sg: g_0) ,1.40, ms, throughput ,35826.345404662155, points/s
2026/06/17 11:50:16 INFO  [benchmark.tsdb.DBWrapper] DataClientService-thread-1 insert one batch latency (device: d_2, sg: g_0) ,1.34, ms, throughput ,37410.0288805423, points/s
2026/06/17 11:50:16 INFO  [benchmark.tsdb.DBWrapper] DataClientService-thread-1 insert one batch latency (device: d_3, sg: g_0) ,3.83, ms, throughput ,13069.554864030886, points/s
2026/06/17 11:50:16 INFO  [benchmark.tsdb.DBWrapper] DataClientService-thread-1 insert one batch latency (device: d_4, sg: g_0) ,1.22, ms, throughput ,40827.1915628159, points/s
2026/06/17 11:50:16 INFO  [benchmark.tsdb.DBWrapper] DataClientService-thread-1 insert one batch latency (device: d_5, sg: g_0) ,1.20, ms, throughput ,41525.4800345492, points/s
2026/06/17 11:50:16 INFO  [benchmark.tsdb.DBWrapper] DataClientService-thread-1 insert one batch latency (device: d_6, sg: g_0) ,1.20, ms, throughput ,41632.80531834108, points/s
2026/06/17 11:50:16 INFO  [benchmark.tsdb.DBWrapper] DataClientService-thread-1 insert one batch latency (device: d_7, sg: g_0) ,1.26, ms, throughput ,39750.24128396459, points/s
2026/06/17 11:50:16 INFO  [benchmark.tsdb.DBWrapper] DataClientService-thread-1 insert one batch latency (device: d_8, sg: g_0) ,1.34, ms, throughput ,37430.72508554792, points/s
2026/06/17 11:50:16 INFO  [benchmark.tsdb.DBWrapper] DataClientService-thread-1 insert one batch latency (device: d_9, sg: g_0) ,1.21, ms, throughput ,41202.520275760224, points/s
2026/06/17 11:50:16 INFO  [benchmark.tsdb.DBWrapper] DataClientService-thread-1 insert one batch latency (device: d_10, sg: g_0) ,1.30, ms, throughput ,38523.502032885204, points/s
2026/06/17 11:50:16 INFO  [benchmark.tsdb.DBWrapper] DataClientService-thread-1 insert one batch latency (device: d_11, sg: g_0) ,3.26, ms, throughput ,15346.66897480568, points/s
2026/06/17 11:50:16 INFO  [benchmark.tsdb.DBWrapper] DataClientService-thread-1 insert one batch latency (device: d_12, sg: g_0) ,1.51, ms, throughput ,33209.43998257169, points/s
2026/06/17 11:50:16 INFO  [benchmark.tsdb.DBWrapper] DataClientService-thread-1 insert one batch latency (device: d_13, sg: g_0) ,1.50, ms, throughput ,33430.63877927354, points/s
2026/06/17 11:50:16 INFO  [benchmark.tsdb.DBWrapper] DataClientService-thread-1 insert one batch latency (device: d_14, sg: g_0) ,1.41, ms, throughput ,35554.29140297234, points/s
2026/06/17 11:50:16 INFO  [benchmark.tsdb.DBWrapper] DataClientService-thread-1 insert one batch latency (device: d_15, sg: g_0) ,1.35, ms, throughput ,37132.59157268408, points/s
2026/06/17 11:50:16 INFO  [benchmark.tsdb.DBWrapper] DataClientService-thread-1 insert one batch latency (device: d_16, sg: g_0) ,1.19, ms, throughput ,41964.087134230525, points/s
2026/06/17 11:50:16 INFO  [benchmark.tsdb.DBWrapper] DataClientService-thread-1 insert one batch latency (device: d_17, sg: g_0) ,3.14, ms, throughput ,15932.10628499288, points/s
2026/06/17 11:50:16 INFO  [benchmark.tsdb.DBWrapper] DataClientService-thread-1 insert one batch latency (device: d_18, sg: g_0) ,1.32, ms, throughput ,37947.035046363686, points/s
2026/06/17 11:50:16 INFO  [benchmark.tsdb.DBWrapper] DataClientService-thread-1 insert one batch latency (device: d_19, sg: g_0) ,1.25, ms, throughput ,39954.51577923692, points/s
2026/06/17 11:50:16 INFO  [benchmark.tsdb.DBWrapper] DataClientService-thread-1 insert one batch latency (device: d_0, sg: g_0) ,1.21, ms, throughput ,41163.51134631027, points/s
2026/06/17 11:50:16 INFO  [benchmark.tsdb.DBWrapper] DataClientService-thread-1 insert one batch latency (device: d_1, sg: g_0) ,1.21, ms, throughput ,41405.98150808866, points/s
2026/06/17 11:50:16 INFO  [benchmark.tsdb.DBWrapper] DataClientService-thread-1 insert one batch latency (device: d_2, sg: g_0) ,1.26, ms, throughput ,39771.90019798452, points/s
2026/06/17 11:50:16 INFO  [benchmark.tsdb.DBWrapper] DataClientService-thread-1 insert one batch latency (device: d_3, sg: g_0) ,1.27, ms, throughput ,39521.16160598192, points/s
2026/06/17 11:50:16 INFO  [benchmark.tsdb.DBWrapper] DataClientService-thread-1 insert one batch latency (device: d_4, sg: g_0) ,1.32, ms, throughput ,37833.47369552075, points/s
2026/06/17 11:50:16 INFO  [benchmark.tsdb.DBWrapper] DataClientService-thread-1 insert one batch latency (device: d_5, sg: g_0) ,1.40, ms, throughput ,35785.67814217936, points/s
2026/06/17 11:50:16 INFO  [benchmark.tsdb.DBWrapper] DataClientService-thread-1 insert one batch latency (device: d_6, sg: g_0) ,1.28, ms, throughput ,38970.432353564705, points/s
2026/06/17 11:50:16 INFO  [benchmark.tsdb.DBWrapper] DataClientService-thread-1 insert one batch latency (device: d_7, sg: g_0) ,1.07, ms, throughput ,46711.72791352725, points/s
2026/06/17 11:50:16 INFO  [benchmark.tsdb.DBWrapper] DataClientService-thread-1 insert one batch latency (device: d_8, sg: g_0) ,6.36, ms, throughput ,7866.483744697989, points/s
2026/06/17 11:50:16 INFO  [benchmark.tsdb.DBWrapper] DataClientService-thread-1 insert one batch latency (device: d_9, sg: g_0) ,1.42, ms, throughput ,35141.33140665127, points/s
2026/06/17 11:50:16 INFO  [benchmark.tsdb.DBWrapper] DataClientService-thread-1 insert one batch latency (device: d_10, sg: g_0) ,1.27, ms, throughput ,39375.13239888269, points/s
2026/06/17 11:50:16 INFO  [benchmark.tsdb.DBWrapper] DataClientService-thread-1 insert one batch latency (device: d_11, sg: g_0) ,1.05, ms, throughput ,47539.407792089245, points/s
2026/06/17 11:50:16 INFO  [benchmark.tsdb.DBWrapper] DataClientService-thread-1 insert one batch latency (device: d_12, sg: g_0) ,1.15, ms, throughput ,43531.21754203592, points/s
2026/06/17 11:50:16 INFO  [benchmark.tsdb.DBWrapper] DataClientService-thread-1 insert one batch latency (device: d_13, sg: g_0) ,2.22, ms, throughput ,22553.86426633407, points/s
2026/06/17 11:50:16 INFO  [benchmark.tsdb.DBWrapper] DataClientService-thread-1 insert one batch latency (device: d_14, sg: g_0) ,1.21, ms, throughput ,41305.82585629042, points/s
2026/06/17 11:50:16 INFO  [benchmark.tsdb.DBWrapper] DataClientService-thread-1 insert one batch latency (device: d_15, sg: g_0) ,1.49, ms, throughput ,33446.605838439515, points/s
2026/06/17 11:50:16 INFO  [benchmark.tsdb.DBWrapper] DataClientService-thread-1 insert one batch latency (device: d_16, sg: g_0) ,1.17, ms, throughput ,42591.687124873715, points/s
2026/06/17 11:50:16 INFO  [benchmark.tsdb.DBWrapper] DataClientService-thread-1 insert one batch latency (device: d_17, sg: g_0) ,1.23, ms, throughput ,40625.10664090493, points/s
2026/06/17 11:50:16 INFO  [benchmark.tsdb.DBWrapper] DataClientService-thread-1 insert one batch latency (device: d_18, sg: g_0) ,1.25, ms, throughput ,40096.71327241306, points/s
2026/06/17 11:50:16 INFO  [benchmark.tsdb.DBWrapper] DataClientService-thread-1 insert one batch latency (device: d_19, sg: g_0) ,1.20, ms, throughput ,41656.98141848687, points/s
2026/06/17 11:50:16 INFO  [benchmark.tsdb.DBWrapper] DataClientService-thread-1 insert one batch latency (device: d_0, sg: g_0) ,1.17, ms, throughput ,42899.04909967766, points/s
2026/06/17 11:50:16 INFO  [benchmark.tsdb.DBWrapper] DataClientService-thread-1 insert one batch latency (device: d_1, sg: g_0) ,5.73, ms, throughput ,8727.496151174197, points/s
2026/06/17 11:50:16 INFO  [benchmark.tsdb.DBWrapper] DataClientService-thread-1 insert one batch latency (device: d_2, sg: g_0) ,1.63, ms, throughput ,30753.976796739586, points/s
2026/06/17 11:50:16 INFO  [benchmark.tsdb.DBWrapper] DataClientService-thread-1 insert one batch latency (device: d_3, sg: g_0) ,1.34, ms, throughput ,37230.16507110589, points/s
2026/06/17 11:50:16 INFO  [benchmark.tsdb.DBWrapper] DataClientService-thread-1 insert one batch latency (device: d_4, sg: g_0) ,1.41, ms, throughput ,35548.30054239597, points/s
2026/06/17 11:50:16 INFO  [benchmark.tsdb.DBWrapper] DataClientService-thread-1 insert one batch latency (device: d_5, sg: g_0) ,1.14, ms, throughput ,43911.10986208399, points/s
2026/06/17 11:50:16 INFO  [benchmark.tsdb.DBWrapper] DataClientService-thread-1 insert one batch latency (device: d_6, sg: g_0) ,1.29, ms, throughput ,38864.41294526958, points/s
2026/06/17 11:50:16 INFO  [benchmark.tsdb.DBWrapper] DataClientService-thread-1 insert one batch latency (device: d_7, sg: g_0) ,1.52, ms, throughput ,32947.40934520319, points/s
2026/06/17 11:50:16 INFO  [benchmark.tsdb.DBWrapper] DataClientService-thread-1 insert one batch latency (device: d_8, sg: g_0) ,1.37, ms, throughput ,36385.94425527796, points/s
2026/06/17 11:50:16 INFO  [benchmark.tsdb.DBWrapper] DataClientService-thread-1 insert one batch latency (device: d_9, sg: g_0) ,1.40, ms, throughput ,35827.141209094356, points/s
2026/06/17 11:50:16 INFO  [benchmark.tsdb.DBWrapper] DataClientService-thread-1 insert one batch latency (device: d_10, sg: g_0) ,1.33, ms, throughput ,37722.5251760133, points/s
2026/06/17 11:50:16 INFO  [benchmark.tsdb.DBWrapper] DataClientService-thread-1 insert one batch latency (device: d_11, sg: g_0) ,1.31, ms, throughput ,38306.83777054204, points/s
2026/06/17 11:50:16 INFO  [benchmark.tsdb.DBWrapper] DataClientService-thread-1 insert one batch latency (device: d_12, sg: g_0) ,1.26, ms, throughput ,39703.02139992853, points/s
2026/06/17 11:50:16 INFO  [benchmark.tsdb.DBWrapper] DataClientService-thread-1 insert one batch latency (device: d_13, sg: g_0) ,1.32, ms, throughput ,38009.34421718235, points/s
2026/06/17 11:50:16 INFO  [benchmark.tsdb.DBWrapper] DataClientService-thread-1 insert one batch latency (device: d_14, sg: g_0) ,1.35, ms, throughput ,37000.58460923683, points/s
2026/06/17 11:50:16 INFO  [benchmark.tsdb.DBWrapper] DataClientService-thread-1 insert one batch latency (device: d_15, sg: g_0) ,1.26, ms, throughput ,39547.73213530071, points/s
2026/06/17 11:50:16 INFO  [benchmark.tsdb.DBWrapper] DataClientService-thread-1 insert one batch latency (device: d_16, sg: g_0) ,3.85, ms, throughput ,12987.81924384397, points/s
2026/06/17 11:50:16 INFO  [benchmark.tsdb.DBWrapper] DataClientService-thread-1 insert one batch latency (device: d_17, sg: g_0) ,1.28, ms, throughput ,39069.55083300189, points/s
2026/06/17 11:50:16 INFO  [benchmark.tsdb.DBWrapper] DataClientService-thread-1 insert one batch latency (device: d_18, sg: g_0) ,1.52, ms, throughput ,32860.557538507644, points/s
2026/06/17 11:50:16 INFO  [benchmark.tsdb.DBWrapper] DataClientService-thread-1 insert one batch latency (device: d_19, sg: g_0) ,1.15, ms, throughput ,43359.49356111521, points/s
2026/06/17 11:50:16 INFO  [benchmark.tsdb.DBWrapper] DataClientService-thread-1 insert one batch latency (device: d_0, sg: g_0) ,1.19, ms, throughput ,42134.713104738476, points/s
2026/06/17 11:50:16 INFO  [benchmark.tsdb.DBWrapper] DataClientService-thread-1 insert one batch latency (device: d_1, sg: g_0) ,1.29, ms, throughput ,38784.945235657324, points/s
2026/06/17 11:50:16 INFO  [benchmark.tsdb.DBWrapper] DataClientService-thread-1 insert one batch latency (device: d_2, sg: g_0) ,1.27, ms, throughput ,39501.428766678495, points/s
2026/06/17 11:50:16 INFO  [benchmark.tsdb.DBWrapper] DataClientService-thread-1 insert one batch latency (device: d_3, sg: g_0) ,1.32, ms, throughput ,37890.499487720444, points/s
2026/06/17 11:50:16 INFO  [benchmark.tsdb.DBWrapper] DataClientService-thread-1 insert one batch latency (device: d_4, sg: g_0) ,1.32, ms, throughput ,37843.15224375834, points/s
2026/06/17 11:50:16 INFO  [benchmark.tsdb.DBWrapper] DataClientService-thread-1 insert one batch latency (device: d_5, sg: g_0) ,1.37, ms, throughput ,36566.62768664155, points/s
2026/06/17 11:50:16 INFO  [benchmark.tsdb.DBWrapper] DataClientService-thread-1 insert one batch latency (device: d_6, sg: g_0) ,1.25, ms, throughput ,39863.69804364916, points/s
2026/06/17 11:50:16 INFO  [benchmark.tsdb.DBWrapper] DataClientService-thread-1 insert one batch latency (device: d_7, sg: g_0) ,1.21, ms, throughput ,41392.304673853476, points/s
2026/06/17 11:50:16 INFO  [benchmark.tsdb.DBWrapper] DataClientService-thread-1 insert one batch latency (device: d_8, sg: g_0) ,1.21, ms, throughput ,41316.850664374964, points/s
2026/06/17 11:50:16 INFO  [benchmark.tsdb.DBWrapper] DataClientService-thread-1 insert one batch latency (device: d_9, sg: g_0) ,1.24, ms, throughput ,40182.13759328283, points/s
2026/06/17 11:50:16 INFO  [benchmark.tsdb.DBWrapper] DataClientService-thread-1 insert one batch latency (device: d_10, sg: g_0) ,6.17, ms, throughput ,8108.374588743241, points/s
2026/06/17 11:50:16 INFO  [benchmark.tsdb.DBWrapper] DataClientService-thread-1 insert one batch latency (device: d_11, sg: g_0) ,1.46, ms, throughput ,34296.352034219526, points/s
2026/06/17 11:50:17 INFO  [benchmark.tsdb.DBWrapper] DataClientService-thread-1 insert one batch latency (device: d_12, sg: g_0) ,199.86, ms, throughput ,250.17170534996694, points/s
2026/06/17 11:50:17 INFO  [benchmark.tsdb.DBWrapper] DataClientService-thread-1 insert one batch latency (device: d_13, sg: g_0) ,1.62, ms, throughput ,30954.462271463206, points/s
2026/06/17 11:50:17 INFO  [benchmark.tsdb.DBWrapper] DataClientService-thread-1 insert one batch latency (device: d_14, sg: g_0) ,1.29, ms, throughput ,38745.66339162489, points/s
2026/06/17 11:50:17 INFO  [benchmark.tsdb.DBWrapper] DataClientService-thread-1 insert one batch latency (device: d_15, sg: g_0) ,1.38, ms, throughput ,36347.24705950771, points/s
2026/06/17 11:50:17 INFO  [benchmark.tsdb.DBWrapper] DataClientService-thread-1 insert one batch latency (device: d_16, sg: g_0) ,1.26, ms, throughput ,39532.72321163843, points/s
2026/06/17 11:50:17 INFO  [benchmark.tsdb.DBWrapper] DataClientService-thread-1 insert one batch latency (device: d_17, sg: g_0) ,1.18, ms, throughput ,42216.8935121078, points/s
2026/06/17 11:50:17 INFO  [benchmark.tsdb.DBWrapper] DataClientService-thread-1 insert one batch latency (device: d_18, sg: g_0) ,1.23, ms, throughput ,40526.65194738668, points/s
2026/06/17 11:50:17 INFO  [benchmark.tsdb.DBWrapper] DataClientService-thread-1 insert one batch latency (device: d_19, sg: g_0) ,1.37, ms, throughput ,36363.795042014724, points/s
2026/06/17 11:50:17 INFO  [benchmark.tsdb.DBWrapper] DataClientService-thread-1 insert one batch latency (device: d_0, sg: g_0) ,1.55, ms, throughput ,32305.501497683046, points/s
2026/06/17 11:50:17 INFO  [benchmark.tsdb.DBWrapper] DataClientService-thread-1 insert one batch latency (device: d_1, sg: g_0) ,1.67, ms, throughput ,29930.513320275648, points/s
2026/06/17 11:50:17 INFO  [benchmark.tsdb.DBWrapper] DataClientService-thread-1 insert one batch latency (device: d_2, sg: g_0) ,1.26, ms, throughput ,39831.65549123186, points/s
2026/06/17 11:50:17 INFO  [benchmark.tsdb.DBWrapper] DataClientService-thread-1 insert one batch latency (device: d_3, sg: g_0) ,1.10, ms, throughput ,45658.22263497255, points/s
2026/06/17 11:50:17 INFO  [benchmark.tsdb.DBWrapper] DataClientService-thread-1 insert one batch latency (device: d_4, sg: g_0) ,1.13, ms, throughput ,44329.38506277041, points/s
2026/06/17 11:50:17 INFO  [benchmark.tsdb.DBWrapper] DataClientService-thread-1 insert one batch latency (device: d_5, sg: g_0) ,1.16, ms, throughput ,42975.522002178, points/s
2026/06/17 11:50:17 INFO  [benchmark.tsdb.DBWrapper] DataClientService-thread-1 insert one batch latency (device: d_6, sg: g_0) ,1.13, ms, throughput ,44233.22587608328, points/s
2026/06/17 11:50:17 INFO  [benchmark.tsdb.DBWrapper] DataClientService-thread-1 insert one batch latency (device: d_7, sg: g_0) ,1.18, ms, throughput ,42542.36581499686, points/s
2026/06/17 11:50:17 INFO  [benchmark.tsdb.DBWrapper] DataClientService-thread-1 insert one batch latency (device: d_8, sg: g_0) ,1.10, ms, throughput ,45393.05849349517, points/s
2026/06/17 11:50:17 INFO  [benchmark.tsdb.DBWrapper] DataClientService-thread-1 insert one batch latency (device: d_9, sg: g_0) ,1.15, ms, throughput ,43291.729980821765, points/s
2026/06/17 11:50:17 INFO  [benchmark.tsdb.DBWrapper] DataClientService-thread-1 insert one batch latency (device: d_10, sg: g_0) ,1.27, ms, throughput ,39498.21468069644, points/s
2026/06/17 11:50:17 INFO  [benchmark.tsdb.DBWrapper] DataClientService-thread-1 insert one batch latency (device: d_11, sg: g_0) ,1.16, ms, throughput ,43093.56647527377, points/s
2026/06/17 11:50:17 INFO  [benchmark.tsdb.DBWrapper] DataClientService-thread-1 insert one batch latency (device: d_12, sg: g_0) ,4.64, ms, throughput ,10767.700430514198, points/s
2026/06/17 11:50:17 INFO  [benchmark.tsdb.DBWrapper] DataClientService-thread-1 insert one batch latency (device: d_13, sg: g_0) ,2.78, ms, throughput ,17999.09140586583, points/s
2026/06/17 11:50:17 INFO  [benchmark.tsdb.DBWrapper] DataClientService-thread-1 insert one batch latency (device: d_14, sg: g_0) ,1.21, ms, throughput ,41235.514994470315, points/s
2026/06/17 11:50:17 INFO  [benchmark.tsdb.DBWrapper] DataClientService-thread-1 insert one batch latency (device: d_15, sg: g_0) ,1.03, ms, throughput ,48349.867376313785, points/s
2026/06/17 11:50:17 INFO  [benchmark.tsdb.DBWrapper] DataClientService-thread-1 insert one batch latency (device: d_16, sg: g_0) ,0.98, ms, throughput ,51175.39650697214, points/s
2026/06/17 11:50:17 INFO  [benchmark.tsdb.DBWrapper] DataClientService-thread-1 insert one batch latency (device: d_17, sg: g_0) ,6.22, ms, throughput ,8036.716866143337, points/s
2026/06/17 11:50:17 INFO  [benchmark.tsdb.DBWrapper] DataClientService-thread-1 insert one batch latency (device: d_18, sg: g_0) ,1.17, ms, throughput ,42832.752663983054, points/s
2026/06/17 11:50:17 INFO  [benchmark.tsdb.DBWrapper] DataClientService-thread-1 insert one batch latency (device: d_19, sg: g_0) ,0.89, ms, throughput ,56469.86542101673, points/s
2026/06/17 11:50:17 INFO  [benchmark.tsdb.DBWrapper] DataClientService-thread-1 insert one batch latency (device: d_0, sg: g_0) ,1.09, ms, throughput ,45873.916458093256, points/s
2026/06/17 11:50:17 INFO  [benchmark.tsdb.DBWrapper] DataClientService-thread-1 insert one batch latency (device: d_1, sg: g_0) ,1.17, ms, throughput ,42556.7046811524, points/s
2026/06/17 11:50:17 INFO  [benchmark.tsdb.DBWrapper] DataClientService-thread-1 insert one batch latency (device: d_2, sg: g_0) ,1.14, ms, throughput ,43834.3866736451, points/s
2026/06/17 11:50:17 INFO  [benchmark.tsdb.DBWrapper] DataClientService-thread-1 insert one batch latency (device: d_3, sg: g_0) ,1.00, ms, throughput ,49972.26539270704, points/s
2026/06/17 11:50:17 INFO  [benchmark.tsdb.DBWrapper] DataClientService-thread-1 insert one batch latency (device: d_4, sg: g_0) ,1.23, ms, throughput ,40507.576131963964, points/s
2026/06/17 11:50:17 INFO  [benchmark.tsdb.DBWrapper] DataClientService-thread-1 insert one batch latency (device: d_5, sg: g_0) ,1.05, ms, throughput ,47645.820032208576, points/s
2026/06/17 11:50:17 INFO  [benchmark.tsdb.DBWrapper] DataClientService-thread-1 insert one batch latency (device: d_6, sg: g_0) ,3.46, ms, throughput ,14459.187353185025, points/s
2026/06/17 11:50:17 INFO  [benchmark.tsdb.DBWrapper] DataClientService-thread-1 insert one batch latency (device: d_7, sg: g_0) ,0.98, ms, throughput ,51172.306366551325, points/s
2026/06/17 11:50:17 INFO  [benchmark.tsdb.DBWrapper] DataClientService-thread-1 insert one batch latency (device: d_8, sg: g_0) ,0.93, ms, throughput ,53488.9791307399, points/s
2026/06/17 11:50:17 INFO  [benchmark.tsdb.DBWrapper] DataClientService-thread-1 insert one batch latency (device: d_9, sg: g_0) ,0.98, ms, throughput ,51019.210773624705, points/s
2026/06/17 11:50:17 INFO  [benchmark.tsdb.DBWrapper] DataClientService-thread-1 insert one batch latency (device: d_10, sg: g_0) ,0.96, ms, throughput ,52137.262814557136, points/s
2026/06/17 11:50:17 INFO  [benchmark.tsdb.DBWrapper] DataClientService-thread-1 insert one batch latency (device: d_11, sg: g_0) ,1.71, ms, throughput ,29297.452938036473, points/s
2026/06/17 11:50:17 INFO  [benchmark.tsdb.DBWrapper] DataClientService-thread-1 insert one batch latency (device: d_12, sg: g_0) ,1.04, ms, throughput ,48127.73485853334, points/s
2026/06/17 11:50:17 INFO  [benchmark.tsdb.DBWrapper] DataClientService-thread-1 insert one batch latency (device: d_13, sg: g_0) ,0.96, ms, throughput ,52156.95069603451, points/s
2026/06/17 11:50:17 INFO  [benchmark.tsdb.DBWrapper] DataClientService-thread-1 insert one batch latency (device: d_14, sg: g_0) ,1.15, ms, throughput ,43540.65652343532, points/s
2026/06/17 11:50:17 INFO  [benchmark.tsdb.DBWrapper] DataClientService-thread-1 insert one batch latency (device: d_15, sg: g_0) ,1.47, ms, throughput ,33960.42388042671, points/s
2026/06/17 11:50:17 INFO  [benchmark.tsdb.DBWrapper] DataClientService-thread-1 insert one batch latency (device: d_16, sg: g_0) ,1.19, ms, throughput ,42146.220411245966, points/s
2026/06/17 11:50:17 INFO  [benchmark.tsdb.DBWrapper] DataClientService-thread-1 insert one batch latency (device: d_17, sg: g_0) ,0.96, ms, throughput ,51990.72485468593, points/s
2026/06/17 11:50:17 INFO  [benchmark.tsdb.DBWrapper] DataClientService-thread-1 insert one batch latency (device: d_18, sg: g_0) ,1.14, ms, throughput ,43961.57055348497, points/s
2026/06/17 11:50:17 INFO  [benchmark.tsdb.DBWrapper] DataClientService-thread-1 insert one batch latency (device: d_19, sg: g_0) ,1.09, ms, throughput ,45696.82169465749, points/s
2026/06/17 11:50:17 INFO  [benchmark.tsdb.DBWrapper] DataClientService-thread-1 insert one batch latency (device: d_0, sg: g_0) ,0.93, ms, throughput ,53794.444970434575, points/s
2026/06/17 11:50:17 INFO  [benchmark.tsdb.DBWrapper] DataClientService-thread-1 insert one batch latency (device: d_1, sg: g_0) ,0.91, ms, throughput ,55137.004428604196, points/s
2026/06/17 11:50:17 INFO  [benchmark.tsdb.DBWrapper] DataClientService-thread-1 insert one batch latency (device: d_2, sg: g_0) ,0.93, ms, throughput ,53895.339562197376, points/s
2026/06/17 11:50:17 INFO  [benchmark.tsdb.DBWrapper] DataClientService-thread-1 insert one batch latency (device: d_3, sg: g_0) ,0.94, ms, throughput ,52987.31907479902, points/s
2026/06/17 11:50:17 INFO  [benchmark.tsdb.DBWrapper] DataClientService-thread-1 insert one batch latency (device: d_4, sg: g_0) ,1.03, ms, throughput ,48388.93867573024, points/s
2026/06/17 11:50:17 INFO  [benchmark.tsdb.DBWrapper] DataClientService-thread-1 insert one batch latency (device: d_5, sg: g_0) ,1.11, ms, throughput ,44877.744049659916, points/s
2026/06/17 11:50:17 INFO  [benchmark.tsdb.DBWrapper] DataClientService-thread-1 insert one batch latency (device: d_6, sg: g_0) ,1.09, ms, throughput ,45986.4836527248, points/s
2026/06/17 11:50:17 INFO  [benchmark.tsdb.DBWrapper] DataClientService-thread-1 insert one batch latency (device: d_7, sg: g_0) ,1.99, ms, throughput ,25146.415001345333, points/s
2026/06/17 11:50:17 INFO  [benchmark.tsdb.DBWrapper] DataClientService-thread-1 insert one batch latency (device: d_8, sg: g_0) ,1.44, ms, throughput ,34841.53026788259, points/s
2026/06/17 11:50:17 INFO  [benchmark.tsdb.DBWrapper] DataClientService-thread-1 insert one batch latency (device: d_9, sg: g_0) ,1.26, ms, throughput ,39575.84195624969, points/s
2026/06/17 11:50:17 INFO  [benchmark.tsdb.DBWrapper] DataClientService-thread-1 insert one batch latency (device: d_10, sg: g_0) ,1.74, ms, throughput ,28725.314183123875, points/s
2026/06/17 11:50:17 INFO  [benchmark.tsdb.DBWrapper] DataClientService-thread-1 insert one batch latency (device: d_11, sg: g_0) ,1.27, ms, throughput ,39326.3243336351, points/s
2026/06/17 11:50:17 INFO  [benchmark.tsdb.DBWrapper] DataClientService-thread-1 insert one batch latency (device: d_12, sg: g_0) ,1.40, ms, throughput ,35804.15414118008, points/s
2026/06/17 11:50:17 INFO  [benchmark.tsdb.DBWrapper] DataClientService-thread-1 insert one batch latency (device: d_13, sg: g_0) ,1.45, ms, throughput ,34508.48529144831, points/s
2026/06/17 11:50:17 INFO  [benchmark.tsdb.DBWrapper] DataClientService-thread-1 insert one batch latency (device: d_14, sg: g_0) ,1.30, ms, throughput ,38403.106657716184, points/s
2026/06/17 11:50:17 INFO  [benchmark.tsdb.DBWrapper] DataClientService-thread-1 insert one batch latency (device: d_15, sg: g_0) ,1.70, ms, throughput ,29411.695501892937, points/s
2026/06/17 11:50:17 INFO  [benchmark.tsdb.DBWrapper] DataClientService-thread-1 insert one batch latency (device: d_16, sg: g_0) ,1.92, ms, throughput ,26024.154579314338, points/s
2026/06/17 11:50:17 INFO  [benchmark.tsdb.DBWrapper] DataClientService-thread-1 insert one batch latency (device: d_17, sg: g_0) ,1.43, ms, throughput ,34987.495469119334, points/s
2026/06/17 11:50:17 INFO  [benchmark.tsdb.DBWrapper] DataClientService-thread-1 insert one batch latency (device: d_18, sg: g_0) ,1.43, ms, throughput ,34907.10869305691, points/s
2026/06/17 11:50:17 INFO  [benchmark.tsdb.DBWrapper] DataClientService-thread-1 insert one batch latency (device: d_19, sg: g_0) ,1.38, ms, throughput ,36112.007892640446, points/s
2026/06/17 11:50:17 INFO  [benchmark.tsdb.DBWrapper] DataClientService-thread-1 insert one batch latency (device: d_0, sg: g_0) ,1.15, ms, throughput ,43611.14212347884, points/s
2026/06/17 11:50:17 INFO  [benchmark.tsdb.DBWrapper] DataClientService-thread-1 insert one batch latency (device: d_1, sg: g_0) ,0.99, ms, throughput ,50580.512542449695, points/s
2026/06/17 11:50:17 INFO  [benchmark.tsdb.DBWrapper] DataClientService-thread-1 insert one batch latency (device: d_2, sg: g_0) ,0.96, ms, throughput ,52057.142083722465, points/s
2026/06/17 11:50:17 INFO  [benchmark.tsdb.DBWrapper] DataClientService-thread-1 insert one batch latency (device: d_3, sg: g_0) ,0.97, ms, throughput ,51691.661307964445, points/s
2026/06/17 11:50:17 INFO  [benchmark.tsdb.DBWrapper] DataClientService-thread-1 insert one batch latency (device: d_4, sg: g_0) ,0.90, ms, throughput ,55262.96883721187, points/s
2026/06/17 11:50:17 INFO  [benchmark.tsdb.DBWrapper] DataClientService-thread-1 insert one batch latency (device: d_5, sg: g_0) ,0.97, ms, throughput ,51282.26167081711, points/s
2026/06/17 11:50:17 INFO  [benchmark.tsdb.DBWrapper] DataClientService-thread-1 insert one batch latency (device: d_6, sg: g_0) ,1.00, ms, throughput ,49912.70268300742, points/s
2026/06/17 11:50:17 INFO  [benchmark.tsdb.DBWrapper] DataClientService-thread-1 insert one batch latency (device: d_7, sg: g_0) ,0.96, ms, throughput ,52050.47647006161, points/s
2026/06/17 11:50:17 INFO  [benchmark.tsdb.DBWrapper] DataClientService-thread-1 insert one batch latency (device: d_8, sg: g_0) ,0.90, ms, throughput ,55255.57915582736, points/s
2026/06/17 11:50:17 INFO  [benchmark.tsdb.DBWrapper] DataClientService-thread-1 insert one batch latency (device: d_9, sg: g_0) ,8.27, ms, throughput ,6047.819869797695, points/s
2026/06/17 11:50:17 INFO  [benchmark.tsdb.DBWrapper] DataClientService-thread-1 insert one batch latency (device: d_10, sg: g_0) ,5.96, ms, throughput ,8384.160911499146, points/s
2026/06/17 11:50:17 INFO  [benchmark.tsdb.DBWrapper] DataClientService-thread-1 insert one batch latency (device: d_11, sg: g_0) ,1.08, ms, throughput ,46144.06361236033, points/s
2026/06/17 11:50:17 INFO  [benchmark.tsdb.DBWrapper] DataClientService-thread-1 insert one batch latency (device: d_12, sg: g_0) ,0.98, ms, throughput ,51110.1638694074, points/s
2026/06/17 11:50:17 INFO  [benchmark.tsdb.DBWrapper] DataClientService-thread-1 insert one batch latency (device: d_13, sg: g_0) ,0.98, ms, throughput ,50927.02462932765, points/s
2026/06/17 11:50:17 INFO  [benchmark.tsdb.DBWrapper] DataClientService-thread-1 insert one batch latency (device: d_14, sg: g_0) ,0.95, ms, throughput ,52851.88786943469, points/s
2026/06/17 11:50:17 INFO  [benchmark.tsdb.DBWrapper] DataClientService-thread-1 insert one batch latency (device: d_15, sg: g_0) ,1.03, ms, throughput ,48741.257037018986, points/s
2026/06/17 11:50:17 INFO  [benchmark.tsdb.DBWrapper] DataClientService-thread-1 insert one batch latency (device: d_16, sg: g_0) ,1.05, ms, throughput ,47601.185840741666, points/s
2026/06/17 11:50:17 INFO  [benchmark.tsdb.DBWrapper] DataClientService-thread-1 insert one batch latency (device: d_17, sg: g_0) ,1.04, ms, throughput ,48285.945506413336, points/s
2026/06/17 11:50:17 INFO  [benchmark.tsdb.DBWrapper] DataClientService-thread-1 insert one batch latency (device: d_18, sg: g_0) ,1.18, ms, throughput ,42372.055459935946, points/s
2026/06/17 11:50:17 INFO  [benchmark.tsdb.DBWrapper] DataClientService-thread-1 insert one batch latency (device: d_19, sg: g_0) ,1.28, ms, throughput ,39153.59328186985, points/s
2026/06/17 11:50:17 INFO  [benchmark.tsdb.DBWrapper] DataClientService-thread-1 insert one batch latency (device: d_0, sg: g_0) ,1.29, ms, throughput ,38743.1715160203, points/s
2026/06/17 11:50:17 INFO  [benchmark.tsdb.DBWrapper] DataClientService-thread-1 insert one batch latency (device: d_1, sg: g_0) ,2.13, ms, throughput ,23440.82200399338, points/s
2026/06/17 11:50:17 INFO  [benchmark.tsdb.DBWrapper] DataClientService-thread-1 insert one batch latency (device: d_2, sg: g_0) ,1.05, ms, throughput ,47698.22667532867, points/s
2026/06/17 11:50:17 INFO  [benchmark.tsdb.DBWrapper] DataClientService-thread-1 insert one batch latency (device: d_3, sg: g_0) ,1.09, ms, throughput ,45977.51883239171, points/s
2026/06/17 11:50:17 INFO  [benchmark.tsdb.DBWrapper] DataClientService-thread-1 insert one batch latency (device: d_4, sg: g_0) ,1.13, ms, throughput ,44153.151387027094, points/s
2026/06/17 11:50:17 INFO  [benchmark.tsdb.DBWrapper] DataClientService-thread-1 insert one batch latency (device: d_5, sg: g_0) ,1.04, ms, throughput ,47894.64710266122, points/s
2026/06/17 11:50:17 INFO  [benchmark.tsdb.DBWrapper] DataClientService-thread-1 insert one batch latency (device: d_6, sg: g_0) ,0.95, ms, throughput ,52431.89621001282, points/s
2026/06/17 11:50:17 INFO  [benchmark.tsdb.DBWrapper] DataClientService-thread-1 insert one batch latency (device: d_7, sg: g_0) ,1.00, ms, throughput ,50000.2000008, points/s
2026/06/17 11:50:17 INFO  [benchmark.tsdb.DBWrapper] DataClientService-thread-1 insert one batch latency (device: d_8, sg: g_0) ,1.00, ms, throughput ,50187.903510744225, points/s
2026/06/17 11:50:17 INFO  [benchmark.tsdb.DBWrapper] DataClientService-thread-1 insert one batch latency (device: d_9, sg: g_0) ,0.95, ms, throughput ,52435.195342076724, points/s
2026/06/17 11:50:17 INFO  [benchmark.tsdb.DBWrapper] DataClientService-thread-1 insert one batch latency (device: d_10, sg: g_0) ,1.02, ms, throughput ,49046.19857628695, points/s
2026/06/17 11:50:17 INFO  [benchmark.tsdb.DBWrapper] DataClientService-thread-1 insert one batch latency (device: d_11, sg: g_0) ,1.12, ms, throughput ,44805.396720424185, points/s
2026/06/17 11:50:17 INFO  [benchmark.tsdb.DBWrapper] DataClientService-thread-1 insert one batch latency (device: d_12, sg: g_0) ,1.52, ms, throughput ,32936.12368173165, points/s
2026/06/17 11:50:17 INFO  [benchmark.tsdb.DBWrapper] DataClientService-thread-1 insert one batch latency (device: d_13, sg: g_0) ,1.27, ms, throughput ,39267.82779015587, points/s
2026/06/17 11:50:17 INFO  [benchmark.tsdb.DBWrapper] DataClientService-thread-1 insert one batch latency (device: d_14, sg: g_0) ,1.17, ms, throughput ,42847.47157070261, points/s
2026/06/17 11:50:17 INFO  [benchmark.tsdb.DBWrapper] DataClientService-thread-1 insert one batch latency (device: d_15, sg: g_0) ,1.05, ms, throughput ,47664.169699696664, points/s
2026/06/17 11:50:17 INFO  [benchmark.tsdb.DBWrapper] DataClientService-thread-1 insert one batch latency (device: d_16, sg: g_0) ,1.05, ms, throughput ,47818.6106207047, points/s
2026/06/17 11:50:17 INFO  [benchmark.tsdb.DBWrapper] DataClientService-thread-1 insert one batch latency (device: d_17, sg: g_0) ,1.24, ms, throughput ,40166.70790448678, points/s
2026/06/17 11:50:17 INFO  [benchmark.tsdb.DBWrapper] DataClientService-thread-1 insert one batch latency (device: d_18, sg: g_0) ,1.25, ms, throughput ,39998.30407190735, points/s
2026/06/17 11:50:17 INFO  [benchmark.tsdb.DBWrapper] DataClientService-thread-1 insert one batch latency (device: d_19, sg: g_0) ,1.04, ms, throughput ,48148.8222316594, points/s
2026/06/17 11:50:17 INFO  [benchmark.tsdb.DBWrapper] DataClientService-thread-1 insert one batch latency (device: d_0, sg: g_0) ,1.24, ms, throughput ,40244.007466068266, points/s
2026/06/17 11:50:17 INFO  [benchmark.tsdb.DBWrapper] DataClientService-thread-1 insert one batch latency (device: d_1, sg: g_0) ,1.14, ms, throughput ,44040.67949483579, points/s
2026/06/17 11:50:17 INFO  [benchmark.tsdb.DBWrapper] DataClientService-thread-1 insert one batch latency (device: d_2, sg: g_0) ,0.95, ms, throughput ,52776.074283380076, points/s
2026/06/17 11:50:17 INFO  [benchmark.tsdb.DBWrapper] DataClientService-thread-1 insert one batch latency (device: d_3, sg: g_0) ,2.98, ms, throughput ,16803.791204156318, points/s
2026/06/17 11:50:17 INFO  [benchmark.tsdb.DBWrapper] DataClientService-thread-1 insert one batch latency (device: d_4, sg: g_0) ,1.16, ms, throughput ,42919.781212123286, points/s
2026/06/17 11:50:17 INFO  [benchmark.tsdb.DBWrapper] DataClientService-thread-1 insert one batch latency (device: d_5, sg: g_0) ,1.19, ms, throughput ,42019.2078202788, points/s
2026/06/17 11:50:17 INFO  [benchmark.tsdb.DBWrapper] DataClientService-thread-1 insert one batch latency (device: d_6, sg: g_0) ,1.29, ms, throughput ,38867.76641716152, points/s
2026/06/17 11:50:17 INFO  [benchmark.tsdb.DBWrapper] DataClientService-thread-1 insert one batch latency (device: d_7, sg: g_0) ,1.24, ms, throughput ,40359.13169749701, points/s
2026/06/17 11:50:17 INFO  [benchmark.tsdb.DBWrapper] DataClientService-thread-1 insert one batch latency (device: d_8, sg: g_0) ,1.33, ms, throughput ,37466.54237765675, points/s
2026/06/17 11:50:17 INFO  [benchmark.tsdb.DBWrapper] DataClientService-thread-1 insert one batch latency (device: d_9, sg: g_0) ,1.59, ms, throughput ,31458.095300412228, points/s
2026/06/17 11:50:17 INFO  [benchmark.tsdb.DBWrapper] DataClientService-thread-1 insert one batch latency (device: d_10, sg: g_0) ,1.71, ms, throughput ,29277.74153843992, points/s
2026/06/17 11:50:17 INFO  [benchmark.tsdb.DBWrapper] DataClientService-thread-1 insert one batch latency (device: d_11, sg: g_0) ,1.78, ms, throughput ,28117.89495941744, points/s
2026/06/17 11:50:17 INFO  [benchmark.tsdb.DBWrapper] DataClientService-thread-1 insert one batch latency (device: d_12, sg: g_0) ,1.86, ms, throughput ,26910.84490903327, points/s
2026/06/17 11:50:17 INFO  [benchmark.tsdb.DBWrapper] DataClientService-thread-1 insert one batch latency (device: d_13, sg: g_0) ,1.63, ms, throughput ,30735.35567875652, points/s
2026/06/17 11:50:17 INFO  [benchmark.tsdb.DBWrapper] DataClientService-thread-1 insert one batch latency (device: d_14, sg: g_0) ,1.70, ms, throughput ,29480.228200550457, points/s
2026/06/17 11:50:17 INFO  [benchmark.tsdb.DBWrapper] DataClientService-thread-1 insert one batch latency (device: d_15, sg: g_0) ,2.91, ms, throughput ,17163.86964246973, points/s
2026/06/17 11:50:17 INFO  [benchmark.tsdb.DBWrapper] DataClientService-thread-1 insert one batch latency (device: d_16, sg: g_0) ,1.80, ms, throughput ,27773.442034882333, points/s
2026/06/17 11:50:17 INFO  [benchmark.tsdb.DBWrapper] DataClientService-thread-1 insert one batch latency (device: d_17, sg: g_0) ,1.91, ms, throughput ,26145.909864590332, points/s
2026/06/17 11:50:17 INFO  [benchmark.tsdb.DBWrapper] DataClientService-thread-1 insert one batch latency (device: d_18, sg: g_0) ,1.93, ms, throughput ,25934.20181788381, points/s
2026/06/17 11:50:17 INFO  [benchmark.tsdb.DBWrapper] DataClientService-thread-1 insert one batch latency (device: d_19, sg: g_0) ,2.10, ms, throughput ,23832.323398908768, points/s
2026/06/17 11:50:17 INFO  [benchmark.tsdb.DBWrapper] DataClientService-thread-1 insert one batch latency (device: d_0, sg: g_0) ,1.42, ms, throughput ,35119.09235408193, points/s
2026/06/17 11:50:17 INFO  [benchmark.tsdb.DBWrapper] DataClientService-thread-1 insert one batch latency (device: d_1, sg: g_0) ,1.19, ms, throughput ,41927.52575607907, points/s
2026/06/17 11:50:17 INFO  [benchmark.tsdb.DBWrapper] DataClientService-thread-1 insert one batch latency (device: d_2, sg: g_0) ,1.43, ms, throughput ,34936.03561239726, points/s
2026/06/17 11:50:17 INFO  [benchmark.tsdb.DBWrapper] DataClientService-thread-1 insert one batch latency (device: d_3, sg: g_0) ,1.18, ms, throughput ,42409.00088634812, points/s
2026/06/17 11:50:17 INFO  [benchmark.tsdb.DBWrapper] DataClientService-thread-1 insert one batch latency (device: d_4, sg: g_0) ,1.18, ms, throughput ,42421.41432995376, points/s
2026/06/17 11:50:17 INFO  [benchmark.tsdb.DBWrapper] DataClientService-thread-1 insert one batch latency (device: d_5, sg: g_0) ,1.51, ms, throughput ,33005.23925167882, points/s
2026/06/17 11:50:17 INFO  [benchmark.tsdb.DBWrapper] DataClientService-thread-1 insert one batch latency (device: d_6, sg: g_0) ,1.69, ms, throughput ,29544.855590654843, points/s
2026/06/17 11:50:17 INFO  [benchmark.tsdb.DBWrapper] DataClientService-thread-1 insert one batch latency (device: d_7, sg: g_0) ,1.46, ms, throughput ,34224.32952827238, points/s
2026/06/17 11:50:17 INFO  [benchmark.tsdb.DBWrapper] DataClientService-thread-1 insert one batch latency (device: d_8, sg: g_0) ,1.37, ms, throughput ,36424.80354282209, points/s
2026/06/17 11:50:17 INFO  [benchmark.tsdb.DBWrapper] DataClientService-thread-1 insert one batch latency (device: d_9, sg: g_0) ,1.57, ms, throughput ,31752.422551078533, points/s
2026/06/17 11:50:17 INFO  [benchmark.tsdb.DBWrapper] DataClientService-thread-1 insert one batch latency (device: d_10, sg: g_0) ,1.73, ms, throughput ,28976.184473980837, points/s
2026/06/17 11:50:17 INFO  [benchmark.tsdb.DBWrapper] DataClientService-thread-1 insert one batch latency (device: d_11, sg: g_0) ,1.72, ms, throughput ,28991.238267970653, points/s
2026/06/17 11:50:17 INFO  [benchmark.tsdb.DBWrapper] DataClientService-thread-1 insert one batch latency (device: d_12, sg: g_0) ,1.90, ms, throughput ,26254.574859669297, points/s
2026/06/17 11:50:17 INFO  [benchmark.tsdb.DBWrapper] DataClientService-thread-1 insert one batch latency (device: d_13, sg: g_0) ,1.65, ms, throughput ,30293.006071930136, points/s
2026/06/17 11:50:17 INFO  [benchmark.tsdb.DBWrapper] DataClientService-thread-1 insert one batch latency (device: d_14, sg: g_0) ,1.56, ms, throughput ,31950.984633493452, points/s
2026/06/17 11:50:17 INFO  [benchmark.tsdb.DBWrapper] DataClientService-thread-1 insert one batch latency (device: d_15, sg: g_0) ,1.36, ms, throughput ,36741.47230427818, points/s
2026/06/17 11:50:17 INFO  [benchmark.tsdb.DBWrapper] DataClientService-thread-1 insert one batch latency (device: d_16, sg: g_0) ,1.17, ms, throughput ,42563.11684597089, points/s
2026/06/17 11:50:17 INFO  [benchmark.tsdb.DBWrapper] DataClientService-thread-1 insert one batch latency (device: d_17, sg: g_0) ,1.16, ms, throughput ,42963.705121187726, points/s
2026/06/17 11:50:17 INFO  [benchmark.tsdb.DBWrapper] DataClientService-thread-1 insert one batch latency (device: d_18, sg: g_0) ,1.41, ms, throughput ,35446.1608263209, points/s
2026/06/17 11:50:17 INFO  [benchmark.tsdb.DBWrapper] DataClientService-thread-1 insert one batch latency (device: d_19, sg: g_0) ,1.54, ms, throughput ,32435.30777863551, points/s
2026/06/17 11:50:17 INFO  [benchmark.tsdb.DBWrapper] DataClientService-thread-1 insert one batch latency (device: d_0, sg: g_0) ,1.50, ms, throughput ,33308.8180432535, points/s
2026/06/17 11:50:17 INFO  [benchmark.tsdb.DBWrapper] DataClientService-thread-1 insert one batch latency (device: d_1, sg: g_0) ,1.57, ms, throughput ,31779.001198703925, points/s
2026/06/17 11:50:17 INFO  [benchmark.tsdb.DBWrapper] DataClientService-thread-1 insert one batch latency (device: d_2, sg: g_0) ,1.35, ms, throughput ,36968.60404333017, points/s
2026/06/17 11:50:17 INFO  [benchmark.tsdb.DBWrapper] DataClientService-thread-1 insert one batch latency (device: d_3, sg: g_0) ,1.70, ms, throughput ,29396.167445273157, points/s
2026/06/17 11:50:17 INFO  [benchmark.tsdb.DBWrapper] DataClientService-thread-1 insert one batch latency (device: d_4, sg: g_0) ,1.60, ms, throughput ,31186.904992836367, points/s
2026/06/17 11:50:17 INFO  [benchmark.tsdb.DBWrapper] DataClientService-thread-1 insert one batch latency (device: d_5, sg: g_0) ,2.10, ms, throughput ,23864.81062079532, points/s
2026/06/17 11:50:17 INFO  [benchmark.tsdb.DBWrapper] DataClientService-thread-1 insert one batch latency (device: d_6, sg: g_0) ,2.29, ms, throughput ,21798.327109184334, points/s
2026/06/17 11:50:17 INFO  [benchmark.tsdb.DBWrapper] DataClientService-thread-1 insert one batch latency (device: d_7, sg: g_0) ,1.78, ms, throughput ,28144.8808402035, points/s
2026/06/17 11:50:17 INFO  [benchmark.tsdb.DBWrapper] DataClientService-thread-1 insert one batch latency (device: d_8, sg: g_0) ,1.47, ms, throughput ,33949.77063534959, points/s
2026/06/17 11:50:17 INFO  [benchmark.tsdb.DBWrapper] DataClientService-thread-1 insert one batch latency (device: d_9, sg: g_0) ,1.73, ms, throughput ,28954.454642846802, points/s
2026/06/17 11:50:17 INFO  [benchmark.tsdb.DBWrapper] DataClientService-thread-1 insert one batch latency (device: d_10, sg: g_0) ,1.41, ms, throughput ,35446.56288858294, points/s
2026/06/17 11:50:17 INFO  [benchmark.tsdb.DBWrapper] DataClientService-thread-1 insert one batch latency (device: d_11, sg: g_0) ,1.76, ms, throughput ,28347.531667027626, points/s
2026/06/17 11:50:17 INFO  [benchmark.tsdb.DBWrapper] DataClientService-thread-1 insert one batch latency (device: d_12, sg: g_0) ,2.02, ms, throughput ,24780.052256174196, points/s
2026/06/17 11:50:17 INFO  [benchmark.tsdb.DBWrapper] DataClientService-thread-1 insert one batch latency (device: d_13, sg: g_0) ,1.94, ms, throughput ,25748.681538761808, points/s
2026/06/17 11:50:17 INFO  [benchmark.tsdb.DBWrapper] DataClientService-thread-1 insert one batch latency (device: d_14, sg: g_0) ,1.71, ms, throughput ,29235.38932183252, points/s
2026/06/17 11:50:17 INFO  [benchmark.tsdb.DBWrapper] DataClientService-thread-1 insert one batch latency (device: d_15, sg: g_0) ,1.48, ms, throughput ,33787.23099451363, points/s
2026/06/17 11:50:17 INFO  [benchmark.tsdb.DBWrapper] DataClientService-thread-1 insert one batch latency (device: d_16, sg: g_0) ,1.60, ms, throughput ,31259.651417375113, points/s
2026/06/17 11:50:17 INFO  [benchmark.tsdb.DBWrapper] DataClientService-thread-1 insert one batch latency (device: d_17, sg: g_0) ,1.60, ms, throughput ,31305.449777919137, points/s
2026/06/17 11:50:17 INFO  [benchmark.tsdb.DBWrapper] DataClientService-thread-1 insert one batch latency (device: d_18, sg: g_0) ,1.87, ms, throughput ,26795.628668321562, points/s
2026/06/17 11:50:17 INFO  [benchmark.tsdb.DBWrapper] DataClientService-thread-1 insert one batch latency (device: d_19, sg: g_0) ,2.25, ms, throughput ,22269.155705045923, points/s
2026/06/17 11:50:17 INFO  [benchmark.tsdb.DBWrapper] DataClientService-thread-1 insert one batch latency (device: d_0, sg: g_0) ,5.14, ms, throughput ,9722.566563121334, points/s
2026/06/17 11:50:17 INFO  [benchmark.tsdb.DBWrapper] DataClientService-thread-1 insert one batch latency (device: d_1, sg: g_0) ,2.75, ms, throughput ,18149.057483146786, points/s
2026/06/17 11:50:17 INFO  [benchmark.tsdb.DBWrapper] DataClientService-thread-1 insert one batch latency (device: d_2, sg: g_0) ,2.01, ms, throughput ,24937.61854720417, points/s
2026/06/17 11:50:17 INFO  [benchmark.tsdb.DBWrapper] DataClientService-thread-1 insert one batch latency (device: d_3, sg: g_0) ,1.85, ms, throughput ,27035.722299874826, points/s
2026/06/17 11:50:17 INFO  [benchmark.tsdb.DBWrapper] DataClientService-thread-1 insert one batch latency (device: d_4, sg: g_0) ,1.55, ms, throughput ,32347.280402400167, points/s
2026/06/17 11:50:17 INFO  [benchmark.tsdb.DBWrapper] DataClientService-thread-1 insert one batch latency (device: d_5, sg: g_0) ,1.33, ms, throughput ,37675.8804288118, points/s
2026/06/17 11:50:17 INFO  [benchmark.tsdb.DBWrapper] DataClientService-thread-1 insert one batch latency (device: d_6, sg: g_0) ,1.24, ms, throughput ,40173.84024149299, points/s
2026/06/17 11:50:17 INFO  [benchmark.tsdb.DBWrapper] DataClientService-thread-1 insert one batch latency (device: d_7, sg: g_0) ,1.18, ms, throughput ,42217.89160471895, points/s
2026/06/17 11:50:17 INFO  [benchmark.tsdb.DBWrapper] DataClientService-thread-1 insert one batch latency (device: d_8, sg: g_0) ,1.33, ms, throughput ,37697.55403190419, points/s
2026/06/17 11:50:17 INFO  [benchmark.tsdb.DBWrapper] DataClientService-thread-1 insert one batch latency (device: d_9, sg: g_0) ,1.36, ms, throughput ,36732.025183476464, points/s
2026/06/17 11:50:17 INFO  [benchmark.tsdb.DBWrapper] DataClientService-thread-1 insert one batch latency (device: d_10, sg: g_0) ,1.32, ms, throughput ,37841.233321476415, points/s
2026/06/17 11:50:17 INFO  [benchmark.tsdb.DBWrapper] DataClientService-thread-1 insert one batch latency (device: d_11, sg: g_0) ,1.29, ms, throughput ,38761.61297924858, points/s
2026/06/17 11:50:17 INFO  [benchmark.tsdb.DBWrapper] DataClientService-thread-1 insert one batch latency (device: d_12, sg: g_0) ,2.06, ms, throughput ,24310.907331683433, points/s
2026/06/17 11:50:17 INFO  [benchmark.tsdb.DBWrapper] DataClientService-thread-1 insert one batch latency (device: d_13, sg: g_0) ,1.18, ms, throughput ,42251.96196985408, points/s
2026/06/17 11:50:17 INFO  [benchmark.tsdb.DBWrapper] DataClientService-thread-1 insert one batch latency (device: d_14, sg: g_0) ,1.20, ms, throughput ,41812.41778633353, points/s
2026/06/17 11:50:17 INFO  [benchmark.tsdb.DBWrapper] DataClientService-thread-1 insert one batch latency (device: d_15, sg: g_0) ,1.05, ms, throughput ,47588.59092085827, points/s
2026/06/17 11:50:17 INFO  [benchmark.tsdb.DBWrapper] DataClientService-thread-1 insert one batch latency (device: d_16, sg: g_0) ,1.02, ms, throughput ,48900.90329748571, points/s
2026/06/17 11:50:17 INFO  [benchmark.tsdb.DBWrapper] DataClientService-thread-1 insert one batch latency (device: d_17, sg: g_0) ,0.93, ms, throughput ,54044.121620891296, points/s
2026/06/17 11:50:17 INFO  [benchmark.tsdb.DBWrapper] DataClientService-thread-1 insert one batch latency (device: d_18, sg: g_0) ,1.06, ms, throughput ,46971.158769092595, points/s
2026/06/17 11:50:17 INFO  [benchmark.tsdb.DBWrapper] DataClientService-thread-1 insert one batch latency (device: d_19, sg: g_0) ,1.42, ms, throughput ,35301.43542696733, points/s
2026/06/17 11:50:17 INFO  [benchmark.tsdb.DBWrapper] DataClientService-thread-1 insert one batch latency (device: d_0, sg: g_0) ,1.16, ms, throughput ,43051.11889858017, points/s
2026/06/17 11:50:17 INFO  [benchmark.tsdb.DBWrapper] DataClientService-thread-1 insert one batch latency (device: d_1, sg: g_0) ,1.25, ms, throughput ,40046.48596090342, points/s
2026/06/17 11:50:17 INFO  [benchmark.tsdb.DBWrapper] DataClientService-thread-1 insert one batch latency (device: d_2, sg: g_0) ,1.20, ms, throughput ,41633.53331307168, points/s
2026/06/17 11:50:17 INFO  [benchmark.tsdb.DBWrapper] DataClientService-thread-1 insert one batch latency (device: d_3, sg: g_0) ,1.81, ms, throughput ,27664.10902757337, points/s
2026/06/17 11:50:17 INFO  [benchmark.tsdb.DBWrapper] DataClientService-thread-1 insert one batch latency (device: d_4, sg: g_0) ,1.29, ms, throughput ,38675.862239672766, points/s
2026/06/17 11:50:17 INFO  [benchmark.tsdb.DBWrapper] DataClientService-thread-1 insert one batch latency (device: d_5, sg: g_0) ,1.48, ms, throughput ,33869.6708613125, points/s
2026/06/17 11:50:17 INFO  [benchmark.tsdb.DBWrapper] DataClientService-thread-1 insert one batch latency (device: d_6, sg: g_0) ,1.39, ms, throughput ,35977.719717733205, points/s
2026/06/17 11:50:17 INFO  [benchmark.tsdb.DBWrapper] DataClientService-thread-1 insert one batch latency (device: d_7, sg: g_0) ,1.30, ms, throughput ,38344.616875926025, points/s
2026/06/17 11:50:17 INFO  [benchmark.tsdb.DBWrapper] DataClientService-thread-1 insert one batch latency (device: d_8, sg: g_0) ,1.15, ms, throughput ,43557.76325658746, points/s
2026/06/17 11:50:17 INFO  [benchmark.tsdb.DBWrapper] DataClientService-thread-1 insert one batch latency (device: d_9, sg: g_0) ,1.07, ms, throughput ,46746.01022802704, points/s
2026/06/17 11:50:17 INFO  [benchmark.tsdb.DBWrapper] DataClientService-thread-1 insert one batch latency (device: d_10, sg: g_0) ,1.01, ms, throughput ,49371.54954583112, points/s
2026/06/17 11:50:17 INFO  [benchmark.tsdb.DBWrapper] DataClientService-thread-1 insert one batch latency (device: d_11, sg: g_0) ,0.98, ms, throughput ,51140.06547973984, points/s
2026/06/17 11:50:17 INFO  [benchmark.tsdb.DBWrapper] DataClientService-thread-1 insert one batch latency (device: d_12, sg: g_0) ,0.88, ms, throughput ,56991.03303086293, points/s
2026/06/17 11:50:17 INFO  [benchmark.tsdb.DBWrapper] DataClientService-thread-1 insert one batch latency (device: d_13, sg: g_0) ,1.04, ms, throughput ,48292.00825213837, points/s
2026/06/17 11:50:17 INFO  [benchmark.tsdb.DBWrapper] DataClientService-thread-1 insert one batch latency (device: d_14, sg: g_0) ,0.99, ms, throughput ,50276.82419401223, points/s
2026/06/17 11:50:17 INFO  [benchmark.tsdb.DBWrapper] DataClientService-thread-1 insert one batch latency (device: d_15, sg: g_0) ,1.00, ms, throughput ,49760.99792695683, points/s
2026/06/17 11:50:17 INFO  [benchmark.tsdb.DBWrapper] DataClientService-thread-1 insert one batch latency (device: d_16, sg: g_0) ,0.95, ms, throughput ,52821.56979366839, points/s
2026/06/17 11:50:17 INFO  [benchmark.tsdb.DBWrapper] DataClientService-thread-1 insert one batch latency (device: d_17, sg: g_0) ,0.99, ms, throughput ,50370.42409882274, points/s
2026/06/17 11:50:17 INFO  [benchmark.tsdb.DBWrapper] DataClientService-thread-1 insert one batch latency (device: d_18, sg: g_0) ,1.01, ms, throughput ,49539.97182166403, points/s
2026/06/17 11:50:17 INFO  [benchmark.tsdb.DBWrapper] DataClientService-thread-1 insert one batch latency (device: d_19, sg: g_0) ,1.07, ms, throughput ,46803.332397266684, points/s
2026/06/17 11:50:17 INFO  [benchmark.tsdb.DBWrapper] DataClientService-thread-1 insert one batch latency (device: d_0, sg: g_0) ,1.23, ms, throughput ,40506.16503831883, points/s
2026/06/17 11:50:17 INFO  [benchmark.tsdb.DBWrapper] DataClientService-thread-1 insert one batch latency (device: d_1, sg: g_0) ,1.31, ms, throughput ,38054.58854617772, points/s
2026/06/17 11:50:17 INFO  [benchmark.tsdb.DBWrapper] DataClientService-thread-1 insert one batch latency (device: d_2, sg: g_0) ,1.27, ms, throughput ,39229.470433532726, points/s
2026/06/17 11:50:17 INFO  [benchmark.tsdb.DBWrapper] DataClientService-thread-1 insert one batch latency (device: d_3, sg: g_0) ,1.29, ms, throughput ,38673.110122454535, points/s
2026/06/17 11:50:17 INFO  [benchmark.tsdb.DBWrapper] DataClientService-thread-1 insert one batch latency (device: d_4, sg: g_0) ,1.31, ms, throughput ,38221.56583053169, points/s
2026/06/17 11:50:17 INFO  [benchmark.tsdb.DBWrapper] DataClientService-thread-1 insert one batch latency (device: d_5, sg: g_0) ,1.28, ms, throughput ,39145.22486974426, points/s
2026/06/17 11:50:17 INFO  [benchmark.tsdb.DBWrapper] DataClientService-thread-1 insert one batch latency (device: d_6, sg: g_0) ,3.47, ms, throughput ,14426.288159335467, points/s
2026/06/17 11:50:17 INFO  [benchmark.tsdb.DBWrapper] DataClientService-thread-1 insert one batch latency (device: d_7, sg: g_0) ,1.68, ms, throughput ,29683.36751867826, points/s
2026/06/17 11:50:17 INFO  [benchmark.tsdb.DBWrapper] DataClientService-thread-1 insert one batch latency (device: d_8, sg: g_0) ,1.66, ms, throughput ,30033.09647231249, points/s
2026/06/17 11:50:17 INFO  [benchmark.tsdb.DBWrapper] DataClientService-thread-1 insert one batch latency (device: d_9, sg: g_0) ,2.13, ms, throughput ,23455.6671471951, points/s
2026/06/17 11:50:17 INFO  [benchmark.tsdb.DBWrapper] DataClientService-thread-1 insert one batch latency (device: d_10, sg: g_0) ,1.87, ms, throughput ,26708.90234424036, points/s
2026/06/17 11:50:17 INFO  [benchmark.tsdb.DBWrapper] DataClientService-thread-1 insert one batch latency (device: d_11, sg: g_0) ,1.82, ms, throughput ,27453.596558417135, points/s
2026/06/17 11:50:17 INFO  [benchmark.tsdb.DBWrapper] DataClientService-thread-1 insert one batch latency (device: d_12, sg: g_0) ,1.35, ms, throughput ,37108.80822093694, points/s
2026/06/17 11:50:17 INFO  [benchmark.tsdb.DBWrapper] DataClientService-thread-1 insert one batch latency (device: d_13, sg: g_0) ,1.27, ms, throughput ,39443.99741247377, points/s
2026/06/17 11:50:17 INFO  [benchmark.tsdb.DBWrapper] DataClientService-thread-1 insert one batch latency (device: d_14, sg: g_0) ,1.45, ms, throughput ,34464.05295884234, points/s
2026/06/17 11:50:17 INFO  [benchmark.tsdb.DBWrapper] DataClientService-thread-1 insert one batch latency (device: d_15, sg: g_0) ,1.10, ms, throughput ,45467.89648233072, points/s
2026/06/17 11:50:17 INFO  [benchmark.tsdb.DBWrapper] DataClientService-thread-1 insert one batch latency (device: d_16, sg: g_0) ,1.43, ms, throughput ,35009.764223241866, points/s
2026/06/17 11:50:17 INFO  [benchmark.tsdb.DBWrapper] DataClientService-thread-1 insert one batch latency (device: d_17, sg: g_0) ,1.60, ms, throughput ,31296.631981652663, points/s
2026/06/17 11:50:17 INFO  [benchmark.tsdb.DBWrapper] DataClientService-thread-1 insert one batch latency (device: d_18, sg: g_0) ,3.19, ms, throughput ,15674.944291247988, points/s
2026/06/17 11:50:17 INFO  [benchmark.tsdb.DBWrapper] DataClientService-thread-1 insert one batch latency (device: d_19, sg: g_0) ,1.68, ms, throughput ,29794.927473187545, points/s
2026/06/17 11:50:17 INFO  [benchmark.tsdb.DBWrapper] DataClientService-thread-1 insert one batch latency (device: d_0, sg: g_0) ,1.77, ms, throughput ,28243.337820258268, points/s
2026/06/17 11:50:17 INFO  [benchmark.tsdb.DBWrapper] DataClientService-thread-1 insert one batch latency (device: d_1, sg: g_0) ,1.42, ms, throughput ,35225.556281984806, points/s
2026/06/17 11:50:17 INFO  [benchmark.tsdb.DBWrapper] DataClientService-thread-1 insert one batch latency (device: d_2, sg: g_0) ,1.40, ms, throughput ,35733.837228083365, points/s
2026/06/17 11:50:17 INFO  [benchmark.tsdb.DBWrapper] DataClientService-thread-1 insert one batch latency (device: d_3, sg: g_0) ,1.38, ms, throughput ,36200.221979761176, points/s
2026/06/17 11:50:17 INFO  [benchmark.tsdb.DBWrapper] DataClientService-thread-1 insert one batch latency (device: d_4, sg: g_0) ,1.74, ms, throughput ,28670.398788044902, points/s
2026/06/17 11:50:17 INFO  [benchmark.tsdb.DBWrapper] DataClientService-thread-1 insert one batch latency (device: d_5, sg: g_0) ,1.73, ms, throughput ,28820.071681282287, points/s
2026/06/17 11:50:17 INFO  [benchmark.tsdb.DBWrapper] DataClientService-thread-1 insert one batch latency (device: d_6, sg: g_0) ,1.40, ms, throughput ,35716.403186760355, points/s
2026/06/17 11:50:17 INFO  [benchmark.tsdb.DBWrapper] DataClientService-thread-1 insert one batch latency (device: d_7, sg: g_0) ,1.46, ms, throughput ,34313.39244844584, points/s
2026/06/17 11:50:17 INFO  [benchmark.tsdb.DBWrapper] DataClientService-thread-1 insert one batch latency (device: d_8, sg: g_0) ,1.60, ms, throughput ,31186.904992836367, points/s
2026/06/17 11:50:17 INFO  [benchmark.tsdb.DBWrapper] DataClientService-thread-1 insert one batch latency (device: d_9, sg: g_0) ,1.72, ms, throughput ,29045.1972314118, points/s
2026/06/17 11:50:17 INFO  [benchmark.tsdb.DBWrapper] DataClientService-thread-1 insert one batch latency (device: d_10, sg: g_0) ,1.82, ms, throughput ,27547.587079300138, points/s
2026/06/17 11:50:17 INFO  [benchmark.tsdb.DBWrapper] DataClientService-thread-1 insert one batch latency (device: d_11, sg: g_0) ,1.50, ms, throughput ,33256.46655363902, points/s
2026/06/17 11:50:17 INFO  [benchmark.tsdb.DBWrapper] DataClientService-thread-1 insert one batch latency (device: d_12, sg: g_0) ,1.34, ms, throughput ,37268.210365630955, points/s
2026/06/17 11:50:17 INFO  [benchmark.tsdb.DBWrapper] DataClientService-thread-1 insert one batch latency (device: d_13, sg: g_0) ,1.14, ms, throughput ,43976.108659687365, points/s
2026/06/17 11:50:17 INFO  [benchmark.tsdb.DBWrapper] DataClientService-thread-1 insert one batch latency (device: d_14, sg: g_0) ,1.12, ms, throughput ,44452.03092438887, points/s
2026/06/17 11:50:17 INFO  [benchmark.tsdb.DBWrapper] DataClientService-thread-1 insert one batch latency (device: d_15, sg: g_0) ,1.06, ms, throughput ,47077.964876071965, points/s
2026/06/17 11:50:17 INFO  [benchmark.tsdb.DBWrapper] DataClientService-thread-1 insert one batch latency (device: d_16, sg: g_0) ,1.03, ms, throughput ,48468.586539691896, points/s
2026/06/17 11:50:17 INFO  [benchmark.tsdb.DBWrapper] DataClientService-thread-1 insert one batch latency (device: d_17, sg: g_0) ,1.00, ms, throughput ,50029.567474377356, points/s
2026/06/17 11:50:17 INFO  [benchmark.tsdb.DBWrapper] DataClientService-thread-1 insert one batch latency (device: d_18, sg: g_0) ,0.92, ms, throughput ,54077.14645713575, points/s
2026/06/17 11:50:17 INFO  [benchmark.tsdb.DBWrapper] DataClientService-thread-1 insert one batch latency (device: d_19, sg: g_0) ,1.00, ms, throughput ,49777.79193679415, points/s
2026/06/17 11:50:17 INFO  [benchmark.tsdb.DBWrapper] DataClientService-thread-1 insert one batch latency (device: d_0, sg: g_0) ,0.83, ms, throughput ,60555.34092051385, points/s
2026/06/17 11:50:17 INFO  [benchmark.tsdb.DBWrapper] DataClientService-thread-1 insert one batch latency (device: d_1, sg: g_0) ,1.21, ms, throughput ,41479.42164412813, points/s
2026/06/17 11:50:17 INFO  [benchmark.tsdb.DBWrapper] DataClientService-thread-1 insert one batch latency (device: d_2, sg: g_0) ,1.05, ms, throughput ,47721.39865692896, points/s
2026/06/17 11:50:17 INFO  [benchmark.tsdb.DBWrapper] DataClientService-thread-1 insert one batch latency (device: d_3, sg: g_0) ,1.02, ms, throughput ,49193.037414256534, points/s
2026/06/17 11:50:17 INFO  [benchmark.tsdb.DBWrapper] DataClientService-thread-1 insert one batch latency (device: d_4, sg: g_0) ,0.85, ms, throughput ,58960.664981963935, points/s
2026/06/17 11:50:17 INFO  [benchmark.tsdb.DBWrapper] DataClientService-thread-1 insert one batch latency (device: d_5, sg: g_0) ,1.00, ms, throughput ,50089.91139094675, points/s
2026/06/17 11:50:17 INFO  [benchmark.tsdb.DBWrapper] DataClientService-thread-1 insert one batch latency (device: d_6, sg: g_0) ,1.08, ms, throughput ,46506.56626209054, points/s
2026/06/17 11:50:17 INFO  [benchmark.tsdb.DBWrapper] DataClientService-thread-1 insert one batch latency (device: d_7, sg: g_0) ,1.12, ms, throughput ,44505.24850395607, points/s
2026/06/17 11:50:17 INFO  [benchmark.tsdb.DBWrapper] DataClientService-thread-1 insert one batch latency (device: d_8, sg: g_0) ,1.08, ms, throughput ,46156.54453644982, points/s
2026/06/17 11:50:17 INFO  [benchmark.tsdb.DBWrapper] DataClientService-thread-1 insert one batch latency (device: d_9, sg: g_0) ,1.03, ms, throughput ,48596.248758365844, points/s
2026/06/17 11:50:17 INFO  [benchmark.tsdb.DBWrapper] DataClientService-thread-1 insert one batch latency (device: d_10, sg: g_0) ,0.88, ms, throughput ,56808.49855138329, points/s
2026/06/17 11:50:17 INFO  [benchmark.tsdb.DBWrapper] DataClientService-thread-1 insert one batch latency (device: d_11, sg: g_0) ,0.81, ms, throughput ,61756.07093055282, points/s
2026/06/17 11:50:17 INFO  [benchmark.tsdb.DBWrapper] DataClientService-thread-1 insert one batch latency (device: d_12, sg: g_0) ,0.83, ms, throughput ,60176.58216269822, points/s
2026/06/17 11:50:17 INFO  [benchmark.tsdb.DBWrapper] DataClientService-thread-1 insert one batch latency (device: d_13, sg: g_0) ,1.00, ms, throughput ,50014.45417725723, points/s
2026/06/17 11:50:17 INFO  [benchmark.tsdb.DBWrapper] DataClientService-thread-1 insert one batch latency (device: d_14, sg: g_0) ,0.90, ms, throughput ,55836.911548748416, points/s
2026/06/17 11:50:17 INFO  [benchmark.tsdb.DBWrapper] DataClientService-thread-1 insert one batch latency (device: d_15, sg: g_0) ,1.07, ms, throughput ,46859.08255539447, points/s
2026/06/17 11:50:17 INFO  [benchmark.tsdb.DBWrapper] DataClientService-thread-1 insert one batch latency (device: d_16, sg: g_0) ,0.84, ms, throughput ,59834.95127041568, points/s
2026/06/17 11:50:17 INFO  [benchmark.tsdb.DBWrapper] DataClientService-thread-1 insert one batch latency (device: d_17, sg: g_0) ,1.02, ms, throughput ,49054.28248791547, points/s
2026/06/17 11:50:17 INFO  [benchmark.tsdb.DBWrapper] DataClientService-thread-1 insert one batch latency (device: d_18, sg: g_0) ,0.98, ms, throughput ,51259.39200209958, points/s
2026/06/17 11:50:17 INFO  [benchmark.tsdb.DBWrapper] DataClientService-thread-1 insert one batch latency (device: d_19, sg: g_0) ,0.81, ms, throughput ,61358.87826153117, points/s
2026/06/17 11:50:17 INFO  [benchmark.tsdb.DBWrapper] DataClientService-thread-1 insert one batch latency (device: d_0, sg: g_0) ,0.98, ms, throughput ,50785.08665459336, points/s
2026/06/17 11:50:17 INFO  [benchmark.tsdb.DBWrapper] DataClientService-thread-1 insert one batch latency (device: d_1, sg: g_0) ,0.98, ms, throughput ,51179.74428552565, points/s
2026/06/17 11:50:17 INFO  [benchmark.tsdb.DBWrapper] DataClientService-thread-1 insert one batch latency (device: d_2, sg: g_0) ,0.94, ms, throughput ,53353.65040340695, points/s
2026/06/17 11:50:17 INFO  [benchmark.tsdb.DBWrapper] DataClientService-thread-1 insert one batch latency (device: d_3, sg: g_0) ,0.97, ms, throughput ,51315.15613662558, points/s
2026/06/17 11:50:17 INFO  [benchmark.tsdb.DBWrapper] DataClientService-thread-1 insert one batch latency (device: d_4, sg: g_0) ,1.65, ms, throughput ,30259.4200600589, points/s
2026/06/17 11:50:17 INFO  [benchmark.tsdb.DBWrapper] DataClientService-thread-1 insert one batch latency (device: d_5, sg: g_0) ,0.97, ms, throughput ,51790.17933903301, points/s
2026/06/17 11:50:17 INFO  [benchmark.tsdb.DBWrapper] DataClientService-thread-1 insert one batch latency (device: d_6, sg: g_0) ,0.91, ms, throughput ,55191.5367089949, points/s
2026/06/17 11:50:17 INFO  [benchmark.tsdb.DBWrapper] DataClientService-thread-1 insert one batch latency (device: d_7, sg: g_0) ,1.01, ms, throughput ,49403.89263150823, points/s
2026/06/17 11:50:17 INFO  [benchmark.tsdb.DBWrapper] DataClientService-thread-1 insert one batch latency (device: d_8, sg: g_0) ,1.08, ms, throughput ,46350.28579586221, points/s
2026/06/17 11:50:17 INFO  [benchmark.tsdb.DBWrapper] DataClientService-thread-1 insert one batch latency (device: d_9, sg: g_0) ,1.05, ms, throughput ,47768.951137139884, points/s
2026/06/17 11:50:17 INFO  [benchmark.tsdb.DBWrapper] DataClientService-thread-1 insert one batch latency (device: d_10, sg: g_0) ,1.03, ms, throughput ,48704.603656546824, points/s
2026/06/17 11:50:17 INFO  [benchmark.tsdb.DBWrapper] DataClientService-thread-1 insert one batch latency (device: d_11, sg: g_0) ,0.88, ms, throughput ,56683.42984631989, points/s
2026/06/17 11:50:17 INFO  [benchmark.tsdb.DBWrapper] DataClientService-thread-1 insert one batch latency (device: d_12, sg: g_0) ,0.98, ms, throughput ,50918.83029263052, points/s
2026/06/17 11:50:17 INFO  [benchmark.tsdb.DBWrapper] DataClientService-thread-1 insert one batch latency (device: d_13, sg: g_0) ,0.94, ms, throughput ,53331.85426324177, points/s
2026/06/17 11:50:17 INFO  [benchmark.tsdb.DBWrapper] DataClientService-thread-1 insert one batch latency (device: d_14, sg: g_0) ,0.97, ms, throughput ,51768.3016476815, points/s
2026/06/17 11:50:17 INFO  [benchmark.tsdb.DBWrapper] DataClientService-thread-1 insert one batch latency (device: d_15, sg: g_0) ,1.12, ms, throughput ,44470.85024708004, points/s
2026/06/17 11:50:17 INFO  [benchmark.tsdb.DBWrapper] DataClientService-thread-1 insert one batch latency (device: d_16, sg: g_0) ,1.05, ms, throughput ,47734.01841196558, points/s
2026/06/17 11:50:17 INFO  [benchmark.tsdb.DBWrapper] DataClientService-thread-1 insert one batch latency (device: d_17, sg: g_0) ,1.06, ms, throughput ,47026.77892899333, points/s
2026/06/17 11:50:17 INFO  [benchmark.tsdb.DBWrapper] DataClientService-thread-1 insert one batch latency (device: d_18, sg: g_0) ,0.96, ms, throughput ,51967.48913879477, points/s
2026/06/17 11:50:17 INFO  [benchmark.tsdb.DBWrapper] DataClientService-thread-1 insert one batch latency (device: d_19, sg: g_0) ,0.93, ms, throughput ,53860.67965714446, points/s
2026/06/17 11:50:17 INFO  [benchmark.tsdb.DBWrapper] DataClientService-thread-1 insert one batch latency (device: d_0, sg: g_0) ,1.02, ms, throughput ,48793.24545344539, points/s
2026/06/17 11:50:17 INFO  [benchmark.tsdb.DBWrapper] DataClientService-thread-1 insert one batch latency (device: d_1, sg: g_0) ,1.01, ms, throughput ,49588.711229066124, points/s
2026/06/17 11:50:17 INFO  [benchmark.tsdb.DBWrapper] DataClientService-thread-1 insert one batch latency (device: d_2, sg: g_0) ,1.00, ms, throughput ,50223.39365497734, points/s
2026/06/17 11:50:17 INFO  [benchmark.tsdb.DBWrapper] DataClientService-thread-1 insert one batch latency (device: d_3, sg: g_0) ,1.13, ms, throughput ,44099.29397030354, points/s
2026/06/17 11:50:17 INFO  [benchmark.tsdb.DBWrapper] DataClientService-thread-1 insert one batch latency (device: d_4, sg: g_0) ,1.12, ms, throughput ,44638.63241514642, points/s
2026/06/17 11:50:17 INFO  [benchmark.tsdb.DBWrapper] DataClientService-thread-1 insert one batch latency (device: d_5, sg: g_0) ,1.12, ms, throughput ,44612.94257154354, points/s
2026/06/17 11:50:17 INFO  [benchmark.tsdb.DBWrapper] DataClientService-thread-1 insert one batch latency (device: d_6, sg: g_0) ,1.10, ms, throughput ,45581.136702387084, points/s
2026/06/17 11:50:17 INFO  [benchmark.tsdb.DBWrapper] DataClientService-thread-1 insert one batch latency (device: d_7, sg: g_0) ,1.34, ms, throughput ,37347.547311872935, points/s
2026/06/17 11:50:17 INFO  [benchmark.tsdb.DBWrapper] DataClientService-thread-1 insert one batch latency (device: d_8, sg: g_0) ,1.15, ms, throughput ,43449.84844692862, points/s
2026/06/17 11:50:17 INFO  [benchmark.tsdb.DBWrapper] DataClientService-thread-1 insert one batch latency (device: d_9, sg: g_0) ,1.08, ms, throughput ,46405.82263137721, points/s
2026/06/17 11:50:17 INFO  [benchmark.tsdb.DBWrapper] DataClientService-thread-1 insert one batch latency (device: d_10, sg: g_0) ,1.12, ms, throughput ,44741.368047862525, points/s
2026/06/17 11:50:17 INFO  [benchmark.tsdb.DBWrapper] DataClientService-thread-1 insert one batch latency (device: d_11, sg: g_0) ,1.11, ms, throughput ,45193.57311235484, points/s
2026/06/17 11:50:17 INFO  [benchmark.tsdb.DBWrapper] DataClientService-thread-1 insert one batch latency (device: d_12, sg: g_0) ,1.12, ms, throughput ,44663.99278229877, points/s
2026/06/17 11:50:17 INFO  [benchmark.tsdb.DBWrapper] DataClientService-thread-1 insert one batch latency (device: d_13, sg: g_0) ,1.09, ms, throughput ,45790.229463997886, points/s
2026/06/17 11:50:17 INFO  [benchmark.tsdb.DBWrapper] DataClientService-thread-1 insert one batch latency (device: d_14, sg: g_0) ,1.06, ms, throughput ,47321.866298691835, points/s
2026/06/17 11:50:17 INFO  [benchmark.tsdb.DBWrapper] DataClientService-thread-1 insert one batch latency (device: d_15, sg: g_0) ,1.08, ms, throughput ,46501.41922331469, points/s
2026/06/17 11:50:17 INFO  [benchmark.tsdb.DBWrapper] DataClientService-thread-1 insert one batch latency (device: d_16, sg: g_0) ,1.08, ms, throughput ,46354.92669431892, points/s
2026/06/17 11:50:17 INFO  [benchmark.tsdb.DBWrapper] DataClientService-thread-1 insert one batch latency (device: d_17, sg: g_0) ,1.13, ms, throughput ,44093.18830789745, points/s
2026/06/17 11:50:17 INFO  [benchmark.tsdb.DBWrapper] DataClientService-thread-1 insert one batch latency (device: d_18, sg: g_0) ,1.08, ms, throughput ,46334.82284343834, points/s
2026/06/17 11:50:17 INFO  [benchmark.tsdb.DBWrapper] DataClientService-thread-1 insert one batch latency (device: d_19, sg: g_0) ,0.95, ms, throughput ,52457.36527637163, points/s
2026/06/17 11:50:17 INFO  [benchmark.tsdb.DBWrapper] DataClientService-thread-1 insert one batch latency (device: d_0, sg: g_0) ,1.02, ms, throughput ,49042.68675455116, points/s
2026/06/17 11:50:17 INFO  [benchmark.tsdb.DBWrapper] DataClientService-thread-1 insert one batch latency (device: d_1, sg: g_0) ,0.89, ms, throughput ,56323.3047811727, points/s
2026/06/17 11:50:17 INFO  [benchmark.tsdb.DBWrapper] DataClientService-thread-1 insert one batch latency (device: d_2, sg: g_0) ,1.08, ms, throughput ,46435.818733137996, points/s
2026/06/17 11:50:17 INFO  [benchmark.tsdb.DBWrapper] DataClientService-thread-1 insert one batch latency (device: d_3, sg: g_0) ,1.01, ms, throughput ,49682.87421389272, points/s
2026/06/17 11:50:17 INFO  [benchmark.tsdb.DBWrapper] DataClientService-thread-1 insert one batch latency (device: d_4, sg: g_0) ,1.06, ms, throughput ,47290.22293556896, points/s
2026/06/17 11:50:17 INFO  [benchmark.tsdb.DBWrapper] DataClientService-thread-1 insert one batch latency (device: d_5, sg: g_0) ,0.90, ms, throughput ,55286.67801149299, points/s
2026/06/17 11:50:17 INFO  [benchmark.tsdb.DBWrapper] DataClientService-thread-1 insert one batch latency (device: d_6, sg: g_0) ,7.63, ms, throughput ,6553.155527875027, points/s
2026/06/17 11:50:17 INFO  [benchmark.tsdb.DBWrapper] DataClientService-thread-1 insert one batch latency (device: d_7, sg: g_0) ,0.98, ms, throughput ,50823.44139752266, points/s
2026/06/17 11:50:17 INFO  [benchmark.tsdb.DBWrapper] DataClientService-thread-1 insert one batch latency (device: d_8, sg: g_0) ,0.94, ms, throughput ,53035.99234584558, points/s
2026/06/17 11:50:17 INFO  [benchmark.tsdb.DBWrapper] DataClientService-thread-1 insert one batch latency (device: d_9, sg: g_0) ,0.95, ms, throughput ,52423.540266521275, points/s
2026/06/17 11:50:17 INFO  [benchmark.tsdb.DBWrapper] DataClientService-thread-1 insert one batch latency (device: d_10, sg: g_0) ,1.20, ms, throughput ,41635.19739663438, points/s
2026/06/17 11:50:17 INFO  [benchmark.tsdb.DBWrapper] DataClientService-thread-1 insert one batch latency (device: d_11, sg: g_0) ,0.93, ms, throughput ,53903.41585946301, points/s
2026/06/17 11:50:17 INFO  [benchmark.tsdb.DBWrapper] DataClientService-thread-1 insert one batch latency (device: d_12, sg: g_0) ,0.93, ms, throughput ,53620.740502426335, points/s
2026/06/17 11:50:17 INFO  [benchmark.tsdb.DBWrapper] DataClientService-thread-1 insert one batch latency (device: d_13, sg: g_0) ,1.08, ms, throughput ,46480.97208445778, points/s
2026/06/17 11:50:17 INFO  [benchmark.tsdb.DBWrapper] DataClientService-thread-1 insert one batch latency (device: d_14, sg: g_0) ,1.08, ms, throughput ,46476.30591448174, points/s
2026/06/17 11:50:17 INFO  [benchmark.tsdb.DBWrapper] DataClientService-thread-1 insert one batch latency (device: d_15, sg: g_0) ,0.98, ms, throughput ,50889.23855450135, points/s
2026/06/17 11:50:17 INFO  [benchmark.tsdb.DBWrapper] DataClientService-thread-1 insert one batch latency (device: d_16, sg: g_0) ,1.12, ms, throughput ,44539.898395583776, points/s
2026/06/17 11:50:17 INFO  [benchmark.tsdb.DBWrapper] DataClientService-thread-1 insert one batch latency (device: d_17, sg: g_0) ,1.08, ms, throughput ,46202.30882177644, points/s
2026/06/17 11:50:17 INFO  [benchmark.tsdb.DBWrapper] DataClientService-thread-1 insert one batch latency (device: d_18, sg: g_0) ,0.92, ms, throughput ,54246.8208650632, points/s
2026/06/17 11:50:17 INFO  [benchmark.tsdb.DBWrapper] DataClientService-thread-1 insert one batch latency (device: d_19, sg: g_0) ,7.45, ms, throughput ,6711.52560896692, points/s
2026/06/17 11:50:17 INFO  [benchmark.tsdb.DBWrapper] DataClientService-thread-1 insert one batch latency (device: d_0, sg: g_0) ,7.49, ms, throughput ,6674.539063006848, points/s
2026/06/17 11:50:17 INFO  [benchmark.tsdb.DBWrapper] DataClientService-thread-1 insert one batch latency (device: d_1, sg: g_0) ,1.75, ms, throughput ,28577.879006975858, points/s
2026/06/17 11:50:17 INFO  [benchmark.tsdb.DBWrapper] DataClientService-thread-1 insert one batch latency (device: d_2, sg: g_0) ,0.97, ms, throughput ,51511.66120986469, points/s
2026/06/17 11:50:17 INFO  [benchmark.tsdb.DBWrapper] DataClientService-thread-1 insert one batch latency (device: d_3, sg: g_0) ,1.15, ms, throughput ,43573.02272158843, points/s
2026/06/17 11:50:17 INFO  [benchmark.tsdb.DBWrapper] DataClientService-thread-1 insert one batch latency (device: d_4, sg: g_0) ,1.02, ms, throughput ,48814.68189424397, points/s
2026/06/17 11:50:17 INFO  [benchmark.tsdb.DBWrapper] DataClientService-thread-1 insert one batch latency (device: d_5, sg: g_0) ,0.96, ms, throughput ,52095.70606352342, points/s
2026/06/17 11:50:17 INFO  [benchmark.tsdb.DBWrapper] DataClientService-thread-1 insert one batch latency (device: d_6, sg: g_0) ,1.08, ms, throughput ,46270.03376787064, points/s
2026/06/17 11:50:17 INFO  [benchmark.tsdb.DBWrapper] DataClientService-thread-1 insert one batch latency (device: d_7, sg: g_0) ,1.02, ms, throughput ,49135.22012578616, points/s
2026/06/17 11:50:17 INFO  [benchmark.tsdb.DBWrapper] DataClientService-thread-1 insert one batch latency (device: d_8, sg: g_0) ,1.07, ms, throughput ,46524.524938075854, points/s
2026/06/17 11:50:17 INFO  [benchmark.tsdb.DBWrapper] DataClientService-thread-1 insert one batch latency (device: d_9, sg: g_0) ,1.06, ms, throughput ,47053.376409130986, points/s
2026/06/17 11:50:17 INFO  [benchmark.tsdb.DBWrapper] DataClientService-thread-1 insert one batch latency (device: d_10, sg: g_0) ,1.03, ms, throughput ,48775.49129113603, points/s
2026/06/17 11:50:17 INFO  [benchmark.tsdb.DBWrapper] DataClientService-thread-1 insert one batch latency (device: d_11, sg: g_0) ,1.05, ms, throughput ,47452.87217999444, points/s
2026/06/17 11:50:17 INFO  [benchmark.tsdb.DBWrapper] DataClientService-thread-1 insert one batch latency (device: d_12, sg: g_0) ,1.08, ms, throughput ,46277.27119591575, points/s
2026/06/17 11:50:17 INFO  [benchmark.tsdb.DBWrapper] DataClientService-thread-1 insert one batch latency (device: d_13, sg: g_0) ,2.22, ms, throughput ,22543.95959401034, points/s
2026/06/17 11:50:17 INFO  [benchmark.tsdb.DBWrapper] DataClientService-thread-1 insert one batch latency (device: d_14, sg: g_0) ,1.09, ms, throughput ,45712.61393869024, points/s
2026/06/17 11:50:17 INFO  [benchmark.tsdb.DBWrapper] DataClientService-thread-1 insert one batch latency (device: d_15, sg: g_0) ,1.07, ms, throughput ,46860.83924014212, points/s
2026/06/17 11:50:17 INFO  [benchmark.tsdb.DBWrapper] DataClientService-thread-1 insert one batch latency (device: d_16, sg: g_0) ,1.07, ms, throughput ,46944.918588122186, points/s
2026/06/17 11:50:17 INFO  [benchmark.tsdb.DBWrapper] DataClientService-thread-1 insert one batch latency (device: d_17, sg: g_0) ,0.96, ms, throughput ,52244.03817158405, points/s
2026/06/17 11:50:17 INFO  [benchmark.tsdb.DBWrapper] DataClientService-thread-1 insert one batch latency (device: d_18, sg: g_0) ,1.01, ms, throughput ,49352.93368643712, points/s
2026/06/17 11:50:17 INFO  [benchmark.tsdb.DBWrapper] DataClientService-thread-1 insert one batch latency (device: d_19, sg: g_0) ,1.23, ms, throughput ,40604.25630056245, points/s
2026/06/17 11:50:17 INFO  [benchmark.tsdb.DBWrapper] DataClientService-thread-1 insert one batch latency (device: d_0, sg: g_0) ,1.08, ms, throughput ,46314.60771990408, points/s
2026/06/17 11:50:17 INFO  [benchmark.tsdb.DBWrapper] DataClientService-thread-1 insert one batch latency (device: d_1, sg: g_0) ,1.09, ms, throughput ,45698.82645413666, points/s
2026/06/17 11:50:17 INFO  [benchmark.tsdb.DBWrapper] DataClientService-thread-1 insert one batch latency (device: d_2, sg: g_0) ,1.05, ms, throughput ,47598.51226090077, points/s
2026/06/17 11:50:17 INFO  [benchmark.tsdb.DBWrapper] DataClientService-thread-1 insert one batch latency (device: d_3, sg: g_0) ,1.00, ms, throughput ,49872.675060570364, points/s
2026/06/17 11:50:17 INFO  [benchmark.tsdb.DBWrapper] DataClientService-thread-1 insert one batch latency (device: d_4, sg: g_0) ,1.23, ms, throughput ,40748.833157162546, points/s
2026/06/17 11:50:17 INFO  [benchmark.tsdb.DBWrapper] DataClientService-thread-1 insert one batch latency (device: d_5, sg: g_0) ,1.14, ms, throughput ,43871.69459684984, points/s
2026/06/17 11:50:17 INFO  [benchmark.tsdb.DBWrapper] DataClientService-thread-1 insert one batch latency (device: d_6, sg: g_0) ,1.07, ms, throughput ,46525.34747455761, points/s
2026/06/17 11:50:17 INFO  [benchmark.tsdb.DBWrapper] DataClientService-thread-1 insert one batch latency (device: d_7, sg: g_0) ,1.06, ms, throughput ,47321.91108591483, points/s
2026/06/17 11:50:17 INFO  [benchmark.tsdb.DBWrapper] DataClientService-thread-1 insert one batch latency (device: d_8, sg: g_0) ,1.04, ms, throughput ,48065.646136867894, points/s
2026/06/17 11:50:17 INFO  [benchmark.tsdb.DBWrapper] DataClientService-thread-1 insert one batch latency (device: d_9, sg: g_0) ,1.05, ms, throughput ,47547.635598724584, points/s
2026/06/17 11:50:17 INFO  [benchmark.tsdb.DBWrapper] DataClientService-thread-1 insert one batch latency (device: d_10, sg: g_0) ,1.03, ms, throughput ,48340.75202741114, points/s
2026/06/17 11:50:17 INFO  [benchmark.tsdb.DBWrapper] DataClientService-thread-1 insert one batch latency (device: d_11, sg: g_0) ,0.97, ms, throughput ,51412.507223457265, points/s
2026/06/17 11:50:17 INFO  [benchmark.tsdb.DBWrapper] DataClientService-thread-1 insert one batch latency (device: d_12, sg: g_0) ,1.10, ms, throughput ,45376.6626009177, points/s
2026/06/17 11:50:17 INFO  [benchmark.tsdb.DBWrapper] DataClientService-thread-1 insert one batch latency (device: d_13, sg: g_0) ,1.02, ms, throughput ,48957.59488961041, points/s
2026/06/17 11:50:17 INFO  [benchmark.tsdb.DBWrapper] DataClientService-thread-1 insert one batch latency (device: d_14, sg: g_0) ,1.06, ms, throughput ,47307.091143734084, points/s
2026/06/17 11:50:17 INFO  [benchmark.tsdb.DBWrapper] DataClientService-thread-1 insert one batch latency (device: d_15, sg: g_0) ,2.39, ms, throughput ,20954.054882022385, points/s
2026/06/17 11:50:17 INFO  [benchmark.tsdb.DBWrapper] DataClientService-thread-1 insert one batch latency (device: d_16, sg: g_0) ,1.07, ms, throughput ,46897.3641805436, points/s
2026/06/17 11:50:17 INFO  [benchmark.tsdb.DBWrapper] DataClientService-thread-1 insert one batch latency (device: d_17, sg: g_0) ,0.98, ms, throughput ,50909.96470921246, points/s
2026/06/17 11:50:17 INFO  [benchmark.tsdb.DBWrapper] DataClientService-thread-1 insert one batch latency (device: d_18, sg: g_0) ,0.99, ms, throughput ,50303.48090027134, points/s
2026/06/17 11:50:17 INFO  [benchmark.tsdb.DBWrapper] DataClientService-thread-1 insert one batch latency (device: d_19, sg: g_0) ,1.13, ms, throughput ,44078.10640454886, points/s
2026/06/17 11:50:17 INFO  [benchmark.tsdb.DBWrapper] DataClientService-thread-1 insert one batch latency (device: d_0, sg: g_0) ,1.07, ms, throughput ,46721.37428119166, points/s
2026/06/17 11:50:17 INFO  [benchmark.tsdb.DBWrapper] DataClientService-thread-1 insert one batch latency (device: d_1, sg: g_0) ,1.02, ms, throughput ,49079.995484640414, points/s
2026/06/17 11:50:17 INFO  [benchmark.tsdb.DBWrapper] DataClientService-thread-1 insert one batch latency (device: d_2, sg: g_0) ,0.93, ms, throughput ,53478.45246193404, points/s
2026/06/17 11:50:17 INFO  [benchmark.tsdb.DBWrapper] DataClientService-thread-1 insert one batch latency (device: d_3, sg: g_0) ,1.05, ms, throughput ,47685.85322866606, points/s
2026/06/17 11:50:17 INFO  [benchmark.tsdb.DBWrapper] DataClientService-thread-1 insert one batch latency (device: d_4, sg: g_0) ,1.02, ms, throughput ,49172.08952860685, points/s
2026/06/17 11:50:17 INFO  [benchmark.tsdb.DBWrapper] DataClientService-thread-1 insert one batch latency (device: d_5, sg: g_0) ,0.94, ms, throughput ,53182.041062917546, points/s
2026/06/17 11:50:17 INFO  [benchmark.tsdb.DBWrapper] DataClientService-thread-1 insert one batch latency (device: d_6, sg: g_0) ,1.61, ms, throughput ,30996.4490467972, points/s
2026/06/17 11:50:17 INFO  [benchmark.tsdb.DBWrapper] DataClientService-thread-1 insert one batch latency (device: d_7, sg: g_0) ,0.95, ms, throughput ,52481.592081577386, points/s
2026/06/17 11:50:17 INFO  [benchmark.tsdb.DBWrapper] DataClientService-thread-1 insert one batch latency (device: d_8, sg: g_0) ,1.02, ms, throughput ,48961.33425511205, points/s
2026/06/17 11:50:17 INFO  [benchmark.tsdb.DBWrapper] DataClientService-thread-1 insert one batch latency (device: d_9, sg: g_0) ,0.93, ms, throughput ,53708.63495207579, points/s
2026/06/17 11:50:17 INFO  [benchmark.tsdb.DBWrapper] DataClientService-thread-1 insert one batch latency (device: d_10, sg: g_0) ,1.16, ms, throughput ,43192.70077910994, points/s
2026/06/17 11:50:17 INFO  [benchmark.tsdb.DBWrapper] DataClientService-thread-1 insert one batch latency (device: d_11, sg: g_0) ,1.10, ms, throughput ,45319.821983739246, points/s
2026/06/17 11:50:17 INFO  [benchmark.tsdb.DBWrapper] DataClientService-thread-1 insert one batch latency (device: d_12, sg: g_0) ,1.13, ms, throughput ,44390.58386934963, points/s
2026/06/17 11:50:17 INFO  [benchmark.tsdb.DBWrapper] DataClientService-thread-1 insert one batch latency (device: d_13, sg: g_0) ,1.22, ms, throughput ,40817.059571682104, points/s
2026/06/17 11:50:17 INFO  [benchmark.tsdb.DBWrapper] DataClientService-thread-1 insert one batch latency (device: d_14, sg: g_0) ,1.17, ms, throughput ,42826.22232462448, points/s
2026/06/17 11:50:17 INFO  [benchmark.tsdb.DBWrapper] DataClientService-thread-1 insert one batch latency (device: d_15, sg: g_0) ,1.06, ms, throughput ,47065.2022485871, points/s
2026/06/17 11:50:17 INFO  [benchmark.tsdb.DBWrapper] DataClientService-thread-1 insert one batch latency (device: d_16, sg: g_0) ,1.11, ms, throughput ,45089.240625045095, points/s
2026/06/17 11:50:17 INFO  [benchmark.tsdb.DBWrapper] DataClientService-thread-1 insert one batch latency (device: d_17, sg: g_0) ,1.06, ms, throughput ,46985.9455639629, points/s
2026/06/17 11:50:17 INFO  [benchmark.tsdb.DBWrapper] DataClientService-thread-1 insert one batch latency (device: d_18, sg: g_0) ,1.91, ms, throughput ,26219.962411061886, points/s
2026/06/17 11:50:17 INFO  [benchmark.tsdb.DBWrapper] DataClientService-thread-1 insert one batch latency (device: d_19, sg: g_0) ,8.08, ms, throughput ,6191.295682165626, points/s
2026/06/17 11:50:17 INFO  [benchmark.tsdb.DBWrapper] DataClientService-thread-1 insert one batch latency (device: d_0, sg: g_0) ,5.27, ms, throughput ,9488.794966687688, points/s
2026/06/17 11:50:17 INFO  [benchmark.tsdb.DBWrapper] DataClientService-thread-1 insert one batch latency (device: d_1, sg: g_0) ,1.14, ms, throughput ,43701.48043135109, points/s
2026/06/17 11:50:17 INFO  [benchmark.tsdb.DBWrapper] DataClientService-thread-1 insert one batch latency (device: d_2, sg: g_0) ,1.11, ms, throughput ,45023.425688385665, points/s
2026/06/17 11:50:17 INFO  [benchmark.tsdb.DBWrapper] DataClientService-thread-1 insert one batch latency (device: d_3, sg: g_0) ,1.07, ms, throughput ,46806.662273081296, points/s
2026/06/17 11:50:17 INFO  [benchmark.tsdb.DBWrapper] DataClientService-thread-1 insert one batch latency (device: d_4, sg: g_0) ,1.05, ms, throughput ,47474.3638435245, points/s
2026/06/17 11:50:17 INFO  [benchmark.tsdb.DBWrapper] DataClientService-thread-1 insert one batch latency (device: d_5, sg: g_0) ,1.09, ms, throughput ,45909.635146947556, points/s
2026/06/17 11:50:17 INFO  [benchmark.tsdb.DBWrapper] DataClientService-thread-1 insert one batch latency (device: d_6, sg: g_0) ,1.07, ms, throughput ,46779.905223912014, points/s
2026/06/17 11:50:17 INFO  [benchmark.tsdb.DBWrapper] DataClientService-thread-1 insert one batch latency (device: d_7, sg: g_0) ,1.03, ms, throughput ,48344.724962025226, points/s
2026/06/17 11:50:17 INFO  [benchmark.tsdb.DBWrapper] DataClientService-thread-1 insert one batch latency (device: d_8, sg: g_0) ,1.04, ms, throughput ,48244.99192861284, points/s
2026/06/17 11:50:17 INFO  [benchmark.tsdb.DBWrapper] DataClientService-thread-1 insert one batch latency (device: d_9, sg: g_0) ,1.31, ms, throughput ,38064.81524480625, points/s
2026/06/17 11:50:17 INFO  [benchmark.tsdb.DBWrapper] DataClientService-thread-1 insert one batch latency (device: d_10, sg: g_0) ,1.14, ms, throughput ,43756.55254374342, points/s
2026/06/17 11:50:17 INFO  [benchmark.tsdb.DBWrapper] DataClientService-thread-1 insert one batch latency (device: d_11, sg: g_0) ,1.11, ms, throughput ,45229.917238297436, points/s
2026/06/17 11:50:17 INFO  [benchmark.tsdb.DBWrapper] DataClientService-thread-1 insert one batch latency (device: d_12, sg: g_0) ,0.98, ms, throughput ,51279.84230422895, points/s
2026/06/17 11:50:17 INFO  [benchmark.tsdb.DBWrapper] DataClientService-thread-1 insert one batch latency (device: d_13, sg: g_0) ,1.12, ms, throughput ,44523.20104006198, points/s
2026/06/17 11:50:17 INFO  [benchmark.tsdb.DBWrapper] DataClientService-thread-1 insert one batch latency (device: d_14, sg: g_0) ,0.96, ms, throughput ,52226.084631325626, points/s
2026/06/17 11:50:17 INFO  [benchmark.tsdb.DBWrapper] DataClientService-thread-1 insert one batch latency (device: d_15, sg: g_0) ,0.90, ms, throughput ,55541.79353338006, points/s
2026/06/17 11:50:17 INFO  [benchmark.tsdb.DBWrapper] DataClientService-thread-1 insert one batch latency (device: d_16, sg: g_0) ,0.93, ms, throughput ,53948.66460870494, points/s
2026/06/17 11:50:17 INFO  [benchmark.tsdb.DBWrapper] DataClientService-thread-1 insert one batch latency (device: d_17, sg: g_0) ,1.07, ms, throughput ,46747.408791130714, points/s
2026/06/17 11:50:17 INFO  [benchmark.tsdb.DBWrapper] DataClientService-thread-1 insert one batch latency (device: d_18, sg: g_0) ,7.66, ms, throughput ,6529.551312740174, points/s
2026/06/17 11:50:17 INFO  [benchmark.tsdb.DBWrapper] DataClientService-thread-1 insert one batch latency (device: d_19, sg: g_0) ,1.10, ms, throughput ,45466.697462776414, points/s
2026/06/17 11:50:17 INFO  [benchmark.tsdb.DBWrapper] DataClientService-thread-1 insert one batch latency (device: d_0, sg: g_0) ,1.08, ms, throughput ,46308.08770751811, points/s
2026/06/17 11:50:17 INFO  [benchmark.tsdb.DBWrapper] DataClientService-thread-1 insert one batch latency (device: d_1, sg: g_0) ,2.22, ms, throughput ,22518.1406140787, points/s
2026/06/17 11:50:17 INFO  [benchmark.tsdb.DBWrapper] DataClientService-thread-1 insert one batch latency (device: d_2, sg: g_0) ,1.06, ms, throughput ,46991.73039528504, points/s
2026/06/17 11:50:17 INFO  [benchmark.tsdb.DBWrapper] DataClientService-thread-1 insert one batch latency (device: d_3, sg: g_0) ,1.02, ms, throughput ,48957.930450364, points/s
2026/06/17 11:50:17 INFO  [benchmark.tsdb.DBWrapper] DataClientService-thread-1 insert one batch latency (device: d_4, sg: g_0) ,0.91, ms, throughput ,55057.83274751799, points/s
2026/06/17 11:50:17 INFO  [benchmark.tsdb.DBWrapper] DataClientService-thread-1 insert one batch latency (device: d_5, sg: g_0) ,1.19, ms, throughput ,42019.80813755604, points/s
2026/06/17 11:50:17 INFO  [benchmark.tsdb.DBWrapper] DataClientService-thread-1 insert one batch latency (device: d_6, sg: g_0) ,0.94, ms, throughput ,53040.15564103271, points/s
2026/06/17 11:50:17 INFO  [benchmark.tsdb.DBWrapper] DataClientService-thread-1 insert one batch latency (device: d_7, sg: g_0) ,0.88, ms, throughput ,56748.729112211535, points/s
2026/06/17 11:50:17 INFO  [benchmark.tsdb.DBWrapper] DataClientService-thread-1 insert one batch latency (device: d_8, sg: g_0) ,1.08, ms, throughput ,46448.88949994984, points/s
2026/06/17 11:50:17 INFO  [benchmark.tsdb.DBWrapper] DataClientService-thread-1 insert one batch latency (device: d_9, sg: g_0) ,0.98, ms, throughput ,51146.86618036226, points/s
2026/06/17 11:50:17 INFO  [benchmark.tsdb.DBWrapper] DataClientService-thread-1 insert one batch latency (device: d_10, sg: g_0) ,1.06, ms, throughput ,47386.89695434936, points/s
2026/06/17 11:50:17 INFO  [benchmark.tsdb.DBWrapper] DataClientService-thread-1 insert one batch latency (device: d_11, sg: g_0) ,0.96, ms, throughput ,52209.99696137817, points/s
2026/06/17 11:50:17 INFO  [benchmark.tsdb.DBWrapper] DataClientService-thread-1 insert one batch latency (device: d_12, sg: g_0) ,1.33, ms, throughput ,37691.44426829976, points/s
2026/06/17 11:50:17 INFO  [benchmark.tsdb.DBWrapper] DataClientService-thread-1 insert one batch latency (device: d_13, sg: g_0) ,1.10, ms, throughput ,45365.793465874034, points/s
2026/06/17 11:50:17 INFO  [benchmark.tsdb.DBWrapper] DataClientService-thread-1 insert one batch latency (device: d_14, sg: g_0) ,1.20, ms, throughput ,41667.743083362984, points/s
2026/06/17 11:50:17 INFO  [benchmark.tsdb.DBWrapper] DataClientService-thread-1 insert one batch latency (device: d_15, sg: g_0) ,1.36, ms, throughput ,36662.9392678411, points/s
2026/06/17 11:50:17 INFO  [benchmark.tsdb.DBWrapper] DataClientService-thread-1 insert one batch latency (device: d_16, sg: g_0) ,1.42, ms, throughput ,35151.60888913886, points/s
2026/06/17 11:50:17 INFO  [benchmark.tsdb.DBWrapper] DataClientService-thread-1 insert one batch latency (device: d_17, sg: g_0) ,1.13, ms, throughput ,44392.19975779615, points/s
2026/06/17 11:50:17 INFO  [benchmark.tsdb.DBWrapper] DataClientService-thread-1 insert one batch latency (device: d_18, sg: g_0) ,1.15, ms, throughput ,43533.41581464516, points/s
2026/06/17 11:50:17 INFO  [benchmark.tsdb.DBWrapper] DataClientService-thread-1 insert one batch latency (device: d_19, sg: g_0) ,1.12, ms, throughput ,44745.371986175465, points/s
2026/06/17 11:50:17 INFO  [benchmark.tsdb.DBWrapper] DataClientService-thread-1 insert one batch latency (device: d_0, sg: g_0) ,8.32, ms, throughput ,6006.093301776519, points/s
2026/06/17 11:50:17 INFO  [benchmark.tsdb.DBWrapper] DataClientService-thread-1 insert one batch latency (device: d_1, sg: g_0) ,1.56, ms, throughput ,32057.7346978815, points/s
2026/06/17 11:50:17 INFO  [benchmark.tsdb.DBWrapper] DataClientService-thread-1 insert one batch latency (device: d_2, sg: g_0) ,1.59, ms, throughput ,31512.201209186187, points/s
2026/06/17 11:50:17 INFO  [benchmark.tsdb.DBWrapper] DataClientService-thread-1 insert one batch latency (device: d_3, sg: g_0) ,1.63, ms, throughput ,30620.556191782667, points/s
2026/06/17 11:50:17 INFO  [benchmark.tsdb.DBWrapper] DataClientService-thread-1 insert one batch latency (device: d_4, sg: g_0) ,4.82, ms, throughput ,10364.135613470808, points/s
2026/06/17 11:50:17 INFO  [benchmark.tsdb.DBWrapper] DataClientService-thread-1 insert one batch latency (device: d_5, sg: g_0) ,1.56, ms, throughput ,32091.33450530887, points/s
2026/06/17 11:50:17 INFO  [benchmark.tsdb.DBWrapper] DataClientService-thread-1 insert one batch latency (device: d_6, sg: g_0) ,1.45, ms, throughput ,34529.64750064052, points/s
2026/06/17 11:50:17 INFO  [benchmark.tsdb.DBWrapper] DataClientService-thread-1 insert one batch latency (device: d_7, sg: g_0) ,1.46, ms, throughput ,34345.495073138736, points/s
2026/06/17 11:50:17 INFO  [benchmark.tsdb.DBWrapper] DataClientService-thread-1 insert one batch latency (device: d_8, sg: g_0) ,1.43, ms, throughput ,34875.50491012234, points/s
2026/06/17 11:50:17 INFO  [benchmark.tsdb.DBWrapper] DataClientService-thread-1 insert one batch latency (device: d_9, sg: g_0) ,1.67, ms, throughput ,29976.648191059165, points/s
2026/06/17 11:50:17 INFO  [benchmark.tsdb.DBWrapper] DataClientService-thread-1 insert one batch latency (device: d_10, sg: g_0) ,1.69, ms, throughput ,29532.046996118308, points/s
2026/06/17 11:50:17 INFO  [benchmark.tsdb.DBWrapper] DataClientService-thread-1 insert one batch latency (device: d_11, sg: g_0) ,1.68, ms, throughput ,29724.58978579866, points/s
2026/06/17 11:50:17 INFO  [benchmark.tsdb.DBWrapper] DataClientService-thread-1 insert one batch latency (device: d_12, sg: g_0) ,1.81, ms, throughput ,27628.217029590924, points/s
2026/06/17 11:50:17 INFO  [benchmark.tsdb.DBWrapper] DataClientService-thread-1 insert one batch latency (device: d_13, sg: g_0) ,1.80, ms, throughput ,27711.347519695842, points/s
2026/06/17 11:50:17 INFO  [benchmark.tsdb.DBWrapper] DataClientService-thread-1 insert one batch latency (device: d_14, sg: g_0) ,1.52, ms, throughput ,32830.824730015716, points/s
2026/06/17 11:50:17 INFO  [benchmark.tsdb.DBWrapper] DataClientService-thread-1 insert one batch latency (device: d_15, sg: g_0) ,3.80, ms, throughput ,13168.505780183927, points/s
2026/06/17 11:50:17 INFO  [benchmark.tsdb.DBWrapper] DataClientService-thread-1 insert one batch latency (device: d_16, sg: g_0) ,1.76, ms, throughput ,28486.928203255375, points/s
2026/06/17 11:50:17 INFO  [benchmark.tsdb.DBWrapper] DataClientService-thread-1 insert one batch latency (device: d_17, sg: g_0) ,1.97, ms, throughput ,25333.413049139726, points/s
2026/06/17 11:50:17 INFO  [benchmark.tsdb.DBWrapper] DataClientService-thread-1 insert one batch latency (device: d_18, sg: g_0) ,1.79, ms, throughput ,27886.737458079264, points/s
2026/06/17 11:50:17 INFO  [benchmark.tsdb.DBWrapper] DataClientService-thread-1 insert one batch latency (device: d_19, sg: g_0) ,1.82, ms, throughput ,27400.548339773377, points/s
2026/06/17 11:50:17 INFO  [benchmark.tsdb.DBWrapper] DataClientService-thread-1 insert one batch latency (device: d_0, sg: g_0) ,1.41, ms, throughput ,35556.137095931175, points/s
2026/06/17 11:50:17 INFO  [benchmark.tsdb.DBWrapper] DataClientService-thread-1 insert one batch latency (device: d_1, sg: g_0) ,1.43, ms, throughput ,34853.16362166194, points/s
2026/06/17 11:50:17 INFO  [benchmark.tsdb.DBWrapper] DataClientService-thread-1 insert one batch latency (device: d_2, sg: g_0) ,1.99, ms, throughput ,25135.37915211328, points/s
2026/06/17 11:50:17 INFO  [benchmark.tsdb.DBWrapper] DataClientService-thread-1 insert one batch latency (device: d_3, sg: g_0) ,1.95, ms, throughput ,25664.558066575915, points/s
2026/06/17 11:50:17 INFO  [benchmark.tsdb.DBWrapper] DataClientService-thread-1 insert one batch latency (device: d_4, sg: g_0) ,1.66, ms, throughput ,30182.68371143181, points/s
2026/06/17 11:50:17 INFO  [benchmark.tsdb.DBWrapper] DataClientService-thread-1 insert one batch latency (device: d_5, sg: g_0) ,1.35, ms, throughput ,37144.867210814205, points/s
2026/06/17 11:50:17 INFO  [benchmark.tsdb.DBWrapper] DataClientService-thread-1 insert one batch latency (device: d_6, sg: g_0) ,1.74, ms, throughput ,28682.158091466255, points/s
2026/06/17 11:50:17 INFO  [benchmark.tsdb.DBWrapper] DataClientService-thread-1 insert one batch latency (device: d_7, sg: g_0) ,1.24, ms, throughput ,40330.80943127913, points/s
2026/06/17 11:50:17 INFO  [benchmark.tsdb.DBWrapper] DataClientService-thread-1 insert one batch latency (device: d_8, sg: g_0) ,1.06, ms, throughput ,47197.6401179941, points/s
2026/06/17 11:50:17 INFO  [benchmark.tsdb.DBWrapper] DataClientService-thread-1 insert one batch latency (device: d_9, sg: g_0) ,1.03, ms, throughput ,48325.10034707087, points/s
2026/06/17 11:50:17 INFO  [benchmark.tsdb.DBWrapper] DataClientService-thread-1 insert one batch latency (device: d_10, sg: g_0) ,1.21, ms, throughput ,41474.77669980225, points/s
2026/06/17 11:50:17 INFO  [benchmark.tsdb.DBWrapper] DataClientService-thread-1 insert one batch latency (device: d_11, sg: g_0) ,1.38, ms, throughput ,36299.24809737491, points/s
2026/06/17 11:50:17 INFO  [benchmark.tsdb.DBWrapper] DataClientService-thread-1 insert one batch latency (device: d_12, sg: g_0) ,1.53, ms, throughput ,32688.30588932132, points/s
2026/06/17 11:50:17 INFO  [benchmark.tsdb.DBWrapper] DataClientService-thread-1 insert one batch latency (device: d_13, sg: g_0) ,1.64, ms, throughput ,30508.9006666805, points/s
2026/06/17 11:50:17 INFO  [benchmark.tsdb.DBWrapper] DataClientService-thread-1 insert one batch latency (device: d_14, sg: g_0) ,1.80, ms, throughput ,27757.114148356224, points/s
2026/06/17 11:50:17 INFO  [benchmark.tsdb.DBWrapper] DataClientService-thread-1 insert one batch latency (device: d_15, sg: g_0) ,1.76, ms, throughput ,28416.76020516901, points/s
2026/06/17 11:50:17 INFO  [benchmark.tsdb.DBWrapper] DataClientService-thread-1 insert one batch latency (device: d_16, sg: g_0) ,2.06, ms, throughput ,24308.153489459743, points/s
2026/06/17 11:50:17 INFO  [benchmark.tsdb.DBWrapper] DataClientService-thread-1 insert one batch latency (device: d_17, sg: g_0) ,2.45, ms, throughput ,20449.763927925218, points/s
2026/06/17 11:50:17 INFO  [benchmark.tsdb.DBWrapper] DataClientService-thread-1 insert one batch latency (device: d_18, sg: g_0) ,6.59, ms, throughput ,7588.741222103029, points/s
2026/06/17 11:50:17 INFO  [benchmark.tsdb.DBWrapper] DataClientService-thread-1 insert one batch latency (device: d_19, sg: g_0) ,3.97, ms, throughput ,12591.036340500907, points/s
2026/06/17 11:50:17 INFO  [benchmark.tsdb.DBWrapper] DataClientService-thread-1 insert one batch latency (device: d_0, sg: g_0) ,2.89, ms, throughput ,17274.116739862857, points/s
2026/06/17 11:50:17 INFO  [benchmark.tsdb.DBWrapper] DataClientService-thread-1 insert one batch latency (device: d_1, sg: g_0) ,2.37, ms, throughput ,21133.5887961547, points/s
2026/06/17 11:50:17 INFO  [benchmark.tsdb.DBWrapper] DataClientService-thread-1 insert one batch latency (device: d_2, sg: g_0) ,2.02, ms, throughput ,24698.798156481706, points/s
2026/06/17 11:50:17 INFO  [benchmark.tsdb.DBWrapper] DataClientService-thread-1 insert one batch latency (device: d_3, sg: g_0) ,1.77, ms, throughput ,28220.03272394995, points/s
2026/06/17 11:50:17 INFO  [benchmark.tsdb.DBWrapper] DataClientService-thread-1 insert one batch latency (device: d_4, sg: g_0) ,1.66, ms, throughput ,30038.635693228633, points/s
2026/06/17 11:50:17 INFO  [benchmark.tsdb.DBWrapper] DataClientService-thread-1 insert one batch latency (device: d_5, sg: g_0) ,1.49, ms, throughput ,33459.40838412471, points/s
2026/06/17 11:50:17 INFO  [benchmark.tsdb.DBWrapper] DataClientService-thread-1 insert one batch latency (device: d_6, sg: g_0) ,1.39, ms, throughput ,35918.71451231006, points/s
2026/06/17 11:50:17 INFO  [benchmark.tsdb.DBWrapper] DataClientService-thread-1 insert one batch latency (device: d_7, sg: g_0) ,1.39, ms, throughput ,36090.6076359064, points/s
2026/06/17 11:50:17 INFO  [benchmark.tsdb.DBWrapper] DataClientService-thread-1 insert one batch latency (device: d_8, sg: g_0) ,1.32, ms, throughput ,37874.51264970848, points/s
2026/06/17 11:50:17 INFO  [benchmark.tsdb.DBWrapper] DataClientService-thread-1 insert one batch latency (device: d_9, sg: g_0) ,4.09, ms, throughput ,12218.265133421011, points/s
2026/06/17 11:50:17 INFO  [benchmark.tsdb.DBWrapper] DataClientService-thread-1 insert one batch latency (device: d_10, sg: g_0) ,1.78, ms, throughput ,28057.841802031726, points/s
2026/06/17 11:50:17 INFO  [benchmark.tsdb.DBWrapper] DataClientService-thread-1 insert one batch latency (device: d_11, sg: g_0) ,2.29, ms, throughput ,21819.168838037618, points/s
2026/06/17 11:50:17 INFO  [benchmark.tsdb.DBWrapper] DataClientService-thread-1 insert one batch latency (device: d_12, sg: g_0) ,13.63, ms, throughput ,3667.8734703958967, points/s
2026/06/17 11:50:17 INFO  [benchmark.tsdb.DBWrapper] DataClientService-thread-1 insert one batch latency (device: d_13, sg: g_0) ,1.26, ms, throughput ,39626.088231448055, points/s
2026/06/17 11:50:17 INFO  [benchmark.tsdb.DBWrapper] DataClientService-thread-1 insert one batch latency (device: d_14, sg: g_0) ,1.07, ms, throughput ,46528.16163511126, points/s
2026/06/17 11:50:17 INFO  [benchmark.tsdb.DBWrapper] DataClientService-thread-1 insert one batch latency (device: d_15, sg: g_0) ,0.90, ms, throughput ,55703.044839837035, points/s
2026/06/17 11:50:17 INFO  [benchmark.tsdb.DBWrapper] DataClientService-thread-1 insert one batch latency (device: d_16, sg: g_0) ,6.38, ms, throughput ,7831.459473920144, points/s
2026/06/17 11:50:17 INFO  [benchmark.tsdb.DBWrapper] DataClientService-thread-1 insert one batch latency (device: d_17, sg: g_0) ,1.34, ms, throughput ,37452.08941461635, points/s
2026/06/17 11:50:17 INFO  [benchmark.tsdb.DBWrapper] DataClientService-thread-1 insert one batch latency (device: d_18, sg: g_0) ,1.06, ms, throughput ,47271.847156882024, points/s
2026/06/17 11:50:17 INFO  [benchmark.tsdb.DBWrapper] DataClientService-thread-1 insert one batch latency (device: d_19, sg: g_0) ,1.02, ms, throughput ,48894.44764431441, points/s
2026/06/17 11:50:17 INFO  [benchmark.tsdb.DBWrapper] DataClientService-thread-1 insert one batch latency (device: d_0, sg: g_0) ,10.25, ms, throughput ,4876.044607226318, points/s
2026/06/17 11:50:17 INFO  [benchmark.tsdb.DBWrapper] DataClientService-thread-1 insert one batch latency (device: d_1, sg: g_0) ,4.93, ms, throughput ,10135.908340575439, points/s
2026/06/17 11:50:17 INFO  [benchmark.tsdb.DBWrapper] DataClientService-thread-1 insert one batch latency (device: d_2, sg: g_0) ,1.25, ms, throughput ,39929.65991110061, points/s
2026/06/17 11:50:17 INFO  [benchmark.tsdb.DBWrapper] DataClientService-thread-1 insert one batch latency (device: d_3, sg: g_0) ,5.55, ms, throughput ,9004.847309306599, points/s
2026/06/17 11:50:17 INFO  [benchmark.tsdb.DBWrapper] DataClientService-thread-1 insert one batch latency (device: d_4, sg: g_0) ,1.09, ms, throughput ,45684.96379923468, points/s
2026/06/17 11:50:17 INFO  [benchmark.tsdb.DBWrapper] DataClientService-thread-1 insert one batch latency (device: d_5, sg: g_0) ,1.02, ms, throughput ,48922.195119326134, points/s
2026/06/17 11:50:17 INFO  [benchmark.tsdb.DBWrapper] DataClientService-thread-1 insert one batch latency (device: d_6, sg: g_0) ,0.92, ms, throughput ,54398.38110417834, points/s
2026/06/17 11:50:17 INFO  [benchmark.tsdb.DBWrapper] DataClientService-thread-1 insert one batch latency (device: d_7, sg: g_0) ,1.08, ms, throughput ,46111.84890069353, points/s
2026/06/17 11:50:17 INFO  [benchmark.tsdb.DBWrapper] DataClientService-thread-1 insert one batch latency (device: d_8, sg: g_0) ,1.01, ms, throughput ,49408.62812991308, points/s
2026/06/17 11:50:17 INFO  [benchmark.tsdb.DBWrapper] DataClientService-thread-1 insert one batch latency (device: d_9, sg: g_0) ,10.45, ms, throughput ,4785.439095620922, points/s
2026/06/17 11:50:17 INFO  [benchmark.tsdb.DBWrapper] DataClientService-thread-1 insert one batch latency (device: d_10, sg: g_0) ,1.78, ms, throughput ,28071.294350539727, points/s
2026/06/17 11:50:17 INFO  [benchmark.tsdb.DBWrapper] DataClientService-thread-1 insert one batch latency (device: d_11, sg: g_0) ,1.70, ms, throughput ,29479.324381052105, points/s
2026/06/17 11:50:17 INFO  [benchmark.tsdb.DBWrapper] DataClientService-thread-1 insert one batch latency (device: d_12, sg: g_0) ,3.69, ms, throughput ,13549.188159743844, points/s
2026/06/17 11:50:17 INFO  [benchmark.tsdb.DBWrapper] DataClientService-thread-1 insert one batch latency (device: d_13, sg: g_0) ,2.10, ms, throughput ,23821.445876007467, points/s
2026/06/17 11:50:17 INFO  [benchmark.tsdb.DBWrapper] DataClientService-thread-1 insert one batch latency (device: d_14, sg: g_0) ,2.63, ms, throughput ,19045.8051614132, points/s
2026/06/17 11:50:17 INFO  [benchmark.tsdb.DBWrapper] DataClientService-thread-1 insert one batch latency (device: d_15, sg: g_0) ,2.40, ms, throughput ,20863.254717807788, points/s
2026/06/17 11:50:17 INFO  [benchmark.tsdb.DBWrapper] DataClientService-thread-1 insert one batch latency (device: d_16, sg: g_0) ,2.77, ms, throughput ,18023.961053824954, points/s
2026/06/17 11:50:17 INFO  [benchmark.tsdb.DBWrapper] DataClientService-thread-1 insert one batch latency (device: d_17, sg: g_0) ,2.91, ms, throughput ,17175.54367465948, points/s
2026/06/17 11:50:17 INFO  [benchmark.tsdb.DBWrapper] DataClientService-thread-1 insert one batch latency (device: d_18, sg: g_0) ,1.58, ms, throughput ,31687.425098848926, points/s
2026/06/17 11:50:17 INFO  [benchmark.tsdb.DBWrapper] DataClientService-thread-1 insert one batch latency (device: d_19, sg: g_0) ,1.64, ms, throughput ,30507.78375594749, points/s
2026/06/17 11:50:17 INFO  [benchmark.tsdb.DBWrapper] DataClientService-thread-1 insert one batch latency (device: d_0, sg: g_0) ,2.32, ms, throughput ,21567.304656294804, points/s
2026/06/17 11:50:17 INFO  [benchmark.tsdb.DBWrapper] DataClientService-thread-1 insert one batch latency (device: d_1, sg: g_0) ,3.32, ms, throughput ,15078.012126943593, points/s
2026/06/17 11:50:17 INFO  [benchmark.tsdb.DBWrapper] DataClientService-thread-1 insert one batch latency (device: d_2, sg: g_0) ,2.85, ms, throughput ,17558.109441100794, points/s
2026/06/17 11:50:17 INFO  [benchmark.tsdb.DBWrapper] DataClientService-thread-1 insert one batch latency (device: d_3, sg: g_0) ,2.22, ms, throughput ,22551.341511652503, points/s
2026/06/17 11:50:17 INFO  [benchmark.tsdb.DBWrapper] DataClientService-thread-1 insert one batch latency (device: d_4, sg: g_0) ,2.34, ms, throughput ,21362.043920362303, points/s
2026/06/17 11:50:17 INFO  [benchmark.tsdb.DBWrapper] DataClientService-thread-1 insert one batch latency (device: d_5, sg: g_0) ,1.86, ms, throughput ,26833.80909676862, points/s
2026/06/17 11:50:17 INFO  [benchmark.tsdb.DBWrapper] DataClientService-thread-1 insert one batch latency (device: d_6, sg: g_0) ,1.82, ms, throughput ,27526.03687828317, points/s
2026/06/17 11:50:17 INFO  [benchmark.tsdb.DBWrapper] DataClientService-thread-1 insert one batch latency (device: d_7, sg: g_0) ,1.90, ms, throughput ,26281.388519343363, points/s
2026/06/17 11:50:17 INFO  [benchmark.tsdb.DBWrapper] DataClientService-thread-1 insert one batch latency (device: d_8, sg: g_0) ,7.15, ms, throughput ,6997.501052424159, points/s
2026/06/17 11:50:17 INFO  [benchmark.tsdb.DBWrapper] DataClientService-thread-1 insert one batch latency (device: d_9, sg: g_0) ,5.55, ms, throughput ,9011.264260550974, points/s
2026/06/17 11:50:17 INFO  [benchmark.tsdb.DBWrapper] DataClientService-thread-1 insert one batch latency (device: d_10, sg: g_0) ,2.38, ms, throughput ,20971.21909890866, points/s
2026/06/17 11:50:17 INFO  [benchmark.tsdb.DBWrapper] DataClientService-thread-1 insert one batch latency (device: d_11, sg: g_0) ,1.92, ms, throughput ,26055.902417518737, points/s
2026/06/17 11:50:17 INFO  [benchmark.tsdb.DBWrapper] DataClientService-thread-1 insert one batch latency (device: d_12, sg: g_0) ,1.90, ms, throughput ,26286.334943634214, points/s
2026/06/17 11:50:17 INFO  [benchmark.tsdb.DBWrapper] DataClientService-thread-1 insert one batch latency (device: d_13, sg: g_0) ,2.26, ms, throughput ,22079.490581993294, points/s
2026/06/17 11:50:17 INFO  [benchmark.tsdb.DBWrapper] DataClientService-thread-1 insert one batch latency (device: d_14, sg: g_0) ,1.93, ms, throughput ,25885.088842801928, points/s
2026/06/17 11:50:17 INFO  [benchmark.tsdb.DBWrapper] DataClientService-thread-1 insert one batch latency (device: d_15, sg: g_0) ,5.63, ms, throughput ,8879.597278296878, points/s
2026/06/17 11:50:17 INFO  [benchmark.tsdb.DBWrapper] DataClientService-thread-1 insert one batch latency (device: d_16, sg: g_0) ,34.13, ms, throughput ,1464.9867721949379, points/s
2026/06/17 11:50:17 INFO  [benchmark.tsdb.DBWrapper] DataClientService-thread-1 insert one batch latency (device: d_17, sg: g_0) ,4.63, ms, throughput ,10808.585994839548, points/s
2026/06/17 11:50:17 INFO  [benchmark.tsdb.DBWrapper] DataClientService-thread-1 insert one batch latency (device: d_18, sg: g_0) ,4.25, ms, throughput ,11776.942818702915, points/s
2026/06/17 11:50:17 INFO  [benchmark.tsdb.DBWrapper] DataClientService-thread-1 insert one batch latency (device: d_19, sg: g_0) ,4.09, ms, throughput ,12211.380958207525, points/s
2026/06/17 11:50:20 INFO  [benchmark.mode.BaseMode] All dataClients finished. The final test result is: 
----------------------Main Configurations----------------------
########### Test Mode ###########
BENCHMARK_WORK_MODE=testWithDefaultPath
IoTDB_DIALECT_MODE=TREE
########### Database Connection Information ###########
DOUBLE_WRITE=false
DBConfig=
  DB_SWITCH=InfluxDB-2.x
  HOST=[127.0.0.1]
########### Data Mode ###########
GROUP_NUMBER=1
IoTDB_TABLE_NUMBER=1
DEVICE_NUMBER=20
REAL_INSERT_RATE=1.0
SENSOR_NUMBER=5
IS_SENSOR_TS_ALIGNMENT=true
IS_OUT_OF_ORDER=true
OUT_OF_ORDER_RATIO=0.3
########### Data Amount ###########
OPERATION_PROPORTION=1:0:0:0:0:0:0:0:0:0:0:0:0
SCHEMA_CLIENT_NUMBER=1
DATA_CLIENT_NUMBER=1
LOOP=50
BATCH_SIZE_PER_WRITE=10
DEVICE_NUM_PER_WRITE=1
START_TIME=2022-01-01T00:00:00+08:00
POINT_STEP=1000
OP_MIN_INTERVAL=0
OP_MIN_INTERVAL_RANDOM=false
INTERVAL_BETWEEN_WRITE_BATCH=0
INSERT_DATATYPE_PROPORTION=1:1:1:1:1:1:0:0:0:0:0
ENCODINGS=RLE/TS_2DIFF/TS_2DIFF/GORILLA/GORILLA/DICTIONARY/PLAIN/PLAIN/TS_2DIFF/TS_2DIFF
COMPRESSOR=LZ4
########### Other Param ###########
IS_DELETE_DATA=true
CREATE_SCHEMA=true
BENCHMARK_CLUSTER=false
VECTOR=true

---------------------------------------------------------------

Create schema cost 0.02 second
Test elapsed time (not include schema creation): 3.47 second
----------------------------------------------------------Result Matrix----------------------------------------------------------
Operation                okOperation              okPoint                  failOperation            failPoint                throughput(point/s)      
INGESTION                1000                     50000                    0                        0                        14417.90                 
PRECISE_POINT            0                        0                        0                        0                        0.00                     
TIME_RANGE               0                        0                        0                        0                        0.00                     
VALUE_RANGE              0                        0                        0                        0                        0.00                     
AGG_RANGE                0                        0                        0                        0                        0.00                     
AGG_VALUE                0                        0                        0                        0                        0.00                     
AGG_RANGE_VALUE          0                        0                        0                        0                        0.00                     
GROUP_BY                 0                        0                        0                        0                        0.00                     
LATEST_POINT             0                        0                        0                        0                        0.00                     
RANGE_QUERY_DESC         0                        0                        0                        0                        0.00                     
VALUE_RANGE_QUERY_DESC   0                        0                        0                        0                        0.00                     
GROUP_BY_DESC            0                        0                        0                        0                        0.00                     
SET_OPERATION            0                        0                        0                        0                        0.00                     
---------------------------------------------------------------------------------------------------------------------------------

--------------------------------------------------------------------------Latency (ms) Matrix--------------------------------------------------------------------------
Operation                AVG         MIN         P10         P25         MEDIAN      P75         P90         P95         P99         P999        MAX         SLOWEST_THREAD
INGESTION                2.38        0.81        1.00        1.10        1.27        1.57        2.39        3.42        7.66        70.93       490.48      2384.36     
PRECISE_POINT            0.00        0.00        0.00        0.00        0.00        0.00        0.00        0.00        0.00        0.00        0.00        0.00        
TIME_RANGE               0.00        0.00        0.00        0.00        0.00        0.00        0.00        0.00        0.00        0.00        0.00        0.00        
VALUE_RANGE              0.00        0.00        0.00        0.00        0.00        0.00        0.00        0.00        0.00        0.00        0.00        0.00        
AGG_RANGE                0.00        0.00        0.00        0.00        0.00        0.00        0.00        0.00        0.00        0.00        0.00        0.00        
AGG_VALUE                0.00        0.00        0.00        0.00        0.00        0.00        0.00        0.00        0.00        0.00        0.00        0.00        
AGG_RANGE_VALUE          0.00        0.00        0.00        0.00        0.00        0.00        0.00        0.00        0.00        0.00        0.00        0.00        
GROUP_BY                 0.00        0.00        0.00        0.00        0.00        0.00        0.00        0.00        0.00        0.00        0.00        0.00        
LATEST_POINT             0.00        0.00        0.00        0.00        0.00        0.00        0.00        0.00        0.00        0.00        0.00        0.00        
RANGE_QUERY_DESC         0.00        0.00        0.00        0.00        0.00        0.00        0.00        0.00        0.00        0.00        0.00        0.00        
VALUE_RANGE_QUERY_DESC   0.00        0.00        0.00        0.00        0.00        0.00        0.00        0.00        0.00        0.00        0.00        0.00        
GROUP_BY_DESC            0.00        0.00        0.00        0.00        0.00        0.00        0.00        0.00        0.00        0.00        0.00        0.00        
SET_OPERATION            0.00        0.00        0.00        0.00        0.00        0.00        0.00        0.00        0.00        0.00        0.00        0.00        
-----------------------------------------------------------------------------------------------------------------------------------------------------------------------


----------------------------------------------------------------------------SQL Statements Example---------------------------------------------------------------------
Operation                          SQL                                                                             
------------------------------------------------------------------------------------------------------------------------------------------------------------------------
