
Starting iot-benchmark

Using configuration file: /home/yikanji/WorkSpace/BigData/var/benchmarks/iotbench-ooo/configs/influxdb2/ratio_0p8
Set MAX_HEAP_SIZE=1g
Set HEAP_NEWSIZE=512m
2026/06/17 11:50:30 INFO  [iot.benchmark.App] Initial Heap Size: 538968064 bytes, Max Heap Size: 1073741824 bytes. 
2026/06/17 11:50:30 INFO  [benchmark.conf.ConfigDescriptor] Init SensorTypes: BOOLEAN:INT32:INT64:FLOAT:DOUBLE:TEXT:STRING:BLOB:TIMESTAMP:DATE:OBJECT= 1:1:1:1:1:1:0:0:0:0:0
2026/06/17 11:50:30 WARN  [benchmark.influxdb2.InfluxDB] No bucket to clear!
2026/06/17 11:50:30 INFO  [benchmark.tsdb.DBWrapper] Waiting 1000ms for old data deletion.
2026/06/17 11:50:32 INFO  [benchmark.tsdb.DBWrapper] Registering schema...
2026/06/17 11:50:33 INFO  [benchmark.mode.BaseMode] Registering schema successful!
2026/06/17 11:50:33 INFO  [benchmark.schema.MetaDataSchema] SCHEMA_CLIENT_DATA_SCHEMA has been cleared!
2026/06/17 11:50:33 INFO  [benchmark.workload.GenerateDataWorkLoad] Start Generating WorkLoad
2026/06/17 11:50:33 INFO  [benchmark.workload.GenerateDataWorkLoad] Finish 0.0 % WorkLoad Buffer
2026/06/17 11:50:33 INFO  [benchmark.workload.GenerateDataWorkLoad] Finish Generating WorkLoad
2026/06/17 11:50:33 INFO  [benchmark.tsdb.DBWrapper] DataClientService-thread-1 insert one batch latency (device: d_0, sg: g_0) ,76.67, ms, throughput ,652.1819575661461, points/s
2026/06/17 11:50:33 INFO  [benchmark.tsdb.DBWrapper] DataClientService-thread-1 insert one batch latency (device: d_1, sg: g_0) ,3.51, ms, throughput ,14251.949381636421, points/s
2026/06/17 11:50:33 INFO  [benchmark.tsdb.DBWrapper] DataClientService-thread-1 insert one batch latency (device: d_2, sg: g_0) ,3.38, ms, throughput ,14798.617453962981, points/s
2026/06/17 11:50:33 INFO  [benchmark.tsdb.DBWrapper] DataClientService-thread-1 insert one batch latency (device: d_3, sg: g_0) ,2.62, ms, throughput ,19094.887076656807, points/s
2026/06/17 11:50:33 INFO  [benchmark.tsdb.DBWrapper] DataClientService-thread-1 insert one batch latency (device: d_4, sg: g_0) ,2.83, ms, throughput ,17689.23411984385, points/s
2026/06/17 11:50:33 INFO  [benchmark.tsdb.DBWrapper] DataClientService-thread-1 insert one batch latency (device: d_5, sg: g_0) ,3.82, ms, throughput ,13081.498783943875, points/s
2026/06/17 11:50:33 INFO  [benchmark.tsdb.DBWrapper] DataClientService-thread-1 insert one batch latency (device: d_6, sg: g_0) ,3.61, ms, throughput ,13840.083372662237, points/s
2026/06/17 11:50:33 INFO  [benchmark.tsdb.DBWrapper] DataClientService-thread-1 insert one batch latency (device: d_7, sg: g_0) ,2.97, ms, throughput ,16862.854739659444, points/s
2026/06/17 11:50:33 INFO  [benchmark.tsdb.DBWrapper] DataClientService-thread-1 insert one batch latency (device: d_8, sg: g_0) ,2.49, ms, throughput ,20101.456069071817, points/s
2026/06/17 11:50:33 INFO  [benchmark.tsdb.DBWrapper] DataClientService-thread-1 insert one batch latency (device: d_9, sg: g_0) ,2.61, ms, throughput ,19142.793370008374, points/s
2026/06/17 11:50:33 INFO  [benchmark.tsdb.DBWrapper] DataClientService-thread-1 insert one batch latency (device: d_10, sg: g_0) ,2.79, ms, throughput ,17922.605172535543, points/s
2026/06/17 11:50:33 INFO  [benchmark.tsdb.DBWrapper] DataClientService-thread-1 insert one batch latency (device: d_11, sg: g_0) ,2.69, ms, throughput ,18594.68786956942, points/s
2026/06/17 11:50:33 INFO  [benchmark.tsdb.DBWrapper] DataClientService-thread-1 insert one batch latency (device: d_12, sg: g_0) ,2.64, ms, throughput ,18932.67427432006, points/s
2026/06/17 11:50:33 INFO  [benchmark.tsdb.DBWrapper] DataClientService-thread-1 insert one batch latency (device: d_13, sg: g_0) ,2.48, ms, throughput ,20156.641290799056, points/s
2026/06/17 11:50:33 INFO  [benchmark.tsdb.DBWrapper] DataClientService-thread-1 insert one batch latency (device: d_14, sg: g_0) ,2.46, ms, throughput ,20324.798408486986, points/s
2026/06/17 11:50:33 INFO  [benchmark.tsdb.DBWrapper] DataClientService-thread-1 insert one batch latency (device: d_15, sg: g_0) ,2.90, ms, throughput ,17239.322480835046, points/s
2026/06/17 11:50:33 INFO  [benchmark.tsdb.DBWrapper] DataClientService-thread-1 insert one batch latency (device: d_16, sg: g_0) ,2.63, ms, throughput ,19047.278010641334, points/s
2026/06/17 11:50:33 INFO  [benchmark.tsdb.DBWrapper] DataClientService-thread-1 insert one batch latency (device: d_17, sg: g_0) ,2.55, ms, throughput ,19593.942963599548, points/s
2026/06/17 11:50:33 INFO  [benchmark.tsdb.DBWrapper] DataClientService-thread-1 insert one batch latency (device: d_18, sg: g_0) ,2.61, ms, throughput ,19177.316149946666, points/s
2026/06/17 11:50:33 INFO  [benchmark.tsdb.DBWrapper] DataClientService-thread-1 insert one batch latency (device: d_19, sg: g_0) ,2.48, ms, throughput ,20161.97322812547, points/s
2026/06/17 11:50:33 INFO  [benchmark.tsdb.DBWrapper] DataClientService-thread-1 insert one batch latency (device: d_0, sg: g_0) ,1.43, ms, throughput ,35042.20132305335, points/s
2026/06/17 11:50:33 INFO  [benchmark.tsdb.DBWrapper] DataClientService-thread-1 insert one batch latency (device: d_1, sg: g_0) ,1.36, ms, throughput ,36851.41509433962, points/s
2026/06/17 11:50:33 INFO  [benchmark.tsdb.DBWrapper] DataClientService-thread-1 insert one batch latency (device: d_2, sg: g_0) ,1.34, ms, throughput ,37399.591446863036, points/s
2026/06/17 11:50:33 INFO  [benchmark.tsdb.DBWrapper] DataClientService-thread-1 insert one batch latency (device: d_3, sg: g_0) ,1.29, ms, throughput ,38616.658608657235, points/s
2026/06/17 11:50:33 INFO  [benchmark.tsdb.DBWrapper] DataClientService-thread-1 insert one batch latency (device: d_4, sg: g_0) ,1.15, ms, throughput ,43439.20335976175, points/s
2026/06/17 11:50:33 INFO  [benchmark.tsdb.DBWrapper] DataClientService-thread-1 insert one batch latency (device: d_5, sg: g_0) ,1.16, ms, throughput ,43024.446490495895, points/s
2026/06/17 11:50:33 INFO  [benchmark.tsdb.DBWrapper] DataClientService-thread-1 insert one batch latency (device: d_6, sg: g_0) ,1.24, ms, throughput ,40167.805022260996, points/s
2026/06/17 11:50:33 INFO  [benchmark.tsdb.DBWrapper] DataClientService-thread-1 insert one batch latency (device: d_7, sg: g_0) ,1.40, ms, throughput ,35647.5992411339, points/s
2026/06/17 11:50:33 INFO  [benchmark.tsdb.DBWrapper] DataClientService-thread-1 insert one batch latency (device: d_8, sg: g_0) ,1.44, ms, throughput ,34616.138182085044, points/s
2026/06/17 11:50:33 INFO  [benchmark.tsdb.DBWrapper] DataClientService-thread-1 insert one batch latency (device: d_9, sg: g_0) ,1.21, ms, throughput ,41189.181084939504, points/s
2026/06/17 11:50:33 INFO  [benchmark.tsdb.DBWrapper] DataClientService-thread-1 insert one batch latency (device: d_10, sg: g_0) ,1.20, ms, throughput ,41704.061308306445, points/s
2026/06/17 11:50:33 INFO  [benchmark.tsdb.DBWrapper] DataClientService-thread-1 insert one batch latency (device: d_11, sg: g_0) ,1.23, ms, throughput ,40669.41863066067, points/s
2026/06/17 11:50:33 INFO  [benchmark.tsdb.DBWrapper] DataClientService-thread-1 insert one batch latency (device: d_12, sg: g_0) ,1.20, ms, throughput ,41741.00043160195, points/s
2026/06/17 11:50:33 INFO  [benchmark.tsdb.DBWrapper] DataClientService-thread-1 insert one batch latency (device: d_13, sg: g_0) ,1.23, ms, throughput ,40766.00962730083, points/s
2026/06/17 11:50:33 INFO  [benchmark.tsdb.DBWrapper] DataClientService-thread-1 insert one batch latency (device: d_14, sg: g_0) ,1.38, ms, throughput ,36106.53159935326, points/s
2026/06/17 11:50:33 INFO  [benchmark.tsdb.DBWrapper] DataClientService-thread-1 insert one batch latency (device: d_15, sg: g_0) ,1.10, ms, throughput ,45250.1791907096, points/s
2026/06/17 11:50:33 INFO  [benchmark.tsdb.DBWrapper] DataClientService-thread-1 insert one batch latency (device: d_16, sg: g_0) ,1.27, ms, throughput ,39499.68123757241, points/s
2026/06/17 11:50:33 INFO  [benchmark.tsdb.DBWrapper] DataClientService-thread-1 insert one batch latency (device: d_17, sg: g_0) ,1.12, ms, throughput ,44517.01707494706, points/s
2026/06/17 11:50:33 INFO  [benchmark.tsdb.DBWrapper] DataClientService-thread-1 insert one batch latency (device: d_18, sg: g_0) ,1.17, ms, throughput ,42628.4352124516, points/s
2026/06/17 11:50:33 INFO  [benchmark.tsdb.DBWrapper] DataClientService-thread-1 insert one batch latency (device: d_19, sg: g_0) ,1.29, ms, throughput ,38674.8151923956, points/s
2026/06/17 11:50:33 INFO  [benchmark.tsdb.DBWrapper] DataClientService-thread-1 insert one batch latency (device: d_0, sg: g_0) ,1.17, ms, throughput ,42750.35247665617, points/s
2026/06/17 11:50:33 INFO  [benchmark.tsdb.DBWrapper] DataClientService-thread-1 insert one batch latency (device: d_1, sg: g_0) ,1.26, ms, throughput ,39801.0583897447, points/s
2026/06/17 11:50:33 INFO  [benchmark.tsdb.DBWrapper] DataClientService-thread-1 insert one batch latency (device: d_2, sg: g_0) ,1.14, ms, throughput ,43880.47310170879, points/s
2026/06/17 11:50:33 INFO  [benchmark.tsdb.DBWrapper] DataClientService-thread-1 insert one batch latency (device: d_3, sg: g_0) ,1.11, ms, throughput ,45220.3451759388, points/s
2026/06/17 11:50:33 INFO  [benchmark.tsdb.DBWrapper] DataClientService-thread-1 insert one batch latency (device: d_4, sg: g_0) ,1.01, ms, throughput ,49594.810399039845, points/s
2026/06/17 11:50:33 INFO  [benchmark.tsdb.DBWrapper] DataClientService-thread-1 insert one batch latency (device: d_5, sg: g_0) ,1.22, ms, throughput ,41004.0077317157, points/s
2026/06/17 11:50:33 INFO  [benchmark.tsdb.DBWrapper] DataClientService-thread-1 insert one batch latency (device: d_6, sg: g_0) ,1.23, ms, throughput ,40609.367931431894, points/s
2026/06/17 11:50:33 INFO  [benchmark.tsdb.DBWrapper] DataClientService-thread-1 insert one batch latency (device: d_7, sg: g_0) ,1.16, ms, throughput ,43266.29365352698, points/s
2026/06/17 11:50:33 INFO  [benchmark.tsdb.DBWrapper] DataClientService-thread-1 insert one batch latency (device: d_8, sg: g_0) ,1.25, ms, throughput ,39882.42660636444, points/s
2026/06/17 11:50:33 INFO  [benchmark.tsdb.DBWrapper] DataClientService-thread-1 insert one batch latency (device: d_9, sg: g_0) ,1.13, ms, throughput ,44057.094469865384, points/s
2026/06/17 11:50:33 INFO  [benchmark.tsdb.DBWrapper] DataClientService-thread-1 insert one batch latency (device: d_10, sg: g_0) ,1.25, ms, throughput ,39933.13595715335, points/s
2026/06/17 11:50:33 INFO  [benchmark.tsdb.DBWrapper] DataClientService-thread-1 insert one batch latency (device: d_11, sg: g_0) ,1.22, ms, throughput ,41104.1224968617, points/s
2026/06/17 11:50:33 INFO  [benchmark.tsdb.DBWrapper] DataClientService-thread-1 insert one batch latency (device: d_12, sg: g_0) ,1.30, ms, throughput ,38376.84371951439, points/s
2026/06/17 11:50:33 INFO  [benchmark.tsdb.DBWrapper] DataClientService-thread-1 insert one batch latency (device: d_13, sg: g_0) ,1.22, ms, throughput ,41061.8259701267, points/s
2026/06/17 11:50:33 INFO  [benchmark.tsdb.DBWrapper] DataClientService-thread-1 insert one batch latency (device: d_14, sg: g_0) ,1.22, ms, throughput ,41123.08798202428, points/s
2026/06/17 11:50:33 INFO  [benchmark.tsdb.DBWrapper] DataClientService-thread-1 insert one batch latency (device: d_15, sg: g_0) ,1.18, ms, throughput ,42527.457853162894, points/s
2026/06/17 11:50:33 INFO  [benchmark.tsdb.DBWrapper] DataClientService-thread-1 insert one batch latency (device: d_16, sg: g_0) ,1.32, ms, throughput ,37790.78116567932, points/s
2026/06/17 11:50:33 INFO  [benchmark.tsdb.DBWrapper] DataClientService-thread-1 insert one batch latency (device: d_17, sg: g_0) ,1.13, ms, throughput ,44352.8213716731, points/s
2026/06/17 11:50:33 INFO  [benchmark.tsdb.DBWrapper] DataClientService-thread-1 insert one batch latency (device: d_18, sg: g_0) ,1.16, ms, throughput ,43181.39814458168, points/s
2026/06/17 11:50:33 INFO  [benchmark.tsdb.DBWrapper] DataClientService-thread-1 insert one batch latency (device: d_19, sg: g_0) ,1.11, ms, throughput ,45082.24805334853, points/s
2026/06/17 11:50:33 INFO  [benchmark.tsdb.DBWrapper] DataClientService-thread-1 insert one batch latency (device: d_0, sg: g_0) ,1.22, ms, throughput ,41149.28301489275, points/s
2026/06/17 11:50:33 INFO  [benchmark.tsdb.DBWrapper] DataClientService-thread-1 insert one batch latency (device: d_1, sg: g_0) ,1.36, ms, throughput ,36677.73111555319, points/s
2026/06/17 11:50:33 INFO  [benchmark.tsdb.DBWrapper] DataClientService-thread-1 insert one batch latency (device: d_2, sg: g_0) ,1.11, ms, throughput ,44987.533954341256, points/s
2026/06/17 11:50:33 INFO  [benchmark.tsdb.DBWrapper] DataClientService-thread-1 insert one batch latency (device: d_3, sg: g_0) ,1.17, ms, throughput ,42853.45745980131, points/s
2026/06/17 11:50:33 INFO  [benchmark.tsdb.DBWrapper] DataClientService-thread-1 insert one batch latency (device: d_4, sg: g_0) ,1.18, ms, throughput ,42440.210231825404, points/s
2026/06/17 11:50:33 INFO  [benchmark.tsdb.DBWrapper] DataClientService-thread-1 insert one batch latency (device: d_5, sg: g_0) ,1.06, ms, throughput ,47317.9253550264, points/s
2026/06/17 11:50:33 INFO  [benchmark.tsdb.DBWrapper] DataClientService-thread-1 insert one batch latency (device: d_6, sg: g_0) ,1.07, ms, throughput ,46913.02887403101, points/s
2026/06/17 11:50:33 INFO  [benchmark.tsdb.DBWrapper] DataClientService-thread-1 insert one batch latency (device: d_7, sg: g_0) ,1.28, ms, throughput ,39130.397353532964, points/s
2026/06/17 11:50:33 INFO  [benchmark.tsdb.DBWrapper] DataClientService-thread-1 insert one batch latency (device: d_8, sg: g_0) ,1.34, ms, throughput ,37199.087283194414, points/s
2026/06/17 11:50:33 INFO  [benchmark.tsdb.DBWrapper] DataClientService-thread-1 insert one batch latency (device: d_9, sg: g_0) ,1.08, ms, throughput ,46413.49035945392, points/s
2026/06/17 11:50:33 INFO  [benchmark.tsdb.DBWrapper] DataClientService-thread-1 insert one batch latency (device: d_10, sg: g_0) ,1.17, ms, throughput ,42682.47397862974, points/s
2026/06/17 11:50:33 INFO  [benchmark.tsdb.DBWrapper] DataClientService-thread-1 insert one batch latency (device: d_11, sg: g_0) ,1.17, ms, throughput ,42641.92298015871, points/s
2026/06/17 11:50:33 INFO  [benchmark.tsdb.DBWrapper] DataClientService-thread-1 insert one batch latency (device: d_12, sg: g_0) ,1.12, ms, throughput ,44665.6685378604, points/s
2026/06/17 11:50:33 INFO  [benchmark.tsdb.DBWrapper] DataClientService-thread-1 insert one batch latency (device: d_13, sg: g_0) ,1.21, ms, throughput ,41384.87018807768, points/s
2026/06/17 11:50:33 INFO  [benchmark.tsdb.DBWrapper] DataClientService-thread-1 insert one batch latency (device: d_14, sg: g_0) ,1.21, ms, throughput ,41275.85313060835, points/s
2026/06/17 11:50:33 INFO  [benchmark.tsdb.DBWrapper] DataClientService-thread-1 insert one batch latency (device: d_15, sg: g_0) ,1.26, ms, throughput ,39785.60334071754, points/s
2026/06/17 11:50:33 INFO  [benchmark.tsdb.DBWrapper] DataClientService-thread-1 insert one batch latency (device: d_16, sg: g_0) ,1.27, ms, throughput ,39312.13203844412, points/s
2026/06/17 11:50:33 INFO  [benchmark.tsdb.DBWrapper] DataClientService-thread-1 insert one batch latency (device: d_17, sg: g_0) ,1.35, ms, throughput ,37014.280109266154, points/s
2026/06/17 11:50:33 INFO  [benchmark.tsdb.DBWrapper] DataClientService-thread-1 insert one batch latency (device: d_18, sg: g_0) ,1.27, ms, throughput ,39489.41762586462, points/s
2026/06/17 11:50:33 INFO  [benchmark.tsdb.DBWrapper] DataClientService-thread-1 insert one batch latency (device: d_19, sg: g_0) ,1.30, ms, throughput ,38511.92984050669, points/s
2026/06/17 11:50:33 INFO  [benchmark.tsdb.DBWrapper] DataClientService-thread-1 insert one batch latency (device: d_0, sg: g_0) ,1.23, ms, throughput ,40571.3418646751, points/s
2026/06/17 11:50:33 INFO  [benchmark.tsdb.DBWrapper] DataClientService-thread-1 insert one batch latency (device: d_1, sg: g_0) ,1.28, ms, throughput ,39125.46754933721, points/s
2026/06/17 11:50:33 INFO  [benchmark.tsdb.DBWrapper] DataClientService-thread-1 insert one batch latency (device: d_2, sg: g_0) ,1.25, ms, throughput ,39942.45091671919, points/s
2026/06/17 11:50:33 INFO  [benchmark.tsdb.DBWrapper] DataClientService-thread-1 insert one batch latency (device: d_3, sg: g_0) ,1.21, ms, throughput ,41333.89437205961, points/s
2026/06/17 11:50:33 INFO  [benchmark.tsdb.DBWrapper] DataClientService-thread-1 insert one batch latency (device: d_4, sg: g_0) ,1.30, ms, throughput ,38486.850967367, points/s
2026/06/17 11:50:33 INFO  [benchmark.tsdb.DBWrapper] DataClientService-thread-1 insert one batch latency (device: d_5, sg: g_0) ,1.30, ms, throughput ,38467.782078475815, points/s
2026/06/17 11:50:33 INFO  [benchmark.tsdb.DBWrapper] DataClientService-thread-1 insert one batch latency (device: d_6, sg: g_0) ,1.33, ms, throughput ,37530.69072233819, points/s
2026/06/17 11:50:33 INFO  [benchmark.tsdb.DBWrapper] DataClientService-thread-1 insert one batch latency (device: d_7, sg: g_0) ,1.26, ms, throughput ,39753.68616054924, points/s
2026/06/17 11:50:33 INFO  [benchmark.tsdb.DBWrapper] DataClientService-thread-1 insert one batch latency (device: d_8, sg: g_0) ,1.17, ms, throughput ,42848.02234952846, points/s
2026/06/17 11:50:33 INFO  [benchmark.tsdb.DBWrapper] DataClientService-thread-1 insert one batch latency (device: d_9, sg: g_0) ,1.19, ms, throughput ,41937.72415713561, points/s
2026/06/17 11:50:33 INFO  [benchmark.tsdb.DBWrapper] DataClientService-thread-1 insert one batch latency (device: d_10, sg: g_0) ,1.22, ms, throughput ,40925.74024432667, points/s
2026/06/17 11:50:33 INFO  [benchmark.tsdb.DBWrapper] DataClientService-thread-1 insert one batch latency (device: d_11, sg: g_0) ,1.33, ms, throughput ,37551.4642817982, points/s
2026/06/17 11:50:33 INFO  [benchmark.tsdb.DBWrapper] DataClientService-thread-1 insert one batch latency (device: d_12, sg: g_0) ,1.23, ms, throughput ,40627.351307956946, points/s
2026/06/17 11:50:33 INFO  [benchmark.tsdb.DBWrapper] DataClientService-thread-1 insert one batch latency (device: d_13, sg: g_0) ,1.29, ms, throughput ,38894.49401763788, points/s
2026/06/17 11:50:33 INFO  [benchmark.tsdb.DBWrapper] DataClientService-thread-1 insert one batch latency (device: d_14, sg: g_0) ,1.14, ms, throughput ,43869.92392077793, points/s
2026/06/17 11:50:33 INFO  [benchmark.tsdb.DBWrapper] DataClientService-thread-1 insert one batch latency (device: d_15, sg: g_0) ,1.07, ms, throughput ,46700.340725685935, points/s
2026/06/17 11:50:33 INFO  [benchmark.tsdb.DBWrapper] DataClientService-thread-1 insert one batch latency (device: d_16, sg: g_0) ,1.08, ms, throughput ,46481.18813353859, points/s
2026/06/17 11:50:33 INFO  [benchmark.tsdb.DBWrapper] DataClientService-thread-1 insert one batch latency (device: d_17, sg: g_0) ,0.99, ms, throughput ,50579.2333806755, points/s
2026/06/17 11:50:33 INFO  [benchmark.tsdb.DBWrapper] DataClientService-thread-1 insert one batch latency (device: d_18, sg: g_0) ,1.03, ms, throughput ,48433.98399547433, points/s
2026/06/17 11:50:33 INFO  [benchmark.tsdb.DBWrapper] DataClientService-thread-1 insert one batch latency (device: d_19, sg: g_0) ,1.21, ms, throughput ,41174.18905375949, points/s
2026/06/17 11:50:33 INFO  [benchmark.tsdb.DBWrapper] DataClientService-thread-1 insert one batch latency (device: d_0, sg: g_0) ,1.08, ms, throughput ,46490.91242134899, points/s
2026/06/17 11:50:33 INFO  [benchmark.tsdb.DBWrapper] DataClientService-thread-1 insert one batch latency (device: d_1, sg: g_0) ,1.12, ms, throughput ,44460.84555636079, points/s
2026/06/17 11:50:33 INFO  [benchmark.tsdb.DBWrapper] DataClientService-thread-1 insert one batch latency (device: d_2, sg: g_0) ,1.11, ms, throughput ,45086.76045313998, points/s
2026/06/17 11:50:33 INFO  [benchmark.tsdb.DBWrapper] DataClientService-thread-1 insert one batch latency (device: d_3, sg: g_0) ,1.21, ms, throughput ,41194.305299235435, points/s
2026/06/17 11:50:33 INFO  [benchmark.tsdb.DBWrapper] DataClientService-thread-1 insert one batch latency (device: d_4, sg: g_0) ,1.10, ms, throughput ,45302.124397821506, points/s
2026/06/17 11:50:33 INFO  [benchmark.tsdb.DBWrapper] DataClientService-thread-1 insert one batch latency (device: d_5, sg: g_0) ,1.21, ms, throughput ,41261.8875498031, points/s
2026/06/17 11:50:33 INFO  [benchmark.tsdb.DBWrapper] DataClientService-thread-1 insert one batch latency (device: d_6, sg: g_0) ,1.21, ms, throughput ,41299.30931035109, points/s
2026/06/17 11:50:33 INFO  [benchmark.tsdb.DBWrapper] DataClientService-thread-1 insert one batch latency (device: d_7, sg: g_0) ,1.16, ms, throughput ,42993.185580085556, points/s
2026/06/17 11:50:33 INFO  [benchmark.tsdb.DBWrapper] DataClientService-thread-1 insert one batch latency (device: d_8, sg: g_0) ,1.23, ms, throughput ,40630.32257225697, points/s
2026/06/17 11:50:33 INFO  [benchmark.tsdb.DBWrapper] DataClientService-thread-1 insert one batch latency (device: d_9, sg: g_0) ,1.11, ms, throughput ,45173.72912747846, points/s
2026/06/17 11:50:33 INFO  [benchmark.tsdb.DBWrapper] DataClientService-thread-1 insert one batch latency (device: d_10, sg: g_0) ,1.04, ms, throughput ,48309.038717762174, points/s
2026/06/17 11:50:33 INFO  [benchmark.tsdb.DBWrapper] DataClientService-thread-1 insert one batch latency (device: d_11, sg: g_0) ,0.97, ms, throughput ,51700.747799616176, points/s
2026/06/17 11:50:33 INFO  [benchmark.tsdb.DBWrapper] DataClientService-thread-1 insert one batch latency (device: d_12, sg: g_0) ,1.15, ms, throughput ,43559.9642111334, points/s
2026/06/17 11:50:33 INFO  [benchmark.tsdb.DBWrapper] DataClientService-thread-1 insert one batch latency (device: d_13, sg: g_0) ,1.16, ms, throughput ,42979.9919541455, points/s
2026/06/17 11:50:33 INFO  [benchmark.tsdb.DBWrapper] DataClientService-thread-1 insert one batch latency (device: d_14, sg: g_0) ,1.18, ms, throughput ,42501.935963183125, points/s
2026/06/17 11:50:33 INFO  [benchmark.tsdb.DBWrapper] DataClientService-thread-1 insert one batch latency (device: d_15, sg: g_0) ,1.07, ms, throughput ,46838.012606919474, points/s
2026/06/17 11:50:33 INFO  [benchmark.tsdb.DBWrapper] DataClientService-thread-1 insert one batch latency (device: d_16, sg: g_0) ,1.07, ms, throughput ,46945.88829131989, points/s
2026/06/17 11:50:33 INFO  [benchmark.tsdb.DBWrapper] DataClientService-thread-1 insert one batch latency (device: d_17, sg: g_0) ,1.03, ms, throughput ,48371.66465279303, points/s
2026/06/17 11:50:33 INFO  [benchmark.tsdb.DBWrapper] DataClientService-thread-1 insert one batch latency (device: d_18, sg: g_0) ,1.06, ms, throughput ,47032.26413319538, points/s
2026/06/17 11:50:33 INFO  [benchmark.tsdb.DBWrapper] DataClientService-thread-1 insert one batch latency (device: d_19, sg: g_0) ,1.09, ms, throughput ,46053.958660124554, points/s
2026/06/17 11:50:33 INFO  [benchmark.tsdb.DBWrapper] DataClientService-thread-1 insert one batch latency (device: d_0, sg: g_0) ,1.26, ms, throughput ,39777.40563804947, points/s
2026/06/17 11:50:33 INFO  [benchmark.tsdb.DBWrapper] DataClientService-thread-1 insert one batch latency (device: d_1, sg: g_0) ,1.10, ms, throughput ,45589.90603008569, points/s
2026/06/17 11:50:33 INFO  [benchmark.tsdb.DBWrapper] DataClientService-thread-1 insert one batch latency (device: d_2, sg: g_0) ,0.99, ms, throughput ,50502.24482478246, points/s
2026/06/17 11:50:33 INFO  [benchmark.tsdb.DBWrapper] DataClientService-thread-1 insert one batch latency (device: d_3, sg: g_0) ,1.04, ms, throughput ,48179.39694812428, points/s
2026/06/17 11:50:33 INFO  [benchmark.tsdb.DBWrapper] DataClientService-thread-1 insert one batch latency (device: d_4, sg: g_0) ,1.20, ms, throughput ,41530.205333641214, points/s
2026/06/17 11:50:33 INFO  [benchmark.tsdb.DBWrapper] DataClientService-thread-1 insert one batch latency (device: d_5, sg: g_0) ,1.01, ms, throughput ,49337.15531829865, points/s
2026/06/17 11:50:33 INFO  [benchmark.tsdb.DBWrapper] DataClientService-thread-1 insert one batch latency (device: d_6, sg: g_0) ,1.17, ms, throughput ,42671.36393040813, points/s
2026/06/17 11:50:33 INFO  [benchmark.tsdb.DBWrapper] DataClientService-thread-1 insert one batch latency (device: d_7, sg: g_0) ,1.26, ms, throughput ,39821.440660080196, points/s
2026/06/17 11:50:33 INFO  [benchmark.tsdb.DBWrapper] DataClientService-thread-1 insert one batch latency (device: d_8, sg: g_0) ,1.29, ms, throughput ,38786.50974161979, points/s
2026/06/17 11:50:33 INFO  [benchmark.tsdb.DBWrapper] DataClientService-thread-1 insert one batch latency (device: d_9, sg: g_0) ,1.19, ms, throughput ,41888.009892272414, points/s
2026/06/17 11:50:33 INFO  [benchmark.tsdb.DBWrapper] DataClientService-thread-1 insert one batch latency (device: d_10, sg: g_0) ,1.21, ms, throughput ,41490.16060841171, points/s
2026/06/17 11:50:33 INFO  [benchmark.tsdb.DBWrapper] DataClientService-thread-1 insert one batch latency (device: d_11, sg: g_0) ,1.22, ms, throughput ,40877.69312461728, points/s
2026/06/17 11:50:33 INFO  [benchmark.tsdb.DBWrapper] DataClientService-thread-1 insert one batch latency (device: d_12, sg: g_0) ,1.08, ms, throughput ,46193.64375461936, points/s
2026/06/17 11:50:33 INFO  [benchmark.tsdb.DBWrapper] DataClientService-thread-1 insert one batch latency (device: d_13, sg: g_0) ,1.02, ms, throughput ,49042.25382505059, points/s
2026/06/17 11:50:33 INFO  [benchmark.tsdb.DBWrapper] DataClientService-thread-1 insert one batch latency (device: d_14, sg: g_0) ,1.15, ms, throughput ,43381.31306558387, points/s
2026/06/17 11:50:33 INFO  [benchmark.tsdb.DBWrapper] DataClientService-thread-1 insert one batch latency (device: d_15, sg: g_0) ,1.08, ms, throughput ,46313.36362844826, points/s
2026/06/17 11:50:33 INFO  [benchmark.tsdb.DBWrapper] DataClientService-thread-1 insert one batch latency (device: d_16, sg: g_0) ,1.16, ms, throughput ,43189.56678273143, points/s
2026/06/17 11:50:33 INFO  [benchmark.tsdb.DBWrapper] DataClientService-thread-1 insert one batch latency (device: d_17, sg: g_0) ,1.21, ms, throughput ,41436.00623197534, points/s
2026/06/17 11:50:33 INFO  [benchmark.tsdb.DBWrapper] DataClientService-thread-1 insert one batch latency (device: d_18, sg: g_0) ,1.05, ms, throughput ,47778.30864787386, points/s
2026/06/17 11:50:33 INFO  [benchmark.tsdb.DBWrapper] DataClientService-thread-1 insert one batch latency (device: d_19, sg: g_0) ,1.10, ms, throughput ,45400.312717354, points/s
2026/06/17 11:50:33 INFO  [benchmark.tsdb.DBWrapper] DataClientService-thread-1 insert one batch latency (device: d_0, sg: g_0) ,1.23, ms, throughput ,40599.57451645906, points/s
2026/06/17 11:50:33 INFO  [benchmark.tsdb.DBWrapper] DataClientService-thread-1 insert one batch latency (device: d_1, sg: g_0) ,1.15, ms, throughput ,43424.82944898234, points/s
2026/06/17 11:50:33 INFO  [benchmark.tsdb.DBWrapper] DataClientService-thread-1 insert one batch latency (device: d_2, sg: g_0) ,1.27, ms, throughput ,39520.849224008125, points/s
2026/06/17 11:50:33 INFO  [benchmark.tsdb.DBWrapper] DataClientService-thread-1 insert one batch latency (device: d_3, sg: g_0) ,1.16, ms, throughput ,43199.79125860864, points/s
2026/06/17 11:50:33 INFO  [benchmark.tsdb.DBWrapper] DataClientService-thread-1 insert one batch latency (device: d_4, sg: g_0) ,1.12, ms, throughput ,44457.84107388805, points/s
2026/06/17 11:50:33 INFO  [benchmark.tsdb.DBWrapper] DataClientService-thread-1 insert one batch latency (device: d_5, sg: g_0) ,1.19, ms, throughput ,42006.463954673345, points/s
2026/06/17 11:50:33 INFO  [benchmark.tsdb.DBWrapper] DataClientService-thread-1 insert one batch latency (device: d_6, sg: g_0) ,1.18, ms, throughput ,42238.04177680236, points/s
2026/06/17 11:50:33 INFO  [benchmark.tsdb.DBWrapper] DataClientService-thread-1 insert one batch latency (device: d_7, sg: g_0) ,1.78, ms, throughput ,28011.2672521395, points/s
2026/06/17 11:50:33 INFO  [benchmark.tsdb.DBWrapper] DataClientService-thread-1 insert one batch latency (device: d_8, sg: g_0) ,1.62, ms, throughput ,30827.699057535585, points/s
2026/06/17 11:50:33 INFO  [benchmark.tsdb.DBWrapper] DataClientService-thread-1 insert one batch latency (device: d_9, sg: g_0) ,1.75, ms, throughput ,28492.64234496726, points/s
2026/06/17 11:50:33 INFO  [benchmark.tsdb.DBWrapper] DataClientService-thread-1 insert one batch latency (device: d_10, sg: g_0) ,1.61, ms, throughput ,31074.97023017852, points/s
2026/06/17 11:50:33 INFO  [benchmark.tsdb.DBWrapper] DataClientService-thread-1 insert one batch latency (device: d_11, sg: g_0) ,1.51, ms, throughput ,33026.93148100687, points/s
2026/06/17 11:50:33 INFO  [benchmark.tsdb.DBWrapper] DataClientService-thread-1 insert one batch latency (device: d_12, sg: g_0) ,1.52, ms, throughput ,32880.37331060642, points/s
2026/06/17 11:50:33 INFO  [benchmark.tsdb.DBWrapper] DataClientService-thread-1 insert one batch latency (device: d_13, sg: g_0) ,1.40, ms, throughput ,35601.074298018015, points/s
2026/06/17 11:50:33 INFO  [benchmark.tsdb.DBWrapper] DataClientService-thread-1 insert one batch latency (device: d_14, sg: g_0) ,1.32, ms, throughput ,37859.68594633314, points/s
2026/06/17 11:50:33 INFO  [benchmark.tsdb.DBWrapper] DataClientService-thread-1 insert one batch latency (device: d_15, sg: g_0) ,1.27, ms, throughput ,39432.332146420136, points/s
2026/06/17 11:50:33 INFO  [benchmark.tsdb.DBWrapper] DataClientService-thread-1 insert one batch latency (device: d_16, sg: g_0) ,1.89, ms, throughput ,26481.900680161136, points/s
2026/06/17 11:50:33 INFO  [benchmark.tsdb.DBWrapper] DataClientService-thread-1 insert one batch latency (device: d_17, sg: g_0) ,1.96, ms, throughput ,25449.527733113857, points/s
2026/06/17 11:50:33 INFO  [benchmark.tsdb.DBWrapper] DataClientService-thread-1 insert one batch latency (device: d_18, sg: g_0) ,1.85, ms, throughput ,27050.524428517096, points/s
2026/06/17 11:50:33 INFO  [benchmark.tsdb.DBWrapper] DataClientService-thread-1 insert one batch latency (device: d_19, sg: g_0) ,1.89, ms, throughput ,26422.690115218782, points/s
2026/06/17 11:50:33 INFO  [benchmark.tsdb.DBWrapper] DataClientService-thread-1 insert one batch latency (device: d_0, sg: g_0) ,1.68, ms, throughput ,29693.380217201135, points/s
2026/06/17 11:50:33 INFO  [benchmark.tsdb.DBWrapper] DataClientService-thread-1 insert one batch latency (device: d_1, sg: g_0) ,1.80, ms, throughput ,27825.6223896088, points/s
2026/06/17 11:50:33 INFO  [benchmark.tsdb.DBWrapper] DataClientService-thread-1 insert one batch latency (device: d_2, sg: g_0) ,1.59, ms, throughput ,31518.378997160824, points/s
2026/06/17 11:50:33 INFO  [benchmark.tsdb.DBWrapper] DataClientService-thread-1 insert one batch latency (device: d_3, sg: g_0) ,1.84, ms, throughput ,27243.10163801873, points/s
2026/06/17 11:50:33 INFO  [benchmark.tsdb.DBWrapper] DataClientService-thread-1 insert one batch latency (device: d_4, sg: g_0) ,2.07, ms, throughput ,24135.61900863428, points/s
2026/06/17 11:50:33 INFO  [benchmark.tsdb.DBWrapper] DataClientService-thread-1 insert one batch latency (device: d_5, sg: g_0) ,2.02, ms, throughput ,24760.55307152185, points/s
2026/06/17 11:50:33 INFO  [benchmark.tsdb.DBWrapper] DataClientService-thread-1 insert one batch latency (device: d_6, sg: g_0) ,1.88, ms, throughput ,26562.85195778844, points/s
2026/06/17 11:50:33 INFO  [benchmark.tsdb.DBWrapper] DataClientService-thread-1 insert one batch latency (device: d_7, sg: g_0) ,1.61, ms, throughput ,31043.56032384642, points/s
2026/06/17 11:50:33 INFO  [benchmark.tsdb.DBWrapper] DataClientService-thread-1 insert one batch latency (device: d_8, sg: g_0) ,1.58, ms, throughput ,31738.31379416942, points/s
2026/06/17 11:50:33 INFO  [benchmark.tsdb.DBWrapper] DataClientService-thread-1 insert one batch latency (device: d_9, sg: g_0) ,2.10, ms, throughput ,23825.872896592376, points/s
2026/06/17 11:50:33 INFO  [benchmark.tsdb.DBWrapper] DataClientService-thread-1 insert one batch latency (device: d_10, sg: g_0) ,1.44, ms, throughput ,34694.44257479948, points/s
2026/06/17 11:50:33 INFO  [benchmark.tsdb.DBWrapper] DataClientService-thread-1 insert one batch latency (device: d_11, sg: g_0) ,1.53, ms, throughput ,32779.147217705984, points/s
2026/06/17 11:50:33 INFO  [benchmark.tsdb.DBWrapper] DataClientService-thread-1 insert one batch latency (device: d_12, sg: g_0) ,1.56, ms, throughput ,32102.110392737217, points/s
2026/06/17 11:50:33 INFO  [benchmark.tsdb.DBWrapper] DataClientService-thread-1 insert one batch latency (device: d_13, sg: g_0) ,1.39, ms, throughput ,36069.28476772463, points/s
2026/06/17 11:50:33 INFO  [benchmark.tsdb.DBWrapper] DataClientService-thread-1 insert one batch latency (device: d_14, sg: g_0) ,1.14, ms, throughput ,44011.91490560325, points/s
2026/06/17 11:50:33 INFO  [benchmark.tsdb.DBWrapper] DataClientService-thread-1 insert one batch latency (device: d_15, sg: g_0) ,1.20, ms, throughput ,41605.783536757874, points/s
2026/06/17 11:50:33 INFO  [benchmark.tsdb.DBWrapper] DataClientService-thread-1 insert one batch latency (device: d_16, sg: g_0) ,1.22, ms, throughput ,40980.650576024025, points/s
2026/06/17 11:50:33 INFO  [benchmark.tsdb.DBWrapper] DataClientService-thread-1 insert one batch latency (device: d_17, sg: g_0) ,1.15, ms, throughput ,43596.16005022278, points/s
2026/06/17 11:50:33 INFO  [benchmark.tsdb.DBWrapper] DataClientService-thread-1 insert one batch latency (device: d_18, sg: g_0) ,1.17, ms, throughput ,42781.99323017739, points/s
2026/06/17 11:50:33 INFO  [benchmark.tsdb.DBWrapper] DataClientService-thread-1 insert one batch latency (device: d_19, sg: g_0) ,1.06, ms, throughput ,47200.580755945615, points/s
2026/06/17 11:50:33 INFO  [benchmark.tsdb.DBWrapper] DataClientService-thread-1 insert one batch latency (device: d_0, sg: g_0) ,0.99, ms, throughput ,50620.659911170864, points/s
2026/06/17 11:50:33 INFO  [benchmark.tsdb.DBWrapper] DataClientService-thread-1 insert one batch latency (device: d_1, sg: g_0) ,1.06, ms, throughput ,47269.478570381885, points/s
2026/06/17 11:50:33 INFO  [benchmark.tsdb.DBWrapper] DataClientService-thread-1 insert one batch latency (device: d_2, sg: g_0) ,1.06, ms, throughput ,47272.74102479738, points/s
2026/06/17 11:50:33 INFO  [benchmark.tsdb.DBWrapper] DataClientService-thread-1 insert one batch latency (device: d_3, sg: g_0) ,1.41, ms, throughput ,35508.00954171232, points/s
2026/06/17 11:50:33 INFO  [benchmark.tsdb.DBWrapper] DataClientService-thread-1 insert one batch latency (device: d_4, sg: g_0) ,1.14, ms, throughput ,43775.63063173488, points/s
2026/06/17 11:50:33 INFO  [benchmark.tsdb.DBWrapper] DataClientService-thread-1 insert one batch latency (device: d_5, sg: g_0) ,1.15, ms, throughput ,43511.44307441414, points/s
2026/06/17 11:50:33 INFO  [benchmark.tsdb.DBWrapper] DataClientService-thread-1 insert one batch latency (device: d_6, sg: g_0) ,1.23, ms, throughput ,40543.74020868674, points/s
2026/06/17 11:50:33 INFO  [benchmark.tsdb.DBWrapper] DataClientService-thread-1 insert one batch latency (device: d_7, sg: g_0) ,1.15, ms, throughput ,43358.139970481774, points/s
2026/06/17 11:50:33 INFO  [benchmark.tsdb.DBWrapper] DataClientService-thread-1 insert one batch latency (device: d_8, sg: g_0) ,1.17, ms, throughput ,42757.846920066775, points/s
2026/06/17 11:50:33 INFO  [benchmark.tsdb.DBWrapper] DataClientService-thread-1 insert one batch latency (device: d_9, sg: g_0) ,1.23, ms, throughput ,40743.221550230686, points/s
2026/06/17 11:50:33 INFO  [benchmark.tsdb.DBWrapper] DataClientService-thread-1 insert one batch latency (device: d_10, sg: g_0) ,1.09, ms, throughput ,45754.02635431918, points/s
2026/06/17 11:50:33 INFO  [benchmark.tsdb.DBWrapper] DataClientService-thread-1 insert one batch latency (device: d_11, sg: g_0) ,1.67, ms, throughput ,29920.716086513952, points/s
2026/06/17 11:50:33 INFO  [benchmark.tsdb.DBWrapper] DataClientService-thread-1 insert one batch latency (device: d_12, sg: g_0) ,1.15, ms, throughput ,43312.46827361699, points/s
2026/06/17 11:50:33 INFO  [benchmark.tsdb.DBWrapper] DataClientService-thread-1 insert one batch latency (device: d_13, sg: g_0) ,1.29, ms, throughput ,38757.13615769504, points/s
2026/06/17 11:50:33 INFO  [benchmark.tsdb.DBWrapper] DataClientService-thread-1 insert one batch latency (device: d_14, sg: g_0) ,1.17, ms, throughput ,42893.860001303976, points/s
2026/06/17 11:50:33 INFO  [benchmark.tsdb.DBWrapper] DataClientService-thread-1 insert one batch latency (device: d_15, sg: g_0) ,1.43, ms, throughput ,35084.3955134075, points/s
2026/06/17 11:50:33 INFO  [benchmark.tsdb.DBWrapper] DataClientService-thread-1 insert one batch latency (device: d_16, sg: g_0) ,1.38, ms, throughput ,36171.15321594106, points/s
2026/06/17 11:50:33 INFO  [benchmark.tsdb.DBWrapper] DataClientService-thread-1 insert one batch latency (device: d_17, sg: g_0) ,1.41, ms, throughput ,35540.467442443995, points/s
2026/06/17 11:50:33 INFO  [benchmark.tsdb.DBWrapper] DataClientService-thread-1 insert one batch latency (device: d_18, sg: g_0) ,1.76, ms, throughput ,28487.41511462481, points/s
2026/06/17 11:50:33 INFO  [benchmark.tsdb.DBWrapper] DataClientService-thread-1 insert one batch latency (device: d_19, sg: g_0) ,1.50, ms, throughput ,33289.524319329095, points/s
2026/06/17 11:50:33 INFO  [benchmark.tsdb.DBWrapper] DataClientService-thread-1 insert one batch latency (device: d_0, sg: g_0) ,1.92, ms, throughput ,25988.09329517588, points/s
2026/06/17 11:50:33 INFO  [benchmark.tsdb.DBWrapper] DataClientService-thread-1 insert one batch latency (device: d_1, sg: g_0) ,1.60, ms, throughput ,31225.995016331195, points/s
2026/06/17 11:50:33 INFO  [benchmark.tsdb.DBWrapper] DataClientService-thread-1 insert one batch latency (device: d_2, sg: g_0) ,1.49, ms, throughput ,33568.829864442356, points/s
2026/06/17 11:50:33 INFO  [benchmark.tsdb.DBWrapper] DataClientService-thread-1 insert one batch latency (device: d_3, sg: g_0) ,1.68, ms, throughput ,29749.52683377571, points/s
2026/06/17 11:50:33 INFO  [benchmark.tsdb.DBWrapper] DataClientService-thread-1 insert one batch latency (device: d_4, sg: g_0) ,1.64, ms, throughput ,30577.486408307293, points/s
2026/06/17 11:50:33 INFO  [benchmark.tsdb.DBWrapper] DataClientService-thread-1 insert one batch latency (device: d_5, sg: g_0) ,1.84, ms, throughput ,27247.43669739269, points/s
2026/06/17 11:50:33 INFO  [benchmark.tsdb.DBWrapper] DataClientService-thread-1 insert one batch latency (device: d_6, sg: g_0) ,2.60, ms, throughput ,19197.469005686293, points/s
2026/06/17 11:50:33 INFO  [benchmark.tsdb.DBWrapper] DataClientService-thread-1 insert one batch latency (device: d_7, sg: g_0) ,1.99, ms, throughput ,25127.92627265408, points/s
2026/06/17 11:50:33 INFO  [benchmark.tsdb.DBWrapper] DataClientService-thread-1 insert one batch latency (device: d_8, sg: g_0) ,1.85, ms, throughput ,27045.622720054005, points/s
2026/06/17 11:50:33 INFO  [benchmark.tsdb.DBWrapper] DataClientService-thread-1 insert one batch latency (device: d_9, sg: g_0) ,2.01, ms, throughput ,24871.40241381935, points/s
2026/06/17 11:50:33 INFO  [benchmark.tsdb.DBWrapper] DataClientService-thread-1 insert one batch latency (device: d_10, sg: g_0) ,1.78, ms, throughput ,28061.9518097714, points/s
2026/06/17 11:50:33 INFO  [benchmark.tsdb.DBWrapper] DataClientService-thread-1 insert one batch latency (device: d_11, sg: g_0) ,1.36, ms, throughput ,36650.44273734827, points/s
2026/06/17 11:50:33 INFO  [benchmark.tsdb.DBWrapper] DataClientService-thread-1 insert one batch latency (device: d_12, sg: g_0) ,1.30, ms, throughput ,38579.3836403352, points/s
2026/06/17 11:50:33 INFO  [benchmark.tsdb.DBWrapper] DataClientService-thread-1 insert one batch latency (device: d_13, sg: g_0) ,1.32, ms, throughput ,37960.28746566492, points/s
2026/06/17 11:50:33 INFO  [benchmark.tsdb.DBWrapper] DataClientService-thread-1 insert one batch latency (device: d_14, sg: g_0) ,1.14, ms, throughput ,44029.432795234956, points/s
2026/06/17 11:50:33 INFO  [benchmark.tsdb.DBWrapper] DataClientService-thread-1 insert one batch latency (device: d_15, sg: g_0) ,1.15, ms, throughput ,43538.04049211918, points/s
2026/06/17 11:50:33 INFO  [benchmark.tsdb.DBWrapper] DataClientService-thread-1 insert one batch latency (device: d_16, sg: g_0) ,1.11, ms, throughput ,44916.930628495655, points/s
2026/06/17 11:50:33 INFO  [benchmark.tsdb.DBWrapper] DataClientService-thread-1 insert one batch latency (device: d_17, sg: g_0) ,1.18, ms, throughput ,42256.2826641065, points/s
2026/06/17 11:50:33 INFO  [benchmark.tsdb.DBWrapper] DataClientService-thread-1 insert one batch latency (device: d_18, sg: g_0) ,1.20, ms, throughput ,41755.81533240134, points/s
2026/06/17 11:50:33 INFO  [benchmark.tsdb.DBWrapper] DataClientService-thread-1 insert one batch latency (device: d_19, sg: g_0) ,1.28, ms, throughput ,39101.20408247852, points/s
2026/06/17 11:50:33 INFO  [benchmark.tsdb.DBWrapper] DataClientService-thread-1 insert one batch latency (device: d_0, sg: g_0) ,1.05, ms, throughput ,47793.836506844076, points/s
2026/06/17 11:50:33 INFO  [benchmark.tsdb.DBWrapper] DataClientService-thread-1 insert one batch latency (device: d_1, sg: g_0) ,1.36, ms, throughput ,36774.548482093734, points/s
2026/06/17 11:50:33 INFO  [benchmark.tsdb.DBWrapper] DataClientService-thread-1 insert one batch latency (device: d_2, sg: g_0) ,1.66, ms, throughput ,30067.374973841383, points/s
2026/06/17 11:50:33 INFO  [benchmark.tsdb.DBWrapper] DataClientService-thread-1 insert one batch latency (device: d_3, sg: g_0) ,1.45, ms, throughput ,34419.07146982515, points/s
2026/06/17 11:50:33 INFO  [benchmark.tsdb.DBWrapper] DataClientService-thread-1 insert one batch latency (device: d_4, sg: g_0) ,1.63, ms, throughput ,30638.08092865249, points/s
2026/06/17 11:50:33 INFO  [benchmark.tsdb.DBWrapper] DataClientService-thread-1 insert one batch latency (device: d_5, sg: g_0) ,1.75, ms, throughput ,28589.529828028262, points/s
2026/06/17 11:50:33 INFO  [benchmark.tsdb.DBWrapper] DataClientService-thread-1 insert one batch latency (device: d_6, sg: g_0) ,2.25, ms, throughput ,22198.938002805946, points/s
2026/06/17 11:50:33 INFO  [benchmark.tsdb.DBWrapper] DataClientService-thread-1 insert one batch latency (device: d_7, sg: g_0) ,2.27, ms, throughput ,21983.066004595337, points/s
2026/06/17 11:50:33 INFO  [benchmark.tsdb.DBWrapper] DataClientService-thread-1 insert one batch latency (device: d_8, sg: g_0) ,2.56, ms, throughput ,19495.936461963236, points/s
2026/06/17 11:50:33 INFO  [benchmark.tsdb.DBWrapper] DataClientService-thread-1 insert one batch latency (device: d_9, sg: g_0) ,1.93, ms, throughput ,25875.899187496765, points/s
2026/06/17 11:50:33 INFO  [benchmark.tsdb.DBWrapper] DataClientService-thread-1 insert one batch latency (device: d_10, sg: g_0) ,2.12, ms, throughput ,23536.5890398578, points/s
2026/06/17 11:50:33 INFO  [benchmark.tsdb.DBWrapper] DataClientService-thread-1 insert one batch latency (device: d_11, sg: g_0) ,1.45, ms, throughput ,34535.77699281794, points/s
2026/06/17 11:50:33 INFO  [benchmark.tsdb.DBWrapper] DataClientService-thread-1 insert one batch latency (device: d_12, sg: g_0) ,1.70, ms, throughput ,29474.94511765219, points/s
2026/06/17 11:50:33 INFO  [benchmark.tsdb.DBWrapper] DataClientService-thread-1 insert one batch latency (device: d_13, sg: g_0) ,1.79, ms, throughput ,28002.18417036529, points/s
2026/06/17 11:50:33 INFO  [benchmark.tsdb.DBWrapper] DataClientService-thread-1 insert one batch latency (device: d_14, sg: g_0) ,2.06, ms, throughput ,24314.20567192064, points/s
2026/06/17 11:50:33 INFO  [benchmark.tsdb.DBWrapper] DataClientService-thread-1 insert one batch latency (device: d_15, sg: g_0) ,1.30, ms, throughput ,38368.36236923103, points/s
2026/06/17 11:50:33 INFO  [benchmark.tsdb.DBWrapper] DataClientService-thread-1 insert one batch latency (device: d_16, sg: g_0) ,1.35, ms, throughput ,36958.13825596024, points/s
2026/06/17 11:50:33 INFO  [benchmark.tsdb.DBWrapper] DataClientService-thread-1 insert one batch latency (device: d_17, sg: g_0) ,1.43, ms, throughput ,34965.01051397866, points/s
2026/06/17 11:50:33 INFO  [benchmark.tsdb.DBWrapper] DataClientService-thread-1 insert one batch latency (device: d_18, sg: g_0) ,1.54, ms, throughput ,32433.351085187496, points/s
2026/06/17 11:50:33 INFO  [benchmark.tsdb.DBWrapper] DataClientService-thread-1 insert one batch latency (device: d_19, sg: g_0) ,1.42, ms, throughput ,35212.65627376854, points/s
2026/06/17 11:50:33 INFO  [benchmark.tsdb.DBWrapper] DataClientService-thread-1 insert one batch latency (device: d_0, sg: g_0) ,3.77, ms, throughput ,13275.843620120762, points/s
2026/06/17 11:50:33 INFO  [benchmark.tsdb.DBWrapper] DataClientService-thread-1 insert one batch latency (device: d_1, sg: g_0) ,1.50, ms, throughput ,33394.958162796414, points/s
2026/06/17 11:50:33 INFO  [benchmark.tsdb.DBWrapper] DataClientService-thread-1 insert one batch latency (device: d_2, sg: g_0) ,2.01, ms, throughput ,24884.535754100973, points/s
2026/06/17 11:50:33 INFO  [benchmark.tsdb.DBWrapper] DataClientService-thread-1 insert one batch latency (device: d_3, sg: g_0) ,1.13, ms, throughput ,44358.36949279753, points/s
2026/06/17 11:50:33 INFO  [benchmark.tsdb.DBWrapper] DataClientService-thread-1 insert one batch latency (device: d_4, sg: g_0) ,1.21, ms, throughput ,41371.99463487973, points/s
2026/06/17 11:50:33 INFO  [benchmark.tsdb.DBWrapper] DataClientService-thread-1 insert one batch latency (device: d_5, sg: g_0) ,1.21, ms, throughput ,41454.694992936114, points/s
2026/06/17 11:50:33 INFO  [benchmark.tsdb.DBWrapper] DataClientService-thread-1 insert one batch latency (device: d_6, sg: g_0) ,1.34, ms, throughput ,37446.03090795391, points/s
2026/06/17 11:50:33 INFO  [benchmark.tsdb.DBWrapper] DataClientService-thread-1 insert one batch latency (device: d_7, sg: g_0) ,1.03, ms, throughput ,48682.60015714743, points/s
2026/06/17 11:50:33 INFO  [benchmark.tsdb.DBWrapper] DataClientService-thread-1 insert one batch latency (device: d_8, sg: g_0) ,1.13, ms, throughput ,44321.40821523894, points/s
2026/06/17 11:50:33 INFO  [benchmark.tsdb.DBWrapper] DataClientService-thread-1 insert one batch latency (device: d_9, sg: g_0) ,1.26, ms, throughput ,39645.25426483823, points/s
2026/06/17 11:50:33 INFO  [benchmark.tsdb.DBWrapper] DataClientService-thread-1 insert one batch latency (device: d_10, sg: g_0) ,1.21, ms, throughput ,41228.884626738414, points/s
2026/06/17 11:50:33 INFO  [benchmark.tsdb.DBWrapper] DataClientService-thread-1 insert one batch latency (device: d_11, sg: g_0) ,1.30, ms, throughput ,38529.76578525975, points/s
2026/06/17 11:50:33 INFO  [benchmark.tsdb.DBWrapper] DataClientService-thread-1 insert one batch latency (device: d_12, sg: g_0) ,1.37, ms, throughput ,36475.34376187728, points/s
2026/06/17 11:50:33 INFO  [benchmark.tsdb.DBWrapper] DataClientService-thread-1 insert one batch latency (device: d_13, sg: g_0) ,1.46, ms, throughput ,34167.311859405614, points/s
2026/06/17 11:50:33 INFO  [benchmark.tsdb.DBWrapper] DataClientService-thread-1 insert one batch latency (device: d_14, sg: g_0) ,1.24, ms, throughput ,40182.815738483805, points/s
2026/06/17 11:50:33 INFO  [benchmark.tsdb.DBWrapper] DataClientService-thread-1 insert one batch latency (device: d_15, sg: g_0) ,1.22, ms, throughput ,40967.05183888805, points/s
2026/06/17 11:50:33 INFO  [benchmark.tsdb.DBWrapper] DataClientService-thread-1 insert one batch latency (device: d_16, sg: g_0) ,1.18, ms, throughput ,42331.59011845225, points/s
2026/06/17 11:50:33 INFO  [benchmark.tsdb.DBWrapper] DataClientService-thread-1 insert one batch latency (device: d_17, sg: g_0) ,1.08, ms, throughput ,46214.009684607874, points/s
2026/06/17 11:50:33 INFO  [benchmark.tsdb.DBWrapper] DataClientService-thread-1 insert one batch latency (device: d_18, sg: g_0) ,1.27, ms, throughput ,39483.14977617003, points/s
2026/06/17 11:50:33 INFO  [benchmark.tsdb.DBWrapper] DataClientService-thread-1 insert one batch latency (device: d_19, sg: g_0) ,1.15, ms, throughput ,43666.97815777753, points/s
2026/06/17 11:50:33 INFO  [benchmark.tsdb.DBWrapper] DataClientService-thread-1 insert one batch latency (device: d_0, sg: g_0) ,1.32, ms, throughput ,37841.92067425221, points/s
2026/06/17 11:50:33 INFO  [benchmark.tsdb.DBWrapper] DataClientService-thread-1 insert one batch latency (device: d_1, sg: g_0) ,1.24, ms, throughput ,40416.09174776156, points/s
2026/06/17 11:50:33 INFO  [benchmark.tsdb.DBWrapper] DataClientService-thread-1 insert one batch latency (device: d_2, sg: g_0) ,1.29, ms, throughput ,38677.92658465399, points/s
2026/06/17 11:50:33 INFO  [benchmark.tsdb.DBWrapper] DataClientService-thread-1 insert one batch latency (device: d_3, sg: g_0) ,1.17, ms, throughput ,42632.869601399725, points/s
2026/06/17 11:50:33 INFO  [benchmark.tsdb.DBWrapper] DataClientService-thread-1 insert one batch latency (device: d_4, sg: g_0) ,1.39, ms, throughput ,35972.154674509555, points/s
2026/06/17 11:50:33 INFO  [benchmark.tsdb.DBWrapper] DataClientService-thread-1 insert one batch latency (device: d_5, sg: g_0) ,1.25, ms, throughput ,39953.62183577303, points/s
2026/06/17 11:50:33 INFO  [benchmark.tsdb.DBWrapper] DataClientService-thread-1 insert one batch latency (device: d_6, sg: g_0) ,1.18, ms, throughput ,42288.555110022135, points/s
2026/06/17 11:50:33 INFO  [benchmark.tsdb.DBWrapper] DataClientService-thread-1 insert one batch latency (device: d_7, sg: g_0) ,1.04, ms, throughput ,47956.84651123532, points/s
2026/06/17 11:50:33 INFO  [benchmark.tsdb.DBWrapper] DataClientService-thread-1 insert one batch latency (device: d_8, sg: g_0) ,1.15, ms, throughput ,43536.33455409216, points/s
2026/06/17 11:50:33 INFO  [benchmark.tsdb.DBWrapper] DataClientService-thread-1 insert one batch latency (device: d_9, sg: g_0) ,1.20, ms, throughput ,41587.51176926583, points/s
2026/06/17 11:50:33 INFO  [benchmark.tsdb.DBWrapper] DataClientService-thread-1 insert one batch latency (device: d_10, sg: g_0) ,1.17, ms, throughput ,42734.275709581285, points/s
2026/06/17 11:50:33 INFO  [benchmark.tsdb.DBWrapper] DataClientService-thread-1 insert one batch latency (device: d_11, sg: g_0) ,1.00, ms, throughput ,50125.71529395724, points/s
2026/06/17 11:50:33 INFO  [benchmark.tsdb.DBWrapper] DataClientService-thread-1 insert one batch latency (device: d_12, sg: g_0) ,1.66, ms, throughput ,30090.71749510424, points/s
2026/06/17 11:50:33 INFO  [benchmark.tsdb.DBWrapper] DataClientService-thread-1 insert one batch latency (device: d_13, sg: g_0) ,1.06, ms, throughput ,47025.9385671949, points/s
2026/06/17 11:50:33 INFO  [benchmark.tsdb.DBWrapper] DataClientService-thread-1 insert one batch latency (device: d_14, sg: g_0) ,1.25, ms, throughput ,40159.22328849422, points/s
2026/06/17 11:50:33 INFO  [benchmark.tsdb.DBWrapper] DataClientService-thread-1 insert one batch latency (device: d_15, sg: g_0) ,1.32, ms, throughput ,37969.82917373855, points/s
2026/06/17 11:50:33 INFO  [benchmark.tsdb.DBWrapper] DataClientService-thread-1 insert one batch latency (device: d_16, sg: g_0) ,1.48, ms, throughput ,33677.81245095669, points/s
2026/06/17 11:50:33 INFO  [benchmark.tsdb.DBWrapper] DataClientService-thread-1 insert one batch latency (device: d_17, sg: g_0) ,1.54, ms, throughput ,32573.268681909653, points/s
2026/06/17 11:50:33 INFO  [benchmark.tsdb.DBWrapper] DataClientService-thread-1 insert one batch latency (device: d_18, sg: g_0) ,1.59, ms, throughput ,31410.62608916346, points/s
2026/06/17 11:50:33 INFO  [benchmark.tsdb.DBWrapper] DataClientService-thread-1 insert one batch latency (device: d_19, sg: g_0) ,1.51, ms, throughput ,33003.4746058065, points/s
2026/06/17 11:50:33 INFO  [benchmark.tsdb.DBWrapper] DataClientService-thread-1 insert one batch latency (device: d_0, sg: g_0) ,1.36, ms, throughput ,36655.14473283898, points/s
2026/06/17 11:50:33 INFO  [benchmark.tsdb.DBWrapper] DataClientService-thread-1 insert one batch latency (device: d_1, sg: g_0) ,1.49, ms, throughput ,33615.7278578243, points/s
2026/06/17 11:50:33 INFO  [benchmark.tsdb.DBWrapper] DataClientService-thread-1 insert one batch latency (device: d_2, sg: g_0) ,1.49, ms, throughput ,33604.5218244567, points/s
2026/06/17 11:50:33 INFO  [benchmark.tsdb.DBWrapper] DataClientService-thread-1 insert one batch latency (device: d_3, sg: g_0) ,1.82, ms, throughput ,27529.59844777112, points/s
2026/06/17 11:50:33 INFO  [benchmark.tsdb.DBWrapper] DataClientService-thread-1 insert one batch latency (device: d_4, sg: g_0) ,1.52, ms, throughput ,32803.964818403816, points/s
2026/06/17 11:50:33 INFO  [benchmark.tsdb.DBWrapper] DataClientService-thread-1 insert one batch latency (device: d_5, sg: g_0) ,1.76, ms, throughput ,28453.954388311115, points/s
2026/06/17 11:50:33 INFO  [benchmark.tsdb.DBWrapper] DataClientService-thread-1 insert one batch latency (device: d_6, sg: g_0) ,1.99, ms, throughput ,25155.39746785769, points/s
2026/06/17 11:50:33 INFO  [benchmark.tsdb.DBWrapper] DataClientService-thread-1 insert one batch latency (device: d_7, sg: g_0) ,2.62, ms, throughput ,19060.434921004027, points/s
2026/06/17 11:50:33 INFO  [benchmark.tsdb.DBWrapper] DataClientService-thread-1 insert one batch latency (device: d_8, sg: g_0) ,1.67, ms, throughput ,29995.062812661035, points/s
2026/06/17 11:50:33 INFO  [benchmark.tsdb.DBWrapper] DataClientService-thread-1 insert one batch latency (device: d_9, sg: g_0) ,1.45, ms, throughput ,34461.34505386653, points/s
2026/06/17 11:50:33 INFO  [benchmark.tsdb.DBWrapper] DataClientService-thread-1 insert one batch latency (device: d_10, sg: g_0) ,1.35, ms, throughput ,37167.315360210756, points/s
2026/06/17 11:50:33 INFO  [benchmark.tsdb.DBWrapper] DataClientService-thread-1 insert one batch latency (device: d_11, sg: g_0) ,1.31, ms, throughput ,38051.982051641105, points/s
2026/06/17 11:50:33 INFO  [benchmark.tsdb.DBWrapper] DataClientService-thread-1 insert one batch latency (device: d_12, sg: g_0) ,1.17, ms, throughput ,42655.78318577276, points/s
2026/06/17 11:50:33 INFO  [benchmark.tsdb.DBWrapper] DataClientService-thread-1 insert one batch latency (device: d_13, sg: g_0) ,1.49, ms, throughput ,33460.50556147063, points/s
2026/06/17 11:50:33 INFO  [benchmark.tsdb.DBWrapper] DataClientService-thread-1 insert one batch latency (device: d_14, sg: g_0) ,1.18, ms, throughput ,42461.11411169651, points/s
2026/06/17 11:50:33 INFO  [benchmark.tsdb.DBWrapper] DataClientService-thread-1 insert one batch latency (device: d_15, sg: g_0) ,1.10, ms, throughput ,45650.260571687344, points/s
2026/06/17 11:50:33 INFO  [benchmark.tsdb.DBWrapper] DataClientService-thread-1 insert one batch latency (device: d_16, sg: g_0) ,1.13, ms, throughput ,44343.02701465892, points/s
2026/06/17 11:50:33 INFO  [benchmark.tsdb.DBWrapper] DataClientService-thread-1 insert one batch latency (device: d_17, sg: g_0) ,1.04, ms, throughput ,47920.12290553122, points/s
2026/06/17 11:50:33 INFO  [benchmark.tsdb.DBWrapper] DataClientService-thread-1 insert one batch latency (device: d_18, sg: g_0) ,1.12, ms, throughput ,44768.48871431168, points/s
2026/06/17 11:50:33 INFO  [benchmark.tsdb.DBWrapper] DataClientService-thread-1 insert one batch latency (device: d_19, sg: g_0) ,1.30, ms, throughput ,38461.18343522983, points/s
2026/06/17 11:50:33 INFO  [benchmark.tsdb.DBWrapper] DataClientService-thread-1 insert one batch latency (device: d_0, sg: g_0) ,1.32, ms, throughput ,37870.75468839944, points/s
2026/06/17 11:50:33 INFO  [benchmark.tsdb.DBWrapper] DataClientService-thread-1 insert one batch latency (device: d_1, sg: g_0) ,1.57, ms, throughput ,31762.992175504507, points/s
2026/06/17 11:50:33 INFO  [benchmark.tsdb.DBWrapper] DataClientService-thread-1 insert one batch latency (device: d_2, sg: g_0) ,1.32, ms, throughput ,37950.4336975563, points/s
2026/06/17 11:50:33 INFO  [benchmark.tsdb.DBWrapper] DataClientService-thread-1 insert one batch latency (device: d_3, sg: g_0) ,1.56, ms, throughput ,32118.93771110172, points/s
2026/06/17 11:50:33 INFO  [benchmark.tsdb.DBWrapper] DataClientService-thread-1 insert one batch latency (device: d_4, sg: g_0) ,1.59, ms, throughput ,31376.880259549554, points/s
2026/06/17 11:50:33 INFO  [benchmark.tsdb.DBWrapper] DataClientService-thread-1 insert one batch latency (device: d_5, sg: g_0) ,1.35, ms, throughput ,37120.24137065749, points/s
2026/06/17 11:50:33 INFO  [benchmark.tsdb.DBWrapper] DataClientService-thread-1 insert one batch latency (device: d_6, sg: g_0) ,1.34, ms, throughput ,37197.12243060877, points/s
2026/06/17 11:50:33 INFO  [benchmark.tsdb.DBWrapper] DataClientService-thread-1 insert one batch latency (device: d_7, sg: g_0) ,1.37, ms, throughput ,36472.629844385876, points/s
2026/06/17 11:50:33 INFO  [benchmark.tsdb.DBWrapper] DataClientService-thread-1 insert one batch latency (device: d_8, sg: g_0) ,1.05, ms, throughput ,47634.51749568194, points/s
2026/06/17 11:50:33 INFO  [benchmark.tsdb.DBWrapper] DataClientService-thread-1 insert one batch latency (device: d_9, sg: g_0) ,1.14, ms, throughput ,43788.24355721679, points/s
2026/06/17 11:50:33 INFO  [benchmark.tsdb.DBWrapper] DataClientService-thread-1 insert one batch latency (device: d_10, sg: g_0) ,1.30, ms, throughput ,38474.44219753702, points/s
2026/06/17 11:50:33 INFO  [benchmark.tsdb.DBWrapper] DataClientService-thread-1 insert one batch latency (device: d_11, sg: g_0) ,1.05, ms, throughput ,47594.57041140747, points/s
2026/06/17 11:50:33 INFO  [benchmark.tsdb.DBWrapper] DataClientService-thread-1 insert one batch latency (device: d_12, sg: g_0) ,1.12, ms, throughput ,44524.509406693105, points/s
2026/06/17 11:50:33 INFO  [benchmark.tsdb.DBWrapper] DataClientService-thread-1 insert one batch latency (device: d_13, sg: g_0) ,0.99, ms, throughput ,50608.36313322449, points/s
2026/06/17 11:50:33 INFO  [benchmark.tsdb.DBWrapper] DataClientService-thread-1 insert one batch latency (device: d_14, sg: g_0) ,1.01, ms, throughput ,49339.39484245437, points/s
2026/06/17 11:50:33 INFO  [benchmark.tsdb.DBWrapper] DataClientService-thread-1 insert one batch latency (device: d_15, sg: g_0) ,1.10, ms, throughput ,45537.630932073334, points/s
2026/06/17 11:50:33 INFO  [benchmark.tsdb.DBWrapper] DataClientService-thread-1 insert one batch latency (device: d_16, sg: g_0) ,0.93, ms, throughput ,53971.84181069052, points/s
2026/06/17 11:50:33 INFO  [benchmark.tsdb.DBWrapper] DataClientService-thread-1 insert one batch latency (device: d_17, sg: g_0) ,1.22, ms, throughput ,40854.980344668955, points/s
2026/06/17 11:50:33 INFO  [benchmark.tsdb.DBWrapper] DataClientService-thread-1 insert one batch latency (device: d_18, sg: g_0) ,1.05, ms, throughput ,47696.86164189769, points/s
2026/06/17 11:50:33 INFO  [benchmark.tsdb.DBWrapper] DataClientService-thread-1 insert one batch latency (device: d_19, sg: g_0) ,1.02, ms, throughput ,48793.388300711704, points/s
2026/06/17 11:50:33 INFO  [benchmark.tsdb.DBWrapper] DataClientService-thread-1 insert one batch latency (device: d_0, sg: g_0) ,1.12, ms, throughput ,44763.11805556177, points/s
2026/06/17 11:50:33 INFO  [benchmark.tsdb.DBWrapper] DataClientService-thread-1 insert one batch latency (device: d_1, sg: g_0) ,1.31, ms, throughput ,38124.43051631916, points/s
2026/06/17 11:50:33 INFO  [benchmark.tsdb.DBWrapper] DataClientService-thread-1 insert one batch latency (device: d_2, sg: g_0) ,1.24, ms, throughput ,40450.19448453508, points/s
2026/06/17 11:50:33 INFO  [benchmark.tsdb.DBWrapper] DataClientService-thread-1 insert one batch latency (device: d_3, sg: g_0) ,1.11, ms, throughput ,45023.750028139846, points/s
2026/06/17 11:50:33 INFO  [benchmark.tsdb.DBWrapper] DataClientService-thread-1 insert one batch latency (device: d_4, sg: g_0) ,1.92, ms, throughput ,25981.84077184774, points/s
2026/06/17 11:50:33 INFO  [benchmark.tsdb.DBWrapper] DataClientService-thread-1 insert one batch latency (device: d_5, sg: g_0) ,1.34, ms, throughput ,37252.99402312964, points/s
2026/06/17 11:50:33 INFO  [benchmark.tsdb.DBWrapper] DataClientService-thread-1 insert one batch latency (device: d_6, sg: g_0) ,1.31, ms, throughput ,38062.497097734595, points/s
2026/06/17 11:50:33 INFO  [benchmark.tsdb.DBWrapper] DataClientService-thread-1 insert one batch latency (device: d_7, sg: g_0) ,1.07, ms, throughput ,46650.36391948893, points/s
2026/06/17 11:50:33 INFO  [benchmark.tsdb.DBWrapper] DataClientService-thread-1 insert one batch latency (device: d_8, sg: g_0) ,1.00, ms, throughput ,50195.71308531966, points/s
2026/06/17 11:50:33 INFO  [benchmark.tsdb.DBWrapper] DataClientService-thread-1 insert one batch latency (device: d_9, sg: g_0) ,1.02, ms, throughput ,49004.041853372066, points/s
2026/06/17 11:50:33 INFO  [benchmark.tsdb.DBWrapper] DataClientService-thread-1 insert one batch latency (device: d_10, sg: g_0) ,1.11, ms, throughput ,45085.21556594119, points/s
2026/06/17 11:50:33 INFO  [benchmark.tsdb.DBWrapper] DataClientService-thread-1 insert one batch latency (device: d_11, sg: g_0) ,1.19, ms, throughput ,41842.26470420867, points/s
2026/06/17 11:50:33 INFO  [benchmark.tsdb.DBWrapper] DataClientService-thread-1 insert one batch latency (device: d_12, sg: g_0) ,1.48, ms, throughput ,33889.34451229844, points/s
2026/06/17 11:50:33 INFO  [benchmark.tsdb.DBWrapper] DataClientService-thread-1 insert one batch latency (device: d_13, sg: g_0) ,1.42, ms, throughput ,35090.79743837179, points/s
2026/06/17 11:50:33 INFO  [benchmark.tsdb.DBWrapper] DataClientService-thread-1 insert one batch latency (device: d_14, sg: g_0) ,1.31, ms, throughput ,38281.55625245002, points/s
2026/06/17 11:50:33 INFO  [benchmark.tsdb.DBWrapper] DataClientService-thread-1 insert one batch latency (device: d_15, sg: g_0) ,1.22, ms, throughput ,40959.869976988746, points/s
2026/06/17 11:50:33 INFO  [benchmark.tsdb.DBWrapper] DataClientService-thread-1 insert one batch latency (device: d_16, sg: g_0) ,1.32, ms, throughput ,37867.05482922337, points/s
2026/06/17 11:50:33 INFO  [benchmark.tsdb.DBWrapper] DataClientService-thread-1 insert one batch latency (device: d_17, sg: g_0) ,1.47, ms, throughput ,34099.108376514174, points/s
2026/06/17 11:50:33 INFO  [benchmark.tsdb.DBWrapper] DataClientService-thread-1 insert one batch latency (device: d_18, sg: g_0) ,1.19, ms, throughput ,41918.45686423114, points/s
2026/06/17 11:50:33 INFO  [benchmark.tsdb.DBWrapper] DataClientService-thread-1 insert one batch latency (device: d_19, sg: g_0) ,1.26, ms, throughput ,39716.235441020995, points/s
2026/06/17 11:50:33 INFO  [benchmark.tsdb.DBWrapper] DataClientService-thread-1 insert one batch latency (device: d_0, sg: g_0) ,1.25, ms, throughput ,39978.15593559679, points/s
2026/06/17 11:50:33 INFO  [benchmark.tsdb.DBWrapper] DataClientService-thread-1 insert one batch latency (device: d_1, sg: g_0) ,1.18, ms, throughput ,42488.93375720294, points/s
2026/06/17 11:50:33 INFO  [benchmark.tsdb.DBWrapper] DataClientService-thread-1 insert one batch latency (device: d_2, sg: g_0) ,1.29, ms, throughput ,38801.01751788339, points/s
2026/06/17 11:50:33 INFO  [benchmark.tsdb.DBWrapper] DataClientService-thread-1 insert one batch latency (device: d_3, sg: g_0) ,1.22, ms, throughput ,40862.192256614566, points/s
2026/06/17 11:50:33 INFO  [benchmark.tsdb.DBWrapper] DataClientService-thread-1 insert one batch latency (device: d_4, sg: g_0) ,1.42, ms, throughput ,35254.11873869224, points/s
2026/06/17 11:50:33 INFO  [benchmark.tsdb.DBWrapper] DataClientService-thread-1 insert one batch latency (device: d_5, sg: g_0) ,1.37, ms, throughput ,36615.739055738675, points/s
2026/06/17 11:50:33 INFO  [benchmark.tsdb.DBWrapper] DataClientService-thread-1 insert one batch latency (device: d_6, sg: g_0) ,1.18, ms, throughput ,42548.339168128914, points/s
2026/06/17 11:50:33 INFO  [benchmark.tsdb.DBWrapper] DataClientService-thread-1 insert one batch latency (device: d_7, sg: g_0) ,1.14, ms, throughput ,43890.218274833525, points/s
2026/06/17 11:50:33 INFO  [benchmark.tsdb.DBWrapper] DataClientService-thread-1 insert one batch latency (device: d_8, sg: g_0) ,1.23, ms, throughput ,40557.51989143563, points/s
2026/06/17 11:50:33 INFO  [benchmark.tsdb.DBWrapper] DataClientService-thread-1 insert one batch latency (device: d_9, sg: g_0) ,1.20, ms, throughput ,41494.94674538535, points/s
2026/06/17 11:50:33 INFO  [benchmark.tsdb.DBWrapper] DataClientService-thread-1 insert one batch latency (device: d_10, sg: g_0) ,1.35, ms, throughput ,36950.35424304613, points/s
2026/06/17 11:50:33 INFO  [benchmark.tsdb.DBWrapper] DataClientService-thread-1 insert one batch latency (device: d_11, sg: g_0) ,1.12, ms, throughput ,44571.22481725798, points/s
2026/06/17 11:50:33 INFO  [benchmark.tsdb.DBWrapper] DataClientService-thread-1 insert one batch latency (device: d_12, sg: g_0) ,1.35, ms, throughput ,37035.25385814757, points/s
2026/06/17 11:50:33 INFO  [benchmark.tsdb.DBWrapper] DataClientService-thread-1 insert one batch latency (device: d_13, sg: g_0) ,1.13, ms, throughput ,44281.41013264939, points/s
2026/06/17 11:50:33 INFO  [benchmark.tsdb.DBWrapper] DataClientService-thread-1 insert one batch latency (device: d_14, sg: g_0) ,1.11, ms, throughput ,45067.700699991525, points/s
2026/06/17 11:50:33 INFO  [benchmark.tsdb.DBWrapper] DataClientService-thread-1 insert one batch latency (device: d_15, sg: g_0) ,1.03, ms, throughput ,48685.823564522834, points/s
2026/06/17 11:50:33 INFO  [benchmark.tsdb.DBWrapper] DataClientService-thread-1 insert one batch latency (device: d_16, sg: g_0) ,1.26, ms, throughput ,39709.359257720884, points/s
2026/06/17 11:50:33 INFO  [benchmark.tsdb.DBWrapper] DataClientService-thread-1 insert one batch latency (device: d_17, sg: g_0) ,1.08, ms, throughput ,46397.038013093246, points/s
2026/06/17 11:50:33 INFO  [benchmark.tsdb.DBWrapper] DataClientService-thread-1 insert one batch latency (device: d_18, sg: g_0) ,1.25, ms, throughput ,40009.76238202121, points/s
2026/06/17 11:50:33 INFO  [benchmark.tsdb.DBWrapper] DataClientService-thread-1 insert one batch latency (device: d_19, sg: g_0) ,1.20, ms, throughput ,41516.653159915506, points/s
2026/06/17 11:50:33 INFO  [benchmark.tsdb.DBWrapper] DataClientService-thread-1 insert one batch latency (device: d_0, sg: g_0) ,1.18, ms, throughput ,42530.56884635832, points/s
2026/06/17 11:50:33 INFO  [benchmark.tsdb.DBWrapper] DataClientService-thread-1 insert one batch latency (device: d_1, sg: g_0) ,1.08, ms, throughput ,46408.5792755992, points/s
2026/06/17 11:50:33 INFO  [benchmark.tsdb.DBWrapper] DataClientService-thread-1 insert one batch latency (device: d_2, sg: g_0) ,1.05, ms, throughput ,47432.344874887705, points/s
2026/06/17 11:50:33 INFO  [benchmark.tsdb.DBWrapper] DataClientService-thread-1 insert one batch latency (device: d_3, sg: g_0) ,1.09, ms, throughput ,45785.910576453774, points/s
2026/06/17 11:50:33 INFO  [benchmark.tsdb.DBWrapper] DataClientService-thread-1 insert one batch latency (device: d_4, sg: g_0) ,1.07, ms, throughput ,46602.40505692018, points/s
2026/06/17 11:50:33 INFO  [benchmark.tsdb.DBWrapper] DataClientService-thread-1 insert one batch latency (device: d_5, sg: g_0) ,1.26, ms, throughput ,39694.731635827826, points/s
2026/06/17 11:50:33 INFO  [benchmark.tsdb.DBWrapper] DataClientService-thread-1 insert one batch latency (device: d_6, sg: g_0) ,1.09, ms, throughput ,46066.68798018764, points/s
2026/06/17 11:50:33 INFO  [benchmark.tsdb.DBWrapper] DataClientService-thread-1 insert one batch latency (device: d_7, sg: g_0) ,1.25, ms, throughput ,40133.11351089293, points/s
2026/06/17 11:50:33 INFO  [benchmark.tsdb.DBWrapper] DataClientService-thread-1 insert one batch latency (device: d_8, sg: g_0) ,1.12, ms, throughput ,44725.999581364646, points/s
2026/06/17 11:50:33 INFO  [benchmark.tsdb.DBWrapper] DataClientService-thread-1 insert one batch latency (device: d_9, sg: g_0) ,0.99, ms, throughput ,50421.2697084138, points/s
2026/06/17 11:50:33 INFO  [benchmark.tsdb.DBWrapper] DataClientService-thread-1 insert one batch latency (device: d_10, sg: g_0) ,1.04, ms, throughput ,47949.3961253052, points/s
2026/06/17 11:50:33 INFO  [benchmark.tsdb.DBWrapper] DataClientService-thread-1 insert one batch latency (device: d_11, sg: g_0) ,1.00, ms, throughput ,49984.10505459264, points/s
2026/06/17 11:50:33 INFO  [benchmark.tsdb.DBWrapper] DataClientService-thread-1 insert one batch latency (device: d_12, sg: g_0) ,1.16, ms, throughput ,43255.81314872905, points/s
2026/06/17 11:50:33 INFO  [benchmark.tsdb.DBWrapper] DataClientService-thread-1 insert one batch latency (device: d_13, sg: g_0) ,1.07, ms, throughput ,46638.876115018924, points/s
2026/06/17 11:50:33 INFO  [benchmark.tsdb.DBWrapper] DataClientService-thread-1 insert one batch latency (device: d_14, sg: g_0) ,0.99, ms, throughput ,50459.942374745806, points/s
2026/06/17 11:50:33 INFO  [benchmark.tsdb.DBWrapper] DataClientService-thread-1 insert one batch latency (device: d_15, sg: g_0) ,1.17, ms, throughput ,42806.60660043628, points/s
2026/06/17 11:50:33 INFO  [benchmark.tsdb.DBWrapper] DataClientService-thread-1 insert one batch latency (device: d_16, sg: g_0) ,1.14, ms, throughput ,44029.898061980006, points/s
2026/06/17 11:50:33 INFO  [benchmark.tsdb.DBWrapper] DataClientService-thread-1 insert one batch latency (device: d_17, sg: g_0) ,1.03, ms, throughput ,48746.389111226585, points/s
2026/06/17 11:50:33 INFO  [benchmark.tsdb.DBWrapper] DataClientService-thread-1 insert one batch latency (device: d_18, sg: g_0) ,0.96, ms, throughput ,52171.045904259874, points/s
2026/06/17 11:50:33 INFO  [benchmark.tsdb.DBWrapper] DataClientService-thread-1 insert one batch latency (device: d_19, sg: g_0) ,1.23, ms, throughput ,40568.60963261067, points/s
2026/06/17 11:50:33 INFO  [benchmark.tsdb.DBWrapper] DataClientService-thread-1 insert one batch latency (device: d_0, sg: g_0) ,1.11, ms, throughput ,45236.21901205907, points/s
2026/06/17 11:50:33 INFO  [benchmark.tsdb.DBWrapper] DataClientService-thread-1 insert one batch latency (device: d_1, sg: g_0) ,1.20, ms, throughput ,41780.623316763136, points/s
2026/06/17 11:50:33 INFO  [benchmark.tsdb.DBWrapper] DataClientService-thread-1 insert one batch latency (device: d_2, sg: g_0) ,1.13, ms, throughput ,44197.09784176732, points/s
2026/06/17 11:50:33 INFO  [benchmark.tsdb.DBWrapper] DataClientService-thread-1 insert one batch latency (device: d_3, sg: g_0) ,1.14, ms, throughput ,43929.358077862154, points/s
2026/06/17 11:50:33 INFO  [benchmark.tsdb.DBWrapper] DataClientService-thread-1 insert one batch latency (device: d_4, sg: g_0) ,1.38, ms, throughput ,36264.311710616596, points/s
2026/06/17 11:50:33 INFO  [benchmark.tsdb.DBWrapper] DataClientService-thread-1 insert one batch latency (device: d_5, sg: g_0) ,1.44, ms, throughput ,34695.16481244141, points/s
2026/06/17 11:50:33 INFO  [benchmark.tsdb.DBWrapper] DataClientService-thread-1 insert one batch latency (device: d_6, sg: g_0) ,1.33, ms, throughput ,37651.59473329493, points/s
2026/06/17 11:50:33 INFO  [benchmark.tsdb.DBWrapper] DataClientService-thread-1 insert one batch latency (device: d_7, sg: g_0) ,1.18, ms, throughput ,42237.07841060185, points/s
2026/06/17 11:50:33 INFO  [benchmark.tsdb.DBWrapper] DataClientService-thread-1 insert one batch latency (device: d_8, sg: g_0) ,1.00, ms, throughput ,49770.11185334939, points/s
2026/06/17 11:50:33 INFO  [benchmark.tsdb.DBWrapper] DataClientService-thread-1 insert one batch latency (device: d_9, sg: g_0) ,1.12, ms, throughput ,44600.48668051066, points/s
2026/06/17 11:50:33 INFO  [benchmark.tsdb.DBWrapper] DataClientService-thread-1 insert one batch latency (device: d_10, sg: g_0) ,1.13, ms, throughput ,44418.14890029547, points/s
2026/06/17 11:50:33 INFO  [benchmark.tsdb.DBWrapper] DataClientService-thread-1 insert one batch latency (device: d_11, sg: g_0) ,0.86, ms, throughput ,58291.3635515762, points/s
2026/06/17 11:50:33 INFO  [benchmark.tsdb.DBWrapper] DataClientService-thread-1 insert one batch latency (device: d_12, sg: g_0) ,1.12, ms, throughput ,44524.747299796705, points/s
2026/06/17 11:50:33 INFO  [benchmark.tsdb.DBWrapper] DataClientService-thread-1 insert one batch latency (device: d_13, sg: g_0) ,1.01, ms, throughput ,49350.44938519211, points/s
2026/06/17 11:50:33 INFO  [benchmark.tsdb.DBWrapper] DataClientService-thread-1 insert one batch latency (device: d_14, sg: g_0) ,1.07, ms, throughput ,46656.71945407905, points/s
2026/06/17 11:50:33 INFO  [benchmark.tsdb.DBWrapper] DataClientService-thread-1 insert one batch latency (device: d_15, sg: g_0) ,1.09, ms, throughput ,45938.86639415731, points/s
2026/06/17 11:50:33 INFO  [benchmark.tsdb.DBWrapper] DataClientService-thread-1 insert one batch latency (device: d_16, sg: g_0) ,1.05, ms, throughput ,47757.63572958863, points/s
2026/06/17 11:50:33 INFO  [benchmark.tsdb.DBWrapper] DataClientService-thread-1 insert one batch latency (device: d_17, sg: g_0) ,1.18, ms, throughput ,42495.253280208606, points/s
2026/06/17 11:50:33 INFO  [benchmark.tsdb.DBWrapper] DataClientService-thread-1 insert one batch latency (device: d_18, sg: g_0) ,1.08, ms, throughput ,46117.0801985248, points/s
2026/06/17 11:50:33 INFO  [benchmark.tsdb.DBWrapper] DataClientService-thread-1 insert one batch latency (device: d_19, sg: g_0) ,1.04, ms, throughput ,48208.80196306241, points/s
2026/06/17 11:50:33 INFO  [benchmark.tsdb.DBWrapper] DataClientService-thread-1 insert one batch latency (device: d_0, sg: g_0) ,1.06, ms, throughput ,47263.04436392922, points/s
2026/06/17 11:50:33 INFO  [benchmark.tsdb.DBWrapper] DataClientService-thread-1 insert one batch latency (device: d_1, sg: g_0) ,1.00, ms, throughput ,50207.05389024336, points/s
2026/06/17 11:50:33 INFO  [benchmark.tsdb.DBWrapper] DataClientService-thread-1 insert one batch latency (device: d_2, sg: g_0) ,1.15, ms, throughput ,43495.58345845563, points/s
2026/06/17 11:50:33 INFO  [benchmark.tsdb.DBWrapper] DataClientService-thread-1 insert one batch latency (device: d_3, sg: g_0) ,1.04, ms, throughput ,48050.91090111795, points/s
2026/06/17 11:50:33 INFO  [benchmark.tsdb.DBWrapper] DataClientService-thread-1 insert one batch latency (device: d_4, sg: g_0) ,1.08, ms, throughput ,46304.613976955116, points/s
2026/06/17 11:50:33 INFO  [benchmark.tsdb.DBWrapper] DataClientService-thread-1 insert one batch latency (device: d_5, sg: g_0) ,1.29, ms, throughput ,38844.93799959446, points/s
2026/06/17 11:50:33 INFO  [benchmark.tsdb.DBWrapper] DataClientService-thread-1 insert one batch latency (device: d_6, sg: g_0) ,1.08, ms, throughput ,46146.95960756625, points/s
2026/06/17 11:50:33 INFO  [benchmark.tsdb.DBWrapper] DataClientService-thread-1 insert one batch latency (device: d_7, sg: g_0) ,1.21, ms, throughput ,41234.5628105478, points/s
2026/06/17 11:50:33 INFO  [benchmark.tsdb.DBWrapper] DataClientService-thread-1 insert one batch latency (device: d_8, sg: g_0) ,1.04, ms, throughput ,48128.56873337158, points/s
2026/06/17 11:50:33 INFO  [benchmark.tsdb.DBWrapper] DataClientService-thread-1 insert one batch latency (device: d_9, sg: g_0) ,1.06, ms, throughput ,47062.10126634702, points/s
2026/06/17 11:50:33 INFO  [benchmark.tsdb.DBWrapper] DataClientService-thread-1 insert one batch latency (device: d_10, sg: g_0) ,1.17, ms, throughput ,42720.69296381643, points/s
2026/06/17 11:50:33 INFO  [benchmark.tsdb.DBWrapper] DataClientService-thread-1 insert one batch latency (device: d_11, sg: g_0) ,1.04, ms, throughput ,47863.69950020725, points/s
2026/06/17 11:50:33 INFO  [benchmark.tsdb.DBWrapper] DataClientService-thread-1 insert one batch latency (device: d_12, sg: g_0) ,1.16, ms, throughput ,43150.69084256039, points/s
2026/06/17 11:50:33 INFO  [benchmark.tsdb.DBWrapper] DataClientService-thread-1 insert one batch latency (device: d_13, sg: g_0) ,1.00, ms, throughput ,49946.00836495747, points/s
2026/06/17 11:50:33 INFO  [benchmark.tsdb.DBWrapper] DataClientService-thread-1 insert one batch latency (device: d_14, sg: g_0) ,1.15, ms, throughput ,43649.55691334778, points/s
2026/06/17 11:50:33 INFO  [benchmark.tsdb.DBWrapper] DataClientService-thread-1 insert one batch latency (device: d_15, sg: g_0) ,1.13, ms, throughput ,44363.84027597858, points/s
2026/06/17 11:50:33 INFO  [benchmark.tsdb.DBWrapper] DataClientService-thread-1 insert one batch latency (device: d_16, sg: g_0) ,1.11, ms, throughput ,45183.77143518117, points/s
2026/06/17 11:50:33 INFO  [benchmark.tsdb.DBWrapper] DataClientService-thread-1 insert one batch latency (device: d_17, sg: g_0) ,1.14, ms, throughput ,43946.15365684734, points/s
2026/06/17 11:50:33 INFO  [benchmark.tsdb.DBWrapper] DataClientService-thread-1 insert one batch latency (device: d_18, sg: g_0) ,1.12, ms, throughput ,44695.49406846098, points/s
2026/06/17 11:50:33 INFO  [benchmark.tsdb.DBWrapper] DataClientService-thread-1 insert one batch latency (device: d_19, sg: g_0) ,1.07, ms, throughput ,46629.48120971795, points/s
2026/06/17 11:50:33 INFO  [benchmark.tsdb.DBWrapper] DataClientService-thread-1 insert one batch latency (device: d_0, sg: g_0) ,1.04, ms, throughput ,48196.905565875044, points/s
2026/06/17 11:50:33 INFO  [benchmark.tsdb.DBWrapper] DataClientService-thread-1 insert one batch latency (device: d_1, sg: g_0) ,1.04, ms, throughput ,48126.48410045345, points/s
2026/06/17 11:50:33 INFO  [benchmark.tsdb.DBWrapper] DataClientService-thread-1 insert one batch latency (device: d_2, sg: g_0) ,1.04, ms, throughput ,47923.56766040976, points/s
2026/06/17 11:50:33 INFO  [benchmark.tsdb.DBWrapper] DataClientService-thread-1 insert one batch latency (device: d_3, sg: g_0) ,1.01, ms, throughput ,49645.97455544512, points/s
2026/06/17 11:50:33 INFO  [benchmark.tsdb.DBWrapper] DataClientService-thread-1 insert one batch latency (device: d_4, sg: g_0) ,1.03, ms, throughput ,48310.43901628352, points/s
2026/06/17 11:50:33 INFO  [benchmark.tsdb.DBWrapper] DataClientService-thread-1 insert one batch latency (device: d_5, sg: g_0) ,1.12, ms, throughput ,44665.70843833497, points/s
2026/06/17 11:50:33 INFO  [benchmark.tsdb.DBWrapper] DataClientService-thread-1 insert one batch latency (device: d_6, sg: g_0) ,0.99, ms, throughput ,50574.62893394751, points/s
2026/06/17 11:50:33 INFO  [benchmark.tsdb.DBWrapper] DataClientService-thread-1 insert one batch latency (device: d_7, sg: g_0) ,1.03, ms, throughput ,48367.968022968984, points/s
2026/06/17 11:50:33 INFO  [benchmark.tsdb.DBWrapper] DataClientService-thread-1 insert one batch latency (device: d_8, sg: g_0) ,1.03, ms, throughput ,48484.61340793499, points/s
2026/06/17 11:50:33 INFO  [benchmark.tsdb.DBWrapper] DataClientService-thread-1 insert one batch latency (device: d_9, sg: g_0) ,1.23, ms, throughput ,40631.379126522865, points/s
2026/06/17 11:50:33 INFO  [benchmark.tsdb.DBWrapper] DataClientService-thread-1 insert one batch latency (device: d_10, sg: g_0) ,1.03, ms, throughput ,48439.47390856177, points/s
2026/06/17 11:50:33 INFO  [benchmark.tsdb.DBWrapper] DataClientService-thread-1 insert one batch latency (device: d_11, sg: g_0) ,1.03, ms, throughput ,48672.22178958025, points/s
2026/06/17 11:50:33 INFO  [benchmark.tsdb.DBWrapper] DataClientService-thread-1 insert one batch latency (device: d_12, sg: g_0) ,1.09, ms, throughput ,45833.673266410064, points/s
2026/06/17 11:50:33 INFO  [benchmark.tsdb.DBWrapper] DataClientService-thread-1 insert one batch latency (device: d_13, sg: g_0) ,1.18, ms, throughput ,42334.81589858611, points/s
2026/06/17 11:50:33 INFO  [benchmark.tsdb.DBWrapper] DataClientService-thread-1 insert one batch latency (device: d_14, sg: g_0) ,1.02, ms, throughput ,48867.97339627528, points/s
2026/06/17 11:50:33 INFO  [benchmark.tsdb.DBWrapper] DataClientService-thread-1 insert one batch latency (device: d_15, sg: g_0) ,0.97, ms, throughput ,51499.13996436259, points/s
2026/06/17 11:50:33 INFO  [benchmark.tsdb.DBWrapper] DataClientService-thread-1 insert one batch latency (device: d_16, sg: g_0) ,1.15, ms, throughput ,43432.10953230567, points/s
2026/06/17 11:50:33 INFO  [benchmark.tsdb.DBWrapper] DataClientService-thread-1 insert one batch latency (device: d_17, sg: g_0) ,1.30, ms, throughput ,38563.52415079263, points/s
2026/06/17 11:50:33 INFO  [benchmark.tsdb.DBWrapper] DataClientService-thread-1 insert one batch latency (device: d_18, sg: g_0) ,1.03, ms, throughput ,48679.47196403172, points/s
2026/06/17 11:50:33 INFO  [benchmark.tsdb.DBWrapper] DataClientService-thread-1 insert one batch latency (device: d_19, sg: g_0) ,1.00, ms, throughput ,50118.37961264507, points/s
2026/06/17 11:50:33 INFO  [benchmark.tsdb.DBWrapper] DataClientService-thread-1 insert one batch latency (device: d_0, sg: g_0) ,1.16, ms, throughput ,42991.115456079846, points/s
2026/06/17 11:50:33 INFO  [benchmark.tsdb.DBWrapper] DataClientService-thread-1 insert one batch latency (device: d_1, sg: g_0) ,1.00, ms, throughput ,49988.552621449686, points/s
2026/06/17 11:50:33 INFO  [benchmark.tsdb.DBWrapper] DataClientService-thread-1 insert one batch latency (device: d_2, sg: g_0) ,0.98, ms, throughput ,51199.65921506826, points/s
2026/06/17 11:50:33 INFO  [benchmark.tsdb.DBWrapper] DataClientService-thread-1 insert one batch latency (device: d_3, sg: g_0) ,1.15, ms, throughput ,43631.27384994507, points/s
2026/06/17 11:50:33 INFO  [benchmark.tsdb.DBWrapper] DataClientService-thread-1 insert one batch latency (device: d_4, sg: g_0) ,1.22, ms, throughput ,41128.263424882105, points/s
2026/06/17 11:50:33 INFO  [benchmark.tsdb.DBWrapper] DataClientService-thread-1 insert one batch latency (device: d_5, sg: g_0) ,1.04, ms, throughput ,48164.313518855844, points/s
2026/06/17 11:50:33 INFO  [benchmark.tsdb.DBWrapper] DataClientService-thread-1 insert one batch latency (device: d_6, sg: g_0) ,1.04, ms, throughput ,47923.88919613427, points/s
2026/06/17 11:50:33 INFO  [benchmark.tsdb.DBWrapper] DataClientService-thread-1 insert one batch latency (device: d_7, sg: g_0) ,0.96, ms, throughput ,52121.936142288716, points/s
2026/06/17 11:50:33 INFO  [benchmark.tsdb.DBWrapper] DataClientService-thread-1 insert one batch latency (device: d_8, sg: g_0) ,1.20, ms, throughput ,41516.894469866624, points/s
2026/06/17 11:50:33 INFO  [benchmark.tsdb.DBWrapper] DataClientService-thread-1 insert one batch latency (device: d_9, sg: g_0) ,0.98, ms, throughput ,50785.241402566484, points/s
2026/06/17 11:50:33 INFO  [benchmark.tsdb.DBWrapper] DataClientService-thread-1 insert one batch latency (device: d_10, sg: g_0) ,0.92, ms, throughput ,54259.713031229716, points/s
2026/06/17 11:50:33 INFO  [benchmark.tsdb.DBWrapper] DataClientService-thread-1 insert one batch latency (device: d_11, sg: g_0) ,0.91, ms, throughput ,55049.10380059013, points/s
2026/06/17 11:50:33 INFO  [benchmark.tsdb.DBWrapper] DataClientService-thread-1 insert one batch latency (device: d_12, sg: g_0) ,1.11, ms, throughput ,45178.42314653261, points/s
2026/06/17 11:50:33 INFO  [benchmark.tsdb.DBWrapper] DataClientService-thread-1 insert one batch latency (device: d_13, sg: g_0) ,0.96, ms, throughput ,51867.004701225305, points/s
2026/06/17 11:50:33 INFO  [benchmark.tsdb.DBWrapper] DataClientService-thread-1 insert one batch latency (device: d_14, sg: g_0) ,1.02, ms, throughput ,49065.88370600507, points/s
2026/06/17 11:50:33 INFO  [benchmark.tsdb.DBWrapper] DataClientService-thread-1 insert one batch latency (device: d_15, sg: g_0) ,1.09, ms, throughput ,45897.708694586545, points/s
2026/06/17 11:50:33 INFO  [benchmark.tsdb.DBWrapper] DataClientService-thread-1 insert one batch latency (device: d_16, sg: g_0) ,1.11, ms, throughput ,45201.09061191428, points/s
2026/06/17 11:50:33 INFO  [benchmark.tsdb.DBWrapper] DataClientService-thread-1 insert one batch latency (device: d_17, sg: g_0) ,0.96, ms, throughput ,51830.55141487039, points/s
2026/06/17 11:50:33 INFO  [benchmark.tsdb.DBWrapper] DataClientService-thread-1 insert one batch latency (device: d_18, sg: g_0) ,1.13, ms, throughput ,44170.313662231376, points/s
2026/06/17 11:50:34 INFO  [benchmark.tsdb.DBWrapper] DataClientService-thread-1 insert one batch latency (device: d_19, sg: g_0) ,1.18, ms, throughput ,42508.62074828776, points/s
2026/06/17 11:50:34 INFO  [benchmark.tsdb.DBWrapper] DataClientService-thread-1 insert one batch latency (device: d_0, sg: g_0) ,1.27, ms, throughput ,39499.02595401997, points/s
2026/06/17 11:50:34 INFO  [benchmark.tsdb.DBWrapper] DataClientService-thread-1 insert one batch latency (device: d_1, sg: g_0) ,1.12, ms, throughput ,44479.59320743236, points/s
2026/06/17 11:50:34 INFO  [benchmark.tsdb.DBWrapper] DataClientService-thread-1 insert one batch latency (device: d_2, sg: g_0) ,1.19, ms, throughput ,41850.31982014407, points/s
2026/06/17 11:50:34 INFO  [benchmark.tsdb.DBWrapper] DataClientService-thread-1 insert one batch latency (device: d_3, sg: g_0) ,1.09, ms, throughput ,45853.050144895635, points/s
2026/06/17 11:50:34 INFO  [benchmark.tsdb.DBWrapper] DataClientService-thread-1 insert one batch latency (device: d_4, sg: g_0) ,1.09, ms, throughput ,45814.10286365631, points/s
2026/06/17 11:50:34 INFO  [benchmark.tsdb.DBWrapper] DataClientService-thread-1 insert one batch latency (device: d_5, sg: g_0) ,1.16, ms, throughput ,42935.59231796382, points/s
2026/06/17 11:50:34 INFO  [benchmark.tsdb.DBWrapper] DataClientService-thread-1 insert one batch latency (device: d_6, sg: g_0) ,1.10, ms, throughput ,45603.21192542233, points/s
2026/06/17 11:50:34 INFO  [benchmark.tsdb.DBWrapper] DataClientService-thread-1 insert one batch latency (device: d_7, sg: g_0) ,1.15, ms, throughput ,43335.70524093352, points/s
2026/06/17 11:50:34 INFO  [benchmark.tsdb.DBWrapper] DataClientService-thread-1 insert one batch latency (device: d_8, sg: g_0) ,1.03, ms, throughput ,48388.47038238505, points/s
2026/06/17 11:50:34 INFO  [benchmark.tsdb.DBWrapper] DataClientService-thread-1 insert one batch latency (device: d_9, sg: g_0) ,1.12, ms, throughput ,44647.48134628229, points/s
2026/06/17 11:50:34 INFO  [benchmark.tsdb.DBWrapper] DataClientService-thread-1 insert one batch latency (device: d_10, sg: g_0) ,1.16, ms, throughput ,43155.458043400584, points/s
2026/06/17 11:50:34 INFO  [benchmark.tsdb.DBWrapper] DataClientService-thread-1 insert one batch latency (device: d_11, sg: g_0) ,1.24, ms, throughput ,40379.111401122864, points/s
2026/06/17 11:50:34 INFO  [benchmark.tsdb.DBWrapper] DataClientService-thread-1 insert one batch latency (device: d_12, sg: g_0) ,1.18, ms, throughput ,42223.73852358787, points/s
2026/06/17 11:50:34 INFO  [benchmark.tsdb.DBWrapper] DataClientService-thread-1 insert one batch latency (device: d_13, sg: g_0) ,1.14, ms, throughput ,43707.89836689809, points/s
2026/06/17 11:50:34 INFO  [benchmark.tsdb.DBWrapper] DataClientService-thread-1 insert one batch latency (device: d_14, sg: g_0) ,1.02, ms, throughput ,48983.73446113483, points/s
2026/06/17 11:50:34 INFO  [benchmark.tsdb.DBWrapper] DataClientService-thread-1 insert one batch latency (device: d_15, sg: g_0) ,0.97, ms, throughput ,51750.45928532616, points/s
2026/06/17 11:50:34 INFO  [benchmark.tsdb.DBWrapper] DataClientService-thread-1 insert one batch latency (device: d_16, sg: g_0) ,1.18, ms, throughput ,42341.017945817046, points/s
2026/06/17 11:50:34 INFO  [benchmark.tsdb.DBWrapper] DataClientService-thread-1 insert one batch latency (device: d_17, sg: g_0) ,1.24, ms, throughput ,40309.1550959237, points/s
2026/06/17 11:50:34 INFO  [benchmark.tsdb.DBWrapper] DataClientService-thread-1 insert one batch latency (device: d_18, sg: g_0) ,1.30, ms, throughput ,38583.37288129054, points/s
2026/06/17 11:50:34 INFO  [benchmark.tsdb.DBWrapper] DataClientService-thread-1 insert one batch latency (device: d_19, sg: g_0) ,1.04, ms, throughput ,48145.901339418975, points/s
2026/06/17 11:50:34 INFO  [benchmark.tsdb.DBWrapper] DataClientService-thread-1 insert one batch latency (device: d_0, sg: g_0) ,1.12, ms, throughput ,44720.23912806267, points/s
2026/06/17 11:50:34 INFO  [benchmark.tsdb.DBWrapper] DataClientService-thread-1 insert one batch latency (device: d_1, sg: g_0) ,1.10, ms, throughput ,45343.65959607868, points/s
2026/06/17 11:50:34 INFO  [benchmark.tsdb.DBWrapper] DataClientService-thread-1 insert one batch latency (device: d_2, sg: g_0) ,1.04, ms, throughput ,48194.30401159748, points/s
2026/06/17 11:50:34 INFO  [benchmark.tsdb.DBWrapper] DataClientService-thread-1 insert one batch latency (device: d_3, sg: g_0) ,1.21, ms, throughput ,41269.68667228484, points/s
2026/06/17 11:50:34 INFO  [benchmark.tsdb.DBWrapper] DataClientService-thread-1 insert one batch latency (device: d_4, sg: g_0) ,1.07, ms, throughput ,46563.475795839644, points/s
2026/06/17 11:50:34 INFO  [benchmark.tsdb.DBWrapper] DataClientService-thread-1 insert one batch latency (device: d_5, sg: g_0) ,1.02, ms, throughput ,48827.64816749836, points/s
2026/06/17 11:50:34 INFO  [benchmark.tsdb.DBWrapper] DataClientService-thread-1 insert one batch latency (device: d_6, sg: g_0) ,1.08, ms, throughput ,46237.64298991095, points/s
2026/06/17 11:50:34 INFO  [benchmark.tsdb.DBWrapper] DataClientService-thread-1 insert one batch latency (device: d_7, sg: g_0) ,1.14, ms, throughput ,43799.94288487448, points/s
2026/06/17 11:50:34 INFO  [benchmark.tsdb.DBWrapper] DataClientService-thread-1 insert one batch latency (device: d_8, sg: g_0) ,1.07, ms, throughput ,46524.61151949381, points/s
2026/06/17 11:50:34 INFO  [benchmark.tsdb.DBWrapper] DataClientService-thread-1 insert one batch latency (device: d_9, sg: g_0) ,1.21, ms, throughput ,41416.92262324848, points/s
2026/06/17 11:50:34 INFO  [benchmark.tsdb.DBWrapper] DataClientService-thread-1 insert one batch latency (device: d_10, sg: g_0) ,1.10, ms, throughput ,45332.80626390584, points/s
2026/06/17 11:50:34 INFO  [benchmark.tsdb.DBWrapper] DataClientService-thread-1 insert one batch latency (device: d_11, sg: g_0) ,1.11, ms, throughput ,45190.264570922955, points/s
2026/06/17 11:50:34 INFO  [benchmark.tsdb.DBWrapper] DataClientService-thread-1 insert one batch latency (device: d_12, sg: g_0) ,1.32, ms, throughput ,38012.49394651034, points/s
2026/06/17 11:50:34 INFO  [benchmark.tsdb.DBWrapper] DataClientService-thread-1 insert one batch latency (device: d_13, sg: g_0) ,1.01, ms, throughput ,49547.090049854276, points/s
2026/06/17 11:50:34 INFO  [benchmark.tsdb.DBWrapper] DataClientService-thread-1 insert one batch latency (device: d_14, sg: g_0) ,1.23, ms, throughput ,40706.53518998554, points/s
2026/06/17 11:50:34 INFO  [benchmark.tsdb.DBWrapper] DataClientService-thread-1 insert one batch latency (device: d_15, sg: g_0) ,1.15, ms, throughput ,43545.88952930377, points/s
2026/06/17 11:50:34 INFO  [benchmark.tsdb.DBWrapper] DataClientService-thread-1 insert one batch latency (device: d_16, sg: g_0) ,1.01, ms, throughput ,49519.56121707196, points/s
2026/06/17 11:50:34 INFO  [benchmark.tsdb.DBWrapper] DataClientService-thread-1 insert one batch latency (device: d_17, sg: g_0) ,0.98, ms, throughput ,50802.785618341026, points/s
2026/06/17 11:50:34 INFO  [benchmark.tsdb.DBWrapper] DataClientService-thread-1 insert one batch latency (device: d_18, sg: g_0) ,1.02, ms, throughput ,48943.45758119475, points/s
2026/06/17 11:50:34 INFO  [benchmark.tsdb.DBWrapper] DataClientService-thread-1 insert one batch latency (device: d_19, sg: g_0) ,0.97, ms, throughput ,51465.42655574838, points/s
2026/06/17 11:50:34 INFO  [benchmark.tsdb.DBWrapper] DataClientService-thread-1 insert one batch latency (device: d_0, sg: g_0) ,1.32, ms, throughput ,37942.71560568715, points/s
2026/06/17 11:50:34 INFO  [benchmark.tsdb.DBWrapper] DataClientService-thread-1 insert one batch latency (device: d_1, sg: g_0) ,1.69, ms, throughput ,29641.53894127537, points/s
2026/06/17 11:50:34 INFO  [benchmark.tsdb.DBWrapper] DataClientService-thread-1 insert one batch latency (device: d_2, sg: g_0) ,0.95, ms, throughput ,52356.07576552436, points/s
2026/06/17 11:50:34 INFO  [benchmark.tsdb.DBWrapper] DataClientService-thread-1 insert one batch latency (device: d_3, sg: g_0) ,1.04, ms, throughput ,48197.78829989049, points/s
2026/06/17 11:50:34 INFO  [benchmark.tsdb.DBWrapper] DataClientService-thread-1 insert one batch latency (device: d_4, sg: g_0) ,0.88, ms, throughput ,57021.12518645908, points/s
2026/06/17 11:50:34 INFO  [benchmark.tsdb.DBWrapper] DataClientService-thread-1 insert one batch latency (device: d_5, sg: g_0) ,0.89, ms, throughput ,56141.98982931712, points/s
2026/06/17 11:50:34 INFO  [benchmark.tsdb.DBWrapper] DataClientService-thread-1 insert one batch latency (device: d_6, sg: g_0) ,1.14, ms, throughput ,43827.662618159375, points/s
2026/06/17 11:50:34 INFO  [benchmark.tsdb.DBWrapper] DataClientService-thread-1 insert one batch latency (device: d_7, sg: g_0) ,1.09, ms, throughput ,45709.6468381266, points/s
2026/06/17 11:50:34 INFO  [benchmark.tsdb.DBWrapper] DataClientService-thread-1 insert one batch latency (device: d_8, sg: g_0) ,1.34, ms, throughput ,37197.343812073064, points/s
2026/06/17 11:50:34 INFO  [benchmark.tsdb.DBWrapper] DataClientService-thread-1 insert one batch latency (device: d_9, sg: g_0) ,1.25, ms, throughput ,39925.865652656146, points/s
2026/06/17 11:50:34 INFO  [benchmark.tsdb.DBWrapper] DataClientService-thread-1 insert one batch latency (device: d_10, sg: g_0) ,1.29, ms, throughput ,38640.44371594328, points/s
2026/06/17 11:50:34 INFO  [benchmark.tsdb.DBWrapper] DataClientService-thread-1 insert one batch latency (device: d_11, sg: g_0) ,1.63, ms, throughput ,30671.948785206794, points/s
2026/06/17 11:50:34 INFO  [benchmark.tsdb.DBWrapper] DataClientService-thread-1 insert one batch latency (device: d_12, sg: g_0) ,1.64, ms, throughput ,30483.60408870485, points/s
2026/06/17 11:50:34 INFO  [benchmark.tsdb.DBWrapper] DataClientService-thread-1 insert one batch latency (device: d_13, sg: g_0) ,1.47, ms, throughput ,34091.366225138016, points/s
2026/06/17 11:50:34 INFO  [benchmark.tsdb.DBWrapper] DataClientService-thread-1 insert one batch latency (device: d_14, sg: g_0) ,1.55, ms, throughput ,32245.99827161449, points/s
2026/06/17 11:50:34 INFO  [benchmark.tsdb.DBWrapper] DataClientService-thread-1 insert one batch latency (device: d_15, sg: g_0) ,1.29, ms, throughput ,38709.367744412884, points/s
2026/06/17 11:50:34 INFO  [benchmark.tsdb.DBWrapper] DataClientService-thread-1 insert one batch latency (device: d_16, sg: g_0) ,1.49, ms, throughput ,33651.361130255, points/s
2026/06/17 11:50:34 INFO  [benchmark.tsdb.DBWrapper] DataClientService-thread-1 insert one batch latency (device: d_17, sg: g_0) ,1.39, ms, throughput ,35908.628340669464, points/s
2026/06/17 11:50:34 INFO  [benchmark.tsdb.DBWrapper] DataClientService-thread-1 insert one batch latency (device: d_18, sg: g_0) ,1.13, ms, throughput ,44177.533603640935, points/s
2026/06/17 11:50:34 INFO  [benchmark.tsdb.DBWrapper] DataClientService-thread-1 insert one batch latency (device: d_19, sg: g_0) ,1.05, ms, throughput ,47759.41481344218, points/s
2026/06/17 11:50:34 INFO  [benchmark.tsdb.DBWrapper] DataClientService-thread-1 insert one batch latency (device: d_0, sg: g_0) ,0.98, ms, throughput ,50855.49107079288, points/s
2026/06/17 11:50:34 INFO  [benchmark.tsdb.DBWrapper] DataClientService-thread-1 insert one batch latency (device: d_1, sg: g_0) ,1.22, ms, throughput ,40917.13298559226, points/s
2026/06/17 11:50:34 INFO  [benchmark.tsdb.DBWrapper] DataClientService-thread-1 insert one batch latency (device: d_2, sg: g_0) ,1.16, ms, throughput ,43009.5687688597, points/s
2026/06/17 11:50:34 INFO  [benchmark.tsdb.DBWrapper] DataClientService-thread-1 insert one batch latency (device: d_3, sg: g_0) ,1.35, ms, throughput ,37105.834001856776, points/s
2026/06/17 11:50:34 INFO  [benchmark.tsdb.DBWrapper] DataClientService-thread-1 insert one batch latency (device: d_4, sg: g_0) ,0.94, ms, throughput ,52970.02955727649, points/s
2026/06/17 11:50:34 INFO  [benchmark.tsdb.DBWrapper] DataClientService-thread-1 insert one batch latency (device: d_5, sg: g_0) ,1.09, ms, throughput ,45844.80981739095, points/s
2026/06/17 11:50:34 INFO  [benchmark.tsdb.DBWrapper] DataClientService-thread-1 insert one batch latency (device: d_6, sg: g_0) ,1.12, ms, throughput ,44671.6144946881, points/s
2026/06/17 11:50:34 INFO  [benchmark.tsdb.DBWrapper] DataClientService-thread-1 insert one batch latency (device: d_7, sg: g_0) ,1.18, ms, throughput ,42459.52757831235, points/s
2026/06/17 11:50:34 INFO  [benchmark.tsdb.DBWrapper] DataClientService-thread-1 insert one batch latency (device: d_8, sg: g_0) ,1.04, ms, throughput ,48075.53628260723, points/s
2026/06/17 11:50:34 INFO  [benchmark.tsdb.DBWrapper] DataClientService-thread-1 insert one batch latency (device: d_9, sg: g_0) ,1.18, ms, throughput ,42473.77456789305, points/s
2026/06/17 11:50:34 INFO  [benchmark.tsdb.DBWrapper] DataClientService-thread-1 insert one batch latency (device: d_10, sg: g_0) ,1.35, ms, throughput ,36966.47214909022, points/s
2026/06/17 11:50:34 INFO  [benchmark.tsdb.DBWrapper] DataClientService-thread-1 insert one batch latency (device: d_11, sg: g_0) ,1.21, ms, throughput ,41237.69158000566, points/s
2026/06/17 11:50:34 INFO  [benchmark.tsdb.DBWrapper] DataClientService-thread-1 insert one batch latency (device: d_12, sg: g_0) ,1.13, ms, throughput ,44132.80797638719, points/s
2026/06/17 11:50:34 INFO  [benchmark.tsdb.DBWrapper] DataClientService-thread-1 insert one batch latency (device: d_13, sg: g_0) ,1.07, ms, throughput ,46545.270395439315, points/s
2026/06/17 11:50:34 INFO  [benchmark.tsdb.DBWrapper] DataClientService-thread-1 insert one batch latency (device: d_14, sg: g_0) ,1.20, ms, throughput ,41561.446936838234, points/s
2026/06/17 11:50:34 INFO  [benchmark.tsdb.DBWrapper] DataClientService-thread-1 insert one batch latency (device: d_15, sg: g_0) ,1.28, ms, throughput ,39010.019333365584, points/s
2026/06/17 11:50:34 INFO  [benchmark.tsdb.DBWrapper] DataClientService-thread-1 insert one batch latency (device: d_16, sg: g_0) ,1.22, ms, throughput ,40997.653294325435, points/s
2026/06/17 11:50:34 INFO  [benchmark.tsdb.DBWrapper] DataClientService-thread-1 insert one batch latency (device: d_17, sg: g_0) ,1.21, ms, throughput ,41170.629202491975, points/s
2026/06/17 11:50:34 INFO  [benchmark.tsdb.DBWrapper] DataClientService-thread-1 insert one batch latency (device: d_18, sg: g_0) ,1.35, ms, throughput ,36909.766693364734, points/s
2026/06/17 11:50:34 INFO  [benchmark.tsdb.DBWrapper] DataClientService-thread-1 insert one batch latency (device: d_19, sg: g_0) ,1.43, ms, throughput ,35059.327393815816, points/s
2026/06/17 11:50:34 INFO  [benchmark.tsdb.DBWrapper] DataClientService-thread-1 insert one batch latency (device: d_0, sg: g_0) ,1.59, ms, throughput ,31477.64237495034, points/s
2026/06/17 11:50:34 INFO  [benchmark.tsdb.DBWrapper] DataClientService-thread-1 insert one batch latency (device: d_1, sg: g_0) ,1.46, ms, throughput ,34255.350343170096, points/s
2026/06/17 11:50:34 INFO  [benchmark.tsdb.DBWrapper] DataClientService-thread-1 insert one batch latency (device: d_2, sg: g_0) ,1.47, ms, throughput ,33969.23745855753, points/s
2026/06/17 11:50:34 INFO  [benchmark.tsdb.DBWrapper] DataClientService-thread-1 insert one batch latency (device: d_3, sg: g_0) ,1.73, ms, throughput ,28949.97849016598, points/s
2026/06/17 11:50:34 INFO  [benchmark.tsdb.DBWrapper] DataClientService-thread-1 insert one batch latency (device: d_4, sg: g_0) ,1.67, ms, throughput ,29933.003950557864, points/s
2026/06/17 11:50:34 INFO  [benchmark.tsdb.DBWrapper] DataClientService-thread-1 insert one batch latency (device: d_5, sg: g_0) ,1.63, ms, throughput ,30750.610092104227, points/s
2026/06/17 11:50:34 INFO  [benchmark.tsdb.DBWrapper] DataClientService-thread-1 insert one batch latency (device: d_6, sg: g_0) ,1.94, ms, throughput ,25719.19881609384, points/s
2026/06/17 11:50:34 INFO  [benchmark.tsdb.DBWrapper] DataClientService-thread-1 insert one batch latency (device: d_7, sg: g_0) ,1.94, ms, throughput ,25747.289325379825, points/s
2026/06/17 11:50:34 INFO  [benchmark.tsdb.DBWrapper] DataClientService-thread-1 insert one batch latency (device: d_8, sg: g_0) ,1.83, ms, throughput ,27362.95537430334, points/s
2026/06/17 11:50:34 INFO  [benchmark.tsdb.DBWrapper] DataClientService-thread-1 insert one batch latency (device: d_9, sg: g_0) ,1.75, ms, throughput ,28553.007802394914, points/s
2026/06/17 11:50:34 INFO  [benchmark.tsdb.DBWrapper] DataClientService-thread-1 insert one batch latency (device: d_10, sg: g_0) ,1.58, ms, throughput ,31657.07035340687, points/s
2026/06/17 11:50:34 INFO  [benchmark.tsdb.DBWrapper] DataClientService-thread-1 insert one batch latency (device: d_11, sg: g_0) ,1.42, ms, throughput ,35124.14981995361, points/s
2026/06/17 11:50:34 INFO  [benchmark.tsdb.DBWrapper] DataClientService-thread-1 insert one batch latency (device: d_12, sg: g_0) ,1.45, ms, throughput ,34506.10378469848, points/s
2026/06/17 11:50:34 INFO  [benchmark.tsdb.DBWrapper] DataClientService-thread-1 insert one batch latency (device: d_13, sg: g_0) ,1.10, ms, throughput ,45364.14708145223, points/s
2026/06/17 11:50:34 INFO  [benchmark.tsdb.DBWrapper] DataClientService-thread-1 insert one batch latency (device: d_14, sg: g_0) ,1.04, ms, throughput ,47889.371720176656, points/s
2026/06/17 11:50:34 INFO  [benchmark.tsdb.DBWrapper] DataClientService-thread-1 insert one batch latency (device: d_15, sg: g_0) ,1.27, ms, throughput ,39413.49565387383, points/s
2026/06/17 11:50:34 INFO  [benchmark.tsdb.DBWrapper] DataClientService-thread-1 insert one batch latency (device: d_16, sg: g_0) ,1.11, ms, throughput ,45168.015985864215, points/s
2026/06/17 11:50:34 INFO  [benchmark.tsdb.DBWrapper] DataClientService-thread-1 insert one batch latency (device: d_17, sg: g_0) ,1.03, ms, throughput ,48507.70884508966, points/s
2026/06/17 11:50:34 INFO  [benchmark.tsdb.DBWrapper] DataClientService-thread-1 insert one batch latency (device: d_18, sg: g_0) ,1.13, ms, throughput ,44256.0905231778, points/s
2026/06/17 11:50:34 INFO  [benchmark.tsdb.DBWrapper] DataClientService-thread-1 insert one batch latency (device: d_19, sg: g_0) ,1.04, ms, throughput ,47877.769968381515, points/s
2026/06/17 11:50:34 INFO  [benchmark.tsdb.DBWrapper] DataClientService-thread-1 insert one batch latency (device: d_0, sg: g_0) ,1.14, ms, throughput ,44025.168308218446, points/s
2026/06/17 11:50:34 INFO  [benchmark.tsdb.DBWrapper] DataClientService-thread-1 insert one batch latency (device: d_1, sg: g_0) ,1.25, ms, throughput ,40053.47940570249, points/s
2026/06/17 11:50:34 INFO  [benchmark.tsdb.DBWrapper] DataClientService-thread-1 insert one batch latency (device: d_2, sg: g_0) ,1.20, ms, throughput ,41686.78053827638, points/s
2026/06/17 11:50:34 INFO  [benchmark.tsdb.DBWrapper] DataClientService-thread-1 insert one batch latency (device: d_3, sg: g_0) ,1.61, ms, throughput ,31080.552711684984, points/s
2026/06/17 11:50:34 INFO  [benchmark.tsdb.DBWrapper] DataClientService-thread-1 insert one batch latency (device: d_4, sg: g_0) ,1.58, ms, throughput ,31689.353074532723, points/s
2026/06/17 11:50:34 INFO  [benchmark.tsdb.DBWrapper] DataClientService-thread-1 insert one batch latency (device: d_5, sg: g_0) ,1.38, ms, throughput ,36267.6260662682, points/s
2026/06/17 11:50:34 INFO  [benchmark.tsdb.DBWrapper] DataClientService-thread-1 insert one batch latency (device: d_6, sg: g_0) ,1.27, ms, throughput ,39492.349542046715, points/s
2026/06/17 11:50:34 INFO  [benchmark.tsdb.DBWrapper] DataClientService-thread-1 insert one batch latency (device: d_7, sg: g_0) ,1.19, ms, throughput ,42144.3376132313, points/s
2026/06/17 11:50:34 INFO  [benchmark.tsdb.DBWrapper] DataClientService-thread-1 insert one batch latency (device: d_8, sg: g_0) ,1.10, ms, throughput ,45401.54946408011, points/s
2026/06/17 11:50:34 INFO  [benchmark.tsdb.DBWrapper] DataClientService-thread-1 insert one batch latency (device: d_9, sg: g_0) ,1.07, ms, throughput ,46922.2301572927, points/s
2026/06/17 11:50:34 INFO  [benchmark.tsdb.DBWrapper] DataClientService-thread-1 insert one batch latency (device: d_10, sg: g_0) ,1.20, ms, throughput ,41526.13530377614, points/s
2026/06/17 11:50:34 INFO  [benchmark.tsdb.DBWrapper] DataClientService-thread-1 insert one batch latency (device: d_11, sg: g_0) ,1.15, ms, throughput ,43435.80708941869, points/s
2026/06/17 11:50:34 INFO  [benchmark.tsdb.DBWrapper] DataClientService-thread-1 insert one batch latency (device: d_12, sg: g_0) ,0.98, ms, throughput ,51029.36433741432, points/s
2026/06/17 11:50:34 INFO  [benchmark.tsdb.DBWrapper] DataClientService-thread-1 insert one batch latency (device: d_13, sg: g_0) ,1.09, ms, throughput ,46031.699269384866, points/s
2026/06/17 11:50:34 INFO  [benchmark.tsdb.DBWrapper] DataClientService-thread-1 insert one batch latency (device: d_14, sg: g_0) ,1.14, ms, throughput ,44018.734373349296, points/s
2026/06/17 11:50:34 INFO  [benchmark.tsdb.DBWrapper] DataClientService-thread-1 insert one batch latency (device: d_15, sg: g_0) ,1.52, ms, throughput ,33001.51410946734, points/s
2026/06/17 11:50:34 INFO  [benchmark.tsdb.DBWrapper] DataClientService-thread-1 insert one batch latency (device: d_16, sg: g_0) ,1.46, ms, throughput ,34242.89305876012, points/s
2026/06/17 11:50:34 INFO  [benchmark.tsdb.DBWrapper] DataClientService-thread-1 insert one batch latency (device: d_17, sg: g_0) ,1.42, ms, throughput ,35270.50715462238, points/s
2026/06/17 11:50:34 INFO  [benchmark.tsdb.DBWrapper] DataClientService-thread-1 insert one batch latency (device: d_18, sg: g_0) ,1.78, ms, throughput ,28017.749804856372, points/s
2026/06/17 11:50:34 INFO  [benchmark.tsdb.DBWrapper] DataClientService-thread-1 insert one batch latency (device: d_19, sg: g_0) ,2.20, ms, throughput ,22676.65225489827, points/s
2026/06/17 11:50:34 INFO  [benchmark.tsdb.DBWrapper] DataClientService-thread-1 insert one batch latency (device: d_0, sg: g_0) ,2.14, ms, throughput ,23383.8158739631, points/s
2026/06/17 11:50:34 INFO  [benchmark.tsdb.DBWrapper] DataClientService-thread-1 insert one batch latency (device: d_1, sg: g_0) ,2.80, ms, throughput ,17882.049998211794, points/s
2026/06/17 11:50:34 INFO  [benchmark.tsdb.DBWrapper] DataClientService-thread-1 insert one batch latency (device: d_2, sg: g_0) ,2.99, ms, throughput ,16724.125186097703, points/s
2026/06/17 11:50:34 INFO  [benchmark.tsdb.DBWrapper] DataClientService-thread-1 insert one batch latency (device: d_3, sg: g_0) ,3.12, ms, throughput ,16013.912887516673, points/s
2026/06/17 11:50:34 INFO  [benchmark.tsdb.DBWrapper] DataClientService-thread-1 insert one batch latency (device: d_4, sg: g_0) ,3.00, ms, throughput ,16671.779345666004, points/s
2026/06/17 11:50:34 INFO  [benchmark.tsdb.DBWrapper] DataClientService-thread-1 insert one batch latency (device: d_5, sg: g_0) ,2.86, ms, throughput ,17512.558255525037, points/s
2026/06/17 11:50:34 INFO  [benchmark.tsdb.DBWrapper] DataClientService-thread-1 insert one batch latency (device: d_6, sg: g_0) ,3.63, ms, throughput ,13773.607619118979, points/s
2026/06/17 11:50:34 INFO  [benchmark.tsdb.DBWrapper] DataClientService-thread-1 insert one batch latency (device: d_7, sg: g_0) ,4.88, ms, throughput ,10253.774773376197, points/s
2026/06/17 11:50:34 INFO  [benchmark.tsdb.DBWrapper] DataClientService-thread-1 insert one batch latency (device: d_8, sg: g_0) ,4.16, ms, throughput ,12029.267689459162, points/s
2026/06/17 11:50:34 INFO  [benchmark.tsdb.DBWrapper] DataClientService-thread-1 insert one batch latency (device: d_9, sg: g_0) ,4.59, ms, throughput ,10883.451081390584, points/s
2026/06/17 11:50:34 INFO  [benchmark.tsdb.DBWrapper] DataClientService-thread-1 insert one batch latency (device: d_10, sg: g_0) ,4.84, ms, throughput ,10332.950394191725, points/s
2026/06/17 11:50:34 INFO  [benchmark.tsdb.DBWrapper] DataClientService-thread-1 insert one batch latency (device: d_11, sg: g_0) ,3.51, ms, throughput ,14253.558258283598, points/s
2026/06/17 11:50:34 INFO  [benchmark.tsdb.DBWrapper] DataClientService-thread-1 insert one batch latency (device: d_12, sg: g_0) ,3.63, ms, throughput ,13784.015504260638, points/s
2026/06/17 11:50:34 INFO  [benchmark.tsdb.DBWrapper] DataClientService-thread-1 insert one batch latency (device: d_13, sg: g_0) ,4.85, ms, throughput ,10319.785381487378, points/s
2026/06/17 11:50:34 INFO  [benchmark.tsdb.DBWrapper] DataClientService-thread-1 insert one batch latency (device: d_14, sg: g_0) ,2.95, ms, throughput ,16967.183769870695, points/s
2026/06/17 11:50:34 INFO  [benchmark.tsdb.DBWrapper] DataClientService-thread-1 insert one batch latency (device: d_15, sg: g_0) ,2.83, ms, throughput ,17684.310303056027, points/s
2026/06/17 11:50:34 INFO  [benchmark.tsdb.DBWrapper] DataClientService-thread-1 insert one batch latency (device: d_16, sg: g_0) ,1.97, ms, throughput ,25381.226014741416, points/s
2026/06/17 11:50:34 INFO  [benchmark.tsdb.DBWrapper] DataClientService-thread-1 insert one batch latency (device: d_17, sg: g_0) ,1.69, ms, throughput ,29509.719616350038, points/s
2026/06/17 11:50:34 INFO  [benchmark.tsdb.DBWrapper] DataClientService-thread-1 insert one batch latency (device: d_18, sg: g_0) ,1.33, ms, throughput ,37606.99189193255, points/s
2026/06/17 11:50:34 INFO  [benchmark.tsdb.DBWrapper] DataClientService-thread-1 insert one batch latency (device: d_19, sg: g_0) ,1.19, ms, throughput ,42186.22518500769, points/s
2026/06/17 11:50:34 INFO  [benchmark.tsdb.DBWrapper] DataClientService-thread-1 insert one batch latency (device: d_0, sg: g_0) ,1.09, ms, throughput ,45670.98440153199, points/s
2026/06/17 11:50:34 INFO  [benchmark.tsdb.DBWrapper] DataClientService-thread-1 insert one batch latency (device: d_1, sg: g_0) ,1.23, ms, throughput ,40657.182701181904, points/s
2026/06/17 11:50:34 INFO  [benchmark.tsdb.DBWrapper] DataClientService-thread-1 insert one batch latency (device: d_2, sg: g_0) ,1.12, ms, throughput ,44446.064256564016, points/s
2026/06/17 11:50:34 INFO  [benchmark.tsdb.DBWrapper] DataClientService-thread-1 insert one batch latency (device: d_3, sg: g_0) ,0.94, ms, throughput ,53073.8799023016, points/s
2026/06/17 11:50:34 INFO  [benchmark.tsdb.DBWrapper] DataClientService-thread-1 insert one batch latency (device: d_4, sg: g_0) ,0.92, ms, throughput ,54349.59835646815, points/s
2026/06/17 11:50:34 INFO  [benchmark.tsdb.DBWrapper] DataClientService-thread-1 insert one batch latency (device: d_5, sg: g_0) ,0.90, ms, throughput ,55563.643152503304, points/s
2026/06/17 11:50:34 INFO  [benchmark.tsdb.DBWrapper] DataClientService-thread-1 insert one batch latency (device: d_6, sg: g_0) ,0.90, ms, throughput ,55679.72133413066, points/s
2026/06/17 11:50:34 INFO  [benchmark.tsdb.DBWrapper] DataClientService-thread-1 insert one batch latency (device: d_7, sg: g_0) ,0.87, ms, throughput ,57428.490044196966, points/s
2026/06/17 11:50:34 INFO  [benchmark.tsdb.DBWrapper] DataClientService-thread-1 insert one batch latency (device: d_8, sg: g_0) ,1.16, ms, throughput ,43231.61510720144, points/s
2026/06/17 11:50:34 INFO  [benchmark.tsdb.DBWrapper] DataClientService-thread-1 insert one batch latency (device: d_9, sg: g_0) ,1.23, ms, throughput ,40769.86552467555, points/s
2026/06/17 11:50:34 INFO  [benchmark.tsdb.DBWrapper] DataClientService-thread-1 insert one batch latency (device: d_10, sg: g_0) ,0.95, ms, throughput ,52385.806799049096, points/s
2026/06/17 11:50:34 INFO  [benchmark.tsdb.DBWrapper] DataClientService-thread-1 insert one batch latency (device: d_11, sg: g_0) ,1.14, ms, throughput ,44031.60412417617, points/s
2026/06/17 11:50:34 INFO  [benchmark.tsdb.DBWrapper] DataClientService-thread-1 insert one batch latency (device: d_12, sg: g_0) ,1.17, ms, throughput ,42761.10142334602, points/s
2026/06/17 11:50:34 INFO  [benchmark.tsdb.DBWrapper] DataClientService-thread-1 insert one batch latency (device: d_13, sg: g_0) ,1.27, ms, throughput ,39277.729684379876, points/s
2026/06/17 11:50:34 INFO  [benchmark.tsdb.DBWrapper] DataClientService-thread-1 insert one batch latency (device: d_14, sg: g_0) ,1.36, ms, throughput ,36795.034730833286, points/s
2026/06/17 11:50:34 INFO  [benchmark.tsdb.DBWrapper] DataClientService-thread-1 insert one batch latency (device: d_15, sg: g_0) ,1.34, ms, throughput ,37213.76105341738, points/s
2026/06/17 11:50:34 INFO  [benchmark.tsdb.DBWrapper] DataClientService-thread-1 insert one batch latency (device: d_16, sg: g_0) ,1.15, ms, throughput ,43433.0904554915, points/s
2026/06/17 11:50:34 INFO  [benchmark.tsdb.DBWrapper] DataClientService-thread-1 insert one batch latency (device: d_17, sg: g_0) ,0.97, ms, throughput ,51505.18760249532, points/s
2026/06/17 11:50:34 INFO  [benchmark.tsdb.DBWrapper] DataClientService-thread-1 insert one batch latency (device: d_18, sg: g_0) ,0.92, ms, throughput ,54396.66483168583, points/s
2026/06/17 11:50:34 INFO  [benchmark.tsdb.DBWrapper] DataClientService-thread-1 insert one batch latency (device: d_19, sg: g_0) ,0.92, ms, throughput ,54364.3126556858, points/s
2026/06/17 11:50:34 INFO  [benchmark.tsdb.DBWrapper] DataClientService-thread-1 insert one batch latency (device: d_0, sg: g_0) ,0.91, ms, throughput ,54889.08014683927, points/s
2026/06/17 11:50:34 INFO  [benchmark.tsdb.DBWrapper] DataClientService-thread-1 insert one batch latency (device: d_1, sg: g_0) ,1.15, ms, throughput ,43509.85280616795, points/s
2026/06/17 11:50:34 INFO  [benchmark.tsdb.DBWrapper] DataClientService-thread-1 insert one batch latency (device: d_2, sg: g_0) ,1.00, ms, throughput ,49807.29557342642, points/s
2026/06/17 11:50:34 INFO  [benchmark.tsdb.DBWrapper] DataClientService-thread-1 insert one batch latency (device: d_3, sg: g_0) ,1.00, ms, throughput ,49751.49130095174, points/s
2026/06/17 11:50:34 INFO  [benchmark.tsdb.DBWrapper] DataClientService-thread-1 insert one batch latency (device: d_4, sg: g_0) ,0.95, ms, throughput ,52671.11000150639, points/s
2026/06/17 11:50:34 INFO  [benchmark.tsdb.DBWrapper] DataClientService-thread-1 insert one batch latency (device: d_5, sg: g_0) ,1.01, ms, throughput ,49560.89051008068, points/s
2026/06/17 11:50:34 INFO  [benchmark.tsdb.DBWrapper] DataClientService-thread-1 insert one batch latency (device: d_6, sg: g_0) ,1.21, ms, throughput ,41469.616870503654, points/s
2026/06/17 11:50:34 INFO  [benchmark.tsdb.DBWrapper] DataClientService-thread-1 insert one batch latency (device: d_7, sg: g_0) ,1.07, ms, throughput ,46622.30709554216, points/s
2026/06/17 11:50:34 INFO  [benchmark.tsdb.DBWrapper] DataClientService-thread-1 insert one batch latency (device: d_8, sg: g_0) ,1.17, ms, throughput ,42613.2126527151, points/s
2026/06/17 11:50:34 INFO  [benchmark.tsdb.DBWrapper] DataClientService-thread-1 insert one batch latency (device: d_9, sg: g_0) ,1.48, ms, throughput ,33854.076741775316, points/s
2026/06/17 11:50:34 INFO  [benchmark.tsdb.DBWrapper] DataClientService-thread-1 insert one batch latency (device: d_10, sg: g_0) ,1.12, ms, throughput ,44664.631150543035, points/s
2026/06/17 11:50:34 INFO  [benchmark.tsdb.DBWrapper] DataClientService-thread-1 insert one batch latency (device: d_11, sg: g_0) ,1.08, ms, throughput ,46112.1040584185, points/s
2026/06/17 11:50:34 INFO  [benchmark.tsdb.DBWrapper] DataClientService-thread-1 insert one batch latency (device: d_12, sg: g_0) ,1.04, ms, throughput ,47999.43168672883, points/s
2026/06/17 11:50:34 INFO  [benchmark.tsdb.DBWrapper] DataClientService-thread-1 insert one batch latency (device: d_13, sg: g_0) ,1.13, ms, throughput ,44178.93883956065, points/s
2026/06/17 11:50:34 INFO  [benchmark.tsdb.DBWrapper] DataClientService-thread-1 insert one batch latency (device: d_14, sg: g_0) ,1.10, ms, throughput ,45250.05633632014, points/s
2026/06/17 11:50:34 INFO  [benchmark.tsdb.DBWrapper] DataClientService-thread-1 insert one batch latency (device: d_15, sg: g_0) ,1.02, ms, throughput ,49004.041853372066, points/s
2026/06/17 11:50:34 INFO  [benchmark.tsdb.DBWrapper] DataClientService-thread-1 insert one batch latency (device: d_16, sg: g_0) ,0.95, ms, throughput ,52744.61899397023, points/s
2026/06/17 11:50:34 INFO  [benchmark.tsdb.DBWrapper] DataClientService-thread-1 insert one batch latency (device: d_17, sg: g_0) ,1.03, ms, throughput ,48512.83892282092, points/s
2026/06/17 11:50:34 INFO  [benchmark.tsdb.DBWrapper] DataClientService-thread-1 insert one batch latency (device: d_18, sg: g_0) ,1.19, ms, throughput ,41939.940327852906, points/s
2026/06/17 11:50:34 INFO  [benchmark.tsdb.DBWrapper] DataClientService-thread-1 insert one batch latency (device: d_19, sg: g_0) ,1.43, ms, throughput ,34964.276998190944, points/s
2026/06/17 11:50:34 INFO  [benchmark.tsdb.DBWrapper] DataClientService-thread-1 insert one batch latency (device: d_0, sg: g_0) ,1.27, ms, throughput ,39365.27431691408, points/s
2026/06/17 11:50:34 INFO  [benchmark.mode.BaseMode] DataClientService-thread-1 64.00% workload is done.
2026/06/17 11:50:34 INFO  [benchmark.tsdb.DBWrapper] DataClientService-thread-1 insert one batch latency (device: d_1, sg: g_0) ,1.37, ms, throughput ,36543.990925396174, points/s
2026/06/17 11:50:34 INFO  [benchmark.tsdb.DBWrapper] DataClientService-thread-1 insert one batch latency (device: d_2, sg: g_0) ,1.18, ms, throughput ,42509.84953213659, points/s
2026/06/17 11:50:34 INFO  [benchmark.tsdb.DBWrapper] DataClientService-thread-1 insert one batch latency (device: d_3, sg: g_0) ,1.13, ms, throughput ,44423.35815710587, points/s
2026/06/17 11:50:34 INFO  [benchmark.tsdb.DBWrapper] DataClientService-thread-1 insert one batch latency (device: d_4, sg: g_0) ,1.36, ms, throughput ,36861.956396729016, points/s
2026/06/17 11:50:34 INFO  [benchmark.tsdb.DBWrapper] DataClientService-thread-1 insert one batch latency (device: d_5, sg: g_0) ,1.00, ms, throughput ,50158.400227919774, points/s
2026/06/17 11:50:34 INFO  [benchmark.tsdb.DBWrapper] DataClientService-thread-1 insert one batch latency (device: d_6, sg: g_0) ,1.04, ms, throughput ,48174.19789960497, points/s
2026/06/17 11:50:34 INFO  [benchmark.tsdb.DBWrapper] DataClientService-thread-1 insert one batch latency (device: d_7, sg: g_0) ,0.95, ms, throughput ,52743.17239633329, points/s
2026/06/17 11:50:34 INFO  [benchmark.tsdb.DBWrapper] DataClientService-thread-1 insert one batch latency (device: d_8, sg: g_0) ,0.93, ms, throughput ,53560.659053197516, points/s
2026/06/17 11:50:34 INFO  [benchmark.tsdb.DBWrapper] DataClientService-thread-1 insert one batch latency (device: d_9, sg: g_0) ,0.93, ms, throughput ,53819.16974243222, points/s
2026/06/17 11:50:34 INFO  [benchmark.tsdb.DBWrapper] DataClientService-thread-1 insert one batch latency (device: d_10, sg: g_0) ,1.04, ms, throughput ,47984.59886314889, points/s
2026/06/17 11:50:34 INFO  [benchmark.tsdb.DBWrapper] DataClientService-thread-1 insert one batch latency (device: d_11, sg: g_0) ,1.00, ms, throughput ,50218.70244916612, points/s
2026/06/17 11:50:34 INFO  [benchmark.tsdb.DBWrapper] DataClientService-thread-1 insert one batch latency (device: d_12, sg: g_0) ,0.97, ms, throughput ,51768.730444362074, points/s
2026/06/17 11:50:34 INFO  [benchmark.tsdb.DBWrapper] DataClientService-thread-1 insert one batch latency (device: d_13, sg: g_0) ,0.97, ms, throughput ,51575.795272975214, points/s
2026/06/17 11:50:34 INFO  [benchmark.tsdb.DBWrapper] DataClientService-thread-1 insert one batch latency (device: d_14, sg: g_0) ,1.11, ms, throughput ,45236.055307410665, points/s
2026/06/17 11:50:34 INFO  [benchmark.tsdb.DBWrapper] DataClientService-thread-1 insert one batch latency (device: d_15, sg: g_0) ,1.32, ms, throughput ,37841.51971543177, points/s
2026/06/17 11:50:34 INFO  [benchmark.tsdb.DBWrapper] DataClientService-thread-1 insert one batch latency (device: d_16, sg: g_0) ,1.30, ms, throughput ,38520.23737711081, points/s
2026/06/17 11:50:34 INFO  [benchmark.tsdb.DBWrapper] DataClientService-thread-1 insert one batch latency (device: d_17, sg: g_0) ,1.38, ms, throughput ,36239.55213711887, points/s
2026/06/17 11:50:34 INFO  [benchmark.tsdb.DBWrapper] DataClientService-thread-1 insert one batch latency (device: d_18, sg: g_0) ,1.31, ms, throughput ,38120.68092685099, points/s
2026/06/17 11:50:34 INFO  [benchmark.tsdb.DBWrapper] DataClientService-thread-1 insert one batch latency (device: d_19, sg: g_0) ,1.23, ms, throughput ,40607.58695911709, points/s
2026/06/17 11:50:34 INFO  [benchmark.tsdb.DBWrapper] DataClientService-thread-1 insert one batch latency (device: d_0, sg: g_0) ,1.41, ms, throughput ,35452.79602021093, points/s
2026/06/17 11:50:34 INFO  [benchmark.tsdb.DBWrapper] DataClientService-thread-1 insert one batch latency (device: d_1, sg: g_0) ,1.26, ms, throughput ,39609.04290293091, points/s
2026/06/17 11:50:34 INFO  [benchmark.tsdb.DBWrapper] DataClientService-thread-1 insert one batch latency (device: d_2, sg: g_0) ,1.30, ms, throughput ,38385.152009040474, points/s
2026/06/17 11:50:34 INFO  [benchmark.tsdb.DBWrapper] DataClientService-thread-1 insert one batch latency (device: d_3, sg: g_0) ,1.24, ms, throughput ,40169.838075382715, points/s
2026/06/17 11:50:34 INFO  [benchmark.tsdb.DBWrapper] DataClientService-thread-1 insert one batch latency (device: d_4, sg: g_0) ,1.14, ms, throughput ,43690.749881816526, points/s
2026/06/17 11:50:34 INFO  [benchmark.tsdb.DBWrapper] DataClientService-thread-1 insert one batch latency (device: d_5, sg: g_0) ,1.28, ms, throughput ,38935.20014639635, points/s
2026/06/17 11:50:34 INFO  [benchmark.tsdb.DBWrapper] DataClientService-thread-1 insert one batch latency (device: d_6, sg: g_0) ,1.23, ms, throughput ,40599.14595636567, points/s
2026/06/17 11:50:34 INFO  [benchmark.tsdb.DBWrapper] DataClientService-thread-1 insert one batch latency (device: d_7, sg: g_0) ,1.26, ms, throughput ,39587.02812262478, points/s
2026/06/17 11:50:34 INFO  [benchmark.tsdb.DBWrapper] DataClientService-thread-1 insert one batch latency (device: d_8, sg: g_0) ,1.14, ms, throughput ,43782.875466615995, points/s
2026/06/17 11:50:34 INFO  [benchmark.tsdb.DBWrapper] DataClientService-thread-1 insert one batch latency (device: d_9, sg: g_0) ,1.14, ms, throughput ,43755.28892054827, points/s
2026/06/17 11:50:34 INFO  [benchmark.tsdb.DBWrapper] DataClientService-thread-1 insert one batch latency (device: d_10, sg: g_0) ,1.05, ms, throughput ,47836.819042880925, points/s
2026/06/17 11:50:34 INFO  [benchmark.tsdb.DBWrapper] DataClientService-thread-1 insert one batch latency (device: d_11, sg: g_0) ,0.98, ms, throughput ,50834.80923729486, points/s
2026/06/17 11:50:34 INFO  [benchmark.tsdb.DBWrapper] DataClientService-thread-1 insert one batch latency (device: d_12, sg: g_0) ,1.16, ms, throughput ,43265.095624514346, points/s
2026/06/17 11:50:34 INFO  [benchmark.tsdb.DBWrapper] DataClientService-thread-1 insert one batch latency (device: d_13, sg: g_0) ,1.04, ms, throughput ,47899.372997207465, points/s
2026/06/17 11:50:34 INFO  [benchmark.tsdb.DBWrapper] DataClientService-thread-1 insert one batch latency (device: d_14, sg: g_0) ,1.25, ms, throughput ,39937.282491575235, points/s
2026/06/17 11:50:34 INFO  [benchmark.tsdb.DBWrapper] DataClientService-thread-1 insert one batch latency (device: d_15, sg: g_0) ,1.16, ms, throughput ,43125.86629083912, points/s
2026/06/17 11:50:34 INFO  [benchmark.tsdb.DBWrapper] DataClientService-thread-1 insert one batch latency (device: d_16, sg: g_0) ,1.13, ms, throughput ,44170.89897497012, points/s
2026/06/17 11:50:34 INFO  [benchmark.tsdb.DBWrapper] DataClientService-thread-1 insert one batch latency (device: d_17, sg: g_0) ,1.10, ms, throughput ,45530.41568358911, points/s
2026/06/17 11:50:34 INFO  [benchmark.tsdb.DBWrapper] DataClientService-thread-1 insert one batch latency (device: d_18, sg: g_0) ,1.12, ms, throughput ,44587.71965025392, points/s
2026/06/17 11:50:34 INFO  [benchmark.tsdb.DBWrapper] DataClientService-thread-1 insert one batch latency (device: d_19, sg: g_0) ,0.95, ms, throughput ,52400.6300651759, points/s
2026/06/17 11:50:34 INFO  [benchmark.tsdb.DBWrapper] DataClientService-thread-1 insert one batch latency (device: d_0, sg: g_0) ,1.40, ms, throughput ,35793.28661116321, points/s
2026/06/17 11:50:34 INFO  [benchmark.tsdb.DBWrapper] DataClientService-thread-1 insert one batch latency (device: d_1, sg: g_0) ,1.04, ms, throughput ,48283.70733893038, points/s
2026/06/17 11:50:34 INFO  [benchmark.tsdb.DBWrapper] DataClientService-thread-1 insert one batch latency (device: d_2, sg: g_0) ,1.23, ms, throughput ,40750.92545351705, points/s
2026/06/17 11:50:34 INFO  [benchmark.tsdb.DBWrapper] DataClientService-thread-1 insert one batch latency (device: d_3, sg: g_0) ,1.04, ms, throughput ,48046.98610865537, points/s
2026/06/17 11:50:34 INFO  [benchmark.tsdb.DBWrapper] DataClientService-thread-1 insert one batch latency (device: d_4, sg: g_0) ,0.97, ms, throughput ,51500.35998751631, points/s
2026/06/17 11:50:34 INFO  [benchmark.tsdb.DBWrapper] DataClientService-thread-1 insert one batch latency (device: d_5, sg: g_0) ,0.97, ms, throughput ,51679.319486721004, points/s
2026/06/17 11:50:34 INFO  [benchmark.tsdb.DBWrapper] DataClientService-thread-1 insert one batch latency (device: d_6, sg: g_0) ,1.19, ms, throughput ,41982.8323801831, points/s
2026/06/17 11:50:34 INFO  [benchmark.tsdb.DBWrapper] DataClientService-thread-1 insert one batch latency (device: d_7, sg: g_0) ,2.00, ms, throughput ,25032.730294860532, points/s
2026/06/17 11:50:34 INFO  [benchmark.tsdb.DBWrapper] DataClientService-thread-1 insert one batch latency (device: d_8, sg: g_0) ,1.20, ms, throughput ,41635.23206645649, points/s
2026/06/17 11:50:34 INFO  [benchmark.tsdb.DBWrapper] DataClientService-thread-1 insert one batch latency (device: d_9, sg: g_0) ,1.05, ms, throughput ,47658.944964403534, points/s
2026/06/17 11:50:34 INFO  [benchmark.tsdb.DBWrapper] DataClientService-thread-1 insert one batch latency (device: d_10, sg: g_0) ,1.53, ms, throughput ,32666.15968786831, points/s
2026/06/17 11:50:34 INFO  [benchmark.tsdb.DBWrapper] DataClientService-thread-1 insert one batch latency (device: d_11, sg: g_0) ,1.29, ms, throughput ,38733.08719747522, points/s
2026/06/17 11:50:34 INFO  [benchmark.tsdb.DBWrapper] DataClientService-thread-1 insert one batch latency (device: d_12, sg: g_0) ,1.51, ms, throughput ,33088.6756654629, points/s
2026/06/17 11:50:34 INFO  [benchmark.tsdb.DBWrapper] DataClientService-thread-1 insert one batch latency (device: d_13, sg: g_0) ,1.33, ms, throughput ,37697.070862199864, points/s
2026/06/17 11:50:34 INFO  [benchmark.tsdb.DBWrapper] DataClientService-thread-1 insert one batch latency (device: d_14, sg: g_0) ,1.56, ms, throughput ,31996.64163249425, points/s
2026/06/17 11:50:34 INFO  [benchmark.tsdb.DBWrapper] DataClientService-thread-1 insert one batch latency (device: d_15, sg: g_0) ,1.27, ms, throughput ,39478.53591480848, points/s
2026/06/17 11:50:34 INFO  [benchmark.tsdb.DBWrapper] DataClientService-thread-1 insert one batch latency (device: d_16, sg: g_0) ,1.65, ms, throughput ,30374.49320158093, points/s
2026/06/17 11:50:34 INFO  [benchmark.tsdb.DBWrapper] DataClientService-thread-1 insert one batch latency (device: d_17, sg: g_0) ,1.34, ms, throughput ,37312.95946245458, points/s
2026/06/17 11:50:34 INFO  [benchmark.tsdb.DBWrapper] DataClientService-thread-1 insert one batch latency (device: d_18, sg: g_0) ,1.20, ms, throughput ,41636.514890466824, points/s
2026/06/17 11:50:34 INFO  [benchmark.tsdb.DBWrapper] DataClientService-thread-1 insert one batch latency (device: d_19, sg: g_0) ,1.19, ms, throughput ,42051.119022328305, points/s
2026/06/17 11:50:34 INFO  [benchmark.tsdb.DBWrapper] DataClientService-thread-1 insert one batch latency (device: d_0, sg: g_0) ,1.20, ms, throughput ,41730.688497937255, points/s
2026/06/17 11:50:34 INFO  [benchmark.tsdb.DBWrapper] DataClientService-thread-1 insert one batch latency (device: d_1, sg: g_0) ,1.28, ms, throughput ,39102.213185266286, points/s
2026/06/17 11:50:34 INFO  [benchmark.tsdb.DBWrapper] DataClientService-thread-1 insert one batch latency (device: d_2, sg: g_0) ,1.18, ms, throughput ,42525.21532642781, points/s
2026/06/17 11:50:34 INFO  [benchmark.tsdb.DBWrapper] DataClientService-thread-1 insert one batch latency (device: d_3, sg: g_0) ,1.10, ms, throughput ,45520.840351129555, points/s
2026/06/17 11:50:34 INFO  [benchmark.tsdb.DBWrapper] DataClientService-thread-1 insert one batch latency (device: d_4, sg: g_0) ,1.02, ms, throughput ,48944.080409250826, points/s
2026/06/17 11:50:34 INFO  [benchmark.tsdb.DBWrapper] DataClientService-thread-1 insert one batch latency (device: d_5, sg: g_0) ,1.13, ms, throughput ,44210.15029682695, points/s
2026/06/17 11:50:34 INFO  [benchmark.tsdb.DBWrapper] DataClientService-thread-1 insert one batch latency (device: d_6, sg: g_0) ,1.25, ms, throughput ,40041.386777373096, points/s
2026/06/17 11:50:34 INFO  [benchmark.tsdb.DBWrapper] DataClientService-thread-1 insert one batch latency (device: d_7, sg: g_0) ,1.22, ms, throughput ,41022.005844815394, points/s
2026/06/17 11:50:34 INFO  [benchmark.tsdb.DBWrapper] DataClientService-thread-1 insert one batch latency (device: d_8, sg: g_0) ,1.27, ms, throughput ,39466.22717076089, points/s
2026/06/17 11:50:34 INFO  [benchmark.tsdb.DBWrapper] DataClientService-thread-1 insert one batch latency (device: d_9, sg: g_0) ,1.29, ms, throughput ,38882.93979909963, points/s
2026/06/17 11:50:34 INFO  [benchmark.tsdb.DBWrapper] DataClientService-thread-1 insert one batch latency (device: d_10, sg: g_0) ,1.28, ms, throughput ,39203.264220592064, points/s
2026/06/17 11:50:34 INFO  [benchmark.tsdb.DBWrapper] DataClientService-thread-1 insert one batch latency (device: d_11, sg: g_0) ,1.32, ms, throughput ,37893.62955036177, points/s
2026/06/17 11:50:34 INFO  [benchmark.tsdb.DBWrapper] DataClientService-thread-1 insert one batch latency (device: d_12, sg: g_0) ,1.06, ms, throughput ,46994.55709039779, points/s
2026/06/17 11:50:34 INFO  [benchmark.tsdb.DBWrapper] DataClientService-thread-1 insert one batch latency (device: d_13, sg: g_0) ,1.27, ms, throughput ,39375.28743959831, points/s
2026/06/17 11:50:34 INFO  [benchmark.tsdb.DBWrapper] DataClientService-thread-1 insert one batch latency (device: d_14, sg: g_0) ,0.99, ms, throughput ,50659.228541004086, points/s
2026/06/17 11:50:34 INFO  [benchmark.tsdb.DBWrapper] DataClientService-thread-1 insert one batch latency (device: d_15, sg: g_0) ,1.19, ms, throughput ,42076.17302058956, points/s
2026/06/17 11:50:34 INFO  [benchmark.tsdb.DBWrapper] DataClientService-thread-1 insert one batch latency (device: d_16, sg: g_0) ,0.93, ms, throughput ,53533.01863056114, points/s
2026/06/17 11:50:34 INFO  [benchmark.tsdb.DBWrapper] DataClientService-thread-1 insert one batch latency (device: d_17, sg: g_0) ,1.00, ms, throughput ,50100.451405067164, points/s
2026/06/17 11:50:34 INFO  [benchmark.tsdb.DBWrapper] DataClientService-thread-1 insert one batch latency (device: d_18, sg: g_0) ,1.10, ms, throughput ,45390.13272982613, points/s
2026/06/17 11:50:34 INFO  [benchmark.tsdb.DBWrapper] DataClientService-thread-1 insert one batch latency (device: d_19, sg: g_0) ,0.97, ms, throughput ,51791.413190858606, points/s
2026/06/17 11:50:34 INFO  [benchmark.tsdb.DBWrapper] DataClientService-thread-1 insert one batch latency (device: d_0, sg: g_0) ,1.24, ms, throughput ,40321.14989468116, points/s
2026/06/17 11:50:34 INFO  [benchmark.tsdb.DBWrapper] DataClientService-thread-1 insert one batch latency (device: d_1, sg: g_0) ,1.28, ms, throughput ,38919.077119708076, points/s
2026/06/17 11:50:34 INFO  [benchmark.tsdb.DBWrapper] DataClientService-thread-1 insert one batch latency (device: d_2, sg: g_0) ,1.11, ms, throughput ,45026.66929622416, points/s
2026/06/17 11:50:34 INFO  [benchmark.tsdb.DBWrapper] DataClientService-thread-1 insert one batch latency (device: d_3, sg: g_0) ,1.18, ms, throughput ,42405.47607355824, points/s
2026/06/17 11:50:34 INFO  [benchmark.tsdb.DBWrapper] DataClientService-thread-1 insert one batch latency (device: d_4, sg: g_0) ,1.26, ms, throughput ,39705.22838447367, points/s
2026/06/17 11:50:34 INFO  [benchmark.tsdb.DBWrapper] DataClientService-thread-1 insert one batch latency (device: d_5, sg: g_0) ,1.25, ms, throughput ,39995.71245962432, points/s
2026/06/17 11:50:34 INFO  [benchmark.tsdb.DBWrapper] DataClientService-thread-1 insert one batch latency (device: d_6, sg: g_0) ,1.00, ms, throughput ,49789.3412969725, points/s
2026/06/17 11:50:34 INFO  [benchmark.tsdb.DBWrapper] DataClientService-thread-1 insert one batch latency (device: d_7, sg: g_0) ,1.09, ms, throughput ,46010.51984525742, points/s
2026/06/17 11:50:34 INFO  [benchmark.tsdb.DBWrapper] DataClientService-thread-1 insert one batch latency (device: d_8, sg: g_0) ,0.97, ms, throughput ,51638.32927283937, points/s
2026/06/17 11:50:34 INFO  [benchmark.tsdb.DBWrapper] DataClientService-thread-1 insert one batch latency (device: d_9, sg: g_0) ,1.10, ms, throughput ,45437.03154420478, points/s
2026/06/17 11:50:34 INFO  [benchmark.tsdb.DBWrapper] DataClientService-thread-1 insert one batch latency (device: d_10, sg: g_0) ,0.94, ms, throughput ,53266.57256238847, points/s
2026/06/17 11:50:34 INFO  [benchmark.tsdb.DBWrapper] DataClientService-thread-1 insert one batch latency (device: d_11, sg: g_0) ,1.46, ms, throughput ,34181.32646789998, points/s
2026/06/17 11:50:34 INFO  [benchmark.tsdb.DBWrapper] DataClientService-thread-1 insert one batch latency (device: d_12, sg: g_0) ,1.03, ms, throughput ,48499.56883883302, points/s
2026/06/17 11:50:34 INFO  [benchmark.tsdb.DBWrapper] DataClientService-thread-1 insert one batch latency (device: d_13, sg: g_0) ,1.01, ms, throughput ,49410.434693240255, points/s
2026/06/17 11:50:34 INFO  [benchmark.tsdb.DBWrapper] DataClientService-thread-1 insert one batch latency (device: d_14, sg: g_0) ,1.11, ms, throughput ,45240.680419833516, points/s
2026/06/17 11:50:34 INFO  [benchmark.tsdb.DBWrapper] DataClientService-thread-1 insert one batch latency (device: d_15, sg: g_0) ,1.19, ms, throughput ,41877.27445946908, points/s
2026/06/17 11:50:34 INFO  [benchmark.tsdb.DBWrapper] DataClientService-thread-1 insert one batch latency (device: d_16, sg: g_0) ,1.33, ms, throughput ,37513.85198984725, points/s
2026/06/17 11:50:34 INFO  [benchmark.tsdb.DBWrapper] DataClientService-thread-1 insert one batch latency (device: d_17, sg: g_0) ,1.26, ms, throughput ,39733.40474750614, points/s
2026/06/17 11:50:34 INFO  [benchmark.tsdb.DBWrapper] DataClientService-thread-1 insert one batch latency (device: d_18, sg: g_0) ,1.63, ms, throughput ,30583.434054776153, points/s
2026/06/17 11:50:34 INFO  [benchmark.tsdb.DBWrapper] DataClientService-thread-1 insert one batch latency (device: d_19, sg: g_0) ,2.01, ms, throughput ,24836.328594561834, points/s
2026/06/17 11:50:34 INFO  [benchmark.tsdb.DBWrapper] DataClientService-thread-1 insert one batch latency (device: d_0, sg: g_0) ,1.80, ms, throughput ,27738.850923648257, points/s
2026/06/17 11:50:34 INFO  [benchmark.tsdb.DBWrapper] DataClientService-thread-1 insert one batch latency (device: d_1, sg: g_0) ,1.81, ms, throughput ,27634.21801518887, points/s
2026/06/17 11:50:34 INFO  [benchmark.tsdb.DBWrapper] DataClientService-thread-1 insert one batch latency (device: d_2, sg: g_0) ,1.48, ms, throughput ,33715.48714158751, points/s
2026/06/17 11:50:34 INFO  [benchmark.tsdb.DBWrapper] DataClientService-thread-1 insert one batch latency (device: d_3, sg: g_0) ,1.64, ms, throughput ,30497.139978212846, points/s
2026/06/17 11:50:34 INFO  [benchmark.tsdb.DBWrapper] DataClientService-thread-1 insert one batch latency (device: d_4, sg: g_0) ,2.06, ms, throughput ,24267.839288661093, points/s
2026/06/17 11:50:34 INFO  [benchmark.tsdb.DBWrapper] DataClientService-thread-1 insert one batch latency (device: d_5, sg: g_0) ,1.23, ms, throughput ,40788.52374096024, points/s
2026/06/17 11:50:34 INFO  [benchmark.tsdb.DBWrapper] DataClientService-thread-1 insert one batch latency (device: d_6, sg: g_0) ,1.20, ms, throughput ,41822.035528655615, points/s
2026/06/17 11:50:34 INFO  [benchmark.tsdb.DBWrapper] DataClientService-thread-1 insert one batch latency (device: d_7, sg: g_0) ,1.25, ms, throughput ,39932.9764922554, points/s
2026/06/17 11:50:34 INFO  [benchmark.tsdb.DBWrapper] DataClientService-thread-1 insert one batch latency (device: d_8, sg: g_0) ,1.14, ms, throughput ,43777.54702146325, points/s
2026/06/17 11:50:34 INFO  [benchmark.tsdb.DBWrapper] DataClientService-thread-1 insert one batch latency (device: d_9, sg: g_0) ,2.21, ms, throughput ,22646.63013614248, points/s
2026/06/17 11:50:34 INFO  [benchmark.tsdb.DBWrapper] DataClientService-thread-1 insert one batch latency (device: d_10, sg: g_0) ,2.24, ms, throughput ,22280.041405228945, points/s
2026/06/17 11:50:34 INFO  [benchmark.tsdb.DBWrapper] DataClientService-thread-1 insert one batch latency (device: d_11, sg: g_0) ,1.86, ms, throughput ,26953.48044902342, points/s
2026/06/17 11:50:34 INFO  [benchmark.tsdb.DBWrapper] DataClientService-thread-1 insert one batch latency (device: d_12, sg: g_0) ,1.81, ms, throughput ,27607.622795945434, points/s
2026/06/17 11:50:34 INFO  [benchmark.tsdb.DBWrapper] DataClientService-thread-1 insert one batch latency (device: d_13, sg: g_0) ,1.78, ms, throughput ,28051.230523329366, points/s
2026/06/17 11:50:34 INFO  [benchmark.tsdb.DBWrapper] DataClientService-thread-1 insert one batch latency (device: d_14, sg: g_0) ,1.69, ms, throughput ,29544.454062805602, points/s
2026/06/17 11:50:34 INFO  [benchmark.tsdb.DBWrapper] DataClientService-thread-1 insert one batch latency (device: d_15, sg: g_0) ,1.85, ms, throughput ,27051.022014662736, points/s
2026/06/17 11:50:34 INFO  [benchmark.tsdb.DBWrapper] DataClientService-thread-1 insert one batch latency (device: d_16, sg: g_0) ,2.06, ms, throughput ,24215.350013512165, points/s
2026/06/17 11:50:34 INFO  [benchmark.tsdb.DBWrapper] DataClientService-thread-1 insert one batch latency (device: d_17, sg: g_0) ,1.79, ms, throughput ,27916.99050375651, points/s
2026/06/17 11:50:34 INFO  [benchmark.tsdb.DBWrapper] DataClientService-thread-1 insert one batch latency (device: d_18, sg: g_0) ,2.74, ms, throughput ,18269.838944061772, points/s
2026/06/17 11:50:34 INFO  [benchmark.tsdb.DBWrapper] DataClientService-thread-1 insert one batch latency (device: d_19, sg: g_0) ,2.12, ms, throughput ,23569.429883774425, points/s
2026/06/17 11:50:34 INFO  [benchmark.tsdb.DBWrapper] DataClientService-thread-1 insert one batch latency (device: d_0, sg: g_0) ,2.22, ms, throughput ,22500.700896832936, points/s
2026/06/17 11:50:34 INFO  [benchmark.tsdb.DBWrapper] DataClientService-thread-1 insert one batch latency (device: d_1, sg: g_0) ,2.34, ms, throughput ,21366.52608916935, points/s
2026/06/17 11:50:34 INFO  [benchmark.tsdb.DBWrapper] DataClientService-thread-1 insert one batch latency (device: d_2, sg: g_0) ,2.36, ms, throughput ,21178.740949265055, points/s
2026/06/17 11:50:34 INFO  [benchmark.tsdb.DBWrapper] DataClientService-thread-1 insert one batch latency (device: d_3, sg: g_0) ,2.01, ms, throughput ,24930.3943390055, points/s
2026/06/17 11:50:34 INFO  [benchmark.tsdb.DBWrapper] DataClientService-thread-1 insert one batch latency (device: d_4, sg: g_0) ,1.97, ms, throughput ,25396.541600551005, points/s
2026/06/17 11:50:34 INFO  [benchmark.tsdb.DBWrapper] DataClientService-thread-1 insert one batch latency (device: d_5, sg: g_0) ,1.77, ms, throughput ,28203.557483926794, points/s
2026/06/17 11:50:34 INFO  [benchmark.tsdb.DBWrapper] DataClientService-thread-1 insert one batch latency (device: d_6, sg: g_0) ,1.71, ms, throughput ,29260.607848163196, points/s
2026/06/17 11:50:34 INFO  [benchmark.tsdb.DBWrapper] DataClientService-thread-1 insert one batch latency (device: d_7, sg: g_0) ,2.50, ms, throughput ,19986.744790854707, points/s
2026/06/17 11:50:34 INFO  [benchmark.tsdb.DBWrapper] DataClientService-thread-1 insert one batch latency (device: d_8, sg: g_0) ,2.58, ms, throughput ,19348.766941780334, points/s
2026/06/17 11:50:34 INFO  [benchmark.tsdb.DBWrapper] DataClientService-thread-1 insert one batch latency (device: d_9, sg: g_0) ,2.25, ms, throughput ,22262.383562168372, points/s
2026/06/17 11:50:34 INFO  [benchmark.tsdb.DBWrapper] DataClientService-thread-1 insert one batch latency (device: d_10, sg: g_0) ,1.84, ms, throughput ,27133.198499425587, points/s
2026/06/17 11:50:34 INFO  [benchmark.tsdb.DBWrapper] DataClientService-thread-1 insert one batch latency (device: d_11, sg: g_0) ,1.40, ms, throughput ,35618.80188323729, points/s
2026/06/17 11:50:34 INFO  [benchmark.tsdb.DBWrapper] DataClientService-thread-1 insert one batch latency (device: d_12, sg: g_0) ,1.50, ms, throughput ,33331.08904000464, points/s
2026/06/17 11:50:34 INFO  [benchmark.tsdb.DBWrapper] DataClientService-thread-1 insert one batch latency (device: d_13, sg: g_0) ,1.17, ms, throughput ,42819.54729461818, points/s
2026/06/17 11:50:34 INFO  [benchmark.tsdb.DBWrapper] DataClientService-thread-1 insert one batch latency (device: d_14, sg: g_0) ,1.01, ms, throughput ,49300.57277405449, points/s
2026/06/17 11:50:34 INFO  [benchmark.tsdb.DBWrapper] DataClientService-thread-1 insert one batch latency (device: d_15, sg: g_0) ,1.21, ms, throughput ,41158.42866997361, points/s
2026/06/17 11:50:34 INFO  [benchmark.tsdb.DBWrapper] DataClientService-thread-1 insert one batch latency (device: d_16, sg: g_0) ,1.07, ms, throughput ,46636.35303719249, points/s
2026/06/17 11:50:34 INFO  [benchmark.tsdb.DBWrapper] DataClientService-thread-1 insert one batch latency (device: d_17, sg: g_0) ,1.14, ms, throughput ,43910.454288777975, points/s
2026/06/17 11:50:34 INFO  [benchmark.tsdb.DBWrapper] DataClientService-thread-1 insert one batch latency (device: d_18, sg: g_0) ,1.08, ms, throughput ,46483.17587932224, points/s
2026/06/17 11:50:34 INFO  [benchmark.tsdb.DBWrapper] DataClientService-thread-1 insert one batch latency (device: d_19, sg: g_0) ,1.04, ms, throughput ,48273.405119104966, points/s
2026/06/17 11:50:34 INFO  [benchmark.tsdb.DBWrapper] DataClientService-thread-1 insert one batch latency (device: d_0, sg: g_0) ,1.06, ms, throughput ,47304.360989039575, points/s
2026/06/17 11:50:34 INFO  [benchmark.tsdb.DBWrapper] DataClientService-thread-1 insert one batch latency (device: d_1, sg: g_0) ,1.20, ms, throughput ,41527.75632177035, points/s
2026/06/17 11:50:34 INFO  [benchmark.tsdb.DBWrapper] DataClientService-thread-1 insert one batch latency (device: d_2, sg: g_0) ,1.12, ms, throughput ,44617.281879494076, points/s
2026/06/17 11:50:34 INFO  [benchmark.tsdb.DBWrapper] DataClientService-thread-1 insert one batch latency (device: d_3, sg: g_0) ,1.45, ms, throughput ,34438.74827547968, points/s
2026/06/17 11:50:34 INFO  [benchmark.tsdb.DBWrapper] DataClientService-thread-1 insert one batch latency (device: d_4, sg: g_0) ,1.30, ms, throughput ,38342.264524816645, points/s
2026/06/17 11:50:34 INFO  [benchmark.tsdb.DBWrapper] DataClientService-thread-1 insert one batch latency (device: d_5, sg: g_0) ,1.06, ms, throughput ,47253.61962726345, points/s
2026/06/17 11:50:34 INFO  [benchmark.tsdb.DBWrapper] DataClientService-thread-1 insert one batch latency (device: d_6, sg: g_0) ,1.06, ms, throughput ,47236.834149585826, points/s
2026/06/17 11:50:34 INFO  [benchmark.tsdb.DBWrapper] DataClientService-thread-1 insert one batch latency (device: d_7, sg: g_0) ,0.97, ms, throughput ,51399.18871520532, points/s
2026/06/17 11:50:34 INFO  [benchmark.tsdb.DBWrapper] DataClientService-thread-1 insert one batch latency (device: d_8, sg: g_0) ,1.01, ms, throughput ,49601.59994920796, points/s
2026/06/17 11:50:34 INFO  [benchmark.tsdb.DBWrapper] DataClientService-thread-1 insert one batch latency (device: d_9, sg: g_0) ,1.11, ms, throughput ,45225.33523279741, points/s
2026/06/17 11:50:34 INFO  [benchmark.tsdb.DBWrapper] DataClientService-thread-1 insert one batch latency (device: d_10, sg: g_0) ,1.30, ms, throughput ,38554.12768201789, points/s
2026/06/17 11:50:34 INFO  [benchmark.tsdb.DBWrapper] DataClientService-thread-1 insert one batch latency (device: d_11, sg: g_0) ,0.94, ms, throughput ,52953.87294035911, points/s
2026/06/17 11:50:34 INFO  [benchmark.tsdb.DBWrapper] DataClientService-thread-1 insert one batch latency (device: d_12, sg: g_0) ,0.94, ms, throughput ,53129.59903091611, points/s
2026/06/17 11:50:34 INFO  [benchmark.tsdb.DBWrapper] DataClientService-thread-1 insert one batch latency (device: d_13, sg: g_0) ,1.03, ms, throughput ,48726.53208398505, points/s
2026/06/17 11:50:34 INFO  [benchmark.tsdb.DBWrapper] DataClientService-thread-1 insert one batch latency (device: d_14, sg: g_0) ,1.07, ms, throughput ,46824.941211286314, points/s
2026/06/17 11:50:34 INFO  [benchmark.tsdb.DBWrapper] DataClientService-thread-1 insert one batch latency (device: d_15, sg: g_0) ,0.95, ms, throughput ,52482.96927646978, points/s
2026/06/17 11:50:34 INFO  [benchmark.tsdb.DBWrapper] DataClientService-thread-1 insert one batch latency (device: d_16, sg: g_0) ,1.22, ms, throughput ,40901.568738767404, points/s
2026/06/17 11:50:34 INFO  [benchmark.tsdb.DBWrapper] DataClientService-thread-1 insert one batch latency (device: d_17, sg: g_0) ,1.02, ms, throughput ,49139.90425581054, points/s
2026/06/17 11:50:34 INFO  [benchmark.tsdb.DBWrapper] DataClientService-thread-1 insert one batch latency (device: d_18, sg: g_0) ,1.12, ms, throughput ,44461.12230543368, points/s
2026/06/17 11:50:34 INFO  [benchmark.tsdb.DBWrapper] DataClientService-thread-1 insert one batch latency (device: d_19, sg: g_0) ,0.95, ms, throughput ,52398.21384968629, points/s
2026/06/17 11:50:34 INFO  [benchmark.tsdb.DBWrapper] DataClientService-thread-1 insert one batch latency (device: d_0, sg: g_0) ,1.10, ms, throughput ,45350.19876992121, points/s
2026/06/17 11:50:34 INFO  [benchmark.tsdb.DBWrapper] DataClientService-thread-1 insert one batch latency (device: d_1, sg: g_0) ,1.01, ms, throughput ,49393.0581020421, points/s
2026/06/17 11:50:34 INFO  [benchmark.tsdb.DBWrapper] DataClientService-thread-1 insert one batch latency (device: d_2, sg: g_0) ,0.99, ms, throughput ,50558.67334041155, points/s
2026/06/17 11:50:34 INFO  [benchmark.tsdb.DBWrapper] DataClientService-thread-1 insert one batch latency (device: d_3, sg: g_0) ,1.14, ms, throughput ,43768.19662774799, points/s
2026/06/17 11:50:34 INFO  [benchmark.tsdb.DBWrapper] DataClientService-thread-1 insert one batch latency (device: d_4, sg: g_0) ,1.19, ms, throughput ,42086.76270304759, points/s
2026/06/17 11:50:34 INFO  [benchmark.tsdb.DBWrapper] DataClientService-thread-1 insert one batch latency (device: d_5, sg: g_0) ,1.05, ms, throughput ,47597.28885842662, points/s
2026/06/17 11:50:34 INFO  [benchmark.tsdb.DBWrapper] DataClientService-thread-1 insert one batch latency (device: d_6, sg: g_0) ,1.25, ms, throughput ,40055.372547008985, points/s
2026/06/17 11:50:34 INFO  [benchmark.tsdb.DBWrapper] DataClientService-thread-1 insert one batch latency (device: d_7, sg: g_0) ,1.09, ms, throughput ,45896.61328890541, points/s
2026/06/17 11:50:34 INFO  [benchmark.tsdb.DBWrapper] DataClientService-thread-1 insert one batch latency (device: d_8, sg: g_0) ,1.62, ms, throughput ,30838.936254068427, points/s
2026/06/17 11:50:34 INFO  [benchmark.tsdb.DBWrapper] DataClientService-thread-1 insert one batch latency (device: d_9, sg: g_0) ,1.89, ms, throughput ,26440.155616179894, points/s
2026/06/17 11:50:34 INFO  [benchmark.tsdb.DBWrapper] DataClientService-thread-1 insert one batch latency (device: d_10, sg: g_0) ,1.33, ms, throughput ,37714.3874353764, points/s
2026/06/17 11:50:34 INFO  [benchmark.tsdb.DBWrapper] DataClientService-thread-1 insert one batch latency (device: d_11, sg: g_0) ,1.21, ms, throughput ,41231.026512374665, points/s
2026/06/17 11:50:34 INFO  [benchmark.tsdb.DBWrapper] DataClientService-thread-1 insert one batch latency (device: d_12, sg: g_0) ,1.22, ms, throughput ,40955.81031889832, points/s
2026/06/17 11:50:34 INFO  [benchmark.tsdb.DBWrapper] DataClientService-thread-1 insert one batch latency (device: d_13, sg: g_0) ,1.15, ms, throughput ,43589.204871878246, points/s
2026/06/17 11:50:34 INFO  [benchmark.tsdb.DBWrapper] DataClientService-thread-1 insert one batch latency (device: d_14, sg: g_0) ,1.18, ms, throughput ,42422.92602799234, points/s
2026/06/17 11:50:34 INFO  [benchmark.tsdb.DBWrapper] DataClientService-thread-1 insert one batch latency (device: d_15, sg: g_0) ,1.20, ms, throughput ,41760.000267264, points/s
2026/06/17 11:50:34 INFO  [benchmark.tsdb.DBWrapper] DataClientService-thread-1 insert one batch latency (device: d_16, sg: g_0) ,1.43, ms, throughput ,34981.449337416365, points/s
2026/06/17 11:50:34 INFO  [benchmark.tsdb.DBWrapper] DataClientService-thread-1 insert one batch latency (device: d_17, sg: g_0) ,1.22, ms, throughput ,40964.50098273838, points/s
2026/06/17 11:50:34 INFO  [benchmark.tsdb.DBWrapper] DataClientService-thread-1 insert one batch latency (device: d_18, sg: g_0) ,1.28, ms, throughput ,39109.21718208704, points/s
2026/06/17 11:50:34 INFO  [benchmark.tsdb.DBWrapper] DataClientService-thread-1 insert one batch latency (device: d_19, sg: g_0) ,1.06, ms, throughput ,47197.28370192839, points/s
2026/06/17 11:50:34 INFO  [benchmark.tsdb.DBWrapper] DataClientService-thread-1 insert one batch latency (device: d_0, sg: g_0) ,0.91, ms, throughput ,54658.30904682468, points/s
2026/06/17 11:50:34 INFO  [benchmark.tsdb.DBWrapper] DataClientService-thread-1 insert one batch latency (device: d_1, sg: g_0) ,0.91, ms, throughput ,54688.43995756177, points/s
2026/06/17 11:50:34 INFO  [benchmark.tsdb.DBWrapper] DataClientService-thread-1 insert one batch latency (device: d_2, sg: g_0) ,1.00, ms, throughput ,49842.348651216205, points/s
2026/06/17 11:50:34 INFO  [benchmark.tsdb.DBWrapper] DataClientService-thread-1 insert one batch latency (device: d_3, sg: g_0) ,1.15, ms, throughput ,43400.40431816663, points/s
2026/06/17 11:50:34 INFO  [benchmark.tsdb.DBWrapper] DataClientService-thread-1 insert one batch latency (device: d_4, sg: g_0) ,0.98, ms, throughput ,51127.09685005956, points/s
2026/06/17 11:50:34 INFO  [benchmark.tsdb.DBWrapper] DataClientService-thread-1 insert one batch latency (device: d_5, sg: g_0) ,1.12, ms, throughput ,44695.573976091444, points/s
2026/06/17 11:50:34 INFO  [benchmark.tsdb.DBWrapper] DataClientService-thread-1 insert one batch latency (device: d_6, sg: g_0) ,1.32, ms, throughput ,37919.20630550898, points/s
2026/06/17 11:50:34 INFO  [benchmark.tsdb.DBWrapper] DataClientService-thread-1 insert one batch latency (device: d_7, sg: g_0) ,1.34, ms, throughput ,37285.38532208608, points/s
2026/06/17 11:50:34 INFO  [benchmark.tsdb.DBWrapper] DataClientService-thread-1 insert one batch latency (device: d_8, sg: g_0) ,1.24, ms, throughput ,40165.739909161166, points/s
2026/06/17 11:50:34 INFO  [benchmark.tsdb.DBWrapper] DataClientService-thread-1 insert one batch latency (device: d_9, sg: g_0) ,1.18, ms, throughput ,42287.98285476023, points/s
2026/06/17 11:50:34 INFO  [benchmark.tsdb.DBWrapper] DataClientService-thread-1 insert one batch latency (device: d_10, sg: g_0) ,1.14, ms, throughput ,43951.90957861546, points/s
2026/06/17 11:50:34 INFO  [benchmark.tsdb.DBWrapper] DataClientService-thread-1 insert one batch latency (device: d_11, sg: g_0) ,1.26, ms, throughput ,39635.98313092558, points/s
2026/06/17 11:50:34 INFO  [benchmark.tsdb.DBWrapper] DataClientService-thread-1 insert one batch latency (device: d_12, sg: g_0) ,1.22, ms, throughput ,40854.21255956544, points/s
2026/06/17 11:50:34 INFO  [benchmark.tsdb.DBWrapper] DataClientService-thread-1 insert one batch latency (device: d_13, sg: g_0) ,1.19, ms, throughput ,41973.3519583087, points/s
2026/06/17 11:50:34 INFO  [benchmark.tsdb.DBWrapper] DataClientService-thread-1 insert one batch latency (device: d_14, sg: g_0) ,1.23, ms, throughput ,40576.80743302189, points/s
2026/06/17 11:50:34 INFO  [benchmark.tsdb.DBWrapper] DataClientService-thread-1 insert one batch latency (device: d_15, sg: g_0) ,1.37, ms, throughput ,36483.46131731563, points/s
2026/06/17 11:50:34 INFO  [benchmark.tsdb.DBWrapper] DataClientService-thread-1 insert one batch latency (device: d_16, sg: g_0) ,1.34, ms, throughput ,37191.865395200766, points/s
2026/06/17 11:50:34 INFO  [benchmark.tsdb.DBWrapper] DataClientService-thread-1 insert one batch latency (device: d_17, sg: g_0) ,1.48, ms, throughput ,33744.04333275068, points/s
2026/06/17 11:50:34 INFO  [benchmark.tsdb.DBWrapper] DataClientService-thread-1 insert one batch latency (device: d_18, sg: g_0) ,1.47, ms, throughput ,33986.78593762745, points/s
2026/06/17 11:50:34 INFO  [benchmark.tsdb.DBWrapper] DataClientService-thread-1 insert one batch latency (device: d_19, sg: g_0) ,2.08, ms, throughput ,24019.638456401954, points/s
2026/06/17 11:50:34 INFO  [benchmark.tsdb.DBWrapper] DataClientService-thread-1 insert one batch latency (device: d_0, sg: g_0) ,1.72, ms, throughput ,29129.024684518095, points/s
2026/06/17 11:50:34 INFO  [benchmark.tsdb.DBWrapper] DataClientService-thread-1 insert one batch latency (device: d_1, sg: g_0) ,1.57, ms, throughput ,31880.720198221567, points/s
2026/06/17 11:50:34 INFO  [benchmark.tsdb.DBWrapper] DataClientService-thread-1 insert one batch latency (device: d_2, sg: g_0) ,1.88, ms, throughput ,26610.125472063624, points/s
2026/06/17 11:50:34 INFO  [benchmark.tsdb.DBWrapper] DataClientService-thread-1 insert one batch latency (device: d_3, sg: g_0) ,2.72, ms, throughput ,18398.20109748949, points/s
2026/06/17 11:50:34 INFO  [benchmark.tsdb.DBWrapper] DataClientService-thread-1 insert one batch latency (device: d_4, sg: g_0) ,2.10, ms, throughput ,23855.849597456396, points/s
2026/06/17 11:50:34 INFO  [benchmark.tsdb.DBWrapper] DataClientService-thread-1 insert one batch latency (device: d_5, sg: g_0) ,2.27, ms, throughput ,22025.374111991976, points/s
2026/06/17 11:50:34 INFO  [benchmark.tsdb.DBWrapper] DataClientService-thread-1 insert one batch latency (device: d_6, sg: g_0) ,2.13, ms, throughput ,23441.05278456266, points/s
2026/06/17 11:50:34 INFO  [benchmark.tsdb.DBWrapper] DataClientService-thread-1 insert one batch latency (device: d_7, sg: g_0) ,2.79, ms, throughput ,17925.580161401926, points/s
2026/06/17 11:50:34 INFO  [benchmark.tsdb.DBWrapper] DataClientService-thread-1 insert one batch latency (device: d_8, sg: g_0) ,2.02, ms, throughput ,24749.80422904855, points/s
2026/06/17 11:50:34 INFO  [benchmark.tsdb.DBWrapper] DataClientService-thread-1 insert one batch latency (device: d_9, sg: g_0) ,1.86, ms, throughput ,26930.310818875347, points/s
2026/06/17 11:50:34 INFO  [benchmark.tsdb.DBWrapper] DataClientService-thread-1 insert one batch latency (device: d_10, sg: g_0) ,2.00, ms, throughput ,24973.079020815563, points/s
2026/06/17 11:50:34 INFO  [benchmark.tsdb.DBWrapper] DataClientService-thread-1 insert one batch latency (device: d_11, sg: g_0) ,1.82, ms, throughput ,27453.656854546683, points/s
2026/06/17 11:50:34 INFO  [benchmark.tsdb.DBWrapper] DataClientService-thread-1 insert one batch latency (device: d_12, sg: g_0) ,1.34, ms, throughput ,37245.33502178852, points/s
2026/06/17 11:50:34 INFO  [benchmark.tsdb.DBWrapper] DataClientService-thread-1 insert one batch latency (device: d_13, sg: g_0) ,1.17, ms, throughput ,42768.96547004804, points/s
2026/06/17 11:50:34 INFO  [benchmark.tsdb.DBWrapper] DataClientService-thread-1 insert one batch latency (device: d_14, sg: g_0) ,1.09, ms, throughput ,45910.014535110604, points/s
2026/06/17 11:50:34 INFO  [benchmark.tsdb.DBWrapper] DataClientService-thread-1 insert one batch latency (device: d_15, sg: g_0) ,1.17, ms, throughput ,42640.795643134064, points/s
2026/06/17 11:50:34 INFO  [benchmark.tsdb.DBWrapper] DataClientService-thread-1 insert one batch latency (device: d_16, sg: g_0) ,1.13, ms, throughput ,44274.82267933517, points/s
2026/06/17 11:50:34 INFO  [benchmark.tsdb.DBWrapper] DataClientService-thread-1 insert one batch latency (device: d_17, sg: g_0) ,1.07, ms, throughput ,46647.186801458374, points/s
2026/06/17 11:50:34 INFO  [benchmark.tsdb.DBWrapper] DataClientService-thread-1 insert one batch latency (device: d_18, sg: g_0) ,1.13, ms, throughput ,44147.34263900453, points/s
2026/06/17 11:50:34 INFO  [benchmark.tsdb.DBWrapper] DataClientService-thread-1 insert one batch latency (device: d_19, sg: g_0) ,1.03, ms, throughput ,48587.70128669951, points/s
2026/06/17 11:50:34 INFO  [benchmark.tsdb.DBWrapper] DataClientService-thread-1 insert one batch latency (device: d_0, sg: g_0) ,1.11, ms, throughput ,44884.230105289425, points/s
2026/06/17 11:50:34 INFO  [benchmark.tsdb.DBWrapper] DataClientService-thread-1 insert one batch latency (device: d_1, sg: g_0) ,1.12, ms, throughput ,44456.10182225561, points/s
2026/06/17 11:50:34 INFO  [benchmark.tsdb.DBWrapper] DataClientService-thread-1 insert one batch latency (device: d_2, sg: g_0) ,1.30, ms, throughput ,38336.443696798604, points/s
2026/06/17 11:50:34 INFO  [benchmark.tsdb.DBWrapper] DataClientService-thread-1 insert one batch latency (device: d_3, sg: g_0) ,1.26, ms, throughput ,39637.33424657752, points/s
2026/06/17 11:50:34 INFO  [benchmark.tsdb.DBWrapper] DataClientService-thread-1 insert one batch latency (device: d_4, sg: g_0) ,1.29, ms, throughput ,38617.58320351389, points/s
2026/06/17 11:50:34 INFO  [benchmark.tsdb.DBWrapper] DataClientService-thread-1 insert one batch latency (device: d_5, sg: g_0) ,1.14, ms, throughput ,44013.42585542294, points/s
2026/06/17 11:50:34 INFO  [benchmark.tsdb.DBWrapper] DataClientService-thread-1 insert one batch latency (device: d_6, sg: g_0) ,1.12, ms, throughput ,44747.41427066637, points/s
2026/06/17 11:50:34 INFO  [benchmark.tsdb.DBWrapper] DataClientService-thread-1 insert one batch latency (device: d_7, sg: g_0) ,1.11, ms, throughput ,44920.64319173748, points/s
2026/06/17 11:50:34 INFO  [benchmark.tsdb.DBWrapper] DataClientService-thread-1 insert one batch latency (device: d_8, sg: g_0) ,1.08, ms, throughput ,46420.38486212682, points/s
2026/06/17 11:50:34 INFO  [benchmark.tsdb.DBWrapper] DataClientService-thread-1 insert one batch latency (device: d_9, sg: g_0) ,1.15, ms, throughput ,43659.73350098672, points/s
2026/06/17 11:50:34 INFO  [benchmark.tsdb.DBWrapper] DataClientService-thread-1 insert one batch latency (device: d_10, sg: g_0) ,1.11, ms, throughput ,45070.66629768814, points/s
2026/06/17 11:50:34 INFO  [benchmark.tsdb.DBWrapper] DataClientService-thread-1 insert one batch latency (device: d_11, sg: g_0) ,1.86, ms, throughput ,26947.771446249168, points/s
2026/06/17 11:50:34 INFO  [benchmark.tsdb.DBWrapper] DataClientService-thread-1 insert one batch latency (device: d_12, sg: g_0) ,1.11, ms, throughput ,44950.648682811145, points/s
2026/06/17 11:50:34 INFO  [benchmark.tsdb.DBWrapper] DataClientService-thread-1 insert one batch latency (device: d_13, sg: g_0) ,1.25, ms, throughput ,39854.8327571653, points/s
2026/06/17 11:50:34 INFO  [benchmark.tsdb.DBWrapper] DataClientService-thread-1 insert one batch latency (device: d_14, sg: g_0) ,1.61, ms, throughput ,31115.754964674285, points/s
2026/06/17 11:50:34 INFO  [benchmark.tsdb.DBWrapper] DataClientService-thread-1 insert one batch latency (device: d_15, sg: g_0) ,1.52, ms, throughput ,32892.52958025185, points/s
2026/06/17 11:50:34 INFO  [benchmark.tsdb.DBWrapper] DataClientService-thread-1 insert one batch latency (device: d_16, sg: g_0) ,1.51, ms, throughput ,33071.10154547872, points/s
2026/06/17 11:50:34 INFO  [benchmark.tsdb.DBWrapper] DataClientService-thread-1 insert one batch latency (device: d_17, sg: g_0) ,1.25, ms, throughput ,40128.76518171508, points/s
2026/06/17 11:50:34 INFO  [benchmark.tsdb.DBWrapper] DataClientService-thread-1 insert one batch latency (device: d_18, sg: g_0) ,1.11, ms, throughput ,45056.776043492406, points/s
2026/06/17 11:50:34 INFO  [benchmark.tsdb.DBWrapper] DataClientService-thread-1 insert one batch latency (device: d_19, sg: g_0) ,1.05, ms, throughput ,47574.418283800434, points/s
2026/06/17 11:50:34 INFO  [benchmark.tsdb.DBWrapper] DataClientService-thread-1 insert one batch latency (device: d_0, sg: g_0) ,1.18, ms, throughput ,42519.537727585826, points/s
2026/06/17 11:50:34 INFO  [benchmark.tsdb.DBWrapper] DataClientService-thread-1 insert one batch latency (device: d_1, sg: g_0) ,0.97, ms, throughput ,51679.21265685933, points/s
2026/06/17 11:50:34 INFO  [benchmark.tsdb.DBWrapper] DataClientService-thread-1 insert one batch latency (device: d_2, sg: g_0) ,1.08, ms, throughput ,46182.209135210425, points/s
2026/06/17 11:50:34 INFO  [benchmark.tsdb.DBWrapper] DataClientService-thread-1 insert one batch latency (device: d_3, sg: g_0) ,1.35, ms, throughput ,37123.27302533886, points/s
2026/06/17 11:50:34 INFO  [benchmark.tsdb.DBWrapper] DataClientService-thread-1 insert one batch latency (device: d_4, sg: g_0) ,1.13, ms, throughput ,44122.52649116491, points/s
2026/06/17 11:50:34 INFO  [benchmark.tsdb.DBWrapper] DataClientService-thread-1 insert one batch latency (device: d_5, sg: g_0) ,1.34, ms, throughput ,37359.74218789111, points/s
2026/06/17 11:50:34 INFO  [benchmark.tsdb.DBWrapper] DataClientService-thread-1 insert one batch latency (device: d_6, sg: g_0) ,1.01, ms, throughput ,49695.61436203255, points/s
2026/06/17 11:50:34 INFO  [benchmark.tsdb.DBWrapper] DataClientService-thread-1 insert one batch latency (device: d_7, sg: g_0) ,0.96, ms, throughput ,52242.018464419, points/s
2026/06/17 11:50:34 INFO  [benchmark.tsdb.DBWrapper] DataClientService-thread-1 insert one batch latency (device: d_8, sg: g_0) ,1.18, ms, throughput ,42219.353182621504, points/s
2026/06/17 11:50:34 INFO  [benchmark.tsdb.DBWrapper] DataClientService-thread-1 insert one batch latency (device: d_9, sg: g_0) ,1.19, ms, throughput ,42151.97642187047, points/s
2026/06/17 11:50:34 INFO  [benchmark.tsdb.DBWrapper] DataClientService-thread-1 insert one batch latency (device: d_10, sg: g_0) ,1.14, ms, throughput ,43953.107308874314, points/s
2026/06/17 11:50:34 INFO  [benchmark.tsdb.DBWrapper] DataClientService-thread-1 insert one batch latency (device: d_11, sg: g_0) ,1.21, ms, throughput ,41351.90971389441, points/s
2026/06/17 11:50:34 INFO  [benchmark.tsdb.DBWrapper] DataClientService-thread-1 insert one batch latency (device: d_12, sg: g_0) ,1.26, ms, throughput ,39552.862796656365, points/s
2026/06/17 11:50:34 INFO  [benchmark.tsdb.DBWrapper] DataClientService-thread-1 insert one batch latency (device: d_13, sg: g_0) ,1.39, ms, throughput ,35910.768921384144, points/s
2026/06/17 11:50:34 INFO  [benchmark.tsdb.DBWrapper] DataClientService-thread-1 insert one batch latency (device: d_14, sg: g_0) ,1.33, ms, throughput ,37535.593126181906, points/s
2026/06/17 11:50:34 INFO  [benchmark.tsdb.DBWrapper] DataClientService-thread-1 insert one batch latency (device: d_15, sg: g_0) ,1.48, ms, throughput ,33858.08856192509, points/s
2026/06/17 11:50:34 INFO  [benchmark.tsdb.DBWrapper] DataClientService-thread-1 insert one batch latency (device: d_16, sg: g_0) ,1.73, ms, throughput ,28898.51016620689, points/s
2026/06/17 11:50:34 INFO  [benchmark.tsdb.DBWrapper] DataClientService-thread-1 insert one batch latency (device: d_17, sg: g_0) ,1.44, ms, throughput ,34686.23525314708, points/s
2026/06/17 11:50:34 INFO  [benchmark.tsdb.DBWrapper] DataClientService-thread-1 insert one batch latency (device: d_18, sg: g_0) ,1.66, ms, throughput ,30169.862359053943, points/s
2026/06/17 11:50:34 INFO  [benchmark.tsdb.DBWrapper] DataClientService-thread-1 insert one batch latency (device: d_19, sg: g_0) ,1.35, ms, throughput ,37089.8694955852, points/s
2026/06/17 11:50:34 INFO  [benchmark.tsdb.DBWrapper] DataClientService-thread-1 insert one batch latency (device: d_0, sg: g_0) ,1.42, ms, throughput ,35234.46776574716, points/s
2026/06/17 11:50:34 INFO  [benchmark.tsdb.DBWrapper] DataClientService-thread-1 insert one batch latency (device: d_1, sg: g_0) ,1.06, ms, throughput ,47191.75994118019, points/s
2026/06/17 11:50:34 INFO  [benchmark.tsdb.DBWrapper] DataClientService-thread-1 insert one batch latency (device: d_2, sg: g_0) ,1.21, ms, throughput ,41476.97861778799, points/s
2026/06/17 11:50:34 INFO  [benchmark.tsdb.DBWrapper] DataClientService-thread-1 insert one batch latency (device: d_3, sg: g_0) ,1.00, ms, throughput ,50143.561015186475, points/s
2026/06/17 11:50:34 INFO  [benchmark.tsdb.DBWrapper] DataClientService-thread-1 insert one batch latency (device: d_4, sg: g_0) ,1.00, ms, throughput ,50227.07661336904, points/s
2026/06/17 11:50:34 INFO  [benchmark.tsdb.DBWrapper] DataClientService-thread-1 insert one batch latency (device: d_5, sg: g_0) ,1.07, ms, throughput ,46813.01664015489, points/s
2026/06/17 11:50:34 INFO  [benchmark.tsdb.DBWrapper] DataClientService-thread-1 insert one batch latency (device: d_6, sg: g_0) ,0.96, ms, throughput ,51954.25946996264, points/s
2026/06/17 11:50:34 INFO  [benchmark.tsdb.DBWrapper] DataClientService-thread-1 insert one batch latency (device: d_7, sg: g_0) ,1.15, ms, throughput ,43634.12956892971, points/s
2026/06/17 11:50:34 INFO  [benchmark.tsdb.DBWrapper] DataClientService-thread-1 insert one batch latency (device: d_8, sg: g_0) ,1.24, ms, throughput ,40271.980849867665, points/s
2026/06/17 11:50:34 INFO  [benchmark.tsdb.DBWrapper] DataClientService-thread-1 insert one batch latency (device: d_9, sg: g_0) ,1.02, ms, throughput ,49130.1989576537, points/s
2026/06/17 11:50:34 INFO  [benchmark.tsdb.DBWrapper] DataClientService-thread-1 insert one batch latency (device: d_10, sg: g_0) ,1.02, ms, throughput ,49257.2499283307, points/s
2026/06/17 11:50:34 INFO  [benchmark.tsdb.DBWrapper] DataClientService-thread-1 insert one batch latency (device: d_11, sg: g_0) ,1.06, ms, throughput ,47148.95013432735, points/s
2026/06/17 11:50:34 INFO  [benchmark.tsdb.DBWrapper] DataClientService-thread-1 insert one batch latency (device: d_12, sg: g_0) ,0.96, ms, throughput ,51858.98918532639, points/s
2026/06/17 11:50:34 INFO  [benchmark.tsdb.DBWrapper] DataClientService-thread-1 insert one batch latency (device: d_13, sg: g_0) ,1.27, ms, throughput ,39287.38961225704, points/s
2026/06/17 11:50:34 INFO  [benchmark.tsdb.DBWrapper] DataClientService-thread-1 insert one batch latency (device: d_14, sg: g_0) ,1.02, ms, throughput ,49222.43322238597, points/s
2026/06/17 11:50:34 INFO  [benchmark.tsdb.DBWrapper] DataClientService-thread-1 insert one batch latency (device: d_15, sg: g_0) ,0.96, ms, throughput ,51885.08905556686, points/s
2026/06/17 11:50:34 INFO  [benchmark.tsdb.DBWrapper] DataClientService-thread-1 insert one batch latency (device: d_16, sg: g_0) ,0.93, ms, throughput ,53521.84440557569, points/s
2026/06/17 11:50:34 INFO  [benchmark.tsdb.DBWrapper] DataClientService-thread-1 insert one batch latency (device: d_17, sg: g_0) ,1.08, ms, throughput ,46418.48866971111, points/s
2026/06/17 11:50:34 INFO  [benchmark.tsdb.DBWrapper] DataClientService-thread-1 insert one batch latency (device: d_18, sg: g_0) ,0.99, ms, throughput ,50457.44721646447, points/s
2026/06/17 11:50:34 INFO  [benchmark.tsdb.DBWrapper] DataClientService-thread-1 insert one batch latency (device: d_19, sg: g_0) ,1.14, ms, throughput ,43776.090549967776, points/s
2026/06/17 11:50:34 INFO  [benchmark.tsdb.DBWrapper] DataClientService-thread-1 insert one batch latency (device: d_0, sg: g_0) ,1.10, ms, throughput ,45295.22977817114, points/s
2026/06/17 11:50:34 INFO  [benchmark.tsdb.DBWrapper] DataClientService-thread-1 insert one batch latency (device: d_1, sg: g_0) ,1.02, ms, throughput ,48939.00242737452, points/s
2026/06/17 11:50:34 INFO  [benchmark.tsdb.DBWrapper] DataClientService-thread-1 insert one batch latency (device: d_2, sg: g_0) ,0.97, ms, throughput ,51785.02998353236, points/s
2026/06/17 11:50:34 INFO  [benchmark.tsdb.DBWrapper] DataClientService-thread-1 insert one batch latency (device: d_3, sg: g_0) ,1.01, ms, throughput ,49545.66624057394, points/s
2026/06/17 11:50:34 INFO  [benchmark.tsdb.DBWrapper] DataClientService-thread-1 insert one batch latency (device: d_4, sg: g_0) ,0.98, ms, throughput ,50963.931806182125, points/s
2026/06/17 11:50:34 INFO  [benchmark.tsdb.DBWrapper] DataClientService-thread-1 insert one batch latency (device: d_5, sg: g_0) ,1.02, ms, throughput ,49073.82961370063, points/s
2026/06/17 11:50:34 INFO  [benchmark.tsdb.DBWrapper] DataClientService-thread-1 insert one batch latency (device: d_6, sg: g_0) ,0.96, ms, throughput ,52055.29938564336, points/s
2026/06/17 11:50:34 INFO  [benchmark.tsdb.DBWrapper] DataClientService-thread-1 insert one batch latency (device: d_7, sg: g_0) ,0.99, ms, throughput ,50709.93914807303, points/s
2026/06/17 11:50:34 INFO  [benchmark.tsdb.DBWrapper] DataClientService-thread-1 insert one batch latency (device: d_8, sg: g_0) ,0.95, ms, throughput ,52825.75530264932, points/s
2026/06/17 11:50:34 INFO  [benchmark.tsdb.DBWrapper] DataClientService-thread-1 insert one batch latency (device: d_9, sg: g_0) ,0.96, ms, throughput ,52162.33754039973, points/s
2026/06/17 11:50:34 INFO  [benchmark.tsdb.DBWrapper] DataClientService-thread-1 insert one batch latency (device: d_10, sg: g_0) ,0.96, ms, throughput ,51858.021035687656, points/s
2026/06/17 11:50:34 INFO  [benchmark.tsdb.DBWrapper] DataClientService-thread-1 insert one batch latency (device: d_11, sg: g_0) ,1.14, ms, throughput ,43860.49555342297, points/s
2026/06/17 11:50:34 INFO  [benchmark.tsdb.DBWrapper] DataClientService-thread-1 insert one batch latency (device: d_12, sg: g_0) ,1.04, ms, throughput ,48081.50006587166, points/s
2026/06/17 11:50:34 INFO  [benchmark.tsdb.DBWrapper] DataClientService-thread-1 insert one batch latency (device: d_13, sg: g_0) ,1.07, ms, throughput ,46647.14328229825, points/s
2026/06/17 11:50:34 INFO  [benchmark.tsdb.DBWrapper] DataClientService-thread-1 insert one batch latency (device: d_14, sg: g_0) ,1.19, ms, throughput ,41967.64462470014, points/s
2026/06/17 11:50:34 INFO  [benchmark.tsdb.DBWrapper] DataClientService-thread-1 insert one batch latency (device: d_15, sg: g_0) ,1.13, ms, throughput ,44068.62719175317, points/s
2026/06/17 11:50:34 INFO  [benchmark.tsdb.DBWrapper] DataClientService-thread-1 insert one batch latency (device: d_16, sg: g_0) ,1.12, ms, throughput ,44678.36048288372, points/s
2026/06/17 11:50:34 INFO  [benchmark.tsdb.DBWrapper] DataClientService-thread-1 insert one batch latency (device: d_17, sg: g_0) ,1.24, ms, throughput ,40437.37060041408, points/s
2026/06/17 11:50:34 INFO  [benchmark.tsdb.DBWrapper] DataClientService-thread-1 insert one batch latency (device: d_18, sg: g_0) ,1.22, ms, throughput ,40938.842282291334, points/s
2026/06/17 11:50:34 INFO  [benchmark.tsdb.DBWrapper] DataClientService-thread-1 insert one batch latency (device: d_19, sg: g_0) ,1.04, ms, throughput ,47928.2992643006, points/s
2026/06/17 11:50:34 INFO  [benchmark.tsdb.DBWrapper] DataClientService-thread-1 insert one batch latency (device: d_0, sg: g_0) ,1.18, ms, throughput ,42546.52888398753, points/s
2026/06/17 11:50:34 INFO  [benchmark.tsdb.DBWrapper] DataClientService-thread-1 insert one batch latency (device: d_1, sg: g_0) ,1.18, ms, throughput ,42488.75322702081, points/s
2026/06/17 11:50:34 INFO  [benchmark.tsdb.DBWrapper] DataClientService-thread-1 insert one batch latency (device: d_2, sg: g_0) ,1.25, ms, throughput ,40076.5622645502, points/s
2026/06/17 11:50:34 INFO  [benchmark.tsdb.DBWrapper] DataClientService-thread-1 insert one batch latency (device: d_3, sg: g_0) ,1.03, ms, throughput ,48395.87047716393, points/s
2026/06/17 11:50:34 INFO  [benchmark.tsdb.DBWrapper] DataClientService-thread-1 insert one batch latency (device: d_4, sg: g_0) ,1.08, ms, throughput ,46385.889783415005, points/s
2026/06/17 11:50:34 INFO  [benchmark.tsdb.DBWrapper] DataClientService-thread-1 insert one batch latency (device: d_5, sg: g_0) ,0.98, ms, throughput ,51171.625538325505, points/s
2026/06/17 11:50:34 INFO  [benchmark.tsdb.DBWrapper] DataClientService-thread-1 insert one batch latency (device: d_6, sg: g_0) ,1.23, ms, throughput ,40568.34630438592, points/s
2026/06/17 11:50:34 INFO  [benchmark.tsdb.DBWrapper] DataClientService-thread-1 insert one batch latency (device: d_7, sg: g_0) ,1.06, ms, throughput ,47040.31731516448, points/s
2026/06/17 11:50:34 INFO  [benchmark.tsdb.DBWrapper] DataClientService-thread-1 insert one batch latency (device: d_8, sg: g_0) ,1.02, ms, throughput ,48983.83043757256, points/s
2026/06/17 11:50:34 INFO  [benchmark.tsdb.DBWrapper] DataClientService-thread-1 insert one batch latency (device: d_9, sg: g_0) ,1.02, ms, throughput ,48976.58527411215, points/s
2026/06/17 11:50:34 INFO  [benchmark.tsdb.DBWrapper] DataClientService-thread-1 insert one batch latency (device: d_10, sg: g_0) ,0.98, ms, throughput ,50825.507899300435, points/s
2026/06/17 11:50:34 INFO  [benchmark.tsdb.DBWrapper] DataClientService-thread-1 insert one batch latency (device: d_11, sg: g_0) ,1.00, ms, throughput ,50242.72259284604, points/s
2026/06/17 11:50:34 INFO  [benchmark.tsdb.DBWrapper] DataClientService-thread-1 insert one batch latency (device: d_12, sg: g_0) ,0.94, ms, throughput ,53424.96783816937, points/s
2026/06/17 11:50:34 INFO  [benchmark.tsdb.DBWrapper] DataClientService-thread-1 insert one batch latency (device: d_13, sg: g_0) ,1.00, ms, throughput ,49774.71961900438, points/s
2026/06/17 11:50:34 INFO  [benchmark.tsdb.DBWrapper] DataClientService-thread-1 insert one batch latency (device: d_14, sg: g_0) ,1.14, ms, throughput ,43909.83729648888, points/s
2026/06/17 11:50:34 INFO  [benchmark.tsdb.DBWrapper] DataClientService-thread-1 insert one batch latency (device: d_15, sg: g_0) ,1.05, ms, throughput ,47611.15777004573, points/s
2026/06/17 11:50:34 INFO  [benchmark.tsdb.DBWrapper] DataClientService-thread-1 insert one batch latency (device: d_16, sg: g_0) ,1.03, ms, throughput ,48726.199687762506, points/s
2026/06/17 11:50:34 INFO  [benchmark.tsdb.DBWrapper] DataClientService-thread-1 insert one batch latency (device: d_17, sg: g_0) ,1.12, ms, throughput ,44713.48048837852, points/s
2026/06/17 11:50:34 INFO  [benchmark.tsdb.DBWrapper] DataClientService-thread-1 insert one batch latency (device: d_18, sg: g_0) ,1.05, ms, throughput ,47772.69370155251, points/s
2026/06/17 11:50:34 INFO  [benchmark.tsdb.DBWrapper] DataClientService-thread-1 insert one batch latency (device: d_19, sg: g_0) ,0.98, ms, throughput ,50919.40069902153, points/s
2026/06/17 11:50:34 INFO  [benchmark.tsdb.DBWrapper] DataClientService-thread-1 insert one batch latency (device: d_0, sg: g_0) ,1.04, ms, throughput ,48138.90191313624, points/s
2026/06/17 11:50:34 INFO  [benchmark.tsdb.DBWrapper] DataClientService-thread-1 insert one batch latency (device: d_1, sg: g_0) ,1.06, ms, throughput ,47126.95246964082, points/s
2026/06/17 11:50:34 INFO  [benchmark.tsdb.DBWrapper] DataClientService-thread-1 insert one batch latency (device: d_2, sg: g_0) ,1.05, ms, throughput ,47800.004780000476, points/s
2026/06/17 11:50:34 INFO  [benchmark.tsdb.DBWrapper] DataClientService-thread-1 insert one batch latency (device: d_3, sg: g_0) ,1.02, ms, throughput ,49220.49502036251, points/s
2026/06/17 11:50:34 INFO  [benchmark.tsdb.DBWrapper] DataClientService-thread-1 insert one batch latency (device: d_4, sg: g_0) ,1.10, ms, throughput ,45466.94553059926, points/s
2026/06/17 11:50:34 INFO  [benchmark.tsdb.DBWrapper] DataClientService-thread-1 insert one batch latency (device: d_5, sg: g_0) ,1.03, ms, throughput ,48410.86494724184, points/s
2026/06/17 11:50:34 INFO  [benchmark.tsdb.DBWrapper] DataClientService-thread-1 insert one batch latency (device: d_6, sg: g_0) ,1.15, ms, throughput ,43623.2798250183, points/s
2026/06/17 11:50:34 INFO  [benchmark.tsdb.DBWrapper] DataClientService-thread-1 insert one batch latency (device: d_7, sg: g_0) ,1.04, ms, throughput ,48288.55696407911, points/s
2026/06/17 11:50:34 INFO  [benchmark.tsdb.DBWrapper] DataClientService-thread-1 insert one batch latency (device: d_8, sg: g_0) ,1.22, ms, throughput ,41090.77939346722, points/s
2026/06/17 11:50:34 INFO  [benchmark.tsdb.DBWrapper] DataClientService-thread-1 insert one batch latency (device: d_9, sg: g_0) ,1.14, ms, throughput ,43709.65598752351, points/s
2026/06/17 11:50:34 INFO  [benchmark.tsdb.DBWrapper] DataClientService-thread-1 insert one batch latency (device: d_10, sg: g_0) ,0.98, ms, throughput ,51093.34652222918, points/s
2026/06/17 11:50:34 INFO  [benchmark.tsdb.DBWrapper] DataClientService-thread-1 insert one batch latency (device: d_11, sg: g_0) ,1.16, ms, throughput ,43089.592743023146, points/s
2026/06/17 11:50:34 INFO  [benchmark.tsdb.DBWrapper] DataClientService-thread-1 insert one batch latency (device: d_12, sg: g_0) ,1.00, ms, throughput ,50080.37900830834, points/s
2026/06/17 11:50:34 INFO  [benchmark.tsdb.DBWrapper] DataClientService-thread-1 insert one batch latency (device: d_13, sg: g_0) ,1.13, ms, throughput ,44293.49222294864, points/s
2026/06/17 11:50:34 INFO  [benchmark.tsdb.DBWrapper] DataClientService-thread-1 insert one batch latency (device: d_14, sg: g_0) ,1.02, ms, throughput ,49113.16360478834, points/s
2026/06/17 11:50:34 INFO  [benchmark.tsdb.DBWrapper] DataClientService-thread-1 insert one batch latency (device: d_15, sg: g_0) ,1.00, ms, throughput ,49931.99262604333, points/s
2026/06/17 11:50:34 INFO  [benchmark.tsdb.DBWrapper] DataClientService-thread-1 insert one batch latency (device: d_16, sg: g_0) ,1.19, ms, throughput ,41877.41475642839, points/s
2026/06/17 11:50:34 INFO  [benchmark.tsdb.DBWrapper] DataClientService-thread-1 insert one batch latency (device: d_17, sg: g_0) ,1.28, ms, throughput ,39149.36264837608, points/s
2026/06/17 11:50:34 INFO  [benchmark.tsdb.DBWrapper] DataClientService-thread-1 insert one batch latency (device: d_18, sg: g_0) ,1.05, ms, throughput ,47456.79059216583, points/s
2026/06/17 11:50:34 INFO  [benchmark.tsdb.DBWrapper] DataClientService-thread-1 insert one batch latency (device: d_19, sg: g_0) ,1.10, ms, throughput ,45327.87464848233, points/s
2026/06/17 11:50:34 INFO  [benchmark.tsdb.DBWrapper] DataClientService-thread-1 insert one batch latency (device: d_0, sg: g_0) ,0.99, ms, throughput ,50295.89072513597, points/s
2026/06/17 11:50:34 INFO  [benchmark.tsdb.DBWrapper] DataClientService-thread-1 insert one batch latency (device: d_1, sg: g_0) ,1.10, ms, throughput ,45371.92729965345, points/s
2026/06/17 11:50:34 INFO  [benchmark.tsdb.DBWrapper] DataClientService-thread-1 insert one batch latency (device: d_2, sg: g_0) ,1.06, ms, throughput ,47077.38863608331, points/s
2026/06/17 11:50:34 INFO  [benchmark.tsdb.DBWrapper] DataClientService-thread-1 insert one batch latency (device: d_3, sg: g_0) ,0.96, ms, throughput ,52251.9001403486, points/s
2026/06/17 11:50:34 INFO  [benchmark.tsdb.DBWrapper] DataClientService-thread-1 insert one batch latency (device: d_4, sg: g_0) ,1.17, ms, throughput ,42643.81413096598, points/s
2026/06/17 11:50:34 INFO  [benchmark.tsdb.DBWrapper] DataClientService-thread-1 insert one batch latency (device: d_5, sg: g_0) ,1.07, ms, throughput ,46722.815030916485, points/s
2026/06/17 11:50:34 INFO  [benchmark.tsdb.DBWrapper] DataClientService-thread-1 insert one batch latency (device: d_6, sg: g_0) ,0.94, ms, throughput ,53047.75252586874, points/s
2026/06/17 11:50:34 INFO  [benchmark.tsdb.DBWrapper] DataClientService-thread-1 insert one batch latency (device: d_7, sg: g_0) ,0.98, ms, throughput ,50808.77406557584, points/s
2026/06/17 11:50:34 INFO  [benchmark.tsdb.DBWrapper] DataClientService-thread-1 insert one batch latency (device: d_8, sg: g_0) ,1.00, ms, throughput ,49786.96159135061, points/s
2026/06/17 11:50:34 INFO  [benchmark.tsdb.DBWrapper] DataClientService-thread-1 insert one batch latency (device: d_9, sg: g_0) ,1.10, ms, throughput ,45539.124027625854, points/s
2026/06/17 11:50:34 INFO  [benchmark.tsdb.DBWrapper] DataClientService-thread-1 insert one batch latency (device: d_10, sg: g_0) ,1.03, ms, throughput ,48464.12346332381, points/s
2026/06/17 11:50:34 INFO  [benchmark.tsdb.DBWrapper] DataClientService-thread-1 insert one batch latency (device: d_11, sg: g_0) ,0.89, ms, throughput ,55986.464712291156, points/s
2026/06/17 11:50:34 INFO  [benchmark.tsdb.DBWrapper] DataClientService-thread-1 insert one batch latency (device: d_12, sg: g_0) ,1.10, ms, throughput ,45328.94307410013, points/s
2026/06/17 11:50:34 INFO  [benchmark.tsdb.DBWrapper] DataClientService-thread-1 insert one batch latency (device: d_13, sg: g_0) ,0.90, ms, throughput ,55347.14281444649, points/s
2026/06/17 11:50:34 INFO  [benchmark.tsdb.DBWrapper] DataClientService-thread-1 insert one batch latency (device: d_14, sg: g_0) ,0.88, ms, throughput ,56611.29327367258, points/s
2026/06/17 11:50:34 INFO  [benchmark.tsdb.DBWrapper] DataClientService-thread-1 insert one batch latency (device: d_15, sg: g_0) ,1.08, ms, throughput ,46276.543068190345, points/s
2026/06/17 11:50:34 INFO  [benchmark.tsdb.DBWrapper] DataClientService-thread-1 insert one batch latency (device: d_16, sg: g_0) ,0.95, ms, throughput ,52699.255886506886, points/s
2026/06/17 11:50:34 INFO  [benchmark.tsdb.DBWrapper] DataClientService-thread-1 insert one batch latency (device: d_17, sg: g_0) ,1.04, ms, throughput ,47849.49992487629, points/s
2026/06/17 11:50:34 INFO  [benchmark.tsdb.DBWrapper] DataClientService-thread-1 insert one batch latency (device: d_18, sg: g_0) ,0.87, ms, throughput ,57665.6705883167, points/s
2026/06/17 11:50:34 INFO  [benchmark.tsdb.DBWrapper] DataClientService-thread-1 insert one batch latency (device: d_19, sg: g_0) ,1.07, ms, throughput ,46709.19694746056, points/s
2026/06/17 11:50:37 INFO  [benchmark.mode.BaseMode] All dataClients finished. The final test result is: 
----------------------Main Configurations----------------------
########### Test Mode ###########
BENCHMARK_WORK_MODE=testWithDefaultPath
IoTDB_DIALECT_MODE=TREE
########### Database Connection Information ###########
DOUBLE_WRITE=false
DBConfig=
  DB_SWITCH=InfluxDB-2.x
  HOST=[127.0.0.1]
########### Data Mode ###########
GROUP_NUMBER=1
IoTDB_TABLE_NUMBER=1
DEVICE_NUMBER=20
REAL_INSERT_RATE=1.0
SENSOR_NUMBER=5
IS_SENSOR_TS_ALIGNMENT=true
IS_OUT_OF_ORDER=true
OUT_OF_ORDER_RATIO=0.8
########### Data Amount ###########
OPERATION_PROPORTION=1:0:0:0:0:0:0:0:0:0:0:0:0
SCHEMA_CLIENT_NUMBER=1
DATA_CLIENT_NUMBER=1
LOOP=50
BATCH_SIZE_PER_WRITE=10
DEVICE_NUM_PER_WRITE=1
START_TIME=2022-01-01T00:00:00+08:00
POINT_STEP=1000
OP_MIN_INTERVAL=0
OP_MIN_INTERVAL_RANDOM=false
INTERVAL_BETWEEN_WRITE_BATCH=0
INSERT_DATATYPE_PROPORTION=1:1:1:1:1:1:0:0:0:0:0
ENCODINGS=RLE/TS_2DIFF/TS_2DIFF/GORILLA/GORILLA/DICTIONARY/PLAIN/PLAIN/TS_2DIFF/TS_2DIFF
COMPRESSOR=LZ4
########### Other Param ###########
IS_DELETE_DATA=true
CREATE_SCHEMA=true
BENCHMARK_CLUSTER=false
VECTOR=true

---------------------------------------------------------------

Create schema cost 0.02 second
Test elapsed time (not include schema creation): 2.47 second
----------------------------------------------------------Result Matrix----------------------------------------------------------
Operation                okOperation              okPoint                  failOperation            failPoint                throughput(point/s)      
INGESTION                1000                     50000                    0                        0                        20246.16                 
PRECISE_POINT            0                        0                        0                        0                        0.00                     
TIME_RANGE               0                        0                        0                        0                        0.00                     
VALUE_RANGE              0                        0                        0                        0                        0.00                     
AGG_RANGE                0                        0                        0                        0                        0.00                     
AGG_VALUE                0                        0                        0                        0                        0.00                     
AGG_RANGE_VALUE          0                        0                        0                        0                        0.00                     
GROUP_BY                 0                        0                        0                        0                        0.00                     
LATEST_POINT             0                        0                        0                        0                        0.00                     
RANGE_QUERY_DESC         0                        0                        0                        0                        0.00                     
VALUE_RANGE_QUERY_DESC   0                        0                        0                        0                        0.00                     
GROUP_BY_DESC            0                        0                        0                        0                        0.00                     
SET_OPERATION            0                        0                        0                        0                        0.00                     
---------------------------------------------------------------------------------------------------------------------------------

--------------------------------------------------------------------------Latency (ms) Matrix--------------------------------------------------------------------------
Operation                AVG         MIN         P10         P25         MEDIAN      P75         P90         P95         P99         P999        MAX         SLOWEST_THREAD
INGESTION                1.40        0.87        1.00        1.07        1.18        1.35        1.81        2.22        3.51        4.85        76.67       1399.21     
PRECISE_POINT            0.00        0.00        0.00        0.00        0.00        0.00        0.00        0.00        0.00        0.00        0.00        0.00        
TIME_RANGE               0.00        0.00        0.00        0.00        0.00        0.00        0.00        0.00        0.00        0.00        0.00        0.00        
VALUE_RANGE              0.00        0.00        0.00        0.00        0.00        0.00        0.00        0.00        0.00        0.00        0.00        0.00        
AGG_RANGE                0.00        0.00        0.00        0.00        0.00        0.00        0.00        0.00        0.00        0.00        0.00        0.00        
AGG_VALUE                0.00        0.00        0.00        0.00        0.00        0.00        0.00        0.00        0.00        0.00        0.00        0.00        
AGG_RANGE_VALUE          0.00        0.00        0.00        0.00        0.00        0.00        0.00        0.00        0.00        0.00        0.00        0.00        
GROUP_BY                 0.00        0.00        0.00        0.00        0.00        0.00        0.00        0.00        0.00        0.00        0.00        0.00        
LATEST_POINT             0.00        0.00        0.00        0.00        0.00        0.00        0.00        0.00        0.00        0.00        0.00        0.00        
RANGE_QUERY_DESC         0.00        0.00        0.00        0.00        0.00        0.00        0.00        0.00        0.00        0.00        0.00        0.00        
VALUE_RANGE_QUERY_DESC   0.00        0.00        0.00        0.00        0.00        0.00        0.00        0.00        0.00        0.00        0.00        0.00        
GROUP_BY_DESC            0.00        0.00        0.00        0.00        0.00        0.00        0.00        0.00        0.00        0.00        0.00        0.00        
SET_OPERATION            0.00        0.00        0.00        0.00        0.00        0.00        0.00        0.00        0.00        0.00        0.00        0.00        
-----------------------------------------------------------------------------------------------------------------------------------------------------------------------


----------------------------------------------------------------------------SQL Statements Example---------------------------------------------------------------------
Operation                          SQL                                                                             
------------------------------------------------------------------------------------------------------------------------------------------------------------------------
