
Starting iot-benchmark

Using configuration file: /home/yikanji/WorkSpace/BigData/var/benchmarks/iotbench-ooo/configs/influxdb2/ratio_0p0
Set MAX_HEAP_SIZE=1g
Set HEAP_NEWSIZE=512m
2026/06/17 11:50:04 INFO  [iot.benchmark.App] Initial Heap Size: 538968064 bytes, Max Heap Size: 1073741824 bytes. 
2026/06/17 11:50:04 INFO  [benchmark.conf.ConfigDescriptor] Init SensorTypes: BOOLEAN:INT32:INT64:FLOAT:DOUBLE:TEXT:STRING:BLOB:TIMESTAMP:DATE:OBJECT= 1:1:1:1:1:1:0:0:0:0:0
2026/06/17 11:50:04 WARN  [benchmark.influxdb2.InfluxDB] No bucket to clear!
2026/06/17 11:50:04 INFO  [benchmark.tsdb.DBWrapper] Waiting 1000ms for old data deletion.
2026/06/17 11:50:06 INFO  [benchmark.tsdb.DBWrapper] Registering schema...
2026/06/17 11:50:07 INFO  [benchmark.mode.BaseMode] Registering schema successful!
2026/06/17 11:50:07 INFO  [benchmark.schema.MetaDataSchema] SCHEMA_CLIENT_DATA_SCHEMA has been cleared!
2026/06/17 11:50:07 INFO  [benchmark.workload.GenerateDataWorkLoad] Start Generating WorkLoad
2026/06/17 11:50:07 INFO  [benchmark.workload.GenerateDataWorkLoad] Finish 0.0 % WorkLoad Buffer
2026/06/17 11:50:07 INFO  [benchmark.workload.GenerateDataWorkLoad] Finish Generating WorkLoad
2026/06/17 11:50:07 INFO  [benchmark.tsdb.DBWrapper] DataClientService-thread-1 insert one batch latency (device: d_0, sg: g_0) ,86.36, ms, throughput ,578.9896133316295, points/s
2026/06/17 11:50:07 INFO  [benchmark.tsdb.DBWrapper] DataClientService-thread-1 insert one batch latency (device: d_1, sg: g_0) ,3.33, ms, throughput ,15034.198290852202, points/s
2026/06/17 11:50:07 INFO  [benchmark.tsdb.DBWrapper] DataClientService-thread-1 insert one batch latency (device: d_2, sg: g_0) ,3.00, ms, throughput ,16657.371853172597, points/s
2026/06/17 11:50:07 INFO  [benchmark.tsdb.DBWrapper] DataClientService-thread-1 insert one batch latency (device: d_3, sg: g_0) ,2.94, ms, throughput ,17030.34978635426, points/s
2026/06/17 11:50:07 INFO  [benchmark.tsdb.DBWrapper] DataClientService-thread-1 insert one batch latency (device: d_4, sg: g_0) ,3.13, ms, throughput ,15951.181727347088, points/s
2026/06/17 11:50:07 INFO  [benchmark.tsdb.DBWrapper] DataClientService-thread-1 insert one batch latency (device: d_5, sg: g_0) ,2.77, ms, throughput ,18052.26853832587, points/s
2026/06/17 11:50:07 INFO  [benchmark.tsdb.DBWrapper] DataClientService-thread-1 insert one batch latency (device: d_6, sg: g_0) ,2.75, ms, throughput ,18162.88914898146, points/s
2026/06/17 11:50:07 INFO  [benchmark.tsdb.DBWrapper] DataClientService-thread-1 insert one batch latency (device: d_7, sg: g_0) ,2.67, ms, throughput ,18738.052149498177, points/s
2026/06/17 11:50:07 INFO  [benchmark.tsdb.DBWrapper] DataClientService-thread-1 insert one batch latency (device: d_8, sg: g_0) ,3.06, ms, throughput ,16322.671799385223, points/s
2026/06/17 11:50:07 INFO  [benchmark.tsdb.DBWrapper] DataClientService-thread-1 insert one batch latency (device: d_9, sg: g_0) ,2.94, ms, throughput ,16999.089528764838, points/s
2026/06/17 11:50:07 INFO  [benchmark.tsdb.DBWrapper] DataClientService-thread-1 insert one batch latency (device: d_10, sg: g_0) ,2.70, ms, throughput ,18499.45722592499, points/s
2026/06/17 11:50:07 INFO  [benchmark.tsdb.DBWrapper] DataClientService-thread-1 insert one batch latency (device: d_11, sg: g_0) ,3.08, ms, throughput ,16212.058918513003, points/s
2026/06/17 11:50:07 INFO  [benchmark.tsdb.DBWrapper] DataClientService-thread-1 insert one batch latency (device: d_12, sg: g_0) ,2.74, ms, throughput ,18239.6810828242, points/s
2026/06/17 11:50:07 INFO  [benchmark.tsdb.DBWrapper] DataClientService-thread-1 insert one batch latency (device: d_13, sg: g_0) ,2.69, ms, throughput ,18608.25164310862, points/s
2026/06/17 11:50:07 INFO  [benchmark.tsdb.DBWrapper] DataClientService-thread-1 insert one batch latency (device: d_14, sg: g_0) ,2.75, ms, throughput ,18149.327585562285, points/s
2026/06/17 11:50:07 INFO  [benchmark.tsdb.DBWrapper] DataClientService-thread-1 insert one batch latency (device: d_15, sg: g_0) ,2.69, ms, throughput ,18600.713002530814, points/s
2026/06/17 11:50:07 INFO  [benchmark.tsdb.DBWrapper] DataClientService-thread-1 insert one batch latency (device: d_16, sg: g_0) ,2.53, ms, throughput ,19762.158470377315, points/s
2026/06/17 11:50:07 INFO  [benchmark.tsdb.DBWrapper] DataClientService-thread-1 insert one batch latency (device: d_17, sg: g_0) ,2.41, ms, throughput ,20740.31302939649, points/s
2026/06/17 11:50:07 INFO  [benchmark.tsdb.DBWrapper] DataClientService-thread-1 insert one batch latency (device: d_18, sg: g_0) ,2.27, ms, throughput ,22010.946483905376, points/s
2026/06/17 11:50:07 INFO  [benchmark.tsdb.DBWrapper] DataClientService-thread-1 insert one batch latency (device: d_19, sg: g_0) ,2.49, ms, throughput ,20079.531006410187, points/s
2026/06/17 11:50:07 INFO  [benchmark.tsdb.DBWrapper] DataClientService-thread-1 insert one batch latency (device: d_0, sg: g_0) ,1.22, ms, throughput ,41048.88100750374, points/s
2026/06/17 11:50:07 INFO  [benchmark.tsdb.DBWrapper] DataClientService-thread-1 insert one batch latency (device: d_1, sg: g_0) ,1.28, ms, throughput ,39122.40618446997, points/s
2026/06/17 11:50:07 INFO  [benchmark.tsdb.DBWrapper] DataClientService-thread-1 insert one batch latency (device: d_2, sg: g_0) ,1.28, ms, throughput ,39162.64009455428, points/s
2026/06/17 11:50:07 INFO  [benchmark.tsdb.DBWrapper] DataClientService-thread-1 insert one batch latency (device: d_3, sg: g_0) ,1.37, ms, throughput ,36462.57590596739, points/s
2026/06/17 11:50:07 INFO  [benchmark.tsdb.DBWrapper] DataClientService-thread-1 insert one batch latency (device: d_4, sg: g_0) ,1.33, ms, throughput ,37494.77885204485, points/s
2026/06/17 11:50:07 INFO  [benchmark.tsdb.DBWrapper] DataClientService-thread-1 insert one batch latency (device: d_5, sg: g_0) ,1.28, ms, throughput ,39054.475525731825, points/s
2026/06/17 11:50:07 INFO  [benchmark.tsdb.DBWrapper] DataClientService-thread-1 insert one batch latency (device: d_6, sg: g_0) ,1.28, ms, throughput ,39145.255516740865, points/s
2026/06/17 11:50:07 INFO  [benchmark.tsdb.DBWrapper] DataClientService-thread-1 insert one batch latency (device: d_7, sg: g_0) ,1.29, ms, throughput ,38817.70584253054, points/s
2026/06/17 11:50:07 INFO  [benchmark.tsdb.DBWrapper] DataClientService-thread-1 insert one batch latency (device: d_8, sg: g_0) ,1.26, ms, throughput ,39822.96303552925, points/s
2026/06/17 11:50:07 INFO  [benchmark.tsdb.DBWrapper] DataClientService-thread-1 insert one batch latency (device: d_9, sg: g_0) ,1.17, ms, throughput ,42611.36052960807, points/s
2026/06/17 11:50:07 INFO  [benchmark.tsdb.DBWrapper] DataClientService-thread-1 insert one batch latency (device: d_10, sg: g_0) ,1.24, ms, throughput ,40325.83272844584, points/s
2026/06/17 11:50:07 INFO  [benchmark.tsdb.DBWrapper] DataClientService-thread-1 insert one batch latency (device: d_11, sg: g_0) ,1.28, ms, throughput ,39139.61727716642, points/s
2026/06/17 11:50:07 INFO  [benchmark.tsdb.DBWrapper] DataClientService-thread-1 insert one batch latency (device: d_12, sg: g_0) ,1.25, ms, throughput ,40125.3193975424, points/s
2026/06/17 11:50:07 INFO  [benchmark.tsdb.DBWrapper] DataClientService-thread-1 insert one batch latency (device: d_13, sg: g_0) ,1.22, ms, throughput ,41134.6922590268, points/s
2026/06/17 11:50:07 INFO  [benchmark.tsdb.DBWrapper] DataClientService-thread-1 insert one batch latency (device: d_14, sg: g_0) ,1.41, ms, throughput ,35556.08652644768, points/s
2026/06/17 11:50:07 INFO  [benchmark.tsdb.DBWrapper] DataClientService-thread-1 insert one batch latency (device: d_15, sg: g_0) ,1.13, ms, throughput ,44417.122978576735, points/s
2026/06/17 11:50:07 INFO  [benchmark.tsdb.DBWrapper] DataClientService-thread-1 insert one batch latency (device: d_16, sg: g_0) ,1.29, ms, throughput ,38764.97878780361, points/s
2026/06/17 11:50:07 INFO  [benchmark.tsdb.DBWrapper] DataClientService-thread-1 insert one batch latency (device: d_17, sg: g_0) ,1.24, ms, throughput ,40366.20218623351, points/s
2026/06/17 11:50:07 INFO  [benchmark.tsdb.DBWrapper] DataClientService-thread-1 insert one batch latency (device: d_18, sg: g_0) ,1.25, ms, throughput ,40078.55396577292, points/s
2026/06/17 11:50:07 INFO  [benchmark.tsdb.DBWrapper] DataClientService-thread-1 insert one batch latency (device: d_19, sg: g_0) ,1.20, ms, throughput ,41547.56365086751, points/s
2026/06/17 11:50:07 INFO  [benchmark.tsdb.DBWrapper] DataClientService-thread-1 insert one batch latency (device: d_0, sg: g_0) ,1.15, ms, throughput ,43316.33311646289, points/s
2026/06/17 11:50:07 INFO  [benchmark.tsdb.DBWrapper] DataClientService-thread-1 insert one batch latency (device: d_1, sg: g_0) ,1.19, ms, throughput ,42007.20507581461, points/s
2026/06/17 11:50:07 INFO  [benchmark.tsdb.DBWrapper] DataClientService-thread-1 insert one batch latency (device: d_2, sg: g_0) ,1.20, ms, throughput ,41663.43775024102, points/s
2026/06/17 11:50:07 INFO  [benchmark.tsdb.DBWrapper] DataClientService-thread-1 insert one batch latency (device: d_3, sg: g_0) ,1.21, ms, throughput ,41200.51714889125, points/s
2026/06/17 11:50:07 INFO  [benchmark.tsdb.DBWrapper] DataClientService-thread-1 insert one batch latency (device: d_4, sg: g_0) ,1.16, ms, throughput ,42995.18195990957, points/s
2026/06/17 11:50:07 INFO  [benchmark.tsdb.DBWrapper] DataClientService-thread-1 insert one batch latency (device: d_5, sg: g_0) ,1.21, ms, throughput ,41324.73888963732, points/s
2026/06/17 11:50:07 INFO  [benchmark.tsdb.DBWrapper] DataClientService-thread-1 insert one batch latency (device: d_6, sg: g_0) ,1.34, ms, throughput ,37266.79372158873, points/s
2026/06/17 11:50:07 INFO  [benchmark.tsdb.DBWrapper] DataClientService-thread-1 insert one batch latency (device: d_7, sg: g_0) ,1.21, ms, throughput ,41493.43158977934, points/s
2026/06/17 11:50:07 INFO  [benchmark.tsdb.DBWrapper] DataClientService-thread-1 insert one batch latency (device: d_8, sg: g_0) ,1.23, ms, throughput ,40719.198776469515, points/s
2026/06/17 11:50:07 INFO  [benchmark.tsdb.DBWrapper] DataClientService-thread-1 insert one batch latency (device: d_9, sg: g_0) ,1.20, ms, throughput ,41755.85020339274, points/s
2026/06/17 11:50:07 INFO  [benchmark.tsdb.DBWrapper] DataClientService-thread-1 insert one batch latency (device: d_10, sg: g_0) ,1.17, ms, throughput ,42763.58834401425, points/s
2026/06/17 11:50:07 INFO  [benchmark.tsdb.DBWrapper] DataClientService-thread-1 insert one batch latency (device: d_11, sg: g_0) ,1.32, ms, throughput ,37889.17869900684, points/s
2026/06/17 11:50:07 INFO  [benchmark.tsdb.DBWrapper] DataClientService-thread-1 insert one batch latency (device: d_12, sg: g_0) ,1.21, ms, throughput ,41408.65623113319, points/s
2026/06/17 11:50:07 INFO  [benchmark.tsdb.DBWrapper] DataClientService-thread-1 insert one batch latency (device: d_13, sg: g_0) ,1.21, ms, throughput ,41373.46669932412, points/s
2026/06/17 11:50:07 INFO  [benchmark.tsdb.DBWrapper] DataClientService-thread-1 insert one batch latency (device: d_14, sg: g_0) ,1.21, ms, throughput ,41378.1232207407, points/s
2026/06/17 11:50:07 INFO  [benchmark.tsdb.DBWrapper] DataClientService-thread-1 insert one batch latency (device: d_15, sg: g_0) ,1.20, ms, throughput ,41551.2925776095, points/s
2026/06/17 11:50:07 INFO  [benchmark.tsdb.DBWrapper] DataClientService-thread-1 insert one batch latency (device: d_16, sg: g_0) ,1.19, ms, throughput ,41969.617354604656, points/s
2026/06/17 11:50:07 INFO  [benchmark.tsdb.DBWrapper] DataClientService-thread-1 insert one batch latency (device: d_17, sg: g_0) ,1.29, ms, throughput ,38620.83454988962, points/s
2026/06/17 11:50:07 INFO  [benchmark.tsdb.DBWrapper] DataClientService-thread-1 insert one batch latency (device: d_18, sg: g_0) ,1.26, ms, throughput ,39639.59678602149, points/s
2026/06/17 11:50:07 INFO  [benchmark.tsdb.DBWrapper] DataClientService-thread-1 insert one batch latency (device: d_19, sg: g_0) ,1.25, ms, throughput ,40056.14268959373, points/s
2026/06/17 11:50:07 INFO  [benchmark.tsdb.DBWrapper] DataClientService-thread-1 insert one batch latency (device: d_0, sg: g_0) ,1.21, ms, throughput ,41168.56138108997, points/s
2026/06/17 11:50:07 INFO  [benchmark.tsdb.DBWrapper] DataClientService-thread-1 insert one batch latency (device: d_1, sg: g_0) ,1.18, ms, throughput ,42245.571819161916, points/s
2026/06/17 11:50:07 INFO  [benchmark.tsdb.DBWrapper] DataClientService-thread-1 insert one batch latency (device: d_2, sg: g_0) ,1.20, ms, throughput ,41595.71131578049, points/s
2026/06/17 11:50:07 INFO  [benchmark.tsdb.DBWrapper] DataClientService-thread-1 insert one batch latency (device: d_3, sg: g_0) ,1.22, ms, throughput ,41047.43194951495, points/s
2026/06/17 11:50:07 INFO  [benchmark.tsdb.DBWrapper] DataClientService-thread-1 insert one batch latency (device: d_4, sg: g_0) ,1.25, ms, throughput ,39920.12780828119, points/s
2026/06/17 11:50:07 INFO  [benchmark.tsdb.DBWrapper] DataClientService-thread-1 insert one batch latency (device: d_5, sg: g_0) ,1.15, ms, throughput ,43513.67721902348, points/s
2026/06/17 11:50:07 INFO  [benchmark.tsdb.DBWrapper] DataClientService-thread-1 insert one batch latency (device: d_6, sg: g_0) ,1.15, ms, throughput ,43366.41323334773, points/s
2026/06/17 11:50:07 INFO  [benchmark.tsdb.DBWrapper] DataClientService-thread-1 insert one batch latency (device: d_7, sg: g_0) ,1.31, ms, throughput ,38186.97411763268, points/s
2026/06/17 11:50:07 INFO  [benchmark.tsdb.DBWrapper] DataClientService-thread-1 insert one batch latency (device: d_8, sg: g_0) ,1.22, ms, throughput ,41133.135620061454, points/s
2026/06/17 11:50:07 INFO  [benchmark.tsdb.DBWrapper] DataClientService-thread-1 insert one batch latency (device: d_9, sg: g_0) ,1.37, ms, throughput ,36425.015826669376, points/s
2026/06/17 11:50:07 INFO  [benchmark.tsdb.DBWrapper] DataClientService-thread-1 insert one batch latency (device: d_10, sg: g_0) ,1.43, ms, throughput ,34966.208655954884, points/s
2026/06/17 11:50:07 INFO  [benchmark.tsdb.DBWrapper] DataClientService-thread-1 insert one batch latency (device: d_11, sg: g_0) ,1.24, ms, throughput ,40192.118325596355, points/s
2026/06/17 11:50:07 INFO  [benchmark.tsdb.DBWrapper] DataClientService-thread-1 insert one batch latency (device: d_12, sg: g_0) ,1.36, ms, throughput ,36666.24622704326, points/s
2026/06/17 11:50:07 INFO  [benchmark.tsdb.DBWrapper] DataClientService-thread-1 insert one batch latency (device: d_13, sg: g_0) ,1.30, ms, throughput ,38572.15152375427, points/s
2026/06/17 11:50:07 INFO  [benchmark.tsdb.DBWrapper] DataClientService-thread-1 insert one batch latency (device: d_14, sg: g_0) ,1.33, ms, throughput ,37671.7644098266, points/s
2026/06/17 11:50:07 INFO  [benchmark.tsdb.DBWrapper] DataClientService-thread-1 insert one batch latency (device: d_15, sg: g_0) ,1.15, ms, throughput ,43419.550086621995, points/s
2026/06/17 11:50:07 INFO  [benchmark.tsdb.DBWrapper] DataClientService-thread-1 insert one batch latency (device: d_16, sg: g_0) ,1.08, ms, throughput ,46364.55522482172, points/s
2026/06/17 11:50:07 INFO  [benchmark.tsdb.DBWrapper] DataClientService-thread-1 insert one batch latency (device: d_17, sg: g_0) ,1.13, ms, throughput ,44432.003483469074, points/s
2026/06/17 11:50:07 INFO  [benchmark.tsdb.DBWrapper] DataClientService-thread-1 insert one batch latency (device: d_18, sg: g_0) ,1.10, ms, throughput ,45617.191477248874, points/s
2026/06/17 11:50:07 INFO  [benchmark.tsdb.DBWrapper] DataClientService-thread-1 insert one batch latency (device: d_19, sg: g_0) ,1.04, ms, throughput ,48200.25083410534, points/s
2026/06/17 11:50:07 INFO  [benchmark.tsdb.DBWrapper] DataClientService-thread-1 insert one batch latency (device: d_0, sg: g_0) ,1.47, ms, throughput ,33953.251804785104, points/s
2026/06/17 11:50:07 INFO  [benchmark.tsdb.DBWrapper] DataClientService-thread-1 insert one batch latency (device: d_1, sg: g_0) ,1.33, ms, throughput ,37538.01662633833, points/s
2026/06/17 11:50:07 INFO  [benchmark.tsdb.DBWrapper] DataClientService-thread-1 insert one batch latency (device: d_2, sg: g_0) ,1.29, ms, throughput ,38853.96349281591, points/s
2026/06/17 11:50:07 INFO  [benchmark.tsdb.DBWrapper] DataClientService-thread-1 insert one batch latency (device: d_3, sg: g_0) ,1.40, ms, throughput ,35822.95721377636, points/s
2026/06/17 11:50:07 INFO  [benchmark.tsdb.DBWrapper] DataClientService-thread-1 insert one batch latency (device: d_4, sg: g_0) ,1.34, ms, throughput ,37318.55717501508, points/s
2026/06/17 11:50:07 INFO  [benchmark.tsdb.DBWrapper] DataClientService-thread-1 insert one batch latency (device: d_5, sg: g_0) ,1.29, ms, throughput ,38846.62807383657, points/s
2026/06/17 11:50:07 INFO  [benchmark.tsdb.DBWrapper] DataClientService-thread-1 insert one batch latency (device: d_6, sg: g_0) ,1.21, ms, throughput ,41410.336682601366, points/s
2026/06/17 11:50:07 INFO  [benchmark.tsdb.DBWrapper] DataClientService-thread-1 insert one batch latency (device: d_7, sg: g_0) ,1.24, ms, throughput ,40402.08151523967, points/s
2026/06/17 11:50:07 INFO  [benchmark.tsdb.DBWrapper] DataClientService-thread-1 insert one batch latency (device: d_8, sg: g_0) ,1.21, ms, throughput ,41156.63309108539, points/s
2026/06/17 11:50:07 INFO  [benchmark.tsdb.DBWrapper] DataClientService-thread-1 insert one batch latency (device: d_9, sg: g_0) ,1.10, ms, throughput ,45486.79973071814, points/s
2026/06/17 11:50:07 INFO  [benchmark.tsdb.DBWrapper] DataClientService-thread-1 insert one batch latency (device: d_10, sg: g_0) ,1.22, ms, throughput ,40948.19643668795, points/s
2026/06/17 11:50:07 INFO  [benchmark.tsdb.DBWrapper] DataClientService-thread-1 insert one batch latency (device: d_11, sg: g_0) ,1.21, ms, throughput ,41493.19055249843, points/s
2026/06/17 11:50:07 INFO  [benchmark.tsdb.DBWrapper] DataClientService-thread-1 insert one batch latency (device: d_12, sg: g_0) ,1.11, ms, throughput ,44935.257281309096, points/s
2026/06/17 11:50:07 INFO  [benchmark.tsdb.DBWrapper] DataClientService-thread-1 insert one batch latency (device: d_13, sg: g_0) ,1.07, ms, throughput ,46627.87227693226, points/s
2026/06/17 11:50:07 INFO  [benchmark.tsdb.DBWrapper] DataClientService-thread-1 insert one batch latency (device: d_14, sg: g_0) ,1.17, ms, throughput ,42677.191431102794, points/s
2026/06/17 11:50:07 INFO  [benchmark.tsdb.DBWrapper] DataClientService-thread-1 insert one batch latency (device: d_15, sg: g_0) ,1.22, ms, throughput ,41033.485786410856, points/s
2026/06/17 11:50:07 INFO  [benchmark.tsdb.DBWrapper] DataClientService-thread-1 insert one batch latency (device: d_16, sg: g_0) ,1.21, ms, throughput ,41242.99797001964, points/s
2026/06/17 11:50:07 INFO  [benchmark.tsdb.DBWrapper] DataClientService-thread-1 insert one batch latency (device: d_17, sg: g_0) ,1.10, ms, throughput ,45434.47167887642, points/s
2026/06/17 11:50:07 INFO  [benchmark.tsdb.DBWrapper] DataClientService-thread-1 insert one batch latency (device: d_18, sg: g_0) ,1.21, ms, throughput ,41375.14429581573, points/s
2026/06/17 11:50:07 INFO  [benchmark.tsdb.DBWrapper] DataClientService-thread-1 insert one batch latency (device: d_19, sg: g_0) ,1.18, ms, throughput ,42461.402585050186, points/s
2026/06/17 11:50:07 INFO  [benchmark.tsdb.DBWrapper] DataClientService-thread-1 insert one batch latency (device: d_0, sg: g_0) ,1.31, ms, throughput ,38138.76714146889, points/s
2026/06/17 11:50:07 INFO  [benchmark.tsdb.DBWrapper] DataClientService-thread-1 insert one batch latency (device: d_1, sg: g_0) ,1.17, ms, throughput ,42707.95785920382, points/s
2026/06/17 11:50:07 INFO  [benchmark.tsdb.DBWrapper] DataClientService-thread-1 insert one batch latency (device: d_2, sg: g_0) ,1.28, ms, throughput ,39178.10602065626, points/s
2026/06/17 11:50:07 INFO  [benchmark.tsdb.DBWrapper] DataClientService-thread-1 insert one batch latency (device: d_3, sg: g_0) ,1.48, ms, throughput ,33772.46544401336, points/s
2026/06/17 11:50:07 INFO  [benchmark.tsdb.DBWrapper] DataClientService-thread-1 insert one batch latency (device: d_4, sg: g_0) ,1.23, ms, throughput ,40535.3257256634, points/s
2026/06/17 11:50:07 INFO  [benchmark.tsdb.DBWrapper] DataClientService-thread-1 insert one batch latency (device: d_5, sg: g_0) ,1.17, ms, throughput ,42785.58091694635, points/s
2026/06/17 11:50:07 INFO  [benchmark.tsdb.DBWrapper] DataClientService-thread-1 insert one batch latency (device: d_6, sg: g_0) ,1.41, ms, throughput ,35553.50767351356, points/s
2026/06/17 11:50:07 INFO  [benchmark.tsdb.DBWrapper] DataClientService-thread-1 insert one batch latency (device: d_7, sg: g_0) ,1.19, ms, throughput ,42058.75945165472, points/s
2026/06/17 11:50:07 INFO  [benchmark.tsdb.DBWrapper] DataClientService-thread-1 insert one batch latency (device: d_8, sg: g_0) ,1.28, ms, throughput ,39215.6247598043, points/s
2026/06/17 11:50:07 INFO  [benchmark.tsdb.DBWrapper] DataClientService-thread-1 insert one batch latency (device: d_9, sg: g_0) ,1.34, ms, throughput ,37445.9748198287, points/s
2026/06/17 11:50:07 INFO  [benchmark.tsdb.DBWrapper] DataClientService-thread-1 insert one batch latency (device: d_10, sg: g_0) ,1.48, ms, throughput ,33819.24829280435, points/s
2026/06/17 11:50:07 INFO  [benchmark.tsdb.DBWrapper] DataClientService-thread-1 insert one batch latency (device: d_11, sg: g_0) ,1.34, ms, throughput ,37448.975770512676, points/s
2026/06/17 11:50:07 INFO  [benchmark.tsdb.DBWrapper] DataClientService-thread-1 insert one batch latency (device: d_12, sg: g_0) ,1.35, ms, throughput ,37145.19835164468, points/s
2026/06/17 11:50:07 INFO  [benchmark.tsdb.DBWrapper] DataClientService-thread-1 insert one batch latency (device: d_13, sg: g_0) ,1.32, ms, throughput ,37742.17265081395, points/s
2026/06/17 11:50:07 INFO  [benchmark.tsdb.DBWrapper] DataClientService-thread-1 insert one batch latency (device: d_14, sg: g_0) ,1.53, ms, throughput ,32626.19322145159, points/s
2026/06/17 11:50:07 INFO  [benchmark.tsdb.DBWrapper] DataClientService-thread-1 insert one batch latency (device: d_15, sg: g_0) ,1.26, ms, throughput ,39684.082952432276, points/s
2026/06/17 11:50:07 INFO  [benchmark.tsdb.DBWrapper] DataClientService-thread-1 insert one batch latency (device: d_16, sg: g_0) ,1.25, ms, throughput ,39907.92443673955, points/s
2026/06/17 11:50:07 INFO  [benchmark.tsdb.DBWrapper] DataClientService-thread-1 insert one batch latency (device: d_17, sg: g_0) ,1.30, ms, throughput ,38462.603579791445, points/s
2026/06/17 11:50:07 INFO  [benchmark.tsdb.DBWrapper] DataClientService-thread-1 insert one batch latency (device: d_18, sg: g_0) ,1.22, ms, throughput ,40946.620347849734, points/s
2026/06/17 11:50:07 INFO  [benchmark.tsdb.DBWrapper] DataClientService-thread-1 insert one batch latency (device: d_19, sg: g_0) ,1.24, ms, throughput ,40380.35059835603, points/s
2026/06/17 11:50:07 INFO  [benchmark.tsdb.DBWrapper] DataClientService-thread-1 insert one batch latency (device: d_0, sg: g_0) ,1.26, ms, throughput ,39583.23602454477, points/s
2026/06/17 11:50:07 INFO  [benchmark.tsdb.DBWrapper] DataClientService-thread-1 insert one batch latency (device: d_1, sg: g_0) ,1.43, ms, throughput ,35022.12347539941, points/s
2026/06/17 11:50:07 INFO  [benchmark.tsdb.DBWrapper] DataClientService-thread-1 insert one batch latency (device: d_2, sg: g_0) ,1.26, ms, throughput ,39636.957181780635, points/s
2026/06/17 11:50:07 INFO  [benchmark.tsdb.DBWrapper] DataClientService-thread-1 insert one batch latency (device: d_3, sg: g_0) ,1.44, ms, throughput ,34722.849162554325, points/s
2026/06/17 11:50:07 INFO  [benchmark.tsdb.DBWrapper] DataClientService-thread-1 insert one batch latency (device: d_4, sg: g_0) ,1.28, ms, throughput ,39051.94377144928, points/s
2026/06/17 11:50:07 INFO  [benchmark.tsdb.DBWrapper] DataClientService-thread-1 insert one batch latency (device: d_5, sg: g_0) ,1.24, ms, throughput ,40302.39694475589, points/s
2026/06/17 11:50:07 INFO  [benchmark.tsdb.DBWrapper] DataClientService-thread-1 insert one batch latency (device: d_6, sg: g_0) ,1.41, ms, throughput ,35530.693544925714, points/s
2026/06/17 11:50:07 INFO  [benchmark.tsdb.DBWrapper] DataClientService-thread-1 insert one batch latency (device: d_7, sg: g_0) ,1.36, ms, throughput ,36889.17973957715, points/s
2026/06/17 11:50:07 INFO  [benchmark.tsdb.DBWrapper] DataClientService-thread-1 insert one batch latency (device: d_8, sg: g_0) ,1.23, ms, throughput ,40511.777178743636, points/s
2026/06/17 11:50:07 INFO  [benchmark.tsdb.DBWrapper] DataClientService-thread-1 insert one batch latency (device: d_9, sg: g_0) ,1.21, ms, throughput ,41413.80090066734, points/s
2026/06/17 11:50:07 INFO  [benchmark.tsdb.DBWrapper] DataClientService-thread-1 insert one batch latency (device: d_10, sg: g_0) ,1.03, ms, throughput ,48343.603126090755, points/s
2026/06/17 11:50:07 INFO  [benchmark.tsdb.DBWrapper] DataClientService-thread-1 insert one batch latency (device: d_11, sg: g_0) ,1.25, ms, throughput ,40045.04266398845, points/s
2026/06/17 11:50:07 INFO  [benchmark.tsdb.DBWrapper] DataClientService-thread-1 insert one batch latency (device: d_12, sg: g_0) ,1.31, ms, throughput ,38047.175453788666, points/s
2026/06/17 11:50:07 INFO  [benchmark.tsdb.DBWrapper] DataClientService-thread-1 insert one batch latency (device: d_13, sg: g_0) ,1.39, ms, throughput ,36020.84886732441, points/s
2026/06/17 11:50:07 INFO  [benchmark.tsdb.DBWrapper] DataClientService-thread-1 insert one batch latency (device: d_14, sg: g_0) ,1.21, ms, throughput ,41311.35459105477, points/s
2026/06/17 11:50:07 INFO  [benchmark.tsdb.DBWrapper] DataClientService-thread-1 insert one batch latency (device: d_15, sg: g_0) ,1.13, ms, throughput ,44151.04602658246, points/s
2026/06/17 11:50:07 INFO  [benchmark.tsdb.DBWrapper] DataClientService-thread-1 insert one batch latency (device: d_16, sg: g_0) ,1.08, ms, throughput ,46480.92887488264, points/s
2026/06/17 11:50:07 INFO  [benchmark.tsdb.DBWrapper] DataClientService-thread-1 insert one batch latency (device: d_17, sg: g_0) ,1.22, ms, throughput ,41032.7449511259, points/s
2026/06/17 11:50:07 INFO  [benchmark.tsdb.DBWrapper] DataClientService-thread-1 insert one batch latency (device: d_18, sg: g_0) ,1.11, ms, throughput ,45044.436336445906, points/s
2026/06/17 11:50:07 INFO  [benchmark.tsdb.DBWrapper] DataClientService-thread-1 insert one batch latency (device: d_19, sg: g_0) ,1.14, ms, throughput ,43982.22062713369, points/s
2026/06/17 11:50:07 INFO  [benchmark.tsdb.DBWrapper] DataClientService-thread-1 insert one batch latency (device: d_0, sg: g_0) ,1.26, ms, throughput ,39668.340935109736, points/s
2026/06/17 11:50:07 INFO  [benchmark.tsdb.DBWrapper] DataClientService-thread-1 insert one batch latency (device: d_1, sg: g_0) ,1.16, ms, throughput ,42971.93932362167, points/s
2026/06/17 11:50:07 INFO  [benchmark.tsdb.DBWrapper] DataClientService-thread-1 insert one batch latency (device: d_2, sg: g_0) ,1.07, ms, throughput ,46591.54866580441, points/s
2026/06/17 11:50:07 INFO  [benchmark.tsdb.DBWrapper] DataClientService-thread-1 insert one batch latency (device: d_3, sg: g_0) ,1.21, ms, throughput ,41463.392385496765, points/s
2026/06/17 11:50:07 INFO  [benchmark.tsdb.DBWrapper] DataClientService-thread-1 insert one batch latency (device: d_4, sg: g_0) ,1.19, ms, throughput ,41895.13480178574, points/s
2026/06/17 11:50:07 INFO  [benchmark.tsdb.DBWrapper] DataClientService-thread-1 insert one batch latency (device: d_5, sg: g_0) ,1.20, ms, throughput ,41686.46773884261, points/s
2026/06/17 11:50:07 INFO  [benchmark.tsdb.DBWrapper] DataClientService-thread-1 insert one batch latency (device: d_6, sg: g_0) ,1.22, ms, throughput ,40946.016771488474, points/s
2026/06/17 11:50:07 INFO  [benchmark.tsdb.DBWrapper] DataClientService-thread-1 insert one batch latency (device: d_7, sg: g_0) ,1.29, ms, throughput ,38714.25319431303, points/s
2026/06/17 11:50:07 INFO  [benchmark.tsdb.DBWrapper] DataClientService-thread-1 insert one batch latency (device: d_8, sg: g_0) ,1.22, ms, throughput ,40910.30334171722, points/s
2026/06/17 11:50:07 INFO  [benchmark.tsdb.DBWrapper] DataClientService-thread-1 insert one batch latency (device: d_9, sg: g_0) ,1.36, ms, throughput ,36866.03325906056, points/s
2026/06/17 11:50:07 INFO  [benchmark.tsdb.DBWrapper] DataClientService-thread-1 insert one batch latency (device: d_10, sg: g_0) ,1.34, ms, throughput ,37347.21255344386, points/s
2026/06/17 11:50:07 INFO  [benchmark.tsdb.DBWrapper] DataClientService-thread-1 insert one batch latency (device: d_11, sg: g_0) ,1.07, ms, throughput ,46640.09425030246, points/s
2026/06/17 11:50:07 INFO  [benchmark.tsdb.DBWrapper] DataClientService-thread-1 insert one batch latency (device: d_12, sg: g_0) ,1.23, ms, throughput ,40649.117629603614, points/s
2026/06/17 11:50:07 INFO  [benchmark.tsdb.DBWrapper] DataClientService-thread-1 insert one batch latency (device: d_13, sg: g_0) ,1.24, ms, throughput ,40369.656874064436, points/s
2026/06/17 11:50:07 INFO  [benchmark.tsdb.DBWrapper] DataClientService-thread-1 insert one batch latency (device: d_14, sg: g_0) ,1.11, ms, throughput ,45204.03292300126, points/s
2026/06/17 11:50:07 INFO  [benchmark.tsdb.DBWrapper] DataClientService-thread-1 insert one batch latency (device: d_15, sg: g_0) ,1.10, ms, throughput ,45534.10595604319, points/s
2026/06/17 11:50:07 INFO  [benchmark.tsdb.DBWrapper] DataClientService-thread-1 insert one batch latency (device: d_16, sg: g_0) ,1.28, ms, throughput ,39164.02048434927, points/s
2026/06/17 11:50:07 INFO  [benchmark.tsdb.DBWrapper] DataClientService-thread-1 insert one batch latency (device: d_17, sg: g_0) ,1.10, ms, throughput ,45416.97323123598, points/s
2026/06/17 11:50:07 INFO  [benchmark.tsdb.DBWrapper] DataClientService-thread-1 insert one batch latency (device: d_18, sg: g_0) ,1.25, ms, throughput ,39954.35614354162, points/s
2026/06/17 11:50:07 INFO  [benchmark.tsdb.DBWrapper] DataClientService-thread-1 insert one batch latency (device: d_19, sg: g_0) ,1.04, ms, throughput ,48169.55684007707, points/s
2026/06/17 11:50:07 INFO  [benchmark.tsdb.DBWrapper] DataClientService-thread-1 insert one batch latency (device: d_0, sg: g_0) ,1.19, ms, throughput ,42173.66440222205, points/s
2026/06/17 11:50:07 INFO  [benchmark.tsdb.DBWrapper] DataClientService-thread-1 insert one batch latency (device: d_1, sg: g_0) ,1.31, ms, throughput ,38185.60341654231, points/s
2026/06/17 11:50:07 INFO  [benchmark.tsdb.DBWrapper] DataClientService-thread-1 insert one batch latency (device: d_2, sg: g_0) ,1.25, ms, throughput ,40090.1225955949, points/s
2026/06/17 11:50:07 INFO  [benchmark.tsdb.DBWrapper] DataClientService-thread-1 insert one batch latency (device: d_3, sg: g_0) ,1.13, ms, throughput ,44099.87740234082, points/s
2026/06/17 11:50:07 INFO  [benchmark.tsdb.DBWrapper] DataClientService-thread-1 insert one batch latency (device: d_4, sg: g_0) ,1.28, ms, throughput ,39047.3386505396, points/s
2026/06/17 11:50:07 INFO  [benchmark.tsdb.DBWrapper] DataClientService-thread-1 insert one batch latency (device: d_5, sg: g_0) ,1.12, ms, throughput ,44479.35579659413, points/s
2026/06/17 11:50:07 INFO  [benchmark.tsdb.DBWrapper] DataClientService-thread-1 insert one batch latency (device: d_6, sg: g_0) ,1.15, ms, throughput ,43362.990728125325, points/s
2026/06/17 11:50:07 INFO  [benchmark.tsdb.DBWrapper] DataClientService-thread-1 insert one batch latency (device: d_7, sg: g_0) ,1.09, ms, throughput ,45766.96741666521, points/s
2026/06/17 11:50:07 INFO  [benchmark.tsdb.DBWrapper] DataClientService-thread-1 insert one batch latency (device: d_8, sg: g_0) ,1.18, ms, throughput ,42423.82589940632, points/s
2026/06/17 11:50:07 INFO  [benchmark.tsdb.DBWrapper] DataClientService-thread-1 insert one batch latency (device: d_9, sg: g_0) ,1.08, ms, throughput ,46199.61931513684, points/s
2026/06/17 11:50:07 INFO  [benchmark.tsdb.DBWrapper] DataClientService-thread-1 insert one batch latency (device: d_10, sg: g_0) ,1.44, ms, throughput ,34609.57286941739, points/s
2026/06/17 11:50:07 INFO  [benchmark.tsdb.DBWrapper] DataClientService-thread-1 insert one batch latency (device: d_11, sg: g_0) ,1.52, ms, throughput ,32817.83084639811, points/s
2026/06/17 11:50:07 INFO  [benchmark.tsdb.DBWrapper] DataClientService-thread-1 insert one batch latency (device: d_12, sg: g_0) ,1.63, ms, throughput ,30750.591180115436, points/s
2026/06/17 11:50:07 INFO  [benchmark.tsdb.DBWrapper] DataClientService-thread-1 insert one batch latency (device: d_13, sg: g_0) ,1.65, ms, throughput ,30365.98912047342, points/s
2026/06/17 11:50:07 INFO  [benchmark.tsdb.DBWrapper] DataClientService-thread-1 insert one batch latency (device: d_14, sg: g_0) ,1.40, ms, throughput ,35806.66691492622, points/s
2026/06/17 11:50:07 INFO  [benchmark.tsdb.DBWrapper] DataClientService-thread-1 insert one batch latency (device: d_15, sg: g_0) ,1.50, ms, throughput ,33332.77778703688, points/s
2026/06/17 11:50:07 INFO  [benchmark.tsdb.DBWrapper] DataClientService-thread-1 insert one batch latency (device: d_16, sg: g_0) ,1.17, ms, throughput ,42828.313283972275, points/s
2026/06/17 11:50:07 INFO  [benchmark.tsdb.DBWrapper] DataClientService-thread-1 insert one batch latency (device: d_17, sg: g_0) ,1.17, ms, throughput ,42739.68199967005, points/s
2026/06/17 11:50:07 INFO  [benchmark.tsdb.DBWrapper] DataClientService-thread-1 insert one batch latency (device: d_18, sg: g_0) ,1.25, ms, throughput ,40108.80717209646, points/s
2026/06/17 11:50:07 INFO  [benchmark.tsdb.DBWrapper] DataClientService-thread-1 insert one batch latency (device: d_19, sg: g_0) ,1.15, ms, throughput ,43507.05118778601, points/s
2026/06/17 11:50:07 INFO  [benchmark.tsdb.DBWrapper] DataClientService-thread-1 insert one batch latency (device: d_0, sg: g_0) ,1.08, ms, throughput ,46138.35786202232, points/s
2026/06/17 11:50:08 INFO  [benchmark.tsdb.DBWrapper] DataClientService-thread-1 insert one batch latency (device: d_1, sg: g_0) ,1.14, ms, throughput ,43797.56415467198, points/s
2026/06/17 11:50:08 INFO  [benchmark.tsdb.DBWrapper] DataClientService-thread-1 insert one batch latency (device: d_2, sg: g_0) ,1.02, ms, throughput ,48956.92378190278, points/s
2026/06/17 11:50:08 INFO  [benchmark.tsdb.DBWrapper] DataClientService-thread-1 insert one batch latency (device: d_3, sg: g_0) ,1.43, ms, throughput ,34949.735290704906, points/s
2026/06/17 11:50:08 INFO  [benchmark.tsdb.DBWrapper] DataClientService-thread-1 insert one batch latency (device: d_4, sg: g_0) ,1.07, ms, throughput ,46636.57053314928, points/s
2026/06/17 11:50:08 INFO  [benchmark.tsdb.DBWrapper] DataClientService-thread-1 insert one batch latency (device: d_5, sg: g_0) ,1.10, ms, throughput ,45642.75959775949, points/s
2026/06/17 11:50:08 INFO  [benchmark.tsdb.DBWrapper] DataClientService-thread-1 insert one batch latency (device: d_6, sg: g_0) ,1.03, ms, throughput ,48458.67492660934, points/s
2026/06/17 11:50:08 INFO  [benchmark.tsdb.DBWrapper] DataClientService-thread-1 insert one batch latency (device: d_7, sg: g_0) ,1.20, ms, throughput ,41625.18023703043, points/s
2026/06/17 11:50:08 INFO  [benchmark.tsdb.DBWrapper] DataClientService-thread-1 insert one batch latency (device: d_8, sg: g_0) ,1.17, ms, throughput ,42651.38041192703, points/s
2026/06/17 11:50:08 INFO  [benchmark.tsdb.DBWrapper] DataClientService-thread-1 insert one batch latency (device: d_9, sg: g_0) ,1.15, ms, throughput ,43316.07043539581, points/s
2026/06/17 11:50:08 INFO  [benchmark.tsdb.DBWrapper] DataClientService-thread-1 insert one batch latency (device: d_10, sg: g_0) ,1.06, ms, throughput ,47120.20174985581, points/s
2026/06/17 11:50:08 INFO  [benchmark.tsdb.DBWrapper] DataClientService-thread-1 insert one batch latency (device: d_11, sg: g_0) ,1.21, ms, throughput ,41160.96985123603, points/s
2026/06/17 11:50:08 INFO  [benchmark.tsdb.DBWrapper] DataClientService-thread-1 insert one batch latency (device: d_12, sg: g_0) ,1.26, ms, throughput ,39750.93653206469, points/s
2026/06/17 11:50:08 INFO  [benchmark.tsdb.DBWrapper] DataClientService-thread-1 insert one batch latency (device: d_13, sg: g_0) ,1.34, ms, throughput ,37382.394985376006, points/s
2026/06/17 11:50:08 INFO  [benchmark.tsdb.DBWrapper] DataClientService-thread-1 insert one batch latency (device: d_14, sg: g_0) ,1.32, ms, throughput ,37750.806923497985, points/s
2026/06/17 11:50:08 INFO  [benchmark.tsdb.DBWrapper] DataClientService-thread-1 insert one batch latency (device: d_15, sg: g_0) ,1.49, ms, throughput ,33597.792759406875, points/s
2026/06/17 11:50:08 INFO  [benchmark.tsdb.DBWrapper] DataClientService-thread-1 insert one batch latency (device: d_16, sg: g_0) ,1.22, ms, throughput ,41038.638699107985, points/s
2026/06/17 11:50:08 INFO  [benchmark.tsdb.DBWrapper] DataClientService-thread-1 insert one batch latency (device: d_17, sg: g_0) ,0.99, ms, throughput ,50686.65207566909, points/s
2026/06/17 11:50:08 INFO  [benchmark.tsdb.DBWrapper] DataClientService-thread-1 insert one batch latency (device: d_18, sg: g_0) ,1.11, ms, throughput ,44923.22620641324, points/s
2026/06/17 11:50:08 INFO  [benchmark.tsdb.DBWrapper] DataClientService-thread-1 insert one batch latency (device: d_19, sg: g_0) ,1.03, ms, throughput ,48640.6873512811, points/s
2026/06/17 11:50:08 INFO  [benchmark.tsdb.DBWrapper] DataClientService-thread-1 insert one batch latency (device: d_0, sg: g_0) ,1.26, ms, throughput ,39604.36820339537, points/s
2026/06/17 11:50:08 INFO  [benchmark.tsdb.DBWrapper] DataClientService-thread-1 insert one batch latency (device: d_1, sg: g_0) ,1.29, ms, throughput ,38822.31724200046, points/s
2026/06/17 11:50:08 INFO  [benchmark.tsdb.DBWrapper] DataClientService-thread-1 insert one batch latency (device: d_2, sg: g_0) ,1.17, ms, throughput ,42768.74596904569, points/s
2026/06/17 11:50:08 INFO  [benchmark.tsdb.DBWrapper] DataClientService-thread-1 insert one batch latency (device: d_3, sg: g_0) ,1.42, ms, throughput ,35124.100471786915, points/s
2026/06/17 11:50:08 INFO  [benchmark.tsdb.DBWrapper] DataClientService-thread-1 insert one batch latency (device: d_4, sg: g_0) ,1.20, ms, throughput ,41635.786791463, points/s
2026/06/17 11:50:08 INFO  [benchmark.tsdb.DBWrapper] DataClientService-thread-1 insert one batch latency (device: d_5, sg: g_0) ,1.13, ms, throughput ,44167.34831607568, points/s
2026/06/17 11:50:08 INFO  [benchmark.tsdb.DBWrapper] DataClientService-thread-1 insert one batch latency (device: d_6, sg: g_0) ,1.36, ms, throughput ,36662.72420172417, points/s
2026/06/17 11:50:08 INFO  [benchmark.tsdb.DBWrapper] DataClientService-thread-1 insert one batch latency (device: d_7, sg: g_0) ,1.32, ms, throughput ,37739.0675582144, points/s
2026/06/17 11:50:08 INFO  [benchmark.tsdb.DBWrapper] DataClientService-thread-1 insert one batch latency (device: d_8, sg: g_0) ,1.44, ms, throughput ,34697.21131573213, points/s
2026/06/17 11:50:08 INFO  [benchmark.tsdb.DBWrapper] DataClientService-thread-1 insert one batch latency (device: d_9, sg: g_0) ,1.29, ms, throughput ,38735.72782108432, points/s
2026/06/17 11:50:08 INFO  [benchmark.tsdb.DBWrapper] DataClientService-thread-1 insert one batch latency (device: d_10, sg: g_0) ,1.36, ms, throughput ,36739.82545643722, points/s
2026/06/17 11:50:08 INFO  [benchmark.tsdb.DBWrapper] DataClientService-thread-1 insert one batch latency (device: d_11, sg: g_0) ,1.22, ms, throughput ,40999.771221276584, points/s
2026/06/17 11:50:08 INFO  [benchmark.tsdb.DBWrapper] DataClientService-thread-1 insert one batch latency (device: d_12, sg: g_0) ,1.03, ms, throughput ,48617.41787059599, points/s
2026/06/17 11:50:08 INFO  [benchmark.tsdb.DBWrapper] DataClientService-thread-1 insert one batch latency (device: d_13, sg: g_0) ,1.10, ms, throughput ,45291.372989855634, points/s
2026/06/17 11:50:08 INFO  [benchmark.tsdb.DBWrapper] DataClientService-thread-1 insert one batch latency (device: d_14, sg: g_0) ,0.97, ms, throughput ,51730.64885752862, points/s
2026/06/17 11:50:08 INFO  [benchmark.tsdb.DBWrapper] DataClientService-thread-1 insert one batch latency (device: d_15, sg: g_0) ,1.10, ms, throughput ,45411.569596409216, points/s
2026/06/17 11:50:08 INFO  [benchmark.tsdb.DBWrapper] DataClientService-thread-1 insert one batch latency (device: d_16, sg: g_0) ,1.07, ms, throughput ,46876.08400944271, points/s
2026/06/17 11:50:08 INFO  [benchmark.tsdb.DBWrapper] DataClientService-thread-1 insert one batch latency (device: d_17, sg: g_0) ,1.13, ms, throughput ,44312.845141672595, points/s
2026/06/17 11:50:08 INFO  [benchmark.tsdb.DBWrapper] DataClientService-thread-1 insert one batch latency (device: d_18, sg: g_0) ,1.13, ms, throughput ,44210.46302502135, points/s
2026/06/17 11:50:08 INFO  [benchmark.tsdb.DBWrapper] DataClientService-thread-1 insert one batch latency (device: d_19, sg: g_0) ,1.10, ms, throughput ,45480.30384481393, points/s
2026/06/17 11:50:08 INFO  [benchmark.tsdb.DBWrapper] DataClientService-thread-1 insert one batch latency (device: d_0, sg: g_0) ,1.17, ms, throughput ,42564.928541997964, points/s
2026/06/17 11:50:08 INFO  [benchmark.tsdb.DBWrapper] DataClientService-thread-1 insert one batch latency (device: d_1, sg: g_0) ,1.06, ms, throughput ,47078.98441214827, points/s
2026/06/17 11:50:08 INFO  [benchmark.tsdb.DBWrapper] DataClientService-thread-1 insert one batch latency (device: d_2, sg: g_0) ,1.08, ms, throughput ,46503.149193263365, points/s
2026/06/17 11:50:08 INFO  [benchmark.tsdb.DBWrapper] DataClientService-thread-1 insert one batch latency (device: d_3, sg: g_0) ,0.97, ms, throughput ,51424.72192081621, points/s
2026/06/17 11:50:08 INFO  [benchmark.tsdb.DBWrapper] DataClientService-thread-1 insert one batch latency (device: d_4, sg: g_0) ,1.19, ms, throughput ,42061.23611243136, points/s
2026/06/17 11:50:08 INFO  [benchmark.tsdb.DBWrapper] DataClientService-thread-1 insert one batch latency (device: d_5, sg: g_0) ,1.02, ms, throughput ,49027.29839974898, points/s
2026/06/17 11:50:08 INFO  [benchmark.tsdb.DBWrapper] DataClientService-thread-1 insert one batch latency (device: d_6, sg: g_0) ,1.13, ms, throughput ,44069.28749657361, points/s
2026/06/17 11:50:08 INFO  [benchmark.tsdb.DBWrapper] DataClientService-thread-1 insert one batch latency (device: d_7, sg: g_0) ,1.03, ms, throughput ,48496.46412280081, points/s
2026/06/17 11:50:08 INFO  [benchmark.tsdb.DBWrapper] DataClientService-thread-1 insert one batch latency (device: d_8, sg: g_0) ,1.05, ms, throughput ,47774.97604084951, points/s
2026/06/17 11:50:08 INFO  [benchmark.tsdb.DBWrapper] DataClientService-thread-1 insert one batch latency (device: d_9, sg: g_0) ,1.27, ms, throughput ,39272.207451508635, points/s
2026/06/17 11:50:08 INFO  [benchmark.tsdb.DBWrapper] DataClientService-thread-1 insert one batch latency (device: d_10, sg: g_0) ,1.18, ms, throughput ,42522.9730361828, points/s
2026/06/17 11:50:08 INFO  [benchmark.tsdb.DBWrapper] DataClientService-thread-1 insert one batch latency (device: d_11, sg: g_0) ,1.25, ms, throughput ,40024.49499093445, points/s
2026/06/17 11:50:08 INFO  [benchmark.tsdb.DBWrapper] DataClientService-thread-1 insert one batch latency (device: d_12, sg: g_0) ,1.13, ms, throughput ,44156.58277504694, points/s
2026/06/17 11:50:08 INFO  [benchmark.tsdb.DBWrapper] DataClientService-thread-1 insert one batch latency (device: d_13, sg: g_0) ,1.32, ms, throughput ,37823.428133973604, points/s
2026/06/17 11:50:08 INFO  [benchmark.tsdb.DBWrapper] DataClientService-thread-1 insert one batch latency (device: d_14, sg: g_0) ,1.39, ms, throughput ,36049.20861172335, points/s
2026/06/17 11:50:08 INFO  [benchmark.tsdb.DBWrapper] DataClientService-thread-1 insert one batch latency (device: d_15, sg: g_0) ,1.39, ms, throughput ,36077.50892016408, points/s
2026/06/17 11:50:08 INFO  [benchmark.tsdb.DBWrapper] DataClientService-thread-1 insert one batch latency (device: d_16, sg: g_0) ,1.18, ms, throughput ,42255.67557106433, points/s
2026/06/17 11:50:08 INFO  [benchmark.tsdb.DBWrapper] DataClientService-thread-1 insert one batch latency (device: d_17, sg: g_0) ,1.22, ms, throughput ,41027.93017374508, points/s
2026/06/17 11:50:08 INFO  [benchmark.tsdb.DBWrapper] DataClientService-thread-1 insert one batch latency (device: d_18, sg: g_0) ,1.24, ms, throughput ,40283.04478588353, points/s
2026/06/17 11:50:08 INFO  [benchmark.tsdb.DBWrapper] DataClientService-thread-1 insert one batch latency (device: d_19, sg: g_0) ,1.20, ms, throughput ,41619.63647744715, points/s
2026/06/17 11:50:08 INFO  [benchmark.tsdb.DBWrapper] DataClientService-thread-1 insert one batch latency (device: d_0, sg: g_0) ,1.15, ms, throughput ,43350.43363438764, points/s
2026/06/17 11:50:08 INFO  [benchmark.tsdb.DBWrapper] DataClientService-thread-1 insert one batch latency (device: d_1, sg: g_0) ,1.29, ms, throughput ,38896.914618938594, points/s
2026/06/17 11:50:08 INFO  [benchmark.tsdb.DBWrapper] DataClientService-thread-1 insert one batch latency (device: d_2, sg: g_0) ,1.42, ms, throughput ,35156.675725370114, points/s
2026/06/17 11:50:08 INFO  [benchmark.tsdb.DBWrapper] DataClientService-thread-1 insert one batch latency (device: d_3, sg: g_0) ,1.36, ms, throughput ,36793.8704355364, points/s
2026/06/17 11:50:08 INFO  [benchmark.tsdb.DBWrapper] DataClientService-thread-1 insert one batch latency (device: d_4, sg: g_0) ,1.12, ms, throughput ,44467.36984400847, points/s
2026/06/17 11:50:08 INFO  [benchmark.tsdb.DBWrapper] DataClientService-thread-1 insert one batch latency (device: d_5, sg: g_0) ,1.14, ms, throughput ,44032.379650699935, points/s
2026/06/17 11:50:08 INFO  [benchmark.tsdb.DBWrapper] DataClientService-thread-1 insert one batch latency (device: d_6, sg: g_0) ,1.20, ms, throughput ,41554.60774112477, points/s
2026/06/17 11:50:08 INFO  [benchmark.tsdb.DBWrapper] DataClientService-thread-1 insert one batch latency (device: d_7, sg: g_0) ,1.05, ms, throughput ,47527.56836603071, points/s
2026/06/17 11:50:08 INFO  [benchmark.tsdb.DBWrapper] DataClientService-thread-1 insert one batch latency (device: d_8, sg: g_0) ,1.02, ms, throughput ,48822.40362457525, points/s
2026/06/17 11:50:08 INFO  [benchmark.tsdb.DBWrapper] DataClientService-thread-1 insert one batch latency (device: d_9, sg: g_0) ,1.19, ms, throughput ,41852.947158980096, points/s
2026/06/17 11:50:08 INFO  [benchmark.tsdb.DBWrapper] DataClientService-thread-1 insert one batch latency (device: d_10, sg: g_0) ,1.26, ms, throughput ,39723.93454448962, points/s
2026/06/17 11:50:08 INFO  [benchmark.tsdb.DBWrapper] DataClientService-thread-1 insert one batch latency (device: d_11, sg: g_0) ,1.31, ms, throughput ,38221.79957405626, points/s
2026/06/17 11:50:08 INFO  [benchmark.tsdb.DBWrapper] DataClientService-thread-1 insert one batch latency (device: d_12, sg: g_0) ,1.40, ms, throughput ,35654.386345225736, points/s
2026/06/17 11:50:08 INFO  [benchmark.tsdb.DBWrapper] DataClientService-thread-1 insert one batch latency (device: d_13, sg: g_0) ,1.68, ms, throughput ,29847.41404989413, points/s
2026/06/17 11:50:08 INFO  [benchmark.tsdb.DBWrapper] DataClientService-thread-1 insert one batch latency (device: d_14, sg: g_0) ,3.11, ms, throughput ,16092.61622489753, points/s
2026/06/17 11:50:08 INFO  [benchmark.tsdb.DBWrapper] DataClientService-thread-1 insert one batch latency (device: d_15, sg: g_0) ,1.76, ms, throughput ,28480.161858455875, points/s
2026/06/17 11:50:08 INFO  [benchmark.tsdb.DBWrapper] DataClientService-thread-1 insert one batch latency (device: d_16, sg: g_0) ,1.51, ms, throughput ,33079.043698078305, points/s
2026/06/17 11:50:08 INFO  [benchmark.tsdb.DBWrapper] DataClientService-thread-1 insert one batch latency (device: d_17, sg: g_0) ,1.16, ms, throughput ,42975.189563561165, points/s
2026/06/17 11:50:08 INFO  [benchmark.tsdb.DBWrapper] DataClientService-thread-1 insert one batch latency (device: d_18, sg: g_0) ,1.35, ms, throughput ,37070.235492377986, points/s
2026/06/17 11:50:08 INFO  [benchmark.tsdb.DBWrapper] DataClientService-thread-1 insert one batch latency (device: d_19, sg: g_0) ,1.30, ms, throughput ,38585.93357508707, points/s
2026/06/17 11:50:08 INFO  [benchmark.tsdb.DBWrapper] DataClientService-thread-1 insert one batch latency (device: d_0, sg: g_0) ,1.13, ms, throughput ,44063.69495232748, points/s
2026/06/17 11:50:08 INFO  [benchmark.tsdb.DBWrapper] DataClientService-thread-1 insert one batch latency (device: d_1, sg: g_0) ,1.16, ms, throughput ,43070.03187182359, points/s
2026/06/17 11:50:08 INFO  [benchmark.tsdb.DBWrapper] DataClientService-thread-1 insert one batch latency (device: d_2, sg: g_0) ,1.26, ms, throughput ,39597.40526122804, points/s
2026/06/17 11:50:08 INFO  [benchmark.tsdb.DBWrapper] DataClientService-thread-1 insert one batch latency (device: d_3, sg: g_0) ,1.21, ms, throughput ,41336.628138173466, points/s
2026/06/17 11:50:08 INFO  [benchmark.tsdb.DBWrapper] DataClientService-thread-1 insert one batch latency (device: d_4, sg: g_0) ,1.20, ms, throughput ,41791.97293217497, points/s
2026/06/17 11:50:08 INFO  [benchmark.tsdb.DBWrapper] DataClientService-thread-1 insert one batch latency (device: d_5, sg: g_0) ,1.19, ms, throughput ,42136.13341985286, points/s
2026/06/17 11:50:08 INFO  [benchmark.tsdb.DBWrapper] DataClientService-thread-1 insert one batch latency (device: d_6, sg: g_0) ,1.28, ms, throughput ,38960.745490488516, points/s
2026/06/17 11:50:08 INFO  [benchmark.tsdb.DBWrapper] DataClientService-thread-1 insert one batch latency (device: d_7, sg: g_0) ,1.16, ms, throughput ,43014.30483721667, points/s
2026/06/17 11:50:08 INFO  [benchmark.tsdb.DBWrapper] DataClientService-thread-1 insert one batch latency (device: d_8, sg: g_0) ,1.10, ms, throughput ,45298.84098385459, points/s
2026/06/17 11:50:08 INFO  [benchmark.tsdb.DBWrapper] DataClientService-thread-1 insert one batch latency (device: d_9, sg: g_0) ,1.22, ms, throughput ,41097.5343123314, points/s
2026/06/17 11:50:08 INFO  [benchmark.tsdb.DBWrapper] DataClientService-thread-1 insert one batch latency (device: d_10, sg: g_0) ,1.17, ms, throughput ,42909.39423949964, points/s
2026/06/17 11:50:08 INFO  [benchmark.tsdb.DBWrapper] DataClientService-thread-1 insert one batch latency (device: d_11, sg: g_0) ,1.15, ms, throughput ,43294.91631092677, points/s
2026/06/17 11:50:08 INFO  [benchmark.tsdb.DBWrapper] DataClientService-thread-1 insert one batch latency (device: d_12, sg: g_0) ,1.27, ms, throughput ,39431.52361041339, points/s
2026/06/17 11:50:08 INFO  [benchmark.tsdb.DBWrapper] DataClientService-thread-1 insert one batch latency (device: d_13, sg: g_0) ,1.11, ms, throughput ,45234.70478926961, points/s
2026/06/17 11:50:08 INFO  [benchmark.tsdb.DBWrapper] DataClientService-thread-1 insert one batch latency (device: d_14, sg: g_0) ,1.00, ms, throughput ,49885.96069385385, points/s
2026/06/17 11:50:08 INFO  [benchmark.tsdb.DBWrapper] DataClientService-thread-1 insert one batch latency (device: d_15, sg: g_0) ,1.21, ms, throughput ,41347.84036095011, points/s
2026/06/17 11:50:08 INFO  [benchmark.tsdb.DBWrapper] DataClientService-thread-1 insert one batch latency (device: d_16, sg: g_0) ,0.97, ms, throughput ,51580.26456549301, points/s
2026/06/17 11:50:08 INFO  [benchmark.tsdb.DBWrapper] DataClientService-thread-1 insert one batch latency (device: d_17, sg: g_0) ,1.24, ms, throughput ,40232.9973341616, points/s
2026/06/17 11:50:08 INFO  [benchmark.tsdb.DBWrapper] DataClientService-thread-1 insert one batch latency (device: d_18, sg: g_0) ,1.13, ms, throughput ,44422.095194773116, points/s
2026/06/17 11:50:08 INFO  [benchmark.tsdb.DBWrapper] DataClientService-thread-1 insert one batch latency (device: d_19, sg: g_0) ,1.10, ms, throughput ,45589.531914040024, points/s
2026/06/17 11:50:08 INFO  [benchmark.tsdb.DBWrapper] DataClientService-thread-1 insert one batch latency (device: d_0, sg: g_0) ,1.06, ms, throughput ,47346.24307561195, points/s
2026/06/17 11:50:08 INFO  [benchmark.tsdb.DBWrapper] DataClientService-thread-1 insert one batch latency (device: d_1, sg: g_0) ,1.04, ms, throughput ,48215.031325305856, points/s
2026/06/17 11:50:08 INFO  [benchmark.tsdb.DBWrapper] DataClientService-thread-1 insert one batch latency (device: d_2, sg: g_0) ,1.32, ms, throughput ,37975.13540034527, points/s
2026/06/17 11:50:08 INFO  [benchmark.tsdb.DBWrapper] DataClientService-thread-1 insert one batch latency (device: d_3, sg: g_0) ,1.26, ms, throughput ,39817.98403139568, points/s
2026/06/17 11:50:08 INFO  [benchmark.tsdb.DBWrapper] DataClientService-thread-1 insert one batch latency (device: d_4, sg: g_0) ,1.27, ms, throughput ,39264.25076349336, points/s
2026/06/17 11:50:08 INFO  [benchmark.tsdb.DBWrapper] DataClientService-thread-1 insert one batch latency (device: d_5, sg: g_0) ,1.28, ms, throughput ,39179.395399241956, points/s
2026/06/17 11:50:08 INFO  [benchmark.tsdb.DBWrapper] DataClientService-thread-1 insert one batch latency (device: d_6, sg: g_0) ,1.26, ms, throughput ,39826.864653976234, points/s
2026/06/17 11:50:08 INFO  [benchmark.tsdb.DBWrapper] DataClientService-thread-1 insert one batch latency (device: d_7, sg: g_0) ,1.33, ms, throughput ,37681.843154603324, points/s
2026/06/17 11:50:08 INFO  [benchmark.tsdb.DBWrapper] DataClientService-thread-1 insert one batch latency (device: d_8, sg: g_0) ,1.27, ms, throughput ,39348.421616763684, points/s
2026/06/17 11:50:08 INFO  [benchmark.tsdb.DBWrapper] DataClientService-thread-1 insert one batch latency (device: d_9, sg: g_0) ,1.07, ms, throughput ,46626.04605534325, points/s
2026/06/17 11:50:08 INFO  [benchmark.tsdb.DBWrapper] DataClientService-thread-1 insert one batch latency (device: d_10, sg: g_0) ,1.02, ms, throughput ,48899.420737461944, points/s
2026/06/17 11:50:08 INFO  [benchmark.tsdb.DBWrapper] DataClientService-thread-1 insert one batch latency (device: d_11, sg: g_0) ,1.09, ms, throughput ,46033.945431361084, points/s
2026/06/17 11:50:08 INFO  [benchmark.tsdb.DBWrapper] DataClientService-thread-1 insert one batch latency (device: d_12, sg: g_0) ,1.08, ms, throughput ,46467.192303546006, points/s
2026/06/17 11:50:08 INFO  [benchmark.tsdb.DBWrapper] DataClientService-thread-1 insert one batch latency (device: d_13, sg: g_0) ,1.15, ms, throughput ,43638.43289150874, points/s
2026/06/17 11:50:08 INFO  [benchmark.tsdb.DBWrapper] DataClientService-thread-1 insert one batch latency (device: d_14, sg: g_0) ,1.09, ms, throughput ,45875.60005284869, points/s
2026/06/17 11:50:08 INFO  [benchmark.tsdb.DBWrapper] DataClientService-thread-1 insert one batch latency (device: d_15, sg: g_0) ,1.51, ms, throughput ,33157.949883748224, points/s
2026/06/17 11:50:08 INFO  [benchmark.tsdb.DBWrapper] DataClientService-thread-1 insert one batch latency (device: d_16, sg: g_0) ,1.60, ms, throughput ,31280.909448648945, points/s
2026/06/17 11:50:08 INFO  [benchmark.tsdb.DBWrapper] DataClientService-thread-1 insert one batch latency (device: d_17, sg: g_0) ,1.14, ms, throughput ,43689.1846549603, points/s
2026/06/17 11:50:08 INFO  [benchmark.tsdb.DBWrapper] DataClientService-thread-1 insert one batch latency (device: d_18, sg: g_0) ,1.25, ms, throughput ,39859.85275770391, points/s
2026/06/17 11:50:08 INFO  [benchmark.tsdb.DBWrapper] DataClientService-thread-1 insert one batch latency (device: d_19, sg: g_0) ,1.35, ms, throughput ,36905.43498960005, points/s
2026/06/17 11:50:08 INFO  [benchmark.tsdb.DBWrapper] DataClientService-thread-1 insert one batch latency (device: d_0, sg: g_0) ,1.24, ms, throughput ,40362.87842216665, points/s
2026/06/17 11:50:08 INFO  [benchmark.tsdb.DBWrapper] DataClientService-thread-1 insert one batch latency (device: d_1, sg: g_0) ,1.17, ms, throughput ,42804.62769390924, points/s
2026/06/17 11:50:08 INFO  [benchmark.tsdb.DBWrapper] DataClientService-thread-1 insert one batch latency (device: d_2, sg: g_0) ,1.15, ms, throughput ,43354.04211411651, points/s
2026/06/17 11:50:08 INFO  [benchmark.tsdb.DBWrapper] DataClientService-thread-1 insert one batch latency (device: d_3, sg: g_0) ,1.37, ms, throughput ,36460.04999402055, points/s
2026/06/17 11:50:08 INFO  [benchmark.tsdb.DBWrapper] DataClientService-thread-1 insert one batch latency (device: d_4, sg: g_0) ,1.34, ms, throughput ,37412.74412750862, points/s
2026/06/17 11:50:08 INFO  [benchmark.tsdb.DBWrapper] DataClientService-thread-1 insert one batch latency (device: d_5, sg: g_0) ,1.23, ms, throughput ,40667.73161899866, points/s
2026/06/17 11:50:08 INFO  [benchmark.tsdb.DBWrapper] DataClientService-thread-1 insert one batch latency (device: d_6, sg: g_0) ,1.29, ms, throughput ,38720.759050783825, points/s
2026/06/17 11:50:08 INFO  [benchmark.tsdb.DBWrapper] DataClientService-thread-1 insert one batch latency (device: d_7, sg: g_0) ,1.27, ms, throughput ,39374.07815439521, points/s
2026/06/17 11:50:08 INFO  [benchmark.tsdb.DBWrapper] DataClientService-thread-1 insert one batch latency (device: d_8, sg: g_0) ,1.20, ms, throughput ,41777.830510683845, points/s
2026/06/17 11:50:08 INFO  [benchmark.tsdb.DBWrapper] DataClientService-thread-1 insert one batch latency (device: d_9, sg: g_0) ,1.25, ms, throughput ,40130.601027985475, points/s
2026/06/17 11:50:08 INFO  [benchmark.tsdb.DBWrapper] DataClientService-thread-1 insert one batch latency (device: d_10, sg: g_0) ,1.50, ms, throughput ,33412.45402446326, points/s
2026/06/17 11:50:08 INFO  [benchmark.tsdb.DBWrapper] DataClientService-thread-1 insert one batch latency (device: d_11, sg: g_0) ,1.21, ms, throughput ,41407.79891047799, points/s
2026/06/17 11:50:08 INFO  [benchmark.tsdb.DBWrapper] DataClientService-thread-1 insert one batch latency (device: d_12, sg: g_0) ,1.18, ms, throughput ,42260.854277812716, points/s
2026/06/17 11:50:08 INFO  [benchmark.tsdb.DBWrapper] DataClientService-thread-1 insert one batch latency (device: d_13, sg: g_0) ,1.30, ms, throughput ,38316.90687535587, points/s
2026/06/17 11:50:08 INFO  [benchmark.tsdb.DBWrapper] DataClientService-thread-1 insert one batch latency (device: d_14, sg: g_0) ,1.11, ms, throughput ,45154.06567207311, points/s
2026/06/17 11:50:08 INFO  [benchmark.tsdb.DBWrapper] DataClientService-thread-1 insert one batch latency (device: d_15, sg: g_0) ,1.25, ms, throughput ,39866.52686804578, points/s
2026/06/17 11:50:08 INFO  [benchmark.tsdb.DBWrapper] DataClientService-thread-1 insert one batch latency (device: d_16, sg: g_0) ,1.20, ms, throughput ,41503.592135899366, points/s
2026/06/17 11:50:08 INFO  [benchmark.tsdb.DBWrapper] DataClientService-thread-1 insert one batch latency (device: d_17, sg: g_0) ,1.21, ms, throughput ,41297.19443379894, points/s
2026/06/17 11:50:08 INFO  [benchmark.tsdb.DBWrapper] DataClientService-thread-1 insert one batch latency (device: d_18, sg: g_0) ,1.58, ms, throughput ,31733.660655465104, points/s
2026/06/17 11:50:08 INFO  [benchmark.tsdb.DBWrapper] DataClientService-thread-1 insert one batch latency (device: d_19, sg: g_0) ,1.38, ms, throughput ,36142.679733932055, points/s
2026/06/17 11:50:08 INFO  [benchmark.tsdb.DBWrapper] DataClientService-thread-1 insert one batch latency (device: d_0, sg: g_0) ,1.14, ms, throughput ,43791.004802121584, points/s
2026/06/17 11:50:08 INFO  [benchmark.tsdb.DBWrapper] DataClientService-thread-1 insert one batch latency (device: d_1, sg: g_0) ,1.57, ms, throughput ,31876.228430153125, points/s
2026/06/17 11:50:08 INFO  [benchmark.tsdb.DBWrapper] DataClientService-thread-1 insert one batch latency (device: d_2, sg: g_0) ,1.18, ms, throughput ,42254.28289411415, points/s
2026/06/17 11:50:08 INFO  [benchmark.tsdb.DBWrapper] DataClientService-thread-1 insert one batch latency (device: d_3, sg: g_0) ,1.12, ms, throughput ,44842.00368421902, points/s
2026/06/17 11:50:08 INFO  [benchmark.tsdb.DBWrapper] DataClientService-thread-1 insert one batch latency (device: d_4, sg: g_0) ,1.32, ms, throughput ,37760.500251107325, points/s
2026/06/17 11:50:08 INFO  [benchmark.tsdb.DBWrapper] DataClientService-thread-1 insert one batch latency (device: d_5, sg: g_0) ,1.11, ms, throughput ,45013.495045814736, points/s
2026/06/17 11:50:08 INFO  [benchmark.tsdb.DBWrapper] DataClientService-thread-1 insert one batch latency (device: d_6, sg: g_0) ,1.14, ms, throughput ,43983.92299646633, points/s
2026/06/17 11:50:08 INFO  [benchmark.tsdb.DBWrapper] DataClientService-thread-1 insert one batch latency (device: d_7, sg: g_0) ,1.05, ms, throughput ,47741.1285047956, points/s
2026/06/17 11:50:08 INFO  [benchmark.tsdb.DBWrapper] DataClientService-thread-1 insert one batch latency (device: d_8, sg: g_0) ,1.21, ms, throughput ,41349.2423164838, points/s
2026/06/17 11:50:08 INFO  [benchmark.tsdb.DBWrapper] DataClientService-thread-1 insert one batch latency (device: d_9, sg: g_0) ,1.23, ms, throughput ,40757.86810264787, points/s
2026/06/17 11:50:08 INFO  [benchmark.tsdb.DBWrapper] DataClientService-thread-1 insert one batch latency (device: d_10, sg: g_0) ,1.31, ms, throughput ,38077.04814538122, points/s
2026/06/17 11:50:08 INFO  [benchmark.tsdb.DBWrapper] DataClientService-thread-1 insert one batch latency (device: d_11, sg: g_0) ,1.41, ms, throughput ,35363.37994698322, points/s
2026/06/17 11:50:08 INFO  [benchmark.tsdb.DBWrapper] DataClientService-thread-1 insert one batch latency (device: d_12, sg: g_0) ,1.22, ms, throughput ,41117.20376699374, points/s
2026/06/17 11:50:08 INFO  [benchmark.tsdb.DBWrapper] DataClientService-thread-1 insert one batch latency (device: d_13, sg: g_0) ,1.45, ms, throughput ,34518.300567411825, points/s
2026/06/17 11:50:08 INFO  [benchmark.tsdb.DBWrapper] DataClientService-thread-1 insert one batch latency (device: d_14, sg: g_0) ,1.18, ms, throughput ,42406.698901412055, points/s
2026/06/17 11:50:08 INFO  [benchmark.tsdb.DBWrapper] DataClientService-thread-1 insert one batch latency (device: d_15, sg: g_0) ,1.03, ms, throughput ,48495.05301964146, points/s
2026/06/17 11:50:08 INFO  [benchmark.tsdb.DBWrapper] DataClientService-thread-1 insert one batch latency (device: d_16, sg: g_0) ,1.22, ms, throughput ,40896.28293684387, points/s
2026/06/17 11:50:08 INFO  [benchmark.tsdb.DBWrapper] DataClientService-thread-1 insert one batch latency (device: d_17, sg: g_0) ,1.12, ms, throughput ,44503.347096735146, points/s
2026/06/17 11:50:08 INFO  [benchmark.tsdb.DBWrapper] DataClientService-thread-1 insert one batch latency (device: d_18, sg: g_0) ,1.01, ms, throughput ,49500.24552121778, points/s
2026/06/17 11:50:08 INFO  [benchmark.tsdb.DBWrapper] DataClientService-thread-1 insert one batch latency (device: d_19, sg: g_0) ,1.03, ms, throughput ,48609.43003498906, points/s
2026/06/17 11:50:08 INFO  [benchmark.tsdb.DBWrapper] DataClientService-thread-1 insert one batch latency (device: d_0, sg: g_0) ,0.99, ms, throughput ,50688.55330813774, points/s
2026/06/17 11:50:08 INFO  [benchmark.tsdb.DBWrapper] DataClientService-thread-1 insert one batch latency (device: d_1, sg: g_0) ,0.99, ms, throughput ,50473.18611987382, points/s
2026/06/17 11:50:08 INFO  [benchmark.tsdb.DBWrapper] DataClientService-thread-1 insert one batch latency (device: d_2, sg: g_0) ,0.94, ms, throughput ,53300.52863464299, points/s
2026/06/17 11:50:08 INFO  [benchmark.tsdb.DBWrapper] DataClientService-thread-1 insert one batch latency (device: d_3, sg: g_0) ,0.93, ms, throughput ,53530.95534554767, points/s
2026/06/17 11:50:08 INFO  [benchmark.tsdb.DBWrapper] DataClientService-thread-1 insert one batch latency (device: d_4, sg: g_0) ,1.39, ms, throughput ,36045.75215229186, points/s
2026/06/17 11:50:08 INFO  [benchmark.tsdb.DBWrapper] DataClientService-thread-1 insert one batch latency (device: d_5, sg: g_0) ,1.19, ms, throughput ,42051.75561874532, points/s
2026/06/17 11:50:08 INFO  [benchmark.tsdb.DBWrapper] DataClientService-thread-1 insert one batch latency (device: d_6, sg: g_0) ,1.19, ms, throughput ,41849.05881466725, points/s
2026/06/17 11:50:08 INFO  [benchmark.tsdb.DBWrapper] DataClientService-thread-1 insert one batch latency (device: d_7, sg: g_0) ,1.14, ms, throughput ,43965.04954421433, points/s
2026/06/17 11:50:08 INFO  [benchmark.tsdb.DBWrapper] DataClientService-thread-1 insert one batch latency (device: d_8, sg: g_0) ,1.15, ms, throughput ,43350.35846411414, points/s
2026/06/17 11:50:08 INFO  [benchmark.tsdb.DBWrapper] DataClientService-thread-1 insert one batch latency (device: d_9, sg: g_0) ,1.08, ms, throughput ,46128.99327162504, points/s
2026/06/17 11:50:08 INFO  [benchmark.tsdb.DBWrapper] DataClientService-thread-1 insert one batch latency (device: d_10, sg: g_0) ,1.27, ms, throughput ,39364.09663728268, points/s
2026/06/17 11:50:08 INFO  [benchmark.tsdb.DBWrapper] DataClientService-thread-1 insert one batch latency (device: d_11, sg: g_0) ,1.15, ms, throughput ,43581.758070687865, points/s
2026/06/17 11:50:08 INFO  [benchmark.tsdb.DBWrapper] DataClientService-thread-1 insert one batch latency (device: d_12, sg: g_0) ,1.06, ms, throughput ,47280.38497580663, points/s
2026/06/17 11:50:08 INFO  [benchmark.tsdb.DBWrapper] DataClientService-thread-1 insert one batch latency (device: d_13, sg: g_0) ,1.19, ms, throughput ,41850.600053903574, points/s
2026/06/17 11:50:08 INFO  [benchmark.tsdb.DBWrapper] DataClientService-thread-1 insert one batch latency (device: d_14, sg: g_0) ,0.94, ms, throughput ,53200.091929758855, points/s
2026/06/17 11:50:08 INFO  [benchmark.tsdb.DBWrapper] DataClientService-thread-1 insert one batch latency (device: d_15, sg: g_0) ,1.02, ms, throughput ,49029.317570734594, points/s
2026/06/17 11:50:08 INFO  [benchmark.tsdb.DBWrapper] DataClientService-thread-1 insert one batch latency (device: d_16, sg: g_0) ,1.13, ms, throughput ,44220.04246892879, points/s
2026/06/17 11:50:08 INFO  [benchmark.tsdb.DBWrapper] DataClientService-thread-1 insert one batch latency (device: d_17, sg: g_0) ,0.92, ms, throughput ,54089.25592655977, points/s
2026/06/17 11:50:08 INFO  [benchmark.tsdb.DBWrapper] DataClientService-thread-1 insert one batch latency (device: d_18, sg: g_0) ,1.01, ms, throughput ,49312.67986799982, points/s
2026/06/17 11:50:08 INFO  [benchmark.tsdb.DBWrapper] DataClientService-thread-1 insert one batch latency (device: d_19, sg: g_0) ,1.14, ms, throughput ,43771.95163374432, points/s
2026/06/17 11:50:08 INFO  [benchmark.tsdb.DBWrapper] DataClientService-thread-1 insert one batch latency (device: d_0, sg: g_0) ,1.08, ms, throughput ,46504.360248816934, points/s
2026/06/17 11:50:08 INFO  [benchmark.tsdb.DBWrapper] DataClientService-thread-1 insert one batch latency (device: d_1, sg: g_0) ,0.92, ms, throughput ,54596.35820452233, points/s
2026/06/17 11:50:08 INFO  [benchmark.tsdb.DBWrapper] DataClientService-thread-1 insert one batch latency (device: d_2, sg: g_0) ,1.03, ms, throughput ,48373.770580620694, points/s
2026/06/17 11:50:08 INFO  [benchmark.tsdb.DBWrapper] DataClientService-thread-1 insert one batch latency (device: d_3, sg: g_0) ,0.94, ms, throughput ,52911.73264759728, points/s
2026/06/17 11:50:08 INFO  [benchmark.tsdb.DBWrapper] DataClientService-thread-1 insert one batch latency (device: d_4, sg: g_0) ,0.94, ms, throughput ,53213.39743064432, points/s
2026/06/17 11:50:08 INFO  [benchmark.tsdb.DBWrapper] DataClientService-thread-1 insert one batch latency (device: d_5, sg: g_0) ,0.96, ms, throughput ,52261.73092943308, points/s
2026/06/17 11:50:08 INFO  [benchmark.tsdb.DBWrapper] DataClientService-thread-1 insert one batch latency (device: d_6, sg: g_0) ,1.18, ms, throughput ,42393.611113230785, points/s
2026/06/17 11:50:08 INFO  [benchmark.tsdb.DBWrapper] DataClientService-thread-1 insert one batch latency (device: d_7, sg: g_0) ,1.10, ms, throughput ,45444.83678486868, points/s
2026/06/17 11:50:08 INFO  [benchmark.tsdb.DBWrapper] DataClientService-thread-1 insert one batch latency (device: d_8, sg: g_0) ,1.14, ms, throughput ,43923.64664656135, points/s
2026/06/17 11:50:08 INFO  [benchmark.tsdb.DBWrapper] DataClientService-thread-1 insert one batch latency (device: d_9, sg: g_0) ,1.19, ms, throughput ,42008.96975522214, points/s
2026/06/17 11:50:08 INFO  [benchmark.tsdb.DBWrapper] DataClientService-thread-1 insert one batch latency (device: d_10, sg: g_0) ,1.06, ms, throughput ,47006.13242003552, points/s
2026/06/17 11:50:08 INFO  [benchmark.tsdb.DBWrapper] DataClientService-thread-1 insert one batch latency (device: d_11, sg: g_0) ,1.09, ms, throughput ,45782.17937824138, points/s
2026/06/17 11:50:08 INFO  [benchmark.tsdb.DBWrapper] DataClientService-thread-1 insert one batch latency (device: d_12, sg: g_0) ,1.33, ms, throughput ,37530.29633171378, points/s
2026/06/17 11:50:08 INFO  [benchmark.tsdb.DBWrapper] DataClientService-thread-1 insert one batch latency (device: d_13, sg: g_0) ,1.29, ms, throughput ,38780.91420575912, points/s
2026/06/17 11:50:08 INFO  [benchmark.tsdb.DBWrapper] DataClientService-thread-1 insert one batch latency (device: d_14, sg: g_0) ,1.49, ms, throughput ,33623.75289500512, points/s
2026/06/17 11:50:08 INFO  [benchmark.tsdb.DBWrapper] DataClientService-thread-1 insert one batch latency (device: d_15, sg: g_0) ,1.59, ms, throughput ,31381.980843183614, points/s
2026/06/17 11:50:08 INFO  [benchmark.tsdb.DBWrapper] DataClientService-thread-1 insert one batch latency (device: d_16, sg: g_0) ,1.38, ms, throughput ,36234.0896112517, points/s
2026/06/17 11:50:08 INFO  [benchmark.tsdb.DBWrapper] DataClientService-thread-1 insert one batch latency (device: d_17, sg: g_0) ,1.54, ms, throughput ,32539.732640540733, points/s
2026/06/17 11:50:08 INFO  [benchmark.tsdb.DBWrapper] DataClientService-thread-1 insert one batch latency (device: d_18, sg: g_0) ,1.68, ms, throughput ,29721.05600100814, points/s
2026/06/17 11:50:08 INFO  [benchmark.tsdb.DBWrapper] DataClientService-thread-1 insert one batch latency (device: d_19, sg: g_0) ,1.83, ms, throughput ,27387.145788349946, points/s
2026/06/17 11:50:08 INFO  [benchmark.tsdb.DBWrapper] DataClientService-thread-1 insert one batch latency (device: d_0, sg: g_0) ,1.71, ms, throughput ,29165.641008291208, points/s
2026/06/17 11:50:08 INFO  [benchmark.tsdb.DBWrapper] DataClientService-thread-1 insert one batch latency (device: d_1, sg: g_0) ,1.98, ms, throughput ,25271.913149532396, points/s
2026/06/17 11:50:08 INFO  [benchmark.tsdb.DBWrapper] DataClientService-thread-1 insert one batch latency (device: d_2, sg: g_0) ,2.04, ms, throughput ,24558.48751151793, points/s
2026/06/17 11:50:08 INFO  [benchmark.tsdb.DBWrapper] DataClientService-thread-1 insert one batch latency (device: d_3, sg: g_0) ,2.60, ms, throughput ,19195.088514311665, points/s
2026/06/17 11:50:08 INFO  [benchmark.tsdb.DBWrapper] DataClientService-thread-1 insert one batch latency (device: d_4, sg: g_0) ,2.59, ms, throughput ,19322.663358626698, points/s
2026/06/17 11:50:08 INFO  [benchmark.tsdb.DBWrapper] DataClientService-thread-1 insert one batch latency (device: d_5, sg: g_0) ,3.20, ms, throughput ,15642.500046927502, points/s
2026/06/17 11:50:08 INFO  [benchmark.tsdb.DBWrapper] DataClientService-thread-1 insert one batch latency (device: d_6, sg: g_0) ,2.05, ms, throughput ,24336.407021540155, points/s
2026/06/17 11:50:08 INFO  [benchmark.tsdb.DBWrapper] DataClientService-thread-1 insert one batch latency (device: d_7, sg: g_0) ,1.61, ms, throughput ,31138.136245537906, points/s
2026/06/17 11:50:08 INFO  [benchmark.tsdb.DBWrapper] DataClientService-thread-1 insert one batch latency (device: d_8, sg: g_0) ,1.62, ms, throughput ,30813.982152541535, points/s
2026/06/17 11:50:08 INFO  [benchmark.tsdb.DBWrapper] DataClientService-thread-1 insert one batch latency (device: d_9, sg: g_0) ,2.19, ms, throughput ,22828.006494111287, points/s
2026/06/17 11:50:08 INFO  [benchmark.tsdb.DBWrapper] DataClientService-thread-1 insert one batch latency (device: d_10, sg: g_0) ,1.87, ms, throughput ,26675.1742689135, points/s
2026/06/17 11:50:08 INFO  [benchmark.tsdb.DBWrapper] DataClientService-thread-1 insert one batch latency (device: d_11, sg: g_0) ,1.70, ms, throughput ,29341.431568446224, points/s
2026/06/17 11:50:08 INFO  [benchmark.tsdb.DBWrapper] DataClientService-thread-1 insert one batch latency (device: d_12, sg: g_0) ,2.01, ms, throughput ,24923.5345958599, points/s
2026/06/17 11:50:08 INFO  [benchmark.tsdb.DBWrapper] DataClientService-thread-1 insert one batch latency (device: d_13, sg: g_0) ,2.27, ms, throughput ,22066.248172914653, points/s
2026/06/17 11:50:08 INFO  [benchmark.tsdb.DBWrapper] DataClientService-thread-1 insert one batch latency (device: d_14, sg: g_0) ,2.04, ms, throughput ,24535.084680391265, points/s
2026/06/17 11:50:08 INFO  [benchmark.tsdb.DBWrapper] DataClientService-thread-1 insert one batch latency (device: d_15, sg: g_0) ,3.25, ms, throughput ,15392.529512866462, points/s
2026/06/17 11:50:08 INFO  [benchmark.tsdb.DBWrapper] DataClientService-thread-1 insert one batch latency (device: d_16, sg: g_0) ,2.90, ms, throughput ,17225.383462873957, points/s
2026/06/17 11:50:08 INFO  [benchmark.tsdb.DBWrapper] DataClientService-thread-1 insert one batch latency (device: d_17, sg: g_0) ,3.60, ms, throughput ,13906.577282604736, points/s
2026/06/17 11:50:08 INFO  [benchmark.tsdb.DBWrapper] DataClientService-thread-1 insert one batch latency (device: d_18, sg: g_0) ,2.81, ms, throughput ,17783.99980651008, points/s
2026/06/17 11:50:08 INFO  [benchmark.tsdb.DBWrapper] DataClientService-thread-1 insert one batch latency (device: d_19, sg: g_0) ,2.63, ms, throughput ,19028.19216951836, points/s
2026/06/17 11:50:08 INFO  [benchmark.tsdb.DBWrapper] DataClientService-thread-1 insert one batch latency (device: d_0, sg: g_0) ,2.61, ms, throughput ,19122.586872956035, points/s
2026/06/17 11:50:08 INFO  [benchmark.tsdb.DBWrapper] DataClientService-thread-1 insert one batch latency (device: d_1, sg: g_0) ,2.41, ms, throughput ,20744.408966895244, points/s
2026/06/17 11:50:08 INFO  [benchmark.tsdb.DBWrapper] DataClientService-thread-1 insert one batch latency (device: d_2, sg: g_0) ,2.15, ms, throughput ,23254.710706747865, points/s
2026/06/17 11:50:08 INFO  [benchmark.tsdb.DBWrapper] DataClientService-thread-1 insert one batch latency (device: d_3, sg: g_0) ,1.76, ms, throughput ,28353.929627814978, points/s
2026/06/17 11:50:08 INFO  [benchmark.tsdb.DBWrapper] DataClientService-thread-1 insert one batch latency (device: d_4, sg: g_0) ,2.07, ms, throughput ,24199.164935216413, points/s
2026/06/17 11:50:08 INFO  [benchmark.tsdb.DBWrapper] DataClientService-thread-1 insert one batch latency (device: d_5, sg: g_0) ,2.50, ms, throughput ,20009.308330235224, points/s
2026/06/17 11:50:08 INFO  [benchmark.tsdb.DBWrapper] DataClientService-thread-1 insert one batch latency (device: d_6, sg: g_0) ,3.58, ms, throughput ,13975.02551140907, points/s
2026/06/17 11:50:08 INFO  [benchmark.tsdb.DBWrapper] DataClientService-thread-1 insert one batch latency (device: d_7, sg: g_0) ,4.54, ms, throughput ,11024.46129521104, points/s
2026/06/17 11:50:08 INFO  [benchmark.tsdb.DBWrapper] DataClientService-thread-1 insert one batch latency (device: d_8, sg: g_0) ,4.31, ms, throughput ,11606.661387957069, points/s
2026/06/17 11:50:08 INFO  [benchmark.tsdb.DBWrapper] DataClientService-thread-1 insert one batch latency (device: d_9, sg: g_0) ,3.22, ms, throughput ,15511.278095190231, points/s
2026/06/17 11:50:08 INFO  [benchmark.tsdb.DBWrapper] DataClientService-thread-1 insert one batch latency (device: d_10, sg: g_0) ,2.73, ms, throughput ,18287.961510424688, points/s
2026/06/17 11:50:08 INFO  [benchmark.tsdb.DBWrapper] DataClientService-thread-1 insert one batch latency (device: d_11, sg: g_0) ,2.39, ms, throughput ,20943.19785876745, points/s
2026/06/17 11:50:08 INFO  [benchmark.tsdb.DBWrapper] DataClientService-thread-1 insert one batch latency (device: d_12, sg: g_0) ,3.30, ms, throughput ,15168.457859293743, points/s
2026/06/17 11:50:08 INFO  [benchmark.tsdb.DBWrapper] DataClientService-thread-1 insert one batch latency (device: d_13, sg: g_0) ,3.26, ms, throughput ,15323.27043948059, points/s
2026/06/17 11:50:08 INFO  [benchmark.tsdb.DBWrapper] DataClientService-thread-1 insert one batch latency (device: d_14, sg: g_0) ,3.81, ms, throughput ,13118.329165640158, points/s
2026/06/17 11:50:08 INFO  [benchmark.tsdb.DBWrapper] DataClientService-thread-1 insert one batch latency (device: d_15, sg: g_0) ,4.17, ms, throughput ,12001.672553086999, points/s
2026/06/17 11:50:08 INFO  [benchmark.tsdb.DBWrapper] DataClientService-thread-1 insert one batch latency (device: d_16, sg: g_0) ,4.56, ms, throughput ,10957.247013602328, points/s
2026/06/17 11:50:08 INFO  [benchmark.tsdb.DBWrapper] DataClientService-thread-1 insert one batch latency (device: d_17, sg: g_0) ,4.33, ms, throughput ,11540.331959956895, points/s
2026/06/17 11:50:08 INFO  [benchmark.tsdb.DBWrapper] DataClientService-thread-1 insert one batch latency (device: d_18, sg: g_0) ,3.70, ms, throughput ,13529.654025099131, points/s
2026/06/17 11:50:08 INFO  [benchmark.tsdb.DBWrapper] DataClientService-thread-1 insert one batch latency (device: d_19, sg: g_0) ,4.27, ms, throughput ,11696.634223322435, points/s
2026/06/17 11:50:08 INFO  [benchmark.tsdb.DBWrapper] DataClientService-thread-1 insert one batch latency (device: d_0, sg: g_0) ,3.58, ms, throughput ,13978.420673301385, points/s
2026/06/17 11:50:08 INFO  [benchmark.tsdb.DBWrapper] DataClientService-thread-1 insert one batch latency (device: d_1, sg: g_0) ,2.73, ms, throughput ,18291.982477744146, points/s
2026/06/17 11:50:08 INFO  [benchmark.tsdb.DBWrapper] DataClientService-thread-1 insert one batch latency (device: d_2, sg: g_0) ,3.23, ms, throughput ,15493.522932737967, points/s
2026/06/17 11:50:08 INFO  [benchmark.tsdb.DBWrapper] DataClientService-thread-1 insert one batch latency (device: d_3, sg: g_0) ,2.98, ms, throughput ,16767.945054797645, points/s
2026/06/17 11:50:08 INFO  [benchmark.tsdb.DBWrapper] DataClientService-thread-1 insert one batch latency (device: d_4, sg: g_0) ,10.78, ms, throughput ,4637.054928512379, points/s
2026/06/17 11:50:08 INFO  [benchmark.tsdb.DBWrapper] DataClientService-thread-1 insert one batch latency (device: d_5, sg: g_0) ,3.12, ms, throughput ,16035.051339423873, points/s
2026/06/17 11:50:08 INFO  [benchmark.tsdb.DBWrapper] DataClientService-thread-1 insert one batch latency (device: d_6, sg: g_0) ,3.57, ms, throughput ,13994.57514289161, points/s
2026/06/17 11:50:08 INFO  [benchmark.tsdb.DBWrapper] DataClientService-thread-1 insert one batch latency (device: d_7, sg: g_0) ,3.15, ms, throughput ,15865.108501477042, points/s
2026/06/17 11:50:08 INFO  [benchmark.tsdb.DBWrapper] DataClientService-thread-1 insert one batch latency (device: d_8, sg: g_0) ,3.35, ms, throughput ,14927.66798477975, points/s
2026/06/17 11:50:08 INFO  [benchmark.tsdb.DBWrapper] DataClientService-thread-1 insert one batch latency (device: d_9, sg: g_0) ,2.24, ms, throughput ,22315.202231520223, points/s
2026/06/17 11:50:08 INFO  [benchmark.tsdb.DBWrapper] DataClientService-thread-1 insert one batch latency (device: d_10, sg: g_0) ,1.53, ms, throughput ,32753.465971769132, points/s
2026/06/17 11:50:08 INFO  [benchmark.tsdb.DBWrapper] DataClientService-thread-1 insert one batch latency (device: d_11, sg: g_0) ,1.90, ms, throughput ,26369.291378032798, points/s
2026/06/17 11:50:08 INFO  [benchmark.tsdb.DBWrapper] DataClientService-thread-1 insert one batch latency (device: d_12, sg: g_0) ,2.74, ms, throughput ,18238.909284042562, points/s
2026/06/17 11:50:08 INFO  [benchmark.tsdb.DBWrapper] DataClientService-thread-1 insert one batch latency (device: d_13, sg: g_0) ,3.60, ms, throughput ,13890.412975868187, points/s
2026/06/17 11:50:08 INFO  [benchmark.tsdb.DBWrapper] DataClientService-thread-1 insert one batch latency (device: d_14, sg: g_0) ,3.05, ms, throughput ,16399.825112265004, points/s
2026/06/17 11:50:08 INFO  [benchmark.tsdb.DBWrapper] DataClientService-thread-1 insert one batch latency (device: d_15, sg: g_0) ,6.45, ms, throughput ,7756.105839199794, points/s
2026/06/17 11:50:08 INFO  [benchmark.tsdb.DBWrapper] DataClientService-thread-1 insert one batch latency (device: d_16, sg: g_0) ,1.99, ms, throughput ,25162.72735782304, points/s
2026/06/17 11:50:08 INFO  [benchmark.tsdb.DBWrapper] DataClientService-thread-1 insert one batch latency (device: d_17, sg: g_0) ,2.29, ms, throughput ,21807.98678261537, points/s
2026/06/17 11:50:08 INFO  [benchmark.tsdb.DBWrapper] DataClientService-thread-1 insert one batch latency (device: d_18, sg: g_0) ,2.15, ms, throughput ,23281.824624534016, points/s
2026/06/17 11:50:08 INFO  [benchmark.tsdb.DBWrapper] DataClientService-thread-1 insert one batch latency (device: d_19, sg: g_0) ,1.78, ms, throughput ,28014.468912904136, points/s
2026/06/17 11:50:08 INFO  [benchmark.tsdb.DBWrapper] DataClientService-thread-1 insert one batch latency (device: d_0, sg: g_0) ,1.42, ms, throughput ,35328.02423785087, points/s
2026/06/17 11:50:08 INFO  [benchmark.tsdb.DBWrapper] DataClientService-thread-1 insert one batch latency (device: d_1, sg: g_0) ,1.17, ms, throughput ,42778.00355057429, points/s
2026/06/17 11:50:08 INFO  [benchmark.tsdb.DBWrapper] DataClientService-thread-1 insert one batch latency (device: d_2, sg: g_0) ,1.46, ms, throughput ,34360.104894528224, points/s
2026/06/17 11:50:08 INFO  [benchmark.tsdb.DBWrapper] DataClientService-thread-1 insert one batch latency (device: d_3, sg: g_0) ,1.43, ms, throughput ,35058.88490308322, points/s
2026/06/17 11:50:08 INFO  [benchmark.tsdb.DBWrapper] DataClientService-thread-1 insert one batch latency (device: d_4, sg: g_0) ,1.43, ms, throughput ,34847.406690841475, points/s
2026/06/17 11:50:08 INFO  [benchmark.tsdb.DBWrapper] DataClientService-thread-1 insert one batch latency (device: d_5, sg: g_0) ,1.40, ms, throughput ,35747.68426501331, points/s
2026/06/17 11:50:08 INFO  [benchmark.tsdb.DBWrapper] DataClientService-thread-1 insert one batch latency (device: d_6, sg: g_0) ,1.50, ms, throughput ,33372.71313483244, points/s
2026/06/17 11:50:08 INFO  [benchmark.tsdb.DBWrapper] DataClientService-thread-1 insert one batch latency (device: d_7, sg: g_0) ,6.57, ms, throughput ,7607.3777566664585, points/s
2026/06/17 11:50:08 INFO  [benchmark.tsdb.DBWrapper] DataClientService-thread-1 insert one batch latency (device: d_8, sg: g_0) ,1.33, ms, throughput ,37535.39587831325, points/s
2026/06/17 11:50:08 INFO  [benchmark.tsdb.DBWrapper] DataClientService-thread-1 insert one batch latency (device: d_9, sg: g_0) ,1.53, ms, throughput ,32750.24791937675, points/s
2026/06/17 11:50:08 INFO  [benchmark.tsdb.DBWrapper] DataClientService-thread-1 insert one batch latency (device: d_10, sg: g_0) ,1.37, ms, throughput ,36408.83627892955, points/s
2026/06/17 11:50:08 INFO  [benchmark.tsdb.DBWrapper] DataClientService-thread-1 insert one batch latency (device: d_11, sg: g_0) ,1.52, ms, throughput ,32945.62916926937, points/s
2026/06/17 11:50:08 INFO  [benchmark.tsdb.DBWrapper] DataClientService-thread-1 insert one batch latency (device: d_12, sg: g_0) ,1.38, ms, throughput ,36317.83627047781, points/s
2026/06/17 11:50:08 INFO  [benchmark.tsdb.DBWrapper] DataClientService-thread-1 insert one batch latency (device: d_13, sg: g_0) ,1.53, ms, throughput ,32766.151255107423, points/s
2026/06/17 11:50:08 INFO  [benchmark.tsdb.DBWrapper] DataClientService-thread-1 insert one batch latency (device: d_14, sg: g_0) ,1.43, ms, throughput ,35033.53409883941, points/s
2026/06/17 11:50:08 INFO  [benchmark.tsdb.DBWrapper] DataClientService-thread-1 insert one batch latency (device: d_15, sg: g_0) ,1.67, ms, throughput ,30021.789815047763, points/s
2026/06/17 11:50:08 INFO  [benchmark.tsdb.DBWrapper] DataClientService-thread-1 insert one batch latency (device: d_16, sg: g_0) ,1.41, ms, throughput ,35413.624046134035, points/s
2026/06/17 11:50:08 INFO  [benchmark.tsdb.DBWrapper] DataClientService-thread-1 insert one batch latency (device: d_17, sg: g_0) ,1.59, ms, throughput ,31534.917983985306, points/s
2026/06/17 11:50:08 INFO  [benchmark.tsdb.DBWrapper] DataClientService-thread-1 insert one batch latency (device: d_18, sg: g_0) ,15.19, ms, throughput ,3292.2643114071166, points/s
2026/06/17 11:50:08 INFO  [benchmark.tsdb.DBWrapper] DataClientService-thread-1 insert one batch latency (device: d_19, sg: g_0) ,1.42, ms, throughput ,35195.30579089483, points/s
2026/06/17 11:50:08 INFO  [benchmark.tsdb.DBWrapper] DataClientService-thread-1 insert one batch latency (device: d_0, sg: g_0) ,1.37, ms, throughput ,36517.11447604148, points/s
2026/06/17 11:50:08 INFO  [benchmark.tsdb.DBWrapper] DataClientService-thread-1 insert one batch latency (device: d_1, sg: g_0) ,1.55, ms, throughput ,32225.630977854544, points/s
2026/06/17 11:50:08 INFO  [benchmark.tsdb.DBWrapper] DataClientService-thread-1 insert one batch latency (device: d_2, sg: g_0) ,1.47, ms, throughput ,34129.13372067625, points/s
2026/06/17 11:50:08 INFO  [benchmark.tsdb.DBWrapper] DataClientService-thread-1 insert one batch latency (device: d_3, sg: g_0) ,1.35, ms, throughput ,37130.02712719782, points/s
2026/06/17 11:50:08 INFO  [benchmark.tsdb.DBWrapper] DataClientService-thread-1 insert one batch latency (device: d_4, sg: g_0) ,1.15, ms, throughput ,43581.34021337424, points/s
2026/06/17 11:50:08 INFO  [benchmark.tsdb.DBWrapper] DataClientService-thread-1 insert one batch latency (device: d_5, sg: g_0) ,1.05, ms, throughput ,47668.57754104502, points/s
2026/06/17 11:50:08 INFO  [benchmark.tsdb.DBWrapper] DataClientService-thread-1 insert one batch latency (device: d_6, sg: g_0) ,1.30, ms, throughput ,38331.59435666935, points/s
2026/06/17 11:50:08 INFO  [benchmark.tsdb.DBWrapper] DataClientService-thread-1 insert one batch latency (device: d_7, sg: g_0) ,1.13, ms, throughput ,44153.89220975218, points/s
2026/06/17 11:50:08 INFO  [benchmark.tsdb.DBWrapper] DataClientService-thread-1 insert one batch latency (device: d_8, sg: g_0) ,1.20, ms, throughput ,41819.86677863239, points/s
2026/06/17 11:50:08 INFO  [benchmark.tsdb.DBWrapper] DataClientService-thread-1 insert one batch latency (device: d_9, sg: g_0) ,1.07, ms, throughput ,46924.65214755363, points/s
2026/06/17 11:50:08 INFO  [benchmark.tsdb.DBWrapper] DataClientService-thread-1 insert one batch latency (device: d_10, sg: g_0) ,1.16, ms, throughput ,43113.92942077298, points/s
2026/06/17 11:50:08 INFO  [benchmark.tsdb.DBWrapper] DataClientService-thread-1 insert one batch latency (device: d_11, sg: g_0) ,1.28, ms, throughput ,39170.03398392149, points/s
2026/06/17 11:50:08 INFO  [benchmark.tsdb.DBWrapper] DataClientService-thread-1 insert one batch latency (device: d_12, sg: g_0) ,1.20, ms, throughput ,41530.44680115887, points/s
2026/06/17 11:50:08 INFO  [benchmark.tsdb.DBWrapper] DataClientService-thread-1 insert one batch latency (device: d_13, sg: g_0) ,1.23, ms, throughput ,40738.74001595329, points/s
2026/06/17 11:50:08 INFO  [benchmark.tsdb.DBWrapper] DataClientService-thread-1 insert one batch latency (device: d_14, sg: g_0) ,1.17, ms, throughput ,42797.62969607692, points/s
2026/06/17 11:50:08 INFO  [benchmark.tsdb.DBWrapper] DataClientService-thread-1 insert one batch latency (device: d_15, sg: g_0) ,1.07, ms, throughput ,46676.18860914293, points/s
2026/06/17 11:50:08 INFO  [benchmark.tsdb.DBWrapper] DataClientService-thread-1 insert one batch latency (device: d_16, sg: g_0) ,1.22, ms, throughput ,41129.48136546588, points/s
2026/06/17 11:50:08 INFO  [benchmark.tsdb.DBWrapper] DataClientService-thread-1 insert one batch latency (device: d_17, sg: g_0) ,1.23, ms, throughput ,40728.35328751122, points/s
2026/06/17 11:50:08 INFO  [benchmark.tsdb.DBWrapper] DataClientService-thread-1 insert one batch latency (device: d_18, sg: g_0) ,1.12, ms, throughput ,44736.92451538726, points/s
2026/06/17 11:50:08 INFO  [benchmark.tsdb.DBWrapper] DataClientService-thread-1 insert one batch latency (device: d_19, sg: g_0) ,1.16, ms, throughput ,43149.0151237298, points/s
2026/06/17 11:50:08 INFO  [benchmark.tsdb.DBWrapper] DataClientService-thread-1 insert one batch latency (device: d_0, sg: g_0) ,1.12, ms, throughput ,44794.839634474105, points/s
2026/06/17 11:50:08 INFO  [benchmark.tsdb.DBWrapper] DataClientService-thread-1 insert one batch latency (device: d_1, sg: g_0) ,1.17, ms, throughput ,42572.176868663126, points/s
2026/06/17 11:50:08 INFO  [benchmark.tsdb.DBWrapper] DataClientService-thread-1 insert one batch latency (device: d_2, sg: g_0) ,1.02, ms, throughput ,48888.37610414398, points/s
2026/06/17 11:50:08 INFO  [benchmark.tsdb.DBWrapper] DataClientService-thread-1 insert one batch latency (device: d_3, sg: g_0) ,1.10, ms, throughput ,45305.57249480571, points/s
2026/06/17 11:50:08 INFO  [benchmark.tsdb.DBWrapper] DataClientService-thread-1 insert one batch latency (device: d_4, sg: g_0) ,1.22, ms, throughput ,40938.339491824205, points/s
2026/06/17 11:50:08 INFO  [benchmark.tsdb.DBWrapper] DataClientService-thread-1 insert one batch latency (device: d_5, sg: g_0) ,1.22, ms, throughput ,41012.48337969111, points/s
2026/06/17 11:50:08 INFO  [benchmark.tsdb.DBWrapper] DataClientService-thread-1 insert one batch latency (device: d_6, sg: g_0) ,1.06, ms, throughput ,47046.42541259715, points/s
2026/06/17 11:50:08 INFO  [benchmark.tsdb.DBWrapper] DataClientService-thread-1 insert one batch latency (device: d_7, sg: g_0) ,1.03, ms, throughput ,48451.91292997439, points/s
2026/06/17 11:50:08 INFO  [benchmark.tsdb.DBWrapper] DataClientService-thread-1 insert one batch latency (device: d_8, sg: g_0) ,1.16, ms, throughput ,43066.804365595824, points/s
2026/06/17 11:50:08 INFO  [benchmark.tsdb.DBWrapper] DataClientService-thread-1 insert one batch latency (device: d_9, sg: g_0) ,1.05, ms, throughput ,47702.458775535124, points/s
2026/06/17 11:50:08 INFO  [benchmark.tsdb.DBWrapper] DataClientService-thread-1 insert one batch latency (device: d_10, sg: g_0) ,1.09, ms, throughput ,45719.552606746016, points/s
2026/06/17 11:50:08 INFO  [benchmark.tsdb.DBWrapper] DataClientService-thread-1 insert one batch latency (device: d_11, sg: g_0) ,1.03, ms, throughput ,48595.77644387771, points/s
2026/06/17 11:50:08 INFO  [benchmark.tsdb.DBWrapper] DataClientService-thread-1 insert one batch latency (device: d_12, sg: g_0) ,0.99, ms, throughput ,50499.388452405845, points/s
2026/06/17 11:50:08 INFO  [benchmark.tsdb.DBWrapper] DataClientService-thread-1 insert one batch latency (device: d_13, sg: g_0) ,1.21, ms, throughput ,41193.558645621706, points/s
2026/06/17 11:50:08 INFO  [benchmark.tsdb.DBWrapper] DataClientService-thread-1 insert one batch latency (device: d_14, sg: g_0) ,1.11, ms, throughput ,45196.14675731205, points/s
2026/06/17 11:50:08 INFO  [benchmark.tsdb.DBWrapper] DataClientService-thread-1 insert one batch latency (device: d_15, sg: g_0) ,1.00, ms, throughput ,49974.413100492544, points/s
2026/06/17 11:50:08 INFO  [benchmark.tsdb.DBWrapper] DataClientService-thread-1 insert one batch latency (device: d_16, sg: g_0) ,1.08, ms, throughput ,46410.00079825202, points/s
2026/06/17 11:50:08 INFO  [benchmark.tsdb.DBWrapper] DataClientService-thread-1 insert one batch latency (device: d_17, sg: g_0) ,1.06, ms, throughput ,46964.05559041332, points/s
2026/06/17 11:50:08 INFO  [benchmark.tsdb.DBWrapper] DataClientService-thread-1 insert one batch latency (device: d_18, sg: g_0) ,0.95, ms, throughput ,52473.71591569783, points/s
2026/06/17 11:50:08 INFO  [benchmark.tsdb.DBWrapper] DataClientService-thread-1 insert one batch latency (device: d_19, sg: g_0) ,0.99, ms, throughput ,50391.54228354313, points/s
2026/06/17 11:50:08 INFO  [benchmark.tsdb.DBWrapper] DataClientService-thread-1 insert one batch latency (device: d_0, sg: g_0) ,1.12, ms, throughput ,44606.65406380001, points/s
2026/06/17 11:50:08 INFO  [benchmark.tsdb.DBWrapper] DataClientService-thread-1 insert one batch latency (device: d_1, sg: g_0) ,1.16, ms, throughput ,43162.014664726106, points/s
2026/06/17 11:50:08 INFO  [benchmark.tsdb.DBWrapper] DataClientService-thread-1 insert one batch latency (device: d_2, sg: g_0) ,1.09, ms, throughput ,45707.80826488589, points/s
2026/06/17 11:50:08 INFO  [benchmark.tsdb.DBWrapper] DataClientService-thread-1 insert one batch latency (device: d_3, sg: g_0) ,1.12, ms, throughput ,44729.88072330006, points/s
2026/06/17 11:50:08 INFO  [benchmark.tsdb.DBWrapper] DataClientService-thread-1 insert one batch latency (device: d_4, sg: g_0) ,1.40, ms, throughput ,35814.900001217706, points/s
2026/06/17 11:50:08 INFO  [benchmark.tsdb.DBWrapper] DataClientService-thread-1 insert one batch latency (device: d_5, sg: g_0) ,1.19, ms, throughput ,41954.75599113916, points/s
2026/06/17 11:50:08 INFO  [benchmark.tsdb.DBWrapper] DataClientService-thread-1 insert one batch latency (device: d_6, sg: g_0) ,1.22, ms, throughput ,40995.871715718225, points/s
2026/06/17 11:50:08 INFO  [benchmark.tsdb.DBWrapper] DataClientService-thread-1 insert one batch latency (device: d_7, sg: g_0) ,1.24, ms, throughput ,40424.32606584799, points/s
2026/06/17 11:50:08 INFO  [benchmark.tsdb.DBWrapper] DataClientService-thread-1 insert one batch latency (device: d_8, sg: g_0) ,1.08, ms, throughput ,46463.86737353697, points/s
2026/06/17 11:50:08 INFO  [benchmark.tsdb.DBWrapper] DataClientService-thread-1 insert one batch latency (device: d_9, sg: g_0) ,1.16, ms, throughput ,42973.49051317223, points/s
2026/06/17 11:50:08 INFO  [benchmark.tsdb.DBWrapper] DataClientService-thread-1 insert one batch latency (device: d_10, sg: g_0) ,1.17, ms, throughput ,42668.45077682181, points/s
2026/06/17 11:50:08 INFO  [benchmark.tsdb.DBWrapper] DataClientService-thread-1 insert one batch latency (device: d_11, sg: g_0) ,1.72, ms, throughput ,29074.804820835237, points/s
2026/06/17 11:50:08 INFO  [benchmark.tsdb.DBWrapper] DataClientService-thread-1 insert one batch latency (device: d_12, sg: g_0) ,1.52, ms, throughput ,32955.248749513084, points/s
2026/06/17 11:50:08 INFO  [benchmark.tsdb.DBWrapper] DataClientService-thread-1 insert one batch latency (device: d_13, sg: g_0) ,1.43, ms, throughput ,34917.4690701059, points/s
2026/06/17 11:50:08 INFO  [benchmark.tsdb.DBWrapper] DataClientService-thread-1 insert one batch latency (device: d_14, sg: g_0) ,1.35, ms, throughput ,36928.60371472211, points/s
2026/06/17 11:50:08 INFO  [benchmark.tsdb.DBWrapper] DataClientService-thread-1 insert one batch latency (device: d_15, sg: g_0) ,1.32, ms, throughput ,37779.47365637302, points/s
2026/06/17 11:50:08 INFO  [benchmark.tsdb.DBWrapper] DataClientService-thread-1 insert one batch latency (device: d_16, sg: g_0) ,1.33, ms, throughput ,37726.08298380118, points/s
2026/06/17 11:50:08 INFO  [benchmark.tsdb.DBWrapper] DataClientService-thread-1 insert one batch latency (device: d_17, sg: g_0) ,1.04, ms, throughput ,48160.231014996134, points/s
2026/06/17 11:50:08 INFO  [benchmark.tsdb.DBWrapper] DataClientService-thread-1 insert one batch latency (device: d_18, sg: g_0) ,1.05, ms, throughput ,47467.28791853094, points/s
2026/06/17 11:50:08 INFO  [benchmark.tsdb.DBWrapper] DataClientService-thread-1 insert one batch latency (device: d_19, sg: g_0) ,1.07, ms, throughput ,46823.40645900798, points/s
2026/06/17 11:50:08 INFO  [benchmark.tsdb.DBWrapper] DataClientService-thread-1 insert one batch latency (device: d_0, sg: g_0) ,1.04, ms, throughput ,48015.33417712281, points/s
2026/06/17 11:50:08 INFO  [benchmark.tsdb.DBWrapper] DataClientService-thread-1 insert one batch latency (device: d_1, sg: g_0) ,0.96, ms, throughput ,52101.243135661214, points/s
2026/06/17 11:50:08 INFO  [benchmark.tsdb.DBWrapper] DataClientService-thread-1 insert one batch latency (device: d_2, sg: g_0) ,1.06, ms, throughput ,47067.860558639026, points/s
2026/06/17 11:50:08 INFO  [benchmark.tsdb.DBWrapper] DataClientService-thread-1 insert one batch latency (device: d_3, sg: g_0) ,0.94, ms, throughput ,53310.58748267406, points/s
2026/06/17 11:50:08 INFO  [benchmark.tsdb.DBWrapper] DataClientService-thread-1 insert one batch latency (device: d_4, sg: g_0) ,0.92, ms, throughput ,54056.683838673234, points/s
2026/06/17 11:50:08 INFO  [benchmark.tsdb.DBWrapper] DataClientService-thread-1 insert one batch latency (device: d_5, sg: g_0) ,1.16, ms, throughput ,43069.43827115829, points/s
2026/06/17 11:50:08 INFO  [benchmark.tsdb.DBWrapper] DataClientService-thread-1 insert one batch latency (device: d_6, sg: g_0) ,1.11, ms, throughput ,45089.403268801376, points/s
2026/06/17 11:50:08 INFO  [benchmark.tsdb.DBWrapper] DataClientService-thread-1 insert one batch latency (device: d_7, sg: g_0) ,1.45, ms, throughput ,34398.51783666345, points/s
2026/06/17 11:50:08 INFO  [benchmark.tsdb.DBWrapper] DataClientService-thread-1 insert one batch latency (device: d_8, sg: g_0) ,1.16, ms, throughput ,43152.25496423541, points/s
2026/06/17 11:50:08 INFO  [benchmark.tsdb.DBWrapper] DataClientService-thread-1 insert one batch latency (device: d_9, sg: g_0) ,1.16, ms, throughput ,43194.11868879933, points/s
2026/06/17 11:50:08 INFO  [benchmark.tsdb.DBWrapper] DataClientService-thread-1 insert one batch latency (device: d_10, sg: g_0) ,1.25, ms, throughput ,39983.75060375463, points/s
2026/06/17 11:50:08 INFO  [benchmark.tsdb.DBWrapper] DataClientService-thread-1 insert one batch latency (device: d_11, sg: g_0) ,1.22, ms, throughput ,41008.48055377852, points/s
2026/06/17 11:50:08 INFO  [benchmark.tsdb.DBWrapper] DataClientService-thread-1 insert one batch latency (device: d_12, sg: g_0) ,1.15, ms, throughput ,43643.34657181513, points/s
2026/06/17 11:50:08 INFO  [benchmark.tsdb.DBWrapper] DataClientService-thread-1 insert one batch latency (device: d_13, sg: g_0) ,1.19, ms, throughput ,42120.87004869172, points/s
2026/06/17 11:50:08 INFO  [benchmark.tsdb.DBWrapper] DataClientService-thread-1 insert one batch latency (device: d_14, sg: g_0) ,1.16, ms, throughput ,42996.291139926274, points/s
2026/06/17 11:50:08 INFO  [benchmark.tsdb.DBWrapper] DataClientService-thread-1 insert one batch latency (device: d_15, sg: g_0) ,1.18, ms, throughput ,42412.3464036875, points/s
2026/06/17 11:50:08 INFO  [benchmark.tsdb.DBWrapper] DataClientService-thread-1 insert one batch latency (device: d_16, sg: g_0) ,1.15, ms, throughput ,43346.262078435924, points/s
2026/06/17 11:50:08 INFO  [benchmark.tsdb.DBWrapper] DataClientService-thread-1 insert one batch latency (device: d_17, sg: g_0) ,1.06, ms, throughput ,47382.092033080284, points/s
2026/06/17 11:50:08 INFO  [benchmark.tsdb.DBWrapper] DataClientService-thread-1 insert one batch latency (device: d_18, sg: g_0) ,1.21, ms, throughput ,41488.990066706, points/s
2026/06/17 11:50:08 INFO  [benchmark.tsdb.DBWrapper] DataClientService-thread-1 insert one batch latency (device: d_19, sg: g_0) ,1.12, ms, throughput ,44502.11919091587, points/s
2026/06/17 11:50:08 INFO  [benchmark.tsdb.DBWrapper] DataClientService-thread-1 insert one batch latency (device: d_0, sg: g_0) ,1.11, ms, throughput ,45050.48357189066, points/s
2026/06/17 11:50:08 INFO  [benchmark.tsdb.DBWrapper] DataClientService-thread-1 insert one batch latency (device: d_1, sg: g_0) ,1.25, ms, throughput ,39855.46813037202, points/s
2026/06/17 11:50:08 INFO  [benchmark.tsdb.DBWrapper] DataClientService-thread-1 insert one batch latency (device: d_2, sg: g_0) ,1.09, ms, throughput ,45867.56200147694, points/s
2026/06/17 11:50:08 INFO  [benchmark.tsdb.DBWrapper] DataClientService-thread-1 insert one batch latency (device: d_3, sg: g_0) ,1.13, ms, throughput ,44352.46728340251, points/s
2026/06/17 11:50:08 INFO  [benchmark.tsdb.DBWrapper] DataClientService-thread-1 insert one batch latency (device: d_4, sg: g_0) ,1.10, ms, throughput ,45343.82408047259, points/s
2026/06/17 11:50:08 INFO  [benchmark.tsdb.DBWrapper] DataClientService-thread-1 insert one batch latency (device: d_5, sg: g_0) ,1.15, ms, throughput ,43369.64818541392, points/s
2026/06/17 11:50:08 INFO  [benchmark.tsdb.DBWrapper] DataClientService-thread-1 insert one batch latency (device: d_6, sg: g_0) ,1.10, ms, throughput ,45627.72340474072, points/s
2026/06/17 11:50:08 INFO  [benchmark.tsdb.DBWrapper] DataClientService-thread-1 insert one batch latency (device: d_7, sg: g_0) ,1.11, ms, throughput ,45155.2482590394, points/s
2026/06/17 11:50:08 INFO  [benchmark.tsdb.DBWrapper] DataClientService-thread-1 insert one batch latency (device: d_8, sg: g_0) ,1.22, ms, throughput ,40881.80416307588, points/s
2026/06/17 11:50:08 INFO  [benchmark.tsdb.DBWrapper] DataClientService-thread-1 insert one batch latency (device: d_9, sg: g_0) ,1.22, ms, throughput ,41094.35922387549, points/s
2026/06/17 11:50:08 INFO  [benchmark.tsdb.DBWrapper] DataClientService-thread-1 insert one batch latency (device: d_10, sg: g_0) ,1.34, ms, throughput ,37387.761938660144, points/s
2026/06/17 11:50:08 INFO  [benchmark.tsdb.DBWrapper] DataClientService-thread-1 insert one batch latency (device: d_11, sg: g_0) ,1.16, ms, throughput ,43119.13471969975, points/s
2026/06/17 11:50:08 INFO  [benchmark.tsdb.DBWrapper] DataClientService-thread-1 insert one batch latency (device: d_12, sg: g_0) ,1.03, ms, throughput ,48459.191545615606, points/s
2026/06/17 11:50:08 INFO  [benchmark.tsdb.DBWrapper] DataClientService-thread-1 insert one batch latency (device: d_13, sg: g_0) ,1.22, ms, throughput ,40821.125095521435, points/s
2026/06/17 11:50:08 INFO  [benchmark.tsdb.DBWrapper] DataClientService-thread-1 insert one batch latency (device: d_14, sg: g_0) ,1.25, ms, throughput ,40153.353688406765, points/s
2026/06/17 11:50:08 INFO  [benchmark.tsdb.DBWrapper] DataClientService-thread-1 insert one batch latency (device: d_15, sg: g_0) ,1.16, ms, throughput ,43078.78938262926, points/s
2026/06/17 11:50:08 INFO  [benchmark.tsdb.DBWrapper] DataClientService-thread-1 insert one batch latency (device: d_16, sg: g_0) ,1.16, ms, throughput ,43038.44538249128, points/s
2026/06/17 11:50:08 INFO  [benchmark.tsdb.DBWrapper] DataClientService-thread-1 insert one batch latency (device: d_17, sg: g_0) ,1.14, ms, throughput ,43954.30510441345, points/s
2026/06/17 11:50:08 INFO  [benchmark.tsdb.DBWrapper] DataClientService-thread-1 insert one batch latency (device: d_18, sg: g_0) ,1.12, ms, throughput ,44802.82723761, points/s
2026/06/17 11:50:08 INFO  [benchmark.tsdb.DBWrapper] DataClientService-thread-1 insert one batch latency (device: d_19, sg: g_0) ,1.03, ms, throughput ,48488.32788971038, points/s
2026/06/17 11:50:08 INFO  [benchmark.tsdb.DBWrapper] DataClientService-thread-1 insert one batch latency (device: d_0, sg: g_0) ,1.11, ms, throughput ,45156.349343968555, points/s
2026/06/17 11:50:08 INFO  [benchmark.tsdb.DBWrapper] DataClientService-thread-1 insert one batch latency (device: d_1, sg: g_0) ,1.11, ms, throughput ,45177.64754567912, points/s
2026/06/17 11:50:08 INFO  [benchmark.tsdb.DBWrapper] DataClientService-thread-1 insert one batch latency (device: d_2, sg: g_0) ,1.14, ms, throughput ,43796.41324894057, points/s
2026/06/17 11:50:08 INFO  [benchmark.tsdb.DBWrapper] DataClientService-thread-1 insert one batch latency (device: d_3, sg: g_0) ,0.98, ms, throughput ,51167.90748842326, points/s
2026/06/17 11:50:08 INFO  [benchmark.tsdb.DBWrapper] DataClientService-thread-1 insert one batch latency (device: d_4, sg: g_0) ,0.93, ms, throughput ,53691.56344463595, points/s
2026/06/17 11:50:08 INFO  [benchmark.tsdb.DBWrapper] DataClientService-thread-1 insert one batch latency (device: d_5, sg: g_0) ,1.00, ms, throughput ,50115.01395703139, points/s
2026/06/17 11:50:08 INFO  [benchmark.tsdb.DBWrapper] DataClientService-thread-1 insert one batch latency (device: d_6, sg: g_0) ,0.92, ms, throughput ,54526.75682484151, points/s
2026/06/17 11:50:08 INFO  [benchmark.tsdb.DBWrapper] DataClientService-thread-1 insert one batch latency (device: d_7, sg: g_0) ,0.94, ms, throughput ,53047.471120956725, points/s
2026/06/17 11:50:08 INFO  [benchmark.tsdb.DBWrapper] DataClientService-thread-1 insert one batch latency (device: d_8, sg: g_0) ,1.11, ms, throughput ,44991.25819853203, points/s
2026/06/17 11:50:08 INFO  [benchmark.tsdb.DBWrapper] DataClientService-thread-1 insert one batch latency (device: d_9, sg: g_0) ,1.11, ms, throughput ,45142.81380575589, points/s
2026/06/17 11:50:08 INFO  [benchmark.tsdb.DBWrapper] DataClientService-thread-1 insert one batch latency (device: d_10, sg: g_0) ,1.11, ms, throughput ,44904.58673410737, points/s
2026/06/17 11:50:08 INFO  [benchmark.tsdb.DBWrapper] DataClientService-thread-1 insert one batch latency (device: d_11, sg: g_0) ,1.19, ms, throughput ,42090.27016060805, points/s
2026/06/17 11:50:08 INFO  [benchmark.tsdb.DBWrapper] DataClientService-thread-1 insert one batch latency (device: d_12, sg: g_0) ,1.15, ms, throughput ,43664.194399979744, points/s
2026/06/17 11:50:08 INFO  [benchmark.tsdb.DBWrapper] DataClientService-thread-1 insert one batch latency (device: d_13, sg: g_0) ,1.27, ms, throughput ,39364.74745152625, points/s
2026/06/17 11:50:08 INFO  [benchmark.tsdb.DBWrapper] DataClientService-thread-1 insert one batch latency (device: d_14, sg: g_0) ,1.13, ms, throughput ,44324.040650464165, points/s
2026/06/17 11:50:08 INFO  [benchmark.tsdb.DBWrapper] DataClientService-thread-1 insert one batch latency (device: d_15, sg: g_0) ,1.16, ms, throughput ,42973.231973803515, points/s
2026/06/17 11:50:08 INFO  [benchmark.tsdb.DBWrapper] DataClientService-thread-1 insert one batch latency (device: d_16, sg: g_0) ,1.22, ms, throughput ,41064.82740042396, points/s
2026/06/17 11:50:08 INFO  [benchmark.tsdb.DBWrapper] DataClientService-thread-1 insert one batch latency (device: d_17, sg: g_0) ,1.09, ms, throughput ,45876.77864270798, points/s
2026/06/17 11:50:08 INFO  [benchmark.tsdb.DBWrapper] DataClientService-thread-1 insert one batch latency (device: d_18, sg: g_0) ,1.15, ms, throughput ,43541.566521063665, points/s
2026/06/17 11:50:08 INFO  [benchmark.tsdb.DBWrapper] DataClientService-thread-1 insert one batch latency (device: d_19, sg: g_0) ,1.09, ms, throughput ,45662.89278078798, points/s
2026/06/17 11:50:08 INFO  [benchmark.tsdb.DBWrapper] DataClientService-thread-1 insert one batch latency (device: d_0, sg: g_0) ,1.17, ms, throughput ,42715.76587659586, points/s
2026/06/17 11:50:08 INFO  [benchmark.mode.BaseMode] DataClientService-thread-1 58.00% workload is done.
2026/06/17 11:50:08 INFO  [benchmark.tsdb.DBWrapper] DataClientService-thread-1 insert one batch latency (device: d_1, sg: g_0) ,1.12, ms, throughput ,44765.72306491208, points/s
2026/06/17 11:50:08 INFO  [benchmark.tsdb.DBWrapper] DataClientService-thread-1 insert one batch latency (device: d_2, sg: g_0) ,1.21, ms, throughput ,41197.76741058849, points/s
2026/06/17 11:50:08 INFO  [benchmark.tsdb.DBWrapper] DataClientService-thread-1 insert one batch latency (device: d_3, sg: g_0) ,1.13, ms, throughput ,44268.19799217162, points/s
2026/06/17 11:50:08 INFO  [benchmark.tsdb.DBWrapper] DataClientService-thread-1 insert one batch latency (device: d_4, sg: g_0) ,1.11, ms, throughput ,45240.680419833516, points/s
2026/06/17 11:50:08 INFO  [benchmark.tsdb.DBWrapper] DataClientService-thread-1 insert one batch latency (device: d_5, sg: g_0) ,1.36, ms, throughput ,36788.48314462067, points/s
2026/06/17 11:50:08 INFO  [benchmark.tsdb.DBWrapper] DataClientService-thread-1 insert one batch latency (device: d_6, sg: g_0) ,1.20, ms, throughput ,41771.582959199186, points/s
2026/06/17 11:50:08 INFO  [benchmark.tsdb.DBWrapper] DataClientService-thread-1 insert one batch latency (device: d_7, sg: g_0) ,1.25, ms, throughput ,40025.71251772139, points/s
2026/06/17 11:50:08 INFO  [benchmark.tsdb.DBWrapper] DataClientService-thread-1 insert one batch latency (device: d_8, sg: g_0) ,1.22, ms, throughput ,41013.088917197034, points/s
2026/06/17 11:50:08 INFO  [benchmark.tsdb.DBWrapper] DataClientService-thread-1 insert one batch latency (device: d_9, sg: g_0) ,1.21, ms, throughput ,41299.58221342633, points/s
2026/06/17 11:50:08 INFO  [benchmark.tsdb.DBWrapper] DataClientService-thread-1 insert one batch latency (device: d_10, sg: g_0) ,1.27, ms, throughput ,39346.223156039254, points/s
2026/06/17 11:50:08 INFO  [benchmark.tsdb.DBWrapper] DataClientService-thread-1 insert one batch latency (device: d_11, sg: g_0) ,1.20, ms, throughput ,41591.73222910057, points/s
2026/06/17 11:50:08 INFO  [benchmark.tsdb.DBWrapper] DataClientService-thread-1 insert one batch latency (device: d_12, sg: g_0) ,1.14, ms, throughput ,43948.00774891273, points/s
2026/06/17 11:50:08 INFO  [benchmark.tsdb.DBWrapper] DataClientService-thread-1 insert one batch latency (device: d_13, sg: g_0) ,1.09, ms, throughput ,45801.05122572774, points/s
2026/06/17 11:50:08 INFO  [benchmark.tsdb.DBWrapper] DataClientService-thread-1 insert one batch latency (device: d_14, sg: g_0) ,1.12, ms, throughput ,44598.37822457425, points/s
2026/06/17 11:50:08 INFO  [benchmark.tsdb.DBWrapper] DataClientService-thread-1 insert one batch latency (device: d_15, sg: g_0) ,1.16, ms, throughput ,43066.47051324897, points/s
2026/06/17 11:50:08 INFO  [benchmark.tsdb.DBWrapper] DataClientService-thread-1 insert one batch latency (device: d_16, sg: g_0) ,1.43, ms, throughput ,35065.62180464521, points/s
2026/06/17 11:50:08 INFO  [benchmark.tsdb.DBWrapper] DataClientService-thread-1 insert one batch latency (device: d_17, sg: g_0) ,1.12, ms, throughput ,44624.96731221144, points/s
2026/06/17 11:50:08 INFO  [benchmark.tsdb.DBWrapper] DataClientService-thread-1 insert one batch latency (device: d_18, sg: g_0) ,1.15, ms, throughput ,43564.48065911317, points/s
2026/06/17 11:50:08 INFO  [benchmark.tsdb.DBWrapper] DataClientService-thread-1 insert one batch latency (device: d_19, sg: g_0) ,1.18, ms, throughput ,42524.998320262566, points/s
2026/06/17 11:50:08 INFO  [benchmark.tsdb.DBWrapper] DataClientService-thread-1 insert one batch latency (device: d_0, sg: g_0) ,1.22, ms, throughput ,41049.92574068433, points/s
2026/06/17 11:50:08 INFO  [benchmark.tsdb.DBWrapper] DataClientService-thread-1 insert one batch latency (device: d_1, sg: g_0) ,1.13, ms, throughput ,44409.11452666545, points/s
2026/06/17 11:50:08 INFO  [benchmark.tsdb.DBWrapper] DataClientService-thread-1 insert one batch latency (device: d_2, sg: g_0) ,1.16, ms, throughput ,43264.272018053314, points/s
2026/06/17 11:50:08 INFO  [benchmark.tsdb.DBWrapper] DataClientService-thread-1 insert one batch latency (device: d_3, sg: g_0) ,1.19, ms, throughput ,42029.27423008675, points/s
2026/06/17 11:50:08 INFO  [benchmark.tsdb.DBWrapper] DataClientService-thread-1 insert one batch latency (device: d_4, sg: g_0) ,1.21, ms, throughput ,41247.04671145546, points/s
2026/06/17 11:50:08 INFO  [benchmark.tsdb.DBWrapper] DataClientService-thread-1 insert one batch latency (device: d_5, sg: g_0) ,1.13, ms, throughput ,44225.79212816281, points/s
2026/06/17 11:50:08 INFO  [benchmark.tsdb.DBWrapper] DataClientService-thread-1 insert one batch latency (device: d_6, sg: g_0) ,1.17, ms, throughput ,42639.34110278981, points/s
2026/06/17 11:50:08 INFO  [benchmark.tsdb.DBWrapper] DataClientService-thread-1 insert one batch latency (device: d_7, sg: g_0) ,1.32, ms, throughput ,37825.9461782177, points/s
2026/06/17 11:50:08 INFO  [benchmark.tsdb.DBWrapper] DataClientService-thread-1 insert one batch latency (device: d_8, sg: g_0) ,1.17, ms, throughput ,42575.62068868621, points/s
2026/06/17 11:50:08 INFO  [benchmark.tsdb.DBWrapper] DataClientService-thread-1 insert one batch latency (device: d_9, sg: g_0) ,1.04, ms, throughput ,47934.54825043693, points/s
2026/06/17 11:50:08 INFO  [benchmark.tsdb.DBWrapper] DataClientService-thread-1 insert one batch latency (device: d_10, sg: g_0) ,1.06, ms, throughput ,47018.02294855664, points/s
2026/06/17 11:50:08 INFO  [benchmark.tsdb.DBWrapper] DataClientService-thread-1 insert one batch latency (device: d_11, sg: g_0) ,1.14, ms, throughput ,43768.886274427416, points/s
2026/06/17 11:50:08 INFO  [benchmark.tsdb.DBWrapper] DataClientService-thread-1 insert one batch latency (device: d_12, sg: g_0) ,1.23, ms, throughput ,40772.55843726938, points/s
2026/06/17 11:50:08 INFO  [benchmark.tsdb.DBWrapper] DataClientService-thread-1 insert one batch latency (device: d_13, sg: g_0) ,1.22, ms, throughput ,40954.80391658981, points/s
2026/06/17 11:50:08 INFO  [benchmark.tsdb.DBWrapper] DataClientService-thread-1 insert one batch latency (device: d_14, sg: g_0) ,1.18, ms, throughput ,42208.83920627122, points/s
2026/06/17 11:50:08 INFO  [benchmark.tsdb.DBWrapper] DataClientService-thread-1 insert one batch latency (device: d_15, sg: g_0) ,1.04, ms, throughput ,48307.451810901446, points/s
2026/06/17 11:50:08 INFO  [benchmark.tsdb.DBWrapper] DataClientService-thread-1 insert one batch latency (device: d_16, sg: g_0) ,1.04, ms, throughput ,48019.853328159996, points/s
2026/06/17 11:50:08 INFO  [benchmark.tsdb.DBWrapper] DataClientService-thread-1 insert one batch latency (device: d_17, sg: g_0) ,1.14, ms, throughput ,44050.03026237079, points/s
2026/06/17 11:50:08 INFO  [benchmark.tsdb.DBWrapper] DataClientService-thread-1 insert one batch latency (device: d_18, sg: g_0) ,1.06, ms, throughput ,47055.103408295254, points/s
2026/06/17 11:50:08 INFO  [benchmark.tsdb.DBWrapper] DataClientService-thread-1 insert one batch latency (device: d_19, sg: g_0) ,1.25, ms, throughput ,39966.74766594194, points/s
2026/06/17 11:50:08 INFO  [benchmark.tsdb.DBWrapper] DataClientService-thread-1 insert one batch latency (device: d_0, sg: g_0) ,1.18, ms, throughput ,42456.571173346776, points/s
2026/06/17 11:50:08 INFO  [benchmark.tsdb.DBWrapper] DataClientService-thread-1 insert one batch latency (device: d_1, sg: g_0) ,1.16, ms, throughput ,43267.716399156794, points/s
2026/06/17 11:50:08 INFO  [benchmark.tsdb.DBWrapper] DataClientService-thread-1 insert one batch latency (device: d_2, sg: g_0) ,1.14, ms, throughput ,43706.40832100085, points/s
2026/06/17 11:50:08 INFO  [benchmark.tsdb.DBWrapper] DataClientService-thread-1 insert one batch latency (device: d_3, sg: g_0) ,1.03, ms, throughput ,48373.0217852741, points/s
2026/06/17 11:50:08 INFO  [benchmark.tsdb.DBWrapper] DataClientService-thread-1 insert one batch latency (device: d_4, sg: g_0) ,1.19, ms, throughput ,41993.02243939147, points/s
2026/06/17 11:50:08 INFO  [benchmark.tsdb.DBWrapper] DataClientService-thread-1 insert one batch latency (device: d_5, sg: g_0) ,1.19, ms, throughput ,42109.02194216915, points/s
2026/06/17 11:50:08 INFO  [benchmark.tsdb.DBWrapper] DataClientService-thread-1 insert one batch latency (device: d_6, sg: g_0) ,1.01, ms, throughput ,49601.7967754864, points/s
2026/06/17 11:50:08 INFO  [benchmark.tsdb.DBWrapper] DataClientService-thread-1 insert one batch latency (device: d_7, sg: g_0) ,1.10, ms, throughput ,45527.38927738927, points/s
2026/06/17 11:50:08 INFO  [benchmark.tsdb.DBWrapper] DataClientService-thread-1 insert one batch latency (device: d_8, sg: g_0) ,1.18, ms, throughput ,42208.94610170837, points/s
2026/06/17 11:50:08 INFO  [benchmark.tsdb.DBWrapper] DataClientService-thread-1 insert one batch latency (device: d_9, sg: g_0) ,0.92, ms, throughput ,54079.89547437803, points/s
2026/06/17 11:50:08 INFO  [benchmark.tsdb.DBWrapper] DataClientService-thread-1 insert one batch latency (device: d_10, sg: g_0) ,1.18, ms, throughput ,42212.15321660828, points/s
2026/06/17 11:50:08 INFO  [benchmark.tsdb.DBWrapper] DataClientService-thread-1 insert one batch latency (device: d_11, sg: g_0) ,1.10, ms, throughput ,45314.852124043064, points/s
2026/06/17 11:50:08 INFO  [benchmark.tsdb.DBWrapper] DataClientService-thread-1 insert one batch latency (device: d_12, sg: g_0) ,1.14, ms, throughput ,43910.60853955951, points/s
2026/06/17 11:50:08 INFO  [benchmark.tsdb.DBWrapper] DataClientService-thread-1 insert one batch latency (device: d_13, sg: g_0) ,1.09, ms, throughput ,45690.474449886686, points/s
2026/06/17 11:50:08 INFO  [benchmark.tsdb.DBWrapper] DataClientService-thread-1 insert one batch latency (device: d_14, sg: g_0) ,1.06, ms, throughput ,47369.11912386078, points/s
2026/06/17 11:50:08 INFO  [benchmark.tsdb.DBWrapper] DataClientService-thread-1 insert one batch latency (device: d_15, sg: g_0) ,1.08, ms, throughput ,46289.56716477327, points/s
2026/06/17 11:50:08 INFO  [benchmark.tsdb.DBWrapper] DataClientService-thread-1 insert one batch latency (device: d_16, sg: g_0) ,1.16, ms, throughput ,43285.13389390468, points/s
2026/06/17 11:50:08 INFO  [benchmark.tsdb.DBWrapper] DataClientService-thread-1 insert one batch latency (device: d_17, sg: g_0) ,1.16, ms, throughput ,43038.96403492009, points/s
2026/06/17 11:50:08 INFO  [benchmark.tsdb.DBWrapper] DataClientService-thread-1 insert one batch latency (device: d_18, sg: g_0) ,1.20, ms, throughput ,41580.283627430676, points/s
2026/06/17 11:50:08 INFO  [benchmark.tsdb.DBWrapper] DataClientService-thread-1 insert one batch latency (device: d_19, sg: g_0) ,1.16, ms, throughput ,42979.40083276887, points/s
2026/06/17 11:50:08 INFO  [benchmark.tsdb.DBWrapper] DataClientService-thread-1 insert one batch latency (device: d_0, sg: g_0) ,1.17, ms, throughput ,42580.62428304874, points/s
2026/06/17 11:50:08 INFO  [benchmark.tsdb.DBWrapper] DataClientService-thread-1 insert one batch latency (device: d_1, sg: g_0) ,1.30, ms, throughput ,38564.65441441886, points/s
2026/06/17 11:50:08 INFO  [benchmark.tsdb.DBWrapper] DataClientService-thread-1 insert one batch latency (device: d_2, sg: g_0) ,1.36, ms, throughput ,36859.32050579834, points/s
2026/06/17 11:50:08 INFO  [benchmark.tsdb.DBWrapper] DataClientService-thread-1 insert one batch latency (device: d_3, sg: g_0) ,1.18, ms, throughput ,42530.460315678094, points/s
2026/06/17 11:50:08 INFO  [benchmark.tsdb.DBWrapper] DataClientService-thread-1 insert one batch latency (device: d_4, sg: g_0) ,1.13, ms, throughput ,44253.85783005634, points/s
2026/06/17 11:50:08 INFO  [benchmark.tsdb.DBWrapper] DataClientService-thread-1 insert one batch latency (device: d_5, sg: g_0) ,1.14, ms, throughput ,43766.12781810097, points/s
2026/06/17 11:50:08 INFO  [benchmark.tsdb.DBWrapper] DataClientService-thread-1 insert one batch latency (device: d_6, sg: g_0) ,1.10, ms, throughput ,45494.829057729294, points/s
2026/06/17 11:50:08 INFO  [benchmark.tsdb.DBWrapper] DataClientService-thread-1 insert one batch latency (device: d_7, sg: g_0) ,1.13, ms, throughput ,44237.88302265068, points/s
2026/06/17 11:50:08 INFO  [benchmark.tsdb.DBWrapper] DataClientService-thread-1 insert one batch latency (device: d_8, sg: g_0) ,1.12, ms, throughput ,44784.44797345894, points/s
2026/06/17 11:50:08 INFO  [benchmark.tsdb.DBWrapper] DataClientService-thread-1 insert one batch latency (device: d_9, sg: g_0) ,1.09, ms, throughput ,45831.53062646203, points/s
2026/06/17 11:50:08 INFO  [benchmark.tsdb.DBWrapper] DataClientService-thread-1 insert one batch latency (device: d_10, sg: g_0) ,1.02, ms, throughput ,48809.249548026346, points/s
2026/06/17 11:50:08 INFO  [benchmark.tsdb.DBWrapper] DataClientService-thread-1 insert one batch latency (device: d_11, sg: g_0) ,1.01, ms, throughput ,49629.367880667174, points/s
2026/06/17 11:50:08 INFO  [benchmark.tsdb.DBWrapper] DataClientService-thread-1 insert one batch latency (device: d_12, sg: g_0) ,1.00, ms, throughput ,49893.875726330094, points/s
2026/06/17 11:50:08 INFO  [benchmark.tsdb.DBWrapper] DataClientService-thread-1 insert one batch latency (device: d_13, sg: g_0) ,1.19, ms, throughput ,41932.97600846711, points/s
2026/06/17 11:50:08 INFO  [benchmark.tsdb.DBWrapper] DataClientService-thread-1 insert one batch latency (device: d_14, sg: g_0) ,1.10, ms, throughput ,45375.05660538311, points/s
2026/06/17 11:50:08 INFO  [benchmark.tsdb.DBWrapper] DataClientService-thread-1 insert one batch latency (device: d_15, sg: g_0) ,1.08, ms, throughput ,46413.878120869165, points/s
2026/06/17 11:50:08 INFO  [benchmark.tsdb.DBWrapper] DataClientService-thread-1 insert one batch latency (device: d_16, sg: g_0) ,1.09, ms, throughput ,45729.08625968999, points/s
2026/06/17 11:50:08 INFO  [benchmark.tsdb.DBWrapper] DataClientService-thread-1 insert one batch latency (device: d_17, sg: g_0) ,1.11, ms, throughput ,44920.118553176886, points/s
2026/06/17 11:50:08 INFO  [benchmark.tsdb.DBWrapper] DataClientService-thread-1 insert one batch latency (device: d_18, sg: g_0) ,1.12, ms, throughput ,44704.1657129778, points/s
2026/06/17 11:50:08 INFO  [benchmark.tsdb.DBWrapper] DataClientService-thread-1 insert one batch latency (device: d_19, sg: g_0) ,1.08, ms, throughput ,46190.22984258369, points/s
2026/06/17 11:50:08 INFO  [benchmark.tsdb.DBWrapper] DataClientService-thread-1 insert one batch latency (device: d_0, sg: g_0) ,1.10, ms, throughput ,45526.97473252902, points/s
2026/06/17 11:50:08 INFO  [benchmark.tsdb.DBWrapper] DataClientService-thread-1 insert one batch latency (device: d_1, sg: g_0) ,1.13, ms, throughput ,44218.32177319008, points/s
2026/06/17 11:50:08 INFO  [benchmark.tsdb.DBWrapper] DataClientService-thread-1 insert one batch latency (device: d_2, sg: g_0) ,1.22, ms, throughput ,41057.611218910155, points/s
2026/06/17 11:50:08 INFO  [benchmark.tsdb.DBWrapper] DataClientService-thread-1 insert one batch latency (device: d_3, sg: g_0) ,1.14, ms, throughput ,43951.716402428945, points/s
2026/06/17 11:50:08 INFO  [benchmark.tsdb.DBWrapper] DataClientService-thread-1 insert one batch latency (device: d_4, sg: g_0) ,1.34, ms, throughput ,37363.67861856018, points/s
2026/06/17 11:50:08 INFO  [benchmark.tsdb.DBWrapper] DataClientService-thread-1 insert one batch latency (device: d_5, sg: g_0) ,1.37, ms, throughput ,36575.40128701522, points/s
2026/06/17 11:50:08 INFO  [benchmark.tsdb.DBWrapper] DataClientService-thread-1 insert one batch latency (device: d_6, sg: g_0) ,1.13, ms, throughput ,44268.98187539344, points/s
2026/06/17 11:50:08 INFO  [benchmark.tsdb.DBWrapper] DataClientService-thread-1 insert one batch latency (device: d_7, sg: g_0) ,1.22, ms, throughput ,40838.42928866807, points/s
2026/06/17 11:50:08 INFO  [benchmark.tsdb.DBWrapper] DataClientService-thread-1 insert one batch latency (device: d_8, sg: g_0) ,1.21, ms, throughput ,41305.689363041485, points/s
2026/06/17 11:50:08 INFO  [benchmark.tsdb.DBWrapper] DataClientService-thread-1 insert one batch latency (device: d_9, sg: g_0) ,1.05, ms, throughput ,47601.593701357124, points/s
2026/06/17 11:50:08 INFO  [benchmark.tsdb.DBWrapper] DataClientService-thread-1 insert one batch latency (device: d_10, sg: g_0) ,1.15, ms, throughput ,43305.15322662366, points/s
2026/06/17 11:50:08 INFO  [benchmark.tsdb.DBWrapper] DataClientService-thread-1 insert one batch latency (device: d_11, sg: g_0) ,1.09, ms, throughput ,45770.44474225747, points/s
2026/06/17 11:50:08 INFO  [benchmark.tsdb.DBWrapper] DataClientService-thread-1 insert one batch latency (device: d_12, sg: g_0) ,1.25, ms, throughput ,39854.515078158685, points/s
2026/06/17 11:50:08 INFO  [benchmark.tsdb.DBWrapper] DataClientService-thread-1 insert one batch latency (device: d_13, sg: g_0) ,1.07, ms, throughput ,46619.04686426306, points/s
2026/06/17 11:50:08 INFO  [benchmark.tsdb.DBWrapper] DataClientService-thread-1 insert one batch latency (device: d_14, sg: g_0) ,1.06, ms, throughput ,46973.05625493217, points/s
2026/06/17 11:50:08 INFO  [benchmark.tsdb.DBWrapper] DataClientService-thread-1 insert one batch latency (device: d_15, sg: g_0) ,0.96, ms, throughput ,52318.27508739768, points/s
2026/06/17 11:50:08 INFO  [benchmark.tsdb.DBWrapper] DataClientService-thread-1 insert one batch latency (device: d_16, sg: g_0) ,1.13, ms, throughput ,44176.401673048684, points/s
2026/06/17 11:50:08 INFO  [benchmark.tsdb.DBWrapper] DataClientService-thread-1 insert one batch latency (device: d_17, sg: g_0) ,1.11, ms, throughput ,45242.11316862188, points/s
2026/06/17 11:50:08 INFO  [benchmark.tsdb.DBWrapper] DataClientService-thread-1 insert one batch latency (device: d_18, sg: g_0) ,1.03, ms, throughput ,48637.37529376974, points/s
2026/06/17 11:50:08 INFO  [benchmark.tsdb.DBWrapper] DataClientService-thread-1 insert one batch latency (device: d_19, sg: g_0) ,1.22, ms, throughput ,40982.86752206108, points/s
2026/06/17 11:50:08 INFO  [benchmark.tsdb.DBWrapper] DataClientService-thread-1 insert one batch latency (device: d_0, sg: g_0) ,1.10, ms, throughput ,45558.54318357633, points/s
2026/06/17 11:50:08 INFO  [benchmark.tsdb.DBWrapper] DataClientService-thread-1 insert one batch latency (device: d_1, sg: g_0) ,0.99, ms, throughput ,50341.36479467268, points/s
2026/06/17 11:50:08 INFO  [benchmark.tsdb.DBWrapper] DataClientService-thread-1 insert one batch latency (device: d_2, sg: g_0) ,1.00, ms, throughput ,49878.346712368526, points/s
2026/06/17 11:50:08 INFO  [benchmark.tsdb.DBWrapper] DataClientService-thread-1 insert one batch latency (device: d_3, sg: g_0) ,1.04, ms, throughput ,47873.27751947485, points/s
2026/06/17 11:50:08 INFO  [benchmark.tsdb.DBWrapper] DataClientService-thread-1 insert one batch latency (device: d_4, sg: g_0) ,1.27, ms, throughput ,39454.361955894754, points/s
2026/06/17 11:50:08 INFO  [benchmark.tsdb.DBWrapper] DataClientService-thread-1 insert one batch latency (device: d_5, sg: g_0) ,1.28, ms, throughput ,39072.93980110311, points/s
2026/06/17 11:50:08 INFO  [benchmark.tsdb.DBWrapper] DataClientService-thread-1 insert one batch latency (device: d_6, sg: g_0) ,1.24, ms, throughput ,40314.160187509224, points/s
2026/06/17 11:50:08 INFO  [benchmark.tsdb.DBWrapper] DataClientService-thread-1 insert one batch latency (device: d_7, sg: g_0) ,1.07, ms, throughput ,46809.685860198195, points/s
2026/06/17 11:50:08 INFO  [benchmark.tsdb.DBWrapper] DataClientService-thread-1 insert one batch latency (device: d_8, sg: g_0) ,1.32, ms, throughput ,37821.76869719136, points/s
2026/06/17 11:50:08 INFO  [benchmark.tsdb.DBWrapper] DataClientService-thread-1 insert one batch latency (device: d_9, sg: g_0) ,1.11, ms, throughput ,44951.012386700975, points/s
2026/06/17 11:50:08 INFO  [benchmark.tsdb.DBWrapper] DataClientService-thread-1 insert one batch latency (device: d_10, sg: g_0) ,1.14, ms, throughput ,43989.185698587855, points/s
2026/06/17 11:50:08 INFO  [benchmark.tsdb.DBWrapper] DataClientService-thread-1 insert one batch latency (device: d_11, sg: g_0) ,1.09, ms, throughput ,45707.641129198135, points/s
2026/06/17 11:50:08 INFO  [benchmark.tsdb.DBWrapper] DataClientService-thread-1 insert one batch latency (device: d_12, sg: g_0) ,1.10, ms, throughput ,45550.61584432622, points/s
2026/06/17 11:50:08 INFO  [benchmark.tsdb.DBWrapper] DataClientService-thread-1 insert one batch latency (device: d_13, sg: g_0) ,1.18, ms, throughput ,42254.175768920366, points/s
2026/06/17 11:50:08 INFO  [benchmark.tsdb.DBWrapper] DataClientService-thread-1 insert one batch latency (device: d_14, sg: g_0) ,1.11, ms, throughput ,45150.88522825578, points/s
2026/06/17 11:50:08 INFO  [benchmark.tsdb.DBWrapper] DataClientService-thread-1 insert one batch latency (device: d_15, sg: g_0) ,1.14, ms, throughput ,43900.19904350246, points/s
2026/06/17 11:50:08 INFO  [benchmark.tsdb.DBWrapper] DataClientService-thread-1 insert one batch latency (device: d_16, sg: g_0) ,1.14, ms, throughput ,43733.28295259137, points/s
2026/06/17 11:50:08 INFO  [benchmark.tsdb.DBWrapper] DataClientService-thread-1 insert one batch latency (device: d_17, sg: g_0) ,1.31, ms, throughput ,38254.11289094747, points/s
2026/06/17 11:50:08 INFO  [benchmark.tsdb.DBWrapper] DataClientService-thread-1 insert one batch latency (device: d_18, sg: g_0) ,1.13, ms, throughput ,44087.00658924401, points/s
2026/06/17 11:50:08 INFO  [benchmark.tsdb.DBWrapper] DataClientService-thread-1 insert one batch latency (device: d_19, sg: g_0) ,1.31, ms, throughput ,38194.208383017634, points/s
2026/06/17 11:50:08 INFO  [benchmark.tsdb.DBWrapper] DataClientService-thread-1 insert one batch latency (device: d_0, sg: g_0) ,1.12, ms, throughput ,44786.2932445251, points/s
2026/06/17 11:50:08 INFO  [benchmark.tsdb.DBWrapper] DataClientService-thread-1 insert one batch latency (device: d_1, sg: g_0) ,1.08, ms, throughput ,46087.45186165653, points/s
2026/06/17 11:50:08 INFO  [benchmark.tsdb.DBWrapper] DataClientService-thread-1 insert one batch latency (device: d_2, sg: g_0) ,1.13, ms, throughput ,44433.89879912945, points/s
2026/06/17 11:50:08 INFO  [benchmark.tsdb.DBWrapper] DataClientService-thread-1 insert one batch latency (device: d_3, sg: g_0) ,1.05, ms, throughput ,47613.968795709414, points/s
2026/06/17 11:50:08 INFO  [benchmark.tsdb.DBWrapper] DataClientService-thread-1 insert one batch latency (device: d_4, sg: g_0) ,1.07, ms, throughput ,46727.18148183107, points/s
2026/06/17 11:50:08 INFO  [benchmark.tsdb.DBWrapper] DataClientService-thread-1 insert one batch latency (device: d_5, sg: g_0) ,1.12, ms, throughput ,44534.18577702802, points/s
2026/06/17 11:50:08 INFO  [benchmark.tsdb.DBWrapper] DataClientService-thread-1 insert one batch latency (device: d_6, sg: g_0) ,1.07, ms, throughput ,46654.934505802936, points/s
2026/06/17 11:50:08 INFO  [benchmark.tsdb.DBWrapper] DataClientService-thread-1 insert one batch latency (device: d_7, sg: g_0) ,1.04, ms, throughput ,48046.57057993172, points/s
2026/06/17 11:50:08 INFO  [benchmark.tsdb.DBWrapper] DataClientService-thread-1 insert one batch latency (device: d_8, sg: g_0) ,2.16, ms, throughput ,23108.499953320832, points/s
2026/06/17 11:50:08 INFO  [benchmark.tsdb.DBWrapper] DataClientService-thread-1 insert one batch latency (device: d_9, sg: g_0) ,1.57, ms, throughput ,31746.737229081282, points/s
2026/06/17 11:50:08 INFO  [benchmark.tsdb.DBWrapper] DataClientService-thread-1 insert one batch latency (device: d_10, sg: g_0) ,1.24, ms, throughput ,40270.81316436774, points/s
2026/06/17 11:50:08 INFO  [benchmark.tsdb.DBWrapper] DataClientService-thread-1 insert one batch latency (device: d_11, sg: g_0) ,1.12, ms, throughput ,44727.840038931114, points/s
2026/06/17 11:50:08 INFO  [benchmark.tsdb.DBWrapper] DataClientService-thread-1 insert one batch latency (device: d_12, sg: g_0) ,1.04, ms, throughput ,47923.29206179421, points/s
2026/06/17 11:50:08 INFO  [benchmark.tsdb.DBWrapper] DataClientService-thread-1 insert one batch latency (device: d_13, sg: g_0) ,1.05, ms, throughput ,47508.10488269299, points/s
2026/06/17 11:50:08 INFO  [benchmark.tsdb.DBWrapper] DataClientService-thread-1 insert one batch latency (device: d_14, sg: g_0) ,1.11, ms, throughput ,45133.115611183624, points/s
2026/06/17 11:50:08 INFO  [benchmark.tsdb.DBWrapper] DataClientService-thread-1 insert one batch latency (device: d_15, sg: g_0) ,1.11, ms, throughput ,44945.274633606125, points/s
2026/06/17 11:50:08 INFO  [benchmark.tsdb.DBWrapper] DataClientService-thread-1 insert one batch latency (device: d_16, sg: g_0) ,1.07, ms, throughput ,46825.204321779056, points/s
2026/06/17 11:50:08 INFO  [benchmark.tsdb.DBWrapper] DataClientService-thread-1 insert one batch latency (device: d_17, sg: g_0) ,1.15, ms, throughput ,43357.049639486126, points/s
2026/06/17 11:50:08 INFO  [benchmark.tsdb.DBWrapper] DataClientService-thread-1 insert one batch latency (device: d_18, sg: g_0) ,1.03, ms, throughput ,48416.72468604174, points/s
2026/06/17 11:50:08 INFO  [benchmark.tsdb.DBWrapper] DataClientService-thread-1 insert one batch latency (device: d_19, sg: g_0) ,1.10, ms, throughput ,45568.50815083906, points/s
2026/06/17 11:50:08 INFO  [benchmark.tsdb.DBWrapper] DataClientService-thread-1 insert one batch latency (device: d_0, sg: g_0) ,1.11, ms, throughput ,45076.80185500055, points/s
2026/06/17 11:50:08 INFO  [benchmark.tsdb.DBWrapper] DataClientService-thread-1 insert one batch latency (device: d_1, sg: g_0) ,1.01, ms, throughput ,49549.44687952448, points/s
2026/06/17 11:50:08 INFO  [benchmark.tsdb.DBWrapper] DataClientService-thread-1 insert one batch latency (device: d_2, sg: g_0) ,1.17, ms, throughput ,42658.47623922874, points/s
2026/06/17 11:50:08 INFO  [benchmark.tsdb.DBWrapper] DataClientService-thread-1 insert one batch latency (device: d_3, sg: g_0) ,1.07, ms, throughput ,46641.87806320534, points/s
2026/06/17 11:50:08 INFO  [benchmark.tsdb.DBWrapper] DataClientService-thread-1 insert one batch latency (device: d_4, sg: g_0) ,0.86, ms, throughput ,58011.57214841216, points/s
2026/06/17 11:50:08 INFO  [benchmark.tsdb.DBWrapper] DataClientService-thread-1 insert one batch latency (device: d_5, sg: g_0) ,1.03, ms, throughput ,48452.57026349476, points/s
2026/06/17 11:50:08 INFO  [benchmark.tsdb.DBWrapper] DataClientService-thread-1 insert one batch latency (device: d_6, sg: g_0) ,1.05, ms, throughput ,47485.95128131343, points/s
2026/06/17 11:50:08 INFO  [benchmark.tsdb.DBWrapper] DataClientService-thread-1 insert one batch latency (device: d_7, sg: g_0) ,1.03, ms, throughput ,48604.232262128455, points/s
2026/06/17 11:50:08 INFO  [benchmark.tsdb.DBWrapper] DataClientService-thread-1 insert one batch latency (device: d_8, sg: g_0) ,0.99, ms, throughput ,50458.160093650346, points/s
2026/06/17 11:50:08 INFO  [benchmark.tsdb.DBWrapper] DataClientService-thread-1 insert one batch latency (device: d_9, sg: g_0) ,1.15, ms, throughput ,43359.7191677709, points/s
2026/06/17 11:50:08 INFO  [benchmark.tsdb.DBWrapper] DataClientService-thread-1 insert one batch latency (device: d_10, sg: g_0) ,1.01, ms, throughput ,49590.97364934024, points/s
2026/06/17 11:50:08 INFO  [benchmark.tsdb.DBWrapper] DataClientService-thread-1 insert one batch latency (device: d_11, sg: g_0) ,1.17, ms, throughput ,42759.4192586714, points/s
2026/06/17 11:50:08 INFO  [benchmark.tsdb.DBWrapper] DataClientService-thread-1 insert one batch latency (device: d_12, sg: g_0) ,1.03, ms, throughput ,48540.24908914223, points/s
2026/06/17 11:50:08 INFO  [benchmark.tsdb.DBWrapper] DataClientService-thread-1 insert one batch latency (device: d_13, sg: g_0) ,1.03, ms, throughput ,48687.245791717905, points/s
2026/06/17 11:50:08 INFO  [benchmark.tsdb.DBWrapper] DataClientService-thread-1 insert one batch latency (device: d_14, sg: g_0) ,1.12, ms, throughput ,44735.24340893291, points/s
2026/06/17 11:50:08 INFO  [benchmark.tsdb.DBWrapper] DataClientService-thread-1 insert one batch latency (device: d_15, sg: g_0) ,0.93, ms, throughput ,53551.25122498487, points/s
2026/06/17 11:50:08 INFO  [benchmark.tsdb.DBWrapper] DataClientService-thread-1 insert one batch latency (device: d_16, sg: g_0) ,0.96, ms, throughput ,52293.43309525876, points/s
2026/06/17 11:50:08 INFO  [benchmark.tsdb.DBWrapper] DataClientService-thread-1 insert one batch latency (device: d_17, sg: g_0) ,1.02, ms, throughput ,48818.20880133723, points/s
2026/06/17 11:50:08 INFO  [benchmark.tsdb.DBWrapper] DataClientService-thread-1 insert one batch latency (device: d_18, sg: g_0) ,0.93, ms, throughput ,53868.91968036338, points/s
2026/06/17 11:50:08 INFO  [benchmark.tsdb.DBWrapper] DataClientService-thread-1 insert one batch latency (device: d_19, sg: g_0) ,1.09, ms, throughput ,46077.046350744, points/s
2026/06/17 11:50:08 INFO  [benchmark.tsdb.DBWrapper] DataClientService-thread-1 insert one batch latency (device: d_0, sg: g_0) ,1.01, ms, throughput ,49414.24355687678, points/s
2026/06/17 11:50:08 INFO  [benchmark.tsdb.DBWrapper] DataClientService-thread-1 insert one batch latency (device: d_1, sg: g_0) ,0.95, ms, throughput ,52880.39512231236, points/s
2026/06/17 11:50:08 INFO  [benchmark.tsdb.DBWrapper] DataClientService-thread-1 insert one batch latency (device: d_2, sg: g_0) ,0.92, ms, throughput ,54246.52659490213, points/s
2026/06/17 11:50:08 INFO  [benchmark.tsdb.DBWrapper] DataClientService-thread-1 insert one batch latency (device: d_3, sg: g_0) ,0.87, ms, throughput ,57265.17555784871, points/s
2026/06/17 11:50:08 INFO  [benchmark.tsdb.DBWrapper] DataClientService-thread-1 insert one batch latency (device: d_4, sg: g_0) ,1.08, ms, throughput ,46244.52811621065, points/s
2026/06/17 11:50:08 INFO  [benchmark.tsdb.DBWrapper] DataClientService-thread-1 insert one batch latency (device: d_5, sg: g_0) ,1.10, ms, throughput ,45548.49958687511, points/s
2026/06/17 11:50:08 INFO  [benchmark.tsdb.DBWrapper] DataClientService-thread-1 insert one batch latency (device: d_6, sg: g_0) ,0.98, ms, throughput ,50789.31677195292, points/s
2026/06/17 11:50:08 INFO  [benchmark.tsdb.DBWrapper] DataClientService-thread-1 insert one batch latency (device: d_7, sg: g_0) ,0.98, ms, throughput ,50820.44526841326, points/s
2026/06/17 11:50:08 INFO  [benchmark.tsdb.DBWrapper] DataClientService-thread-1 insert one batch latency (device: d_8, sg: g_0) ,0.94, ms, throughput ,53314.054971055804, points/s
2026/06/17 11:50:08 INFO  [benchmark.tsdb.DBWrapper] DataClientService-thread-1 insert one batch latency (device: d_9, sg: g_0) ,1.09, ms, throughput ,45916.085598603415, points/s
2026/06/17 11:50:08 INFO  [benchmark.tsdb.DBWrapper] DataClientService-thread-1 insert one batch latency (device: d_10, sg: g_0) ,0.96, ms, throughput ,51982.18466567138, points/s
2026/06/17 11:50:08 INFO  [benchmark.tsdb.DBWrapper] DataClientService-thread-1 insert one batch latency (device: d_11, sg: g_0) ,1.08, ms, throughput ,46311.90512357868, points/s
2026/06/17 11:50:08 INFO  [benchmark.tsdb.DBWrapper] DataClientService-thread-1 insert one batch latency (device: d_12, sg: g_0) ,0.93, ms, throughput ,54038.397523744476, points/s
2026/06/17 11:50:08 INFO  [benchmark.tsdb.DBWrapper] DataClientService-thread-1 insert one batch latency (device: d_13, sg: g_0) ,0.88, ms, throughput ,56540.874529014516, points/s
2026/06/17 11:50:08 INFO  [benchmark.tsdb.DBWrapper] DataClientService-thread-1 insert one batch latency (device: d_14, sg: g_0) ,0.85, ms, throughput ,59038.63842730514, points/s
2026/06/17 11:50:08 INFO  [benchmark.tsdb.DBWrapper] DataClientService-thread-1 insert one batch latency (device: d_15, sg: g_0) ,1.09, ms, throughput ,45898.88842072023, points/s
2026/06/17 11:50:08 INFO  [benchmark.tsdb.DBWrapper] DataClientService-thread-1 insert one batch latency (device: d_16, sg: g_0) ,1.03, ms, throughput ,48644.331135582455, points/s
2026/06/17 11:50:08 INFO  [benchmark.tsdb.DBWrapper] DataClientService-thread-1 insert one batch latency (device: d_17, sg: g_0) ,1.07, ms, throughput ,46657.6337487729, points/s
2026/06/17 11:50:08 INFO  [benchmark.tsdb.DBWrapper] DataClientService-thread-1 insert one batch latency (device: d_18, sg: g_0) ,1.00, ms, throughput ,49903.08820271033, points/s
2026/06/17 11:50:08 INFO  [benchmark.tsdb.DBWrapper] DataClientService-thread-1 insert one batch latency (device: d_19, sg: g_0) ,0.97, ms, throughput ,51613.169616359315, points/s
2026/06/17 11:50:08 INFO  [benchmark.tsdb.DBWrapper] DataClientService-thread-1 insert one batch latency (device: d_0, sg: g_0) ,1.13, ms, throughput ,44156.738759902146, points/s
2026/06/17 11:50:08 INFO  [benchmark.tsdb.DBWrapper] DataClientService-thread-1 insert one batch latency (device: d_1, sg: g_0) ,0.98, ms, throughput ,51213.766260370794, points/s
2026/06/17 11:50:08 INFO  [benchmark.tsdb.DBWrapper] DataClientService-thread-1 insert one batch latency (device: d_2, sg: g_0) ,0.91, ms, throughput ,54665.24099718146, points/s
2026/06/17 11:50:08 INFO  [benchmark.tsdb.DBWrapper] DataClientService-thread-1 insert one batch latency (device: d_3, sg: g_0) ,1.08, ms, throughput ,46302.81298849468, points/s
2026/06/17 11:50:08 INFO  [benchmark.tsdb.DBWrapper] DataClientService-thread-1 insert one batch latency (device: d_4, sg: g_0) ,1.17, ms, throughput ,42714.01429723486, points/s
2026/06/17 11:50:08 INFO  [benchmark.tsdb.DBWrapper] DataClientService-thread-1 insert one batch latency (device: d_5, sg: g_0) ,1.13, ms, throughput ,44119.21718390566, points/s
2026/06/17 11:50:08 INFO  [benchmark.tsdb.DBWrapper] DataClientService-thread-1 insert one batch latency (device: d_6, sg: g_0) ,1.04, ms, throughput ,48120.416530325485, points/s
2026/06/17 11:50:08 INFO  [benchmark.tsdb.DBWrapper] DataClientService-thread-1 insert one batch latency (device: d_7, sg: g_0) ,1.17, ms, throughput ,42824.60839036857, points/s
2026/06/17 11:50:08 INFO  [benchmark.tsdb.DBWrapper] DataClientService-thread-1 insert one batch latency (device: d_8, sg: g_0) ,1.40, ms, throughput ,35625.222657641614, points/s
2026/06/17 11:50:08 INFO  [benchmark.tsdb.DBWrapper] DataClientService-thread-1 insert one batch latency (device: d_9, sg: g_0) ,1.20, ms, throughput ,41663.36831667493, points/s
2026/06/17 11:50:08 INFO  [benchmark.tsdb.DBWrapper] DataClientService-thread-1 insert one batch latency (device: d_10, sg: g_0) ,1.09, ms, throughput ,45933.54885354455, points/s
2026/06/17 11:50:08 INFO  [benchmark.tsdb.DBWrapper] DataClientService-thread-1 insert one batch latency (device: d_11, sg: g_0) ,1.15, ms, throughput ,43387.63730017824, points/s
2026/06/17 11:50:08 INFO  [benchmark.tsdb.DBWrapper] DataClientService-thread-1 insert one batch latency (device: d_12, sg: g_0) ,1.16, ms, throughput ,43123.746177079905, points/s
2026/06/17 11:50:08 INFO  [benchmark.tsdb.DBWrapper] DataClientService-thread-1 insert one batch latency (device: d_13, sg: g_0) ,1.18, ms, throughput ,42273.10965221913, points/s
2026/06/17 11:50:08 INFO  [benchmark.tsdb.DBWrapper] DataClientService-thread-1 insert one batch latency (device: d_14, sg: g_0) ,1.13, ms, throughput ,44113.144923150496, points/s
2026/06/17 11:50:08 INFO  [benchmark.tsdb.DBWrapper] DataClientService-thread-1 insert one batch latency (device: d_15, sg: g_0) ,1.07, ms, throughput ,46649.49343315081, points/s
2026/06/17 11:50:08 INFO  [benchmark.tsdb.DBWrapper] DataClientService-thread-1 insert one batch latency (device: d_16, sg: g_0) ,1.17, ms, throughput ,42831.028167397366, points/s
2026/06/17 11:50:08 INFO  [benchmark.tsdb.DBWrapper] DataClientService-thread-1 insert one batch latency (device: d_17, sg: g_0) ,0.98, ms, throughput ,51275.79300577673, points/s
2026/06/17 11:50:08 INFO  [benchmark.tsdb.DBWrapper] DataClientService-thread-1 insert one batch latency (device: d_18, sg: g_0) ,1.20, ms, throughput ,41561.20510870333, points/s
2026/06/17 11:50:08 INFO  [benchmark.tsdb.DBWrapper] DataClientService-thread-1 insert one batch latency (device: d_19, sg: g_0) ,1.29, ms, throughput ,38871.81552369276, points/s
2026/06/17 11:50:08 INFO  [benchmark.tsdb.DBWrapper] DataClientService-thread-1 insert one batch latency (device: d_0, sg: g_0) ,1.10, ms, throughput ,45377.650962369225, points/s
2026/06/17 11:50:08 INFO  [benchmark.tsdb.DBWrapper] DataClientService-thread-1 insert one batch latency (device: d_1, sg: g_0) ,1.07, ms, throughput ,46721.72354569291, points/s
2026/06/17 11:50:08 INFO  [benchmark.tsdb.DBWrapper] DataClientService-thread-1 insert one batch latency (device: d_2, sg: g_0) ,1.04, ms, throughput ,48219.9601703129, points/s
2026/06/17 11:50:08 INFO  [benchmark.tsdb.DBWrapper] DataClientService-thread-1 insert one batch latency (device: d_3, sg: g_0) ,1.04, ms, throughput ,48097.64206119559, points/s
2026/06/17 11:50:08 INFO  [benchmark.tsdb.DBWrapper] DataClientService-thread-1 insert one batch latency (device: d_4, sg: g_0) ,0.94, ms, throughput ,53347.33167316437, points/s
2026/06/17 11:50:08 INFO  [benchmark.tsdb.DBWrapper] DataClientService-thread-1 insert one batch latency (device: d_5, sg: g_0) ,1.10, ms, throughput ,45597.30647591185, points/s
2026/06/17 11:50:08 INFO  [benchmark.tsdb.DBWrapper] DataClientService-thread-1 insert one batch latency (device: d_6, sg: g_0) ,0.95, ms, throughput ,52460.557529821206, points/s
2026/06/17 11:50:08 INFO  [benchmark.tsdb.DBWrapper] DataClientService-thread-1 insert one batch latency (device: d_7, sg: g_0) ,1.04, ms, throughput ,47888.31678313106, points/s
2026/06/17 11:50:08 INFO  [benchmark.tsdb.DBWrapper] DataClientService-thread-1 insert one batch latency (device: d_8, sg: g_0) ,0.86, ms, throughput ,58280.28855736471, points/s
2026/06/17 11:50:08 INFO  [benchmark.tsdb.DBWrapper] DataClientService-thread-1 insert one batch latency (device: d_9, sg: g_0) ,0.91, ms, throughput ,54939.68172343584, points/s
2026/06/17 11:50:08 INFO  [benchmark.tsdb.DBWrapper] DataClientService-thread-1 insert one batch latency (device: d_10, sg: g_0) ,0.97, ms, throughput ,51451.868834779816, points/s
2026/06/17 11:50:08 INFO  [benchmark.tsdb.DBWrapper] DataClientService-thread-1 insert one batch latency (device: d_11, sg: g_0) ,1.16, ms, throughput ,42933.04848686764, points/s
2026/06/17 11:50:08 INFO  [benchmark.tsdb.DBWrapper] DataClientService-thread-1 insert one batch latency (device: d_12, sg: g_0) ,0.97, ms, throughput ,51290.73125195546, points/s
2026/06/17 11:50:08 INFO  [benchmark.tsdb.DBWrapper] DataClientService-thread-1 insert one batch latency (device: d_13, sg: g_0) ,0.99, ms, throughput ,50359.618032369144, points/s
2026/06/17 11:50:08 INFO  [benchmark.tsdb.DBWrapper] DataClientService-thread-1 insert one batch latency (device: d_14, sg: g_0) ,0.86, ms, throughput ,58138.18283295737, points/s
2026/06/17 11:50:08 INFO  [benchmark.tsdb.DBWrapper] DataClientService-thread-1 insert one batch latency (device: d_15, sg: g_0) ,1.01, ms, throughput ,49725.3173469753, points/s
2026/06/17 11:50:08 INFO  [benchmark.tsdb.DBWrapper] DataClientService-thread-1 insert one batch latency (device: d_16, sg: g_0) ,0.90, ms, throughput ,55555.0617327846, points/s
2026/06/17 11:50:08 INFO  [benchmark.tsdb.DBWrapper] DataClientService-thread-1 insert one batch latency (device: d_17, sg: g_0) ,1.03, ms, throughput ,48678.09758206154, points/s
2026/06/17 11:50:08 INFO  [benchmark.tsdb.DBWrapper] DataClientService-thread-1 insert one batch latency (device: d_18, sg: g_0) ,0.98, ms, throughput ,51154.29670515175, points/s
2026/06/17 11:50:08 INFO  [benchmark.tsdb.DBWrapper] DataClientService-thread-1 insert one batch latency (device: d_19, sg: g_0) ,1.03, ms, throughput ,48528.65957048254, points/s
2026/06/17 11:50:08 INFO  [benchmark.tsdb.DBWrapper] DataClientService-thread-1 insert one batch latency (device: d_0, sg: g_0) ,0.89, ms, throughput ,55893.587552274475, points/s
2026/06/17 11:50:08 INFO  [benchmark.tsdb.DBWrapper] DataClientService-thread-1 insert one batch latency (device: d_1, sg: g_0) ,1.02, ms, throughput ,48903.77302389634, points/s
2026/06/17 11:50:08 INFO  [benchmark.tsdb.DBWrapper] DataClientService-thread-1 insert one batch latency (device: d_2, sg: g_0) ,0.89, ms, throughput ,56368.896094086456, points/s
2026/06/17 11:50:08 INFO  [benchmark.tsdb.DBWrapper] DataClientService-thread-1 insert one batch latency (device: d_3, sg: g_0) ,1.03, ms, throughput ,48591.43158132068, points/s
2026/06/17 11:50:08 INFO  [benchmark.tsdb.DBWrapper] DataClientService-thread-1 insert one batch latency (device: d_4, sg: g_0) ,0.98, ms, throughput ,51054.73987099488, points/s
2026/06/17 11:50:08 INFO  [benchmark.tsdb.DBWrapper] DataClientService-thread-1 insert one batch latency (device: d_5, sg: g_0) ,0.83, ms, throughput ,60054.86612569243, points/s
2026/06/17 11:50:08 INFO  [benchmark.tsdb.DBWrapper] DataClientService-thread-1 insert one batch latency (device: d_6, sg: g_0) ,0.85, ms, throughput ,58874.92375697374, points/s
2026/06/17 11:50:08 INFO  [benchmark.tsdb.DBWrapper] DataClientService-thread-1 insert one batch latency (device: d_7, sg: g_0) ,0.96, ms, throughput ,52138.13268320558, points/s
2026/06/17 11:50:08 INFO  [benchmark.tsdb.DBWrapper] DataClientService-thread-1 insert one batch latency (device: d_8, sg: g_0) ,0.99, ms, throughput ,50266.15931356533, points/s
2026/06/17 11:50:08 INFO  [benchmark.tsdb.DBWrapper] DataClientService-thread-1 insert one batch latency (device: d_9, sg: g_0) ,1.06, ms, throughput ,47074.81789106699, points/s
2026/06/17 11:50:08 INFO  [benchmark.tsdb.DBWrapper] DataClientService-thread-1 insert one batch latency (device: d_10, sg: g_0) ,0.97, ms, throughput ,51686.63838373814, points/s
2026/06/17 11:50:08 INFO  [benchmark.tsdb.DBWrapper] DataClientService-thread-1 insert one batch latency (device: d_11, sg: g_0) ,0.95, ms, throughput ,52691.203203625155, points/s
2026/06/17 11:50:08 INFO  [benchmark.tsdb.DBWrapper] DataClientService-thread-1 insert one batch latency (device: d_12, sg: g_0) ,0.90, ms, throughput ,55644.33919008551, points/s
2026/06/17 11:50:08 INFO  [benchmark.tsdb.DBWrapper] DataClientService-thread-1 insert one batch latency (device: d_13, sg: g_0) ,1.03, ms, throughput ,48386.59729964077, points/s
2026/06/17 11:50:08 INFO  [benchmark.tsdb.DBWrapper] DataClientService-thread-1 insert one batch latency (device: d_14, sg: g_0) ,1.16, ms, throughput ,43285.05894992178, points/s
2026/06/17 11:50:08 INFO  [benchmark.tsdb.DBWrapper] DataClientService-thread-1 insert one batch latency (device: d_15, sg: g_0) ,1.01, ms, throughput ,49485.74414682618, points/s
2026/06/17 11:50:08 INFO  [benchmark.tsdb.DBWrapper] DataClientService-thread-1 insert one batch latency (device: d_16, sg: g_0) ,1.06, ms, throughput ,47135.34915509886, points/s
2026/06/17 11:50:08 INFO  [benchmark.tsdb.DBWrapper] DataClientService-thread-1 insert one batch latency (device: d_17, sg: g_0) ,0.92, ms, throughput ,54548.11252621037, points/s
2026/06/17 11:50:08 INFO  [benchmark.tsdb.DBWrapper] DataClientService-thread-1 insert one batch latency (device: d_18, sg: g_0) ,1.05, ms, throughput ,47682.578979039696, points/s
2026/06/17 11:50:08 INFO  [benchmark.tsdb.DBWrapper] DataClientService-thread-1 insert one batch latency (device: d_19, sg: g_0) ,0.91, ms, throughput ,55113.24117664566, points/s
2026/06/17 11:50:08 INFO  [benchmark.tsdb.DBWrapper] DataClientService-thread-1 insert one batch latency (device: d_0, sg: g_0) ,1.04, ms, throughput ,47943.41909452141, points/s
2026/06/17 11:50:08 INFO  [benchmark.tsdb.DBWrapper] DataClientService-thread-1 insert one batch latency (device: d_1, sg: g_0) ,0.91, ms, throughput ,55020.33001193941, points/s
2026/06/17 11:50:08 INFO  [benchmark.tsdb.DBWrapper] DataClientService-thread-1 insert one batch latency (device: d_2, sg: g_0) ,1.03, ms, throughput ,48526.39884623634, points/s
2026/06/17 11:50:08 INFO  [benchmark.tsdb.DBWrapper] DataClientService-thread-1 insert one batch latency (device: d_3, sg: g_0) ,0.99, ms, throughput ,50725.06406575592, points/s
2026/06/17 11:50:08 INFO  [benchmark.tsdb.DBWrapper] DataClientService-thread-1 insert one batch latency (device: d_4, sg: g_0) ,1.14, ms, throughput ,43797.21887660134, points/s
2026/06/17 11:50:08 INFO  [benchmark.tsdb.DBWrapper] DataClientService-thread-1 insert one batch latency (device: d_5, sg: g_0) ,1.32, ms, throughput ,37764.15079376469, points/s
2026/06/17 11:50:08 INFO  [benchmark.tsdb.DBWrapper] DataClientService-thread-1 insert one batch latency (device: d_6, sg: g_0) ,0.94, ms, throughput ,53232.94310037178, points/s
2026/06/17 11:50:08 INFO  [benchmark.tsdb.DBWrapper] DataClientService-thread-1 insert one batch latency (device: d_7, sg: g_0) ,0.89, ms, throughput ,56153.8435621303, points/s
2026/06/17 11:50:08 INFO  [benchmark.tsdb.DBWrapper] DataClientService-thread-1 insert one batch latency (device: d_8, sg: g_0) ,0.89, ms, throughput ,56403.74250112243, points/s
2026/06/17 11:50:08 INFO  [benchmark.tsdb.DBWrapper] DataClientService-thread-1 insert one batch latency (device: d_9, sg: g_0) ,0.88, ms, throughput ,56861.66807114987, points/s
2026/06/17 11:50:08 INFO  [benchmark.tsdb.DBWrapper] DataClientService-thread-1 insert one batch latency (device: d_10, sg: g_0) ,0.92, ms, throughput ,54127.19891745602, points/s
2026/06/17 11:50:08 INFO  [benchmark.tsdb.DBWrapper] DataClientService-thread-1 insert one batch latency (device: d_11, sg: g_0) ,0.93, ms, throughput ,53927.36846305921, points/s
2026/06/17 11:50:08 INFO  [benchmark.tsdb.DBWrapper] DataClientService-thread-1 insert one batch latency (device: d_12, sg: g_0) ,1.00, ms, throughput ,49800.399996812775, points/s
2026/06/17 11:50:08 INFO  [benchmark.tsdb.DBWrapper] DataClientService-thread-1 insert one batch latency (device: d_13, sg: g_0) ,0.89, ms, throughput ,56260.49961574079, points/s
2026/06/17 11:50:08 INFO  [benchmark.tsdb.DBWrapper] DataClientService-thread-1 insert one batch latency (device: d_14, sg: g_0) ,0.97, ms, throughput ,51447.421763905724, points/s
2026/06/17 11:50:08 INFO  [benchmark.tsdb.DBWrapper] DataClientService-thread-1 insert one batch latency (device: d_15, sg: g_0) ,0.90, ms, throughput ,55404.91574574463, points/s
2026/06/17 11:50:08 INFO  [benchmark.tsdb.DBWrapper] DataClientService-thread-1 insert one batch latency (device: d_16, sg: g_0) ,1.08, ms, throughput ,46153.39172045075, points/s
2026/06/17 11:50:08 INFO  [benchmark.tsdb.DBWrapper] DataClientService-thread-1 insert one batch latency (device: d_17, sg: g_0) ,1.04, ms, throughput ,47847.576759475014, points/s
2026/06/17 11:50:08 INFO  [benchmark.tsdb.DBWrapper] DataClientService-thread-1 insert one batch latency (device: d_18, sg: g_0) ,0.98, ms, throughput ,50937.50477539107, points/s
2026/06/17 11:50:08 INFO  [benchmark.tsdb.DBWrapper] DataClientService-thread-1 insert one batch latency (device: d_19, sg: g_0) ,0.91, ms, throughput ,54976.10738373103, points/s
2026/06/17 11:50:08 INFO  [benchmark.tsdb.DBWrapper] DataClientService-thread-1 insert one batch latency (device: d_0, sg: g_0) ,0.91, ms, throughput ,54845.66976983466, points/s
2026/06/17 11:50:08 INFO  [benchmark.tsdb.DBWrapper] DataClientService-thread-1 insert one batch latency (device: d_1, sg: g_0) ,0.92, ms, throughput ,54602.141495989476, points/s
2026/06/17 11:50:08 INFO  [benchmark.tsdb.DBWrapper] DataClientService-thread-1 insert one batch latency (device: d_2, sg: g_0) ,0.96, ms, throughput ,51834.796284067124, points/s
2026/06/17 11:50:08 INFO  [benchmark.tsdb.DBWrapper] DataClientService-thread-1 insert one batch latency (device: d_3, sg: g_0) ,1.00, ms, throughput ,50057.1652827529, points/s
2026/06/17 11:50:08 INFO  [benchmark.tsdb.DBWrapper] DataClientService-thread-1 insert one batch latency (device: d_4, sg: g_0) ,0.94, ms, throughput ,52972.611041187265, points/s
2026/06/17 11:50:08 INFO  [benchmark.tsdb.DBWrapper] DataClientService-thread-1 insert one batch latency (device: d_5, sg: g_0) ,0.94, ms, throughput ,53231.18623569279, points/s
2026/06/17 11:50:08 INFO  [benchmark.tsdb.DBWrapper] DataClientService-thread-1 insert one batch latency (device: d_6, sg: g_0) ,0.96, ms, throughput ,51911.05352444907, points/s
2026/06/17 11:50:08 INFO  [benchmark.tsdb.DBWrapper] DataClientService-thread-1 insert one batch latency (device: d_7, sg: g_0) ,0.92, ms, throughput ,54217.70359832055, points/s
2026/06/17 11:50:08 INFO  [benchmark.tsdb.DBWrapper] DataClientService-thread-1 insert one batch latency (device: d_8, sg: g_0) ,1.02, ms, throughput ,49026.433091665705, points/s
2026/06/17 11:50:08 INFO  [benchmark.tsdb.DBWrapper] DataClientService-thread-1 insert one batch latency (device: d_9, sg: g_0) ,0.98, ms, throughput ,50786.995278840914, points/s
2026/06/17 11:50:08 INFO  [benchmark.tsdb.DBWrapper] DataClientService-thread-1 insert one batch latency (device: d_10, sg: g_0) ,0.93, ms, throughput ,53944.9394791724, points/s
2026/06/17 11:50:08 INFO  [benchmark.tsdb.DBWrapper] DataClientService-thread-1 insert one batch latency (device: d_11, sg: g_0) ,1.01, ms, throughput ,49512.303807496166, points/s
2026/06/17 11:50:08 INFO  [benchmark.tsdb.DBWrapper] DataClientService-thread-1 insert one batch latency (device: d_12, sg: g_0) ,0.95, ms, throughput ,52811.63884021416, points/s
2026/06/17 11:50:08 INFO  [benchmark.tsdb.DBWrapper] DataClientService-thread-1 insert one batch latency (device: d_13, sg: g_0) ,0.93, ms, throughput ,53831.279849444676, points/s
2026/06/17 11:50:08 INFO  [benchmark.tsdb.DBWrapper] DataClientService-thread-1 insert one batch latency (device: d_14, sg: g_0) ,0.88, ms, throughput ,56689.0210372957, points/s
2026/06/17 11:50:08 INFO  [benchmark.tsdb.DBWrapper] DataClientService-thread-1 insert one batch latency (device: d_15, sg: g_0) ,0.93, ms, throughput ,54029.34657988833, points/s
2026/06/17 11:50:08 INFO  [benchmark.tsdb.DBWrapper] DataClientService-thread-1 insert one batch latency (device: d_16, sg: g_0) ,1.08, ms, throughput ,46376.811594202896, points/s
2026/06/17 11:50:08 INFO  [benchmark.tsdb.DBWrapper] DataClientService-thread-1 insert one batch latency (device: d_17, sg: g_0) ,0.92, ms, throughput ,54279.56363573202, points/s
2026/06/17 11:50:08 INFO  [benchmark.tsdb.DBWrapper] DataClientService-thread-1 insert one batch latency (device: d_18, sg: g_0) ,0.94, ms, throughput ,53364.41276732903, points/s
2026/06/17 11:50:08 INFO  [benchmark.tsdb.DBWrapper] DataClientService-thread-1 insert one batch latency (device: d_19, sg: g_0) ,1.00, ms, throughput ,49816.8731742116, points/s
2026/06/17 11:50:08 INFO  [benchmark.tsdb.DBWrapper] DataClientService-thread-1 insert one batch latency (device: d_0, sg: g_0) ,0.93, ms, throughput ,54018.89797126626, points/s
2026/06/17 11:50:08 INFO  [benchmark.tsdb.DBWrapper] DataClientService-thread-1 insert one batch latency (device: d_1, sg: g_0) ,0.99, ms, throughput ,50563.53054795698, points/s
2026/06/17 11:50:08 INFO  [benchmark.tsdb.DBWrapper] DataClientService-thread-1 insert one batch latency (device: d_2, sg: g_0) ,0.85, ms, throughput ,58975.13018759989, points/s
2026/06/17 11:50:08 INFO  [benchmark.tsdb.DBWrapper] DataClientService-thread-1 insert one batch latency (device: d_3, sg: g_0) ,0.91, ms, throughput ,55177.40639704779, points/s
2026/06/17 11:50:08 INFO  [benchmark.tsdb.DBWrapper] DataClientService-thread-1 insert one batch latency (device: d_4, sg: g_0) ,0.89, ms, throughput ,55920.4051321511, points/s
2026/06/17 11:50:08 INFO  [benchmark.tsdb.DBWrapper] DataClientService-thread-1 insert one batch latency (device: d_5, sg: g_0) ,0.90, ms, throughput ,55790.05977347004, points/s
2026/06/17 11:50:08 INFO  [benchmark.tsdb.DBWrapper] DataClientService-thread-1 insert one batch latency (device: d_6, sg: g_0) ,1.12, ms, throughput ,44675.925305426965, points/s
2026/06/17 11:50:08 INFO  [benchmark.tsdb.DBWrapper] DataClientService-thread-1 insert one batch latency (device: d_7, sg: g_0) ,0.98, ms, throughput ,51151.15678341065, points/s
2026/06/17 11:50:08 INFO  [benchmark.tsdb.DBWrapper] DataClientService-thread-1 insert one batch latency (device: d_8, sg: g_0) ,1.08, ms, throughput ,46458.34126996664, points/s
2026/06/17 11:50:08 INFO  [benchmark.tsdb.DBWrapper] DataClientService-thread-1 insert one batch latency (device: d_9, sg: g_0) ,1.00, ms, throughput ,49903.68588623956, points/s
2026/06/17 11:50:08 INFO  [benchmark.tsdb.DBWrapper] DataClientService-thread-1 insert one batch latency (device: d_10, sg: g_0) ,0.98, ms, throughput ,50776.42227297608, points/s
2026/06/17 11:50:08 INFO  [benchmark.tsdb.DBWrapper] DataClientService-thread-1 insert one batch latency (device: d_11, sg: g_0) ,1.09, ms, throughput ,45800.757544529784, points/s
2026/06/17 11:50:08 INFO  [benchmark.tsdb.DBWrapper] DataClientService-thread-1 insert one batch latency (device: d_12, sg: g_0) ,0.97, ms, throughput ,51811.69970353345, points/s
2026/06/17 11:50:08 INFO  [benchmark.tsdb.DBWrapper] DataClientService-thread-1 insert one batch latency (device: d_13, sg: g_0) ,0.95, ms, throughput ,52388.22187040621, points/s
2026/06/17 11:50:08 INFO  [benchmark.tsdb.DBWrapper] DataClientService-thread-1 insert one batch latency (device: d_14, sg: g_0) ,0.97, ms, throughput ,51621.21590676796, points/s
2026/06/17 11:50:08 INFO  [benchmark.tsdb.DBWrapper] DataClientService-thread-1 insert one batch latency (device: d_15, sg: g_0) ,1.08, ms, throughput ,46472.37496142792, points/s
2026/06/17 11:50:08 INFO  [benchmark.tsdb.DBWrapper] DataClientService-thread-1 insert one batch latency (device: d_16, sg: g_0) ,0.95, ms, throughput ,52646.37534970354, points/s
2026/06/17 11:50:08 INFO  [benchmark.tsdb.DBWrapper] DataClientService-thread-1 insert one batch latency (device: d_17, sg: g_0) ,0.95, ms, throughput ,52777.46697713891, points/s
2026/06/17 11:50:08 INFO  [benchmark.tsdb.DBWrapper] DataClientService-thread-1 insert one batch latency (device: d_18, sg: g_0) ,0.97, ms, throughput ,51523.28594908469, points/s
2026/06/17 11:50:08 INFO  [benchmark.tsdb.DBWrapper] DataClientService-thread-1 insert one batch latency (device: d_19, sg: g_0) ,0.97, ms, throughput ,51675.901150202204, points/s
2026/06/17 11:50:08 INFO  [benchmark.tsdb.DBWrapper] DataClientService-thread-1 insert one batch latency (device: d_0, sg: g_0) ,1.03, ms, throughput ,48641.91765896179, points/s
2026/06/17 11:50:08 INFO  [benchmark.tsdb.DBWrapper] DataClientService-thread-1 insert one batch latency (device: d_1, sg: g_0) ,1.02, ms, throughput ,49124.79269337483, points/s
2026/06/17 11:50:08 INFO  [benchmark.tsdb.DBWrapper] DataClientService-thread-1 insert one batch latency (device: d_2, sg: g_0) ,1.18, ms, throughput ,42231.227796931984, points/s
2026/06/17 11:50:08 INFO  [benchmark.tsdb.DBWrapper] DataClientService-thread-1 insert one batch latency (device: d_3, sg: g_0) ,1.02, ms, throughput ,48812.251484624634, points/s
2026/06/17 11:50:08 INFO  [benchmark.tsdb.DBWrapper] DataClientService-thread-1 insert one batch latency (device: d_4, sg: g_0) ,1.04, ms, throughput ,48025.84943319892, points/s
2026/06/17 11:50:08 INFO  [benchmark.tsdb.DBWrapper] DataClientService-thread-1 insert one batch latency (device: d_5, sg: g_0) ,1.08, ms, throughput ,46222.81058724232, points/s
2026/06/17 11:50:08 INFO  [benchmark.tsdb.DBWrapper] DataClientService-thread-1 insert one batch latency (device: d_6, sg: g_0) ,1.18, ms, throughput ,42514.620778085584, points/s
2026/06/17 11:50:08 INFO  [benchmark.tsdb.DBWrapper] DataClientService-thread-1 insert one batch latency (device: d_7, sg: g_0) ,1.04, ms, throughput ,48201.31955932426, points/s
2026/06/17 11:50:08 INFO  [benchmark.tsdb.DBWrapper] DataClientService-thread-1 insert one batch latency (device: d_8, sg: g_0) ,1.83, ms, throughput ,27262.070281617187, points/s
2026/06/17 11:50:08 INFO  [benchmark.tsdb.DBWrapper] DataClientService-thread-1 insert one batch latency (device: d_9, sg: g_0) ,2.23, ms, throughput ,22459.716252928745, points/s
2026/06/17 11:50:08 INFO  [benchmark.tsdb.DBWrapper] DataClientService-thread-1 insert one batch latency (device: d_10, sg: g_0) ,2.31, ms, throughput ,21615.433765555546, points/s
2026/06/17 11:50:08 INFO  [benchmark.tsdb.DBWrapper] DataClientService-thread-1 insert one batch latency (device: d_11, sg: g_0) ,1.45, ms, throughput ,34444.25232205927, points/s
2026/06/17 11:50:08 INFO  [benchmark.tsdb.DBWrapper] DataClientService-thread-1 insert one batch latency (device: d_12, sg: g_0) ,1.30, ms, throughput ,38559.24164768267, points/s
2026/06/17 11:50:08 INFO  [benchmark.tsdb.DBWrapper] DataClientService-thread-1 insert one batch latency (device: d_13, sg: g_0) ,1.27, ms, throughput ,39363.69376305891, points/s
2026/06/17 11:50:08 INFO  [benchmark.tsdb.DBWrapper] DataClientService-thread-1 insert one batch latency (device: d_14, sg: g_0) ,1.18, ms, throughput ,42212.865974994784, points/s
2026/06/17 11:50:08 INFO  [benchmark.tsdb.DBWrapper] DataClientService-thread-1 insert one batch latency (device: d_15, sg: g_0) ,1.39, ms, throughput ,35949.78246786629, points/s
2026/06/17 11:50:08 INFO  [benchmark.tsdb.DBWrapper] DataClientService-thread-1 insert one batch latency (device: d_16, sg: g_0) ,1.37, ms, throughput ,36458.61436848576, points/s
2026/06/17 11:50:08 INFO  [benchmark.tsdb.DBWrapper] DataClientService-thread-1 insert one batch latency (device: d_17, sg: g_0) ,1.13, ms, throughput ,44217.30506137804, points/s
2026/06/17 11:50:09 INFO  [benchmark.tsdb.DBWrapper] DataClientService-thread-1 insert one batch latency (device: d_18, sg: g_0) ,3.64, ms, throughput ,13738.403756848938, points/s
2026/06/17 11:50:09 INFO  [benchmark.tsdb.DBWrapper] DataClientService-thread-1 insert one batch latency (device: d_19, sg: g_0) ,1.31, ms, throughput ,38037.04503890429, points/s
2026/06/17 11:50:09 INFO  [benchmark.tsdb.DBWrapper] DataClientService-thread-1 insert one batch latency (device: d_0, sg: g_0) ,1.33, ms, throughput ,37698.77622232627, points/s
2026/06/17 11:50:09 INFO  [benchmark.tsdb.DBWrapper] DataClientService-thread-1 insert one batch latency (device: d_1, sg: g_0) ,1.25, ms, throughput ,39892.22715910696, points/s
2026/06/17 11:50:09 INFO  [benchmark.tsdb.DBWrapper] DataClientService-thread-1 insert one batch latency (device: d_2, sg: g_0) ,1.24, ms, throughput ,40384.981955990064, points/s
2026/06/17 11:50:09 INFO  [benchmark.tsdb.DBWrapper] DataClientService-thread-1 insert one batch latency (device: d_3, sg: g_0) ,1.25, ms, throughput ,39946.407899162485, points/s
2026/06/17 11:50:09 INFO  [benchmark.tsdb.DBWrapper] DataClientService-thread-1 insert one batch latency (device: d_4, sg: g_0) ,1.20, ms, throughput ,41655.037968567114, points/s
2026/06/17 11:50:09 INFO  [benchmark.tsdb.DBWrapper] DataClientService-thread-1 insert one batch latency (device: d_5, sg: g_0) ,1.29, ms, throughput ,38795.11678106054, points/s
2026/06/17 11:50:09 INFO  [benchmark.tsdb.DBWrapper] DataClientService-thread-1 insert one batch latency (device: d_6, sg: g_0) ,1.08, ms, throughput ,46110.87082223983, points/s
2026/06/17 11:50:09 INFO  [benchmark.tsdb.DBWrapper] DataClientService-thread-1 insert one batch latency (device: d_7, sg: g_0) ,1.11, ms, throughput ,45069.89439222346, points/s
2026/06/17 11:50:09 INFO  [benchmark.tsdb.DBWrapper] DataClientService-thread-1 insert one batch latency (device: d_8, sg: g_0) ,1.07, ms, throughput ,46803.639076545485, points/s
2026/06/17 11:50:09 INFO  [benchmark.tsdb.DBWrapper] DataClientService-thread-1 insert one batch latency (device: d_9, sg: g_0) ,1.15, ms, throughput ,43642.8513445926, points/s
2026/06/17 11:50:09 INFO  [benchmark.tsdb.DBWrapper] DataClientService-thread-1 insert one batch latency (device: d_10, sg: g_0) ,1.13, ms, throughput ,44396.65391298788, points/s
2026/06/17 11:50:09 INFO  [benchmark.tsdb.DBWrapper] DataClientService-thread-1 insert one batch latency (device: d_11, sg: g_0) ,1.11, ms, throughput ,45084.89034002123, points/s
2026/06/17 11:50:09 INFO  [benchmark.tsdb.DBWrapper] DataClientService-thread-1 insert one batch latency (device: d_12, sg: g_0) ,1.09, ms, throughput ,45984.918786034934, points/s
2026/06/17 11:50:09 INFO  [benchmark.tsdb.DBWrapper] DataClientService-thread-1 insert one batch latency (device: d_13, sg: g_0) ,1.11, ms, throughput ,45028.08852161979, points/s
2026/06/17 11:50:09 INFO  [benchmark.tsdb.DBWrapper] DataClientService-thread-1 insert one batch latency (device: d_14, sg: g_0) ,1.04, ms, throughput ,48096.855523779566, points/s
2026/06/17 11:50:09 INFO  [benchmark.tsdb.DBWrapper] DataClientService-thread-1 insert one batch latency (device: d_15, sg: g_0) ,1.03, ms, throughput ,48356.6944524233, points/s
2026/06/17 11:50:09 INFO  [benchmark.tsdb.DBWrapper] DataClientService-thread-1 insert one batch latency (device: d_16, sg: g_0) ,1.25, ms, throughput ,39857.18373922561, points/s
2026/06/17 11:50:09 INFO  [benchmark.tsdb.DBWrapper] DataClientService-thread-1 insert one batch latency (device: d_17, sg: g_0) ,1.02, ms, throughput ,48922.62593173141, points/s
2026/06/17 11:50:09 INFO  [benchmark.tsdb.DBWrapper] DataClientService-thread-1 insert one batch latency (device: d_18, sg: g_0) ,1.08, ms, throughput ,46116.78245053514, points/s
2026/06/17 11:50:09 INFO  [benchmark.tsdb.DBWrapper] DataClientService-thread-1 insert one batch latency (device: d_19, sg: g_0) ,1.20, ms, throughput ,41523.479866925554, points/s
2026/06/17 11:50:09 INFO  [benchmark.tsdb.DBWrapper] DataClientService-thread-1 insert one batch latency (device: d_0, sg: g_0) ,1.11, ms, throughput ,44869.729713722154, points/s
2026/06/17 11:50:09 INFO  [benchmark.tsdb.DBWrapper] DataClientService-thread-1 insert one batch latency (device: d_1, sg: g_0) ,1.08, ms, throughput ,46468.099185228355, points/s
2026/06/17 11:50:09 INFO  [benchmark.tsdb.DBWrapper] DataClientService-thread-1 insert one batch latency (device: d_2, sg: g_0) ,1.08, ms, throughput ,46189.163098553814, points/s
2026/06/17 11:50:09 INFO  [benchmark.tsdb.DBWrapper] DataClientService-thread-1 insert one batch latency (device: d_3, sg: g_0) ,1.01, ms, throughput ,49441.65538572896, points/s
2026/06/17 11:50:09 INFO  [benchmark.tsdb.DBWrapper] DataClientService-thread-1 insert one batch latency (device: d_4, sg: g_0) ,0.94, ms, throughput ,53314.452908410036, points/s
2026/06/17 11:50:09 INFO  [benchmark.tsdb.DBWrapper] DataClientService-thread-1 insert one batch latency (device: d_5, sg: g_0) ,1.01, ms, throughput ,49721.65815763357, points/s
2026/06/17 11:50:09 INFO  [benchmark.tsdb.DBWrapper] DataClientService-thread-1 insert one batch latency (device: d_6, sg: g_0) ,0.92, ms, throughput ,54294.12211833947, points/s
2026/06/17 11:50:09 INFO  [benchmark.tsdb.DBWrapper] DataClientService-thread-1 insert one batch latency (device: d_7, sg: g_0) ,0.96, ms, throughput ,52229.19423932879, points/s
2026/06/17 11:50:09 INFO  [benchmark.tsdb.DBWrapper] DataClientService-thread-1 insert one batch latency (device: d_8, sg: g_0) ,1.12, ms, throughput ,44831.710724283184, points/s
2026/06/17 11:50:09 INFO  [benchmark.tsdb.DBWrapper] DataClientService-thread-1 insert one batch latency (device: d_9, sg: g_0) ,1.02, ms, throughput ,48838.713080374844, points/s
2026/06/17 11:50:09 INFO  [benchmark.tsdb.DBWrapper] DataClientService-thread-1 insert one batch latency (device: d_10, sg: g_0) ,1.17, ms, throughput ,42597.27513750401, points/s
2026/06/17 11:50:09 INFO  [benchmark.tsdb.DBWrapper] DataClientService-thread-1 insert one batch latency (device: d_11, sg: g_0) ,1.15, ms, throughput ,43312.16812051178, points/s
2026/06/17 11:50:09 INFO  [benchmark.tsdb.DBWrapper] DataClientService-thread-1 insert one batch latency (device: d_12, sg: g_0) ,1.35, ms, throughput ,36958.54803169861, points/s
2026/06/17 11:50:09 INFO  [benchmark.tsdb.DBWrapper] DataClientService-thread-1 insert one batch latency (device: d_13, sg: g_0) ,1.39, ms, throughput ,36010.67932706123, points/s
2026/06/17 11:50:09 INFO  [benchmark.tsdb.DBWrapper] DataClientService-thread-1 insert one batch latency (device: d_14, sg: g_0) ,1.41, ms, throughput ,35580.37642615043, points/s
2026/06/17 11:50:09 INFO  [benchmark.tsdb.DBWrapper] DataClientService-thread-1 insert one batch latency (device: d_15, sg: g_0) ,1.38, ms, throughput ,36105.09760652087, points/s
2026/06/17 11:50:09 INFO  [benchmark.tsdb.DBWrapper] DataClientService-thread-1 insert one batch latency (device: d_16, sg: g_0) ,1.26, ms, throughput ,39809.1073683473, points/s
2026/06/17 11:50:09 INFO  [benchmark.tsdb.DBWrapper] DataClientService-thread-1 insert one batch latency (device: d_17, sg: g_0) ,1.33, ms, throughput ,37528.40900561725, points/s
2026/06/17 11:50:09 INFO  [benchmark.tsdb.DBWrapper] DataClientService-thread-1 insert one batch latency (device: d_18, sg: g_0) ,1.12, ms, throughput ,44565.34527446905, points/s
2026/06/17 11:50:09 INFO  [benchmark.tsdb.DBWrapper] DataClientService-thread-1 insert one batch latency (device: d_19, sg: g_0) ,1.30, ms, throughput ,38353.323085325406, points/s
2026/06/17 11:50:09 INFO  [benchmark.tsdb.DBWrapper] DataClientService-thread-1 insert one batch latency (device: d_0, sg: g_0) ,1.05, ms, throughput ,47467.64842421647, points/s
2026/06/17 11:50:09 INFO  [benchmark.tsdb.DBWrapper] DataClientService-thread-1 insert one batch latency (device: d_1, sg: g_0) ,1.09, ms, throughput ,45995.83277755035, points/s
2026/06/17 11:50:09 INFO  [benchmark.tsdb.DBWrapper] DataClientService-thread-1 insert one batch latency (device: d_2, sg: g_0) ,1.07, ms, throughput ,46632.786392926, points/s
2026/06/17 11:50:09 INFO  [benchmark.tsdb.DBWrapper] DataClientService-thread-1 insert one batch latency (device: d_3, sg: g_0) ,1.12, ms, throughput ,44476.665317541156, points/s
2026/06/17 11:50:09 INFO  [benchmark.tsdb.DBWrapper] DataClientService-thread-1 insert one batch latency (device: d_4, sg: g_0) ,1.19, ms, throughput ,41918.73801124093, points/s
2026/06/17 11:50:09 INFO  [benchmark.tsdb.DBWrapper] DataClientService-thread-1 insert one batch latency (device: d_5, sg: g_0) ,1.21, ms, throughput ,41177.91908209477, points/s
2026/06/17 11:50:09 INFO  [benchmark.tsdb.DBWrapper] DataClientService-thread-1 insert one batch latency (device: d_6, sg: g_0) ,1.35, ms, throughput ,37096.94172812393, points/s
2026/06/17 11:50:09 INFO  [benchmark.tsdb.DBWrapper] DataClientService-thread-1 insert one batch latency (device: d_7, sg: g_0) ,1.12, ms, throughput ,44712.00105878018, points/s
2026/06/17 11:50:09 INFO  [benchmark.tsdb.DBWrapper] DataClientService-thread-1 insert one batch latency (device: d_8, sg: g_0) ,1.01, ms, throughput ,49664.76285075738, points/s
2026/06/17 11:50:09 INFO  [benchmark.tsdb.DBWrapper] DataClientService-thread-1 insert one batch latency (device: d_9, sg: g_0) ,1.23, ms, throughput ,40594.16872885044, points/s
2026/06/17 11:50:09 INFO  [benchmark.tsdb.DBWrapper] DataClientService-thread-1 insert one batch latency (device: d_10, sg: g_0) ,1.09, ms, throughput ,46008.69932486834, points/s
2026/06/17 11:50:09 INFO  [benchmark.tsdb.DBWrapper] DataClientService-thread-1 insert one batch latency (device: d_11, sg: g_0) ,1.24, ms, throughput ,40316.305607272414, points/s
2026/06/17 11:50:09 INFO  [benchmark.tsdb.DBWrapper] DataClientService-thread-1 insert one batch latency (device: d_12, sg: g_0) ,1.20, ms, throughput ,41621.61127246423, points/s
2026/06/17 11:50:09 INFO  [benchmark.tsdb.DBWrapper] DataClientService-thread-1 insert one batch latency (device: d_13, sg: g_0) ,1.13, ms, throughput ,44444.2074086716, points/s
2026/06/17 11:50:09 INFO  [benchmark.tsdb.DBWrapper] DataClientService-thread-1 insert one batch latency (device: d_14, sg: g_0) ,1.02, ms, throughput ,49128.02665490214, points/s
2026/06/17 11:50:09 INFO  [benchmark.tsdb.DBWrapper] DataClientService-thread-1 insert one batch latency (device: d_15, sg: g_0) ,1.19, ms, throughput ,42117.67678894832, points/s
2026/06/17 11:50:09 INFO  [benchmark.tsdb.DBWrapper] DataClientService-thread-1 insert one batch latency (device: d_16, sg: g_0) ,1.23, ms, throughput ,40701.465334154964, points/s
2026/06/17 11:50:09 INFO  [benchmark.tsdb.DBWrapper] DataClientService-thread-1 insert one batch latency (device: d_17, sg: g_0) ,1.13, ms, throughput ,44198.4261824405, points/s
2026/06/17 11:50:09 INFO  [benchmark.tsdb.DBWrapper] DataClientService-thread-1 insert one batch latency (device: d_18, sg: g_0) ,1.11, ms, throughput ,45174.7086683038, points/s
2026/06/17 11:50:09 INFO  [benchmark.tsdb.DBWrapper] DataClientService-thread-1 insert one batch latency (device: d_19, sg: g_0) ,1.09, ms, throughput ,45669.60778940831, points/s
2026/06/17 11:50:09 INFO  [benchmark.tsdb.DBWrapper] DataClientService-thread-1 insert one batch latency (device: d_0, sg: g_0) ,1.11, ms, throughput ,45155.20747914733, points/s
2026/06/17 11:50:09 INFO  [benchmark.tsdb.DBWrapper] DataClientService-thread-1 insert one batch latency (device: d_1, sg: g_0) ,0.99, ms, throughput ,50481.3395728269, points/s
2026/06/17 11:50:09 INFO  [benchmark.tsdb.DBWrapper] DataClientService-thread-1 insert one batch latency (device: d_2, sg: g_0) ,1.22, ms, throughput ,41019.851967558214, points/s
2026/06/17 11:50:09 INFO  [benchmark.tsdb.DBWrapper] DataClientService-thread-1 insert one batch latency (device: d_3, sg: g_0) ,1.05, ms, throughput ,47839.15328525817, points/s
2026/06/17 11:50:09 INFO  [benchmark.tsdb.DBWrapper] DataClientService-thread-1 insert one batch latency (device: d_4, sg: g_0) ,1.08, ms, throughput ,46165.57931338857, points/s
2026/06/17 11:50:09 INFO  [benchmark.tsdb.DBWrapper] DataClientService-thread-1 insert one batch latency (device: d_5, sg: g_0) ,1.04, ms, throughput ,47911.35249915197, points/s
2026/06/17 11:50:09 INFO  [benchmark.tsdb.DBWrapper] DataClientService-thread-1 insert one batch latency (device: d_6, sg: g_0) ,1.05, ms, throughput ,47440.355612905674, points/s
2026/06/17 11:50:09 INFO  [benchmark.tsdb.DBWrapper] DataClientService-thread-1 insert one batch latency (device: d_7, sg: g_0) ,1.23, ms, throughput ,40710.47928447261, points/s
2026/06/17 11:50:09 INFO  [benchmark.tsdb.DBWrapper] DataClientService-thread-1 insert one batch latency (device: d_8, sg: g_0) ,1.13, ms, throughput ,44226.652750013265, points/s
2026/06/17 11:50:09 INFO  [benchmark.tsdb.DBWrapper] DataClientService-thread-1 insert one batch latency (device: d_9, sg: g_0) ,1.23, ms, throughput ,40499.20945543143, points/s
2026/06/17 11:50:09 INFO  [benchmark.tsdb.DBWrapper] DataClientService-thread-1 insert one batch latency (device: d_10, sg: g_0) ,1.23, ms, throughput ,40503.17909452713, points/s
2026/06/17 11:50:09 INFO  [benchmark.tsdb.DBWrapper] DataClientService-thread-1 insert one batch latency (device: d_11, sg: g_0) ,1.18, ms, throughput ,42550.113396052206, points/s
2026/06/17 11:50:09 INFO  [benchmark.tsdb.DBWrapper] DataClientService-thread-1 insert one batch latency (device: d_12, sg: g_0) ,1.04, ms, throughput ,48007.542945147536, points/s
2026/06/17 11:50:09 INFO  [benchmark.tsdb.DBWrapper] DataClientService-thread-1 insert one batch latency (device: d_13, sg: g_0) ,1.16, ms, throughput ,42973.785990545766, points/s
2026/06/17 11:50:09 INFO  [benchmark.tsdb.DBWrapper] DataClientService-thread-1 insert one batch latency (device: d_14, sg: g_0) ,1.25, ms, throughput ,40157.3203180781, points/s
2026/06/17 11:50:09 INFO  [benchmark.tsdb.DBWrapper] DataClientService-thread-1 insert one batch latency (device: d_15, sg: g_0) ,1.11, ms, throughput ,44961.76451545606, points/s
2026/06/17 11:50:09 INFO  [benchmark.tsdb.DBWrapper] DataClientService-thread-1 insert one batch latency (device: d_16, sg: g_0) ,1.18, ms, throughput ,42510.39166524257, points/s
2026/06/17 11:50:09 INFO  [benchmark.tsdb.DBWrapper] DataClientService-thread-1 insert one batch latency (device: d_17, sg: g_0) ,1.00, ms, throughput ,50008.25136147464, points/s
2026/06/17 11:50:09 INFO  [benchmark.tsdb.DBWrapper] DataClientService-thread-1 insert one batch latency (device: d_18, sg: g_0) ,1.28, ms, throughput ,38936.928405891005, points/s
2026/06/17 11:50:09 INFO  [benchmark.tsdb.DBWrapper] DataClientService-thread-1 insert one batch latency (device: d_19, sg: g_0) ,1.04, ms, throughput ,48236.00914554734, points/s
2026/06/17 11:50:09 INFO  [benchmark.tsdb.DBWrapper] DataClientService-thread-1 insert one batch latency (device: d_0, sg: g_0) ,1.00, ms, throughput ,50021.65937851089, points/s
2026/06/17 11:50:09 INFO  [benchmark.tsdb.DBWrapper] DataClientService-thread-1 insert one batch latency (device: d_1, sg: g_0) ,0.90, ms, throughput ,55747.45066908091, points/s
2026/06/17 11:50:09 INFO  [benchmark.tsdb.DBWrapper] DataClientService-thread-1 insert one batch latency (device: d_2, sg: g_0) ,0.90, ms, throughput ,55755.03467963157, points/s
2026/06/17 11:50:09 INFO  [benchmark.tsdb.DBWrapper] DataClientService-thread-1 insert one batch latency (device: d_3, sg: g_0) ,1.09, ms, throughput ,45759.00926253865, points/s
2026/06/17 11:50:09 INFO  [benchmark.tsdb.DBWrapper] DataClientService-thread-1 insert one batch latency (device: d_4, sg: g_0) ,1.06, ms, throughput ,47387.79517857617, points/s
2026/06/17 11:50:09 INFO  [benchmark.tsdb.DBWrapper] DataClientService-thread-1 insert one batch latency (device: d_5, sg: g_0) ,1.84, ms, throughput ,27140.356352878913, points/s
2026/06/17 11:50:09 INFO  [benchmark.tsdb.DBWrapper] DataClientService-thread-1 insert one batch latency (device: d_6, sg: g_0) ,1.13, ms, throughput ,44248.80572473349, points/s
2026/06/17 11:50:09 INFO  [benchmark.tsdb.DBWrapper] DataClientService-thread-1 insert one batch latency (device: d_7, sg: g_0) ,1.06, ms, throughput ,47006.088228547356, points/s
2026/06/17 11:50:09 INFO  [benchmark.tsdb.DBWrapper] DataClientService-thread-1 insert one batch latency (device: d_8, sg: g_0) ,0.97, ms, throughput ,51529.073733982186, points/s
2026/06/17 11:50:09 INFO  [benchmark.tsdb.DBWrapper] DataClientService-thread-1 insert one batch latency (device: d_9, sg: g_0) ,1.10, ms, throughput ,45612.53067442688, points/s
2026/06/17 11:50:09 INFO  [benchmark.tsdb.DBWrapper] DataClientService-thread-1 insert one batch latency (device: d_10, sg: g_0) ,1.15, ms, throughput ,43654.32064273129, points/s
2026/06/17 11:50:09 INFO  [benchmark.tsdb.DBWrapper] DataClientService-thread-1 insert one batch latency (device: d_11, sg: g_0) ,0.95, ms, throughput ,52712.81216527364, points/s
2026/06/17 11:50:09 INFO  [benchmark.tsdb.DBWrapper] DataClientService-thread-1 insert one batch latency (device: d_12, sg: g_0) ,1.15, ms, throughput ,43642.66087557653, points/s
2026/06/17 11:50:09 INFO  [benchmark.tsdb.DBWrapper] DataClientService-thread-1 insert one batch latency (device: d_13, sg: g_0) ,1.17, ms, throughput ,42757.920049530774, points/s
2026/06/17 11:50:09 INFO  [benchmark.tsdb.DBWrapper] DataClientService-thread-1 insert one batch latency (device: d_14, sg: g_0) ,1.04, ms, throughput ,48307.778518497056, points/s
2026/06/17 11:50:09 INFO  [benchmark.tsdb.DBWrapper] DataClientService-thread-1 insert one batch latency (device: d_15, sg: g_0) ,1.16, ms, throughput ,43281.16222039287, points/s
2026/06/17 11:50:09 INFO  [benchmark.tsdb.DBWrapper] DataClientService-thread-1 insert one batch latency (device: d_16, sg: g_0) ,1.12, ms, throughput ,44601.04366442174, points/s
2026/06/17 11:50:09 INFO  [benchmark.tsdb.DBWrapper] DataClientService-thread-1 insert one batch latency (device: d_17, sg: g_0) ,1.75, ms, throughput ,28501.737750950677, points/s
2026/06/17 11:50:09 INFO  [benchmark.tsdb.DBWrapper] DataClientService-thread-1 insert one batch latency (device: d_18, sg: g_0) ,1.14, ms, throughput ,43963.387291064, points/s
2026/06/17 11:50:09 INFO  [benchmark.tsdb.DBWrapper] DataClientService-thread-1 insert one batch latency (device: d_19, sg: g_0) ,1.47, ms, throughput ,33932.490631239336, points/s
2026/06/17 11:50:12 INFO  [benchmark.mode.BaseMode] All dataClients finished. The final test result is: 
----------------------Main Configurations----------------------
########### Test Mode ###########
BENCHMARK_WORK_MODE=testWithDefaultPath
IoTDB_DIALECT_MODE=TREE
########### Database Connection Information ###########
DOUBLE_WRITE=false
DBConfig=
  DB_SWITCH=InfluxDB-2.x
  HOST=[127.0.0.1]
########### Data Mode ###########
GROUP_NUMBER=1
IoTDB_TABLE_NUMBER=1
DEVICE_NUMBER=20
REAL_INSERT_RATE=1.0
SENSOR_NUMBER=5
IS_SENSOR_TS_ALIGNMENT=true
IS_OUT_OF_ORDER=false
OUT_OF_ORDER_RATIO=0.0
########### Data Amount ###########
OPERATION_PROPORTION=1:0:0:0:0:0:0:0:0:0:0:0:0
SCHEMA_CLIENT_NUMBER=1
DATA_CLIENT_NUMBER=1
LOOP=50
BATCH_SIZE_PER_WRITE=10
DEVICE_NUM_PER_WRITE=1
START_TIME=2022-01-01T00:00:00+08:00
POINT_STEP=1000
OP_MIN_INTERVAL=0
OP_MIN_INTERVAL_RANDOM=false
INTERVAL_BETWEEN_WRITE_BATCH=0
INSERT_DATATYPE_PROPORTION=1:1:1:1:1:1:0:0:0:0:0
ENCODINGS=RLE/TS_2DIFF/TS_2DIFF/GORILLA/GORILLA/DICTIONARY/PLAIN/PLAIN/TS_2DIFF/TS_2DIFF
COMPRESSOR=LZ4
########### Other Param ###########
IS_DELETE_DATA=true
CREATE_SCHEMA=true
BENCHMARK_CLUSTER=false
VECTOR=true

---------------------------------------------------------------

Create schema cost 0.02 second
Test elapsed time (not include schema creation): 2.49 second
----------------------------------------------------------Result Matrix----------------------------------------------------------
Operation                okOperation              okPoint                  failOperation            failPoint                throughput(point/s)      
INGESTION                1000                     50000                    0                        0                        20118.08                 
PRECISE_POINT            0                        0                        0                        0                        0.00                     
TIME_RANGE               0                        0                        0                        0                        0.00                     
VALUE_RANGE              0                        0                        0                        0                        0.00                     
AGG_RANGE                0                        0                        0                        0                        0.00                     
AGG_VALUE                0                        0                        0                        0                        0.00                     
AGG_RANGE_VALUE          0                        0                        0                        0                        0.00                     
GROUP_BY                 0                        0                        0                        0                        0.00                     
LATEST_POINT             0                        0                        0                        0                        0.00                     
RANGE_QUERY_DESC         0                        0                        0                        0                        0.00                     
VALUE_RANGE_QUERY_DESC   0                        0                        0                        0                        0.00                     
GROUP_BY_DESC            0                        0                        0                        0                        0.00                     
SET_OPERATION            0                        0                        0                        0                        0.00                     
---------------------------------------------------------------------------------------------------------------------------------

--------------------------------------------------------------------------Latency (ms) Matrix--------------------------------------------------------------------------
Operation                AVG         MIN         P10         P25         MEDIAN      P75         P90         P95         P99         P999        MAX         SLOWEST_THREAD
INGESTION                1.41        0.85        0.98        1.07        1.16        1.28        1.57        2.63        3.81        10.78       86.36       1412.10     
PRECISE_POINT            0.00        0.00        0.00        0.00        0.00        0.00        0.00        0.00        0.00        0.00        0.00        0.00        
TIME_RANGE               0.00        0.00        0.00        0.00        0.00        0.00        0.00        0.00        0.00        0.00        0.00        0.00        
VALUE_RANGE              0.00        0.00        0.00        0.00        0.00        0.00        0.00        0.00        0.00        0.00        0.00        0.00        
AGG_RANGE                0.00        0.00        0.00        0.00        0.00        0.00        0.00        0.00        0.00        0.00        0.00        0.00        
AGG_VALUE                0.00        0.00        0.00        0.00        0.00        0.00        0.00        0.00        0.00        0.00        0.00        0.00        
AGG_RANGE_VALUE          0.00        0.00        0.00        0.00        0.00        0.00        0.00        0.00        0.00        0.00        0.00        0.00        
GROUP_BY                 0.00        0.00        0.00        0.00        0.00        0.00        0.00        0.00        0.00        0.00        0.00        0.00        
LATEST_POINT             0.00        0.00        0.00        0.00        0.00        0.00        0.00        0.00        0.00        0.00        0.00        0.00        
RANGE_QUERY_DESC         0.00        0.00        0.00        0.00        0.00        0.00        0.00        0.00        0.00        0.00        0.00        0.00        
VALUE_RANGE_QUERY_DESC   0.00        0.00        0.00        0.00        0.00        0.00        0.00        0.00        0.00        0.00        0.00        0.00        
GROUP_BY_DESC            0.00        0.00        0.00        0.00        0.00        0.00        0.00        0.00        0.00        0.00        0.00        0.00        
SET_OPERATION            0.00        0.00        0.00        0.00        0.00        0.00        0.00        0.00        0.00        0.00        0.00        0.00        
-----------------------------------------------------------------------------------------------------------------------------------------------------------------------


----------------------------------------------------------------------------SQL Statements Example---------------------------------------------------------------------
Operation                          SQL                                                                             
------------------------------------------------------------------------------------------------------------------------------------------------------------------------
