
Starting iot-benchmark

Using configuration file: /home/yikanji/WorkSpace/BigData/var/benchmarks/iotbench-ooo/configs/influxdb2/ratio_0p5
Set MAX_HEAP_SIZE=1g
Set HEAP_NEWSIZE=512m
2026/06/17 11:50:21 INFO  [iot.benchmark.App] Initial Heap Size: 538968064 bytes, Max Heap Size: 1073741824 bytes. 
2026/06/17 11:50:21 INFO  [benchmark.conf.ConfigDescriptor] Init SensorTypes: BOOLEAN:INT32:INT64:FLOAT:DOUBLE:TEXT:STRING:BLOB:TIMESTAMP:DATE:OBJECT= 1:1:1:1:1:1:0:0:0:0:0
2026/06/17 11:50:21 WARN  [benchmark.influxdb2.InfluxDB] No bucket to clear!
2026/06/17 11:50:21 INFO  [benchmark.tsdb.DBWrapper] Waiting 1000ms for old data deletion.
2026/06/17 11:50:23 INFO  [benchmark.tsdb.DBWrapper] Registering schema...
2026/06/17 11:50:24 INFO  [benchmark.mode.BaseMode] Registering schema successful!
2026/06/17 11:50:24 INFO  [benchmark.schema.MetaDataSchema] SCHEMA_CLIENT_DATA_SCHEMA has been cleared!
2026/06/17 11:50:24 INFO  [benchmark.workload.GenerateDataWorkLoad] Start Generating WorkLoad
2026/06/17 11:50:24 INFO  [benchmark.workload.GenerateDataWorkLoad] Finish 0.0 % WorkLoad Buffer
2026/06/17 11:50:24 INFO  [benchmark.workload.GenerateDataWorkLoad] Finish Generating WorkLoad
2026/06/17 11:50:24 INFO  [benchmark.tsdb.DBWrapper] DataClientService-thread-1 insert one batch latency (device: d_0, sg: g_0) ,73.92, ms, throughput ,676.3738671701558, points/s
2026/06/17 11:50:24 INFO  [benchmark.tsdb.DBWrapper] DataClientService-thread-1 insert one batch latency (device: d_1, sg: g_0) ,3.26, ms, throughput ,15337.630323844862, points/s
2026/06/17 11:50:24 INFO  [benchmark.tsdb.DBWrapper] DataClientService-thread-1 insert one batch latency (device: d_2, sg: g_0) ,2.90, ms, throughput ,17259.44220934668, points/s
2026/06/17 11:50:24 INFO  [benchmark.tsdb.DBWrapper] DataClientService-thread-1 insert one batch latency (device: d_3, sg: g_0) ,2.92, ms, throughput ,17111.350746072003, points/s
2026/06/17 11:50:24 INFO  [benchmark.tsdb.DBWrapper] DataClientService-thread-1 insert one batch latency (device: d_4, sg: g_0) ,2.85, ms, throughput ,17552.038283101738, points/s
2026/06/17 11:50:24 INFO  [benchmark.tsdb.DBWrapper] DataClientService-thread-1 insert one batch latency (device: d_5, sg: g_0) ,2.85, ms, throughput ,17520.462147742346, points/s
2026/06/17 11:50:24 INFO  [benchmark.tsdb.DBWrapper] DataClientService-thread-1 insert one batch latency (device: d_6, sg: g_0) ,2.66, ms, throughput ,18782.333787615382, points/s
2026/06/17 11:50:24 INFO  [benchmark.tsdb.DBWrapper] DataClientService-thread-1 insert one batch latency (device: d_7, sg: g_0) ,5.05, ms, throughput ,9891.920872546556, points/s
2026/06/17 11:50:24 INFO  [benchmark.tsdb.DBWrapper] DataClientService-thread-1 insert one batch latency (device: d_8, sg: g_0) ,3.07, ms, throughput ,16290.062149845115, points/s
2026/06/17 11:50:24 INFO  [benchmark.tsdb.DBWrapper] DataClientService-thread-1 insert one batch latency (device: d_9, sg: g_0) ,2.75, ms, throughput ,18172.79786578662, points/s
2026/06/17 11:50:24 INFO  [benchmark.tsdb.DBWrapper] DataClientService-thread-1 insert one batch latency (device: d_10, sg: g_0) ,2.59, ms, throughput ,19302.477936302595, points/s
2026/06/17 11:50:24 INFO  [benchmark.tsdb.DBWrapper] DataClientService-thread-1 insert one batch latency (device: d_11, sg: g_0) ,2.72, ms, throughput ,18415.25667184749, points/s
2026/06/17 11:50:24 INFO  [benchmark.tsdb.DBWrapper] DataClientService-thread-1 insert one batch latency (device: d_12, sg: g_0) ,2.56, ms, throughput ,19547.77397769052, points/s
2026/06/17 11:50:24 INFO  [benchmark.tsdb.DBWrapper] DataClientService-thread-1 insert one batch latency (device: d_13, sg: g_0) ,2.64, ms, throughput ,18940.30508285815, points/s
2026/06/17 11:50:24 INFO  [benchmark.tsdb.DBWrapper] DataClientService-thread-1 insert one batch latency (device: d_14, sg: g_0) ,2.44, ms, throughput ,20528.055488155107, points/s
2026/06/17 11:50:24 INFO  [benchmark.tsdb.DBWrapper] DataClientService-thread-1 insert one batch latency (device: d_15, sg: g_0) ,2.51, ms, throughput ,19944.54618379059, points/s
2026/06/17 11:50:24 INFO  [benchmark.tsdb.DBWrapper] DataClientService-thread-1 insert one batch latency (device: d_16, sg: g_0) ,7.41, ms, throughput ,6748.004412655046, points/s
2026/06/17 11:50:24 INFO  [benchmark.tsdb.DBWrapper] DataClientService-thread-1 insert one batch latency (device: d_17, sg: g_0) ,2.80, ms, throughput ,17849.008808842827, points/s
2026/06/17 11:50:24 INFO  [benchmark.tsdb.DBWrapper] DataClientService-thread-1 insert one batch latency (device: d_18, sg: g_0) ,2.61, ms, throughput ,19175.403939471686, points/s
2026/06/17 11:50:24 INFO  [benchmark.tsdb.DBWrapper] DataClientService-thread-1 insert one batch latency (device: d_19, sg: g_0) ,2.73, ms, throughput ,18339.733288926727, points/s
2026/06/17 11:50:24 INFO  [benchmark.tsdb.DBWrapper] DataClientService-thread-1 insert one batch latency (device: d_0, sg: g_0) ,2.39, ms, throughput ,20947.242693497014, points/s
2026/06/17 11:50:24 INFO  [benchmark.tsdb.DBWrapper] DataClientService-thread-1 insert one batch latency (device: d_1, sg: g_0) ,1.88, ms, throughput ,26551.96219000584, points/s
2026/06/17 11:50:24 INFO  [benchmark.tsdb.DBWrapper] DataClientService-thread-1 insert one batch latency (device: d_2, sg: g_0) ,1.67, ms, throughput ,30010.797885079053, points/s
2026/06/17 11:50:24 INFO  [benchmark.tsdb.DBWrapper] DataClientService-thread-1 insert one batch latency (device: d_3, sg: g_0) ,1.54, ms, throughput ,32553.33375435645, points/s
2026/06/17 11:50:24 INFO  [benchmark.tsdb.DBWrapper] DataClientService-thread-1 insert one batch latency (device: d_4, sg: g_0) ,1.60, ms, throughput ,31248.47663676396, points/s
2026/06/17 11:50:24 INFO  [benchmark.tsdb.DBWrapper] DataClientService-thread-1 insert one batch latency (device: d_5, sg: g_0) ,1.69, ms, throughput ,29585.518716982562, points/s
2026/06/17 11:50:24 INFO  [benchmark.tsdb.DBWrapper] DataClientService-thread-1 insert one batch latency (device: d_6, sg: g_0) ,1.50, ms, throughput ,33232.32920742889, points/s
2026/06/17 11:50:24 INFO  [benchmark.tsdb.DBWrapper] DataClientService-thread-1 insert one batch latency (device: d_7, sg: g_0) ,1.53, ms, throughput ,32677.837694408627, points/s
2026/06/17 11:50:24 INFO  [benchmark.tsdb.DBWrapper] DataClientService-thread-1 insert one batch latency (device: d_8, sg: g_0) ,1.36, ms, throughput ,36797.95933236727, points/s
2026/06/17 11:50:24 INFO  [benchmark.tsdb.DBWrapper] DataClientService-thread-1 insert one batch latency (device: d_9, sg: g_0) ,1.45, ms, throughput ,34400.97918947165, points/s
2026/06/17 11:50:24 INFO  [benchmark.tsdb.DBWrapper] DataClientService-thread-1 insert one batch latency (device: d_10, sg: g_0) ,1.19, ms, throughput ,41911.780730974984, points/s
2026/06/17 11:50:24 INFO  [benchmark.tsdb.DBWrapper] DataClientService-thread-1 insert one batch latency (device: d_11, sg: g_0) ,1.30, ms, throughput ,38375.989524889905, points/s
2026/06/17 11:50:24 INFO  [benchmark.tsdb.DBWrapper] DataClientService-thread-1 insert one batch latency (device: d_12, sg: g_0) ,1.23, ms, throughput ,40657.149641078686, points/s
2026/06/17 11:50:24 INFO  [benchmark.tsdb.DBWrapper] DataClientService-thread-1 insert one batch latency (device: d_13, sg: g_0) ,1.19, ms, throughput ,41999.37168939953, points/s
2026/06/17 11:50:24 INFO  [benchmark.tsdb.DBWrapper] DataClientService-thread-1 insert one batch latency (device: d_14, sg: g_0) ,1.37, ms, throughput ,36511.941230379394, points/s
2026/06/17 11:50:24 INFO  [benchmark.tsdb.DBWrapper] DataClientService-thread-1 insert one batch latency (device: d_15, sg: g_0) ,1.24, ms, throughput ,40422.95344650144, points/s
2026/06/17 11:50:24 INFO  [benchmark.tsdb.DBWrapper] DataClientService-thread-1 insert one batch latency (device: d_16, sg: g_0) ,1.31, ms, throughput ,38290.73234088861, points/s
2026/06/17 11:50:24 INFO  [benchmark.tsdb.DBWrapper] DataClientService-thread-1 insert one batch latency (device: d_17, sg: g_0) ,1.46, ms, throughput ,34171.86534644804, points/s
2026/06/17 11:50:24 INFO  [benchmark.tsdb.DBWrapper] DataClientService-thread-1 insert one batch latency (device: d_18, sg: g_0) ,1.30, ms, throughput ,38515.25242511287, points/s
2026/06/17 11:50:24 INFO  [benchmark.tsdb.DBWrapper] DataClientService-thread-1 insert one batch latency (device: d_19, sg: g_0) ,1.35, ms, throughput ,36926.640059791614, points/s
2026/06/17 11:50:24 INFO  [benchmark.tsdb.DBWrapper] DataClientService-thread-1 insert one batch latency (device: d_0, sg: g_0) ,1.24, ms, throughput ,40173.84024149299, points/s
2026/06/17 11:50:24 INFO  [benchmark.tsdb.DBWrapper] DataClientService-thread-1 insert one batch latency (device: d_1, sg: g_0) ,1.25, ms, throughput ,39959.49705378628, points/s
2026/06/17 11:50:24 INFO  [benchmark.tsdb.DBWrapper] DataClientService-thread-1 insert one batch latency (device: d_2, sg: g_0) ,1.21, ms, throughput ,41403.30713056036, points/s
2026/06/17 11:50:24 INFO  [benchmark.tsdb.DBWrapper] DataClientService-thread-1 insert one batch latency (device: d_3, sg: g_0) ,1.23, ms, throughput ,40602.73954804279, points/s
2026/06/17 11:50:24 INFO  [benchmark.tsdb.DBWrapper] DataClientService-thread-1 insert one batch latency (device: d_4, sg: g_0) ,1.14, ms, throughput ,43886.365910475324, points/s
2026/06/17 11:50:24 INFO  [benchmark.tsdb.DBWrapper] DataClientService-thread-1 insert one batch latency (device: d_5, sg: g_0) ,6.82, ms, throughput ,7330.168069025554, points/s
2026/06/17 11:50:24 INFO  [benchmark.tsdb.DBWrapper] DataClientService-thread-1 insert one batch latency (device: d_6, sg: g_0) ,1.35, ms, throughput ,37036.104275892314, points/s
2026/06/17 11:50:24 INFO  [benchmark.tsdb.DBWrapper] DataClientService-thread-1 insert one batch latency (device: d_7, sg: g_0) ,1.34, ms, throughput ,37426.88657707169, points/s
2026/06/17 11:50:24 INFO  [benchmark.tsdb.DBWrapper] DataClientService-thread-1 insert one batch latency (device: d_8, sg: g_0) ,1.14, ms, throughput ,43782.2620543513, points/s
2026/06/17 11:50:24 INFO  [benchmark.tsdb.DBWrapper] DataClientService-thread-1 insert one batch latency (device: d_9, sg: g_0) ,1.14, ms, throughput ,43737.56759641072, points/s
2026/06/17 11:50:24 INFO  [benchmark.tsdb.DBWrapper] DataClientService-thread-1 insert one batch latency (device: d_10, sg: g_0) ,1.14, ms, throughput ,43758.73533754176, points/s
2026/06/17 11:50:24 INFO  [benchmark.tsdb.DBWrapper] DataClientService-thread-1 insert one batch latency (device: d_11, sg: g_0) ,5.91, ms, throughput ,8462.757098560654, points/s
2026/06/17 11:50:24 INFO  [benchmark.tsdb.DBWrapper] DataClientService-thread-1 insert one batch latency (device: d_12, sg: g_0) ,1.29, ms, throughput ,38718.48025318788, points/s
2026/06/17 11:50:24 INFO  [benchmark.tsdb.DBWrapper] DataClientService-thread-1 insert one batch latency (device: d_13, sg: g_0) ,1.27, ms, throughput ,39432.301048268295, points/s
2026/06/17 11:50:24 INFO  [benchmark.tsdb.DBWrapper] DataClientService-thread-1 insert one batch latency (device: d_14, sg: g_0) ,1.35, ms, throughput ,37080.90237117538, points/s
2026/06/17 11:50:24 INFO  [benchmark.tsdb.DBWrapper] DataClientService-thread-1 insert one batch latency (device: d_15, sg: g_0) ,1.34, ms, throughput ,37387.84580953285, points/s
2026/06/17 11:50:24 INFO  [benchmark.tsdb.DBWrapper] DataClientService-thread-1 insert one batch latency (device: d_16, sg: g_0) ,2.36, ms, throughput ,21217.934926291015, points/s
2026/06/17 11:50:24 INFO  [benchmark.tsdb.DBWrapper] DataClientService-thread-1 insert one batch latency (device: d_17, sg: g_0) ,1.18, ms, throughput ,42303.90448116799, points/s
2026/06/17 11:50:24 INFO  [benchmark.tsdb.DBWrapper] DataClientService-thread-1 insert one batch latency (device: d_18, sg: g_0) ,1.08, ms, throughput ,46235.76169718535, points/s
2026/06/17 11:50:24 INFO  [benchmark.tsdb.DBWrapper] DataClientService-thread-1 insert one batch latency (device: d_19, sg: g_0) ,1.16, ms, throughput ,42982.65220157144, points/s
2026/06/17 11:50:24 INFO  [benchmark.tsdb.DBWrapper] DataClientService-thread-1 insert one batch latency (device: d_0, sg: g_0) ,1.07, ms, throughput ,46583.47479181845, points/s
2026/06/17 11:50:24 INFO  [benchmark.tsdb.DBWrapper] DataClientService-thread-1 insert one batch latency (device: d_1, sg: g_0) ,1.20, ms, throughput ,41745.4960784281, points/s
2026/06/17 11:50:24 INFO  [benchmark.tsdb.DBWrapper] DataClientService-thread-1 insert one batch latency (device: d_2, sg: g_0) ,1.24, ms, throughput ,40353.82231404959, points/s
2026/06/17 11:50:24 INFO  [benchmark.tsdb.DBWrapper] DataClientService-thread-1 insert one batch latency (device: d_3, sg: g_0) ,1.19, ms, throughput ,41955.178443764955, points/s
2026/06/17 11:50:24 INFO  [benchmark.tsdb.DBWrapper] DataClientService-thread-1 insert one batch latency (device: d_4, sg: g_0) ,1.28, ms, throughput ,39212.518518111865, points/s
2026/06/17 11:50:24 INFO  [benchmark.tsdb.DBWrapper] DataClientService-thread-1 insert one batch latency (device: d_5, sg: g_0) ,1.21, ms, throughput ,41359.50342125812, points/s
2026/06/17 11:50:24 INFO  [benchmark.tsdb.DBWrapper] DataClientService-thread-1 insert one batch latency (device: d_6, sg: g_0) ,1.13, ms, throughput ,44368.95805713657, points/s
2026/06/17 11:50:24 INFO  [benchmark.tsdb.DBWrapper] DataClientService-thread-1 insert one batch latency (device: d_7, sg: g_0) ,1.29, ms, throughput ,38905.57073305098, points/s
2026/06/17 11:50:24 INFO  [benchmark.tsdb.DBWrapper] DataClientService-thread-1 insert one batch latency (device: d_8, sg: g_0) ,1.26, ms, throughput ,39831.68722247272, points/s
2026/06/17 11:50:24 INFO  [benchmark.tsdb.DBWrapper] DataClientService-thread-1 insert one batch latency (device: d_9, sg: g_0) ,1.31, ms, throughput ,38266.76064983082, points/s
2026/06/17 11:50:24 INFO  [benchmark.tsdb.DBWrapper] DataClientService-thread-1 insert one batch latency (device: d_10, sg: g_0) ,1.08, ms, throughput ,46492.90099894647, points/s
2026/06/17 11:50:24 INFO  [benchmark.tsdb.DBWrapper] DataClientService-thread-1 insert one batch latency (device: d_11, sg: g_0) ,1.36, ms, throughput ,36837.0799099407, points/s
2026/06/17 11:50:24 INFO  [benchmark.tsdb.DBWrapper] DataClientService-thread-1 insert one batch latency (device: d_12, sg: g_0) ,1.22, ms, throughput ,41034.799151072075, points/s
2026/06/17 11:50:24 INFO  [benchmark.tsdb.DBWrapper] DataClientService-thread-1 insert one batch latency (device: d_13, sg: g_0) ,1.15, ms, throughput ,43334.72871159785, points/s
2026/06/17 11:50:24 INFO  [benchmark.tsdb.DBWrapper] DataClientService-thread-1 insert one batch latency (device: d_14, sg: g_0) ,1.10, ms, throughput ,45431.4992939945, points/s
2026/06/17 11:50:24 INFO  [benchmark.tsdb.DBWrapper] DataClientService-thread-1 insert one batch latency (device: d_15, sg: g_0) ,1.11, ms, throughput ,44877.542649372655, points/s
2026/06/17 11:50:24 INFO  [benchmark.tsdb.DBWrapper] DataClientService-thread-1 insert one batch latency (device: d_16, sg: g_0) ,1.32, ms, throughput ,37747.04497258432, points/s
2026/06/17 11:50:24 INFO  [benchmark.tsdb.DBWrapper] DataClientService-thread-1 insert one batch latency (device: d_17, sg: g_0) ,1.17, ms, throughput ,42700.407959697644, points/s
2026/06/17 11:50:24 INFO  [benchmark.tsdb.DBWrapper] DataClientService-thread-1 insert one batch latency (device: d_18, sg: g_0) ,1.18, ms, throughput ,42340.264999250576, points/s
2026/06/17 11:50:24 INFO  [benchmark.tsdb.DBWrapper] DataClientService-thread-1 insert one batch latency (device: d_19, sg: g_0) ,1.42, ms, throughput ,35123.310919977856, points/s
2026/06/17 11:50:24 INFO  [benchmark.tsdb.DBWrapper] DataClientService-thread-1 insert one batch latency (device: d_0, sg: g_0) ,2.01, ms, throughput ,24878.04780963716, points/s
2026/06/17 11:50:24 INFO  [benchmark.tsdb.DBWrapper] DataClientService-thread-1 insert one batch latency (device: d_1, sg: g_0) ,1.42, ms, throughput ,35334.56533184457, points/s
2026/06/17 11:50:24 INFO  [benchmark.tsdb.DBWrapper] DataClientService-thread-1 insert one batch latency (device: d_2, sg: g_0) ,1.35, ms, throughput ,36910.175397153485, points/s
2026/06/17 11:50:24 INFO  [benchmark.tsdb.DBWrapper] DataClientService-thread-1 insert one batch latency (device: d_3, sg: g_0) ,1.22, ms, throughput ,40906.78897251146, points/s
2026/06/17 11:50:24 INFO  [benchmark.tsdb.DBWrapper] DataClientService-thread-1 insert one batch latency (device: d_4, sg: g_0) ,1.27, ms, throughput ,39366.328090000876, points/s
2026/06/17 11:50:24 INFO  [benchmark.tsdb.DBWrapper] DataClientService-thread-1 insert one batch latency (device: d_5, sg: g_0) ,1.28, ms, throughput ,39067.23079747939, points/s
2026/06/17 11:50:24 INFO  [benchmark.tsdb.DBWrapper] DataClientService-thread-1 insert one batch latency (device: d_6, sg: g_0) ,1.24, ms, throughput ,40162.35229290885, points/s
2026/06/17 11:50:24 INFO  [benchmark.tsdb.DBWrapper] DataClientService-thread-1 insert one batch latency (device: d_7, sg: g_0) ,1.27, ms, throughput ,39441.072670965215, points/s
2026/06/17 11:50:24 INFO  [benchmark.tsdb.DBWrapper] DataClientService-thread-1 insert one batch latency (device: d_8, sg: g_0) ,1.12, ms, throughput ,44593.68464238095, points/s
2026/06/17 11:50:24 INFO  [benchmark.tsdb.DBWrapper] DataClientService-thread-1 insert one batch latency (device: d_9, sg: g_0) ,1.26, ms, throughput ,39581.10524695048, points/s
2026/06/17 11:50:24 INFO  [benchmark.tsdb.DBWrapper] DataClientService-thread-1 insert one batch latency (device: d_10, sg: g_0) ,1.23, ms, throughput ,40599.73934967337, points/s
2026/06/17 11:50:24 INFO  [benchmark.tsdb.DBWrapper] DataClientService-thread-1 insert one batch latency (device: d_11, sg: g_0) ,1.29, ms, throughput ,38826.56793329285, points/s
2026/06/17 11:50:24 INFO  [benchmark.tsdb.DBWrapper] DataClientService-thread-1 insert one batch latency (device: d_12, sg: g_0) ,1.20, ms, throughput ,41499.182881089066, points/s
2026/06/17 11:50:24 INFO  [benchmark.tsdb.DBWrapper] DataClientService-thread-1 insert one batch latency (device: d_13, sg: g_0) ,1.25, ms, throughput ,39987.30003350936, points/s
2026/06/17 11:50:24 INFO  [benchmark.tsdb.DBWrapper] DataClientService-thread-1 insert one batch latency (device: d_14, sg: g_0) ,1.20, ms, throughput ,41525.652471814465, points/s
2026/06/17 11:50:24 INFO  [benchmark.tsdb.DBWrapper] DataClientService-thread-1 insert one batch latency (device: d_15, sg: g_0) ,1.18, ms, throughput ,42349.696691472294, points/s
2026/06/17 11:50:24 INFO  [benchmark.tsdb.DBWrapper] DataClientService-thread-1 insert one batch latency (device: d_16, sg: g_0) ,1.33, ms, throughput ,37529.423067685064, points/s
2026/06/17 11:50:24 INFO  [benchmark.tsdb.DBWrapper] DataClientService-thread-1 insert one batch latency (device: d_17, sg: g_0) ,1.13, ms, throughput ,44175.425917368986, points/s
2026/06/17 11:50:24 INFO  [benchmark.tsdb.DBWrapper] DataClientService-thread-1 insert one batch latency (device: d_18, sg: g_0) ,1.11, ms, throughput ,44860.06798991905, points/s
2026/06/17 11:50:24 INFO  [benchmark.tsdb.DBWrapper] DataClientService-thread-1 insert one batch latency (device: d_19, sg: g_0) ,1.11, ms, throughput ,45174.79029862344, points/s
2026/06/17 11:50:24 INFO  [benchmark.tsdb.DBWrapper] DataClientService-thread-1 insert one batch latency (device: d_0, sg: g_0) ,1.01, ms, throughput ,49633.30911227849, points/s
2026/06/17 11:50:24 INFO  [benchmark.tsdb.DBWrapper] DataClientService-thread-1 insert one batch latency (device: d_1, sg: g_0) ,1.29, ms, throughput ,38826.2965847613, points/s
2026/06/17 11:50:24 INFO  [benchmark.tsdb.DBWrapper] DataClientService-thread-1 insert one batch latency (device: d_2, sg: g_0) ,1.12, ms, throughput ,44764.80125771186, points/s
2026/06/17 11:50:24 INFO  [benchmark.tsdb.DBWrapper] DataClientService-thread-1 insert one batch latency (device: d_3, sg: g_0) ,1.10, ms, throughput ,45263.61529548088, points/s
2026/06/17 11:50:24 INFO  [benchmark.tsdb.DBWrapper] DataClientService-thread-1 insert one batch latency (device: d_4, sg: g_0) ,1.01, ms, throughput ,49541.98435464135, points/s
2026/06/17 11:50:24 INFO  [benchmark.tsdb.DBWrapper] DataClientService-thread-1 insert one batch latency (device: d_5, sg: g_0) ,1.11, ms, throughput ,44887.41338973586, points/s
2026/06/17 11:50:24 INFO  [benchmark.tsdb.DBWrapper] DataClientService-thread-1 insert one batch latency (device: d_6, sg: g_0) ,1.17, ms, throughput ,42850.11543821099, points/s
2026/06/17 11:50:24 INFO  [benchmark.tsdb.DBWrapper] DataClientService-thread-1 insert one batch latency (device: d_7, sg: g_0) ,1.09, ms, throughput ,45701.332650860095, points/s
2026/06/17 11:50:24 INFO  [benchmark.tsdb.DBWrapper] DataClientService-thread-1 insert one batch latency (device: d_8, sg: g_0) ,1.05, ms, throughput ,47464.31395555252, points/s
2026/06/17 11:50:24 INFO  [benchmark.tsdb.DBWrapper] DataClientService-thread-1 insert one batch latency (device: d_9, sg: g_0) ,1.03, ms, throughput ,48352.06492328462, points/s
2026/06/17 11:50:24 INFO  [benchmark.tsdb.DBWrapper] DataClientService-thread-1 insert one batch latency (device: d_10, sg: g_0) ,1.06, ms, throughput ,46948.40089051727, points/s
2026/06/17 11:50:24 INFO  [benchmark.tsdb.DBWrapper] DataClientService-thread-1 insert one batch latency (device: d_11, sg: g_0) ,1.05, ms, throughput ,47620.99781229136, points/s
2026/06/17 11:50:24 INFO  [benchmark.tsdb.DBWrapper] DataClientService-thread-1 insert one batch latency (device: d_12, sg: g_0) ,1.27, ms, throughput ,39317.01624736379, points/s
2026/06/17 11:50:24 INFO  [benchmark.tsdb.DBWrapper] DataClientService-thread-1 insert one batch latency (device: d_13, sg: g_0) ,1.09, ms, throughput ,45959.134975545145, points/s
2026/06/17 11:50:24 INFO  [benchmark.tsdb.DBWrapper] DataClientService-thread-1 insert one batch latency (device: d_14, sg: g_0) ,1.22, ms, throughput ,40838.062380957046, points/s
2026/06/17 11:50:24 INFO  [benchmark.tsdb.DBWrapper] DataClientService-thread-1 insert one batch latency (device: d_15, sg: g_0) ,1.29, ms, throughput ,38673.28959642102, points/s
2026/06/17 11:50:24 INFO  [benchmark.tsdb.DBWrapper] DataClientService-thread-1 insert one batch latency (device: d_16, sg: g_0) ,1.28, ms, throughput ,39117.600808013165, points/s
2026/06/17 11:50:24 INFO  [benchmark.tsdb.DBWrapper] DataClientService-thread-1 insert one batch latency (device: d_17, sg: g_0) ,1.10, ms, throughput ,45561.11704924337, points/s
2026/06/17 11:50:24 INFO  [benchmark.tsdb.DBWrapper] DataClientService-thread-1 insert one batch latency (device: d_18, sg: g_0) ,1.20, ms, throughput ,41814.375949709014, points/s
2026/06/17 11:50:24 INFO  [benchmark.tsdb.DBWrapper] DataClientService-thread-1 insert one batch latency (device: d_19, sg: g_0) ,1.11, ms, throughput ,45012.441438813694, points/s
2026/06/17 11:50:24 INFO  [benchmark.tsdb.DBWrapper] DataClientService-thread-1 insert one batch latency (device: d_0, sg: g_0) ,1.15, ms, throughput ,43431.317280539384, points/s
2026/06/17 11:50:24 INFO  [benchmark.tsdb.DBWrapper] DataClientService-thread-1 insert one batch latency (device: d_1, sg: g_0) ,1.38, ms, throughput ,36258.68395480717, points/s
2026/06/17 11:50:24 INFO  [benchmark.tsdb.DBWrapper] DataClientService-thread-1 insert one batch latency (device: d_2, sg: g_0) ,1.20, ms, throughput ,41496.599768614964, points/s
2026/06/17 11:50:24 INFO  [benchmark.tsdb.DBWrapper] DataClientService-thread-1 insert one batch latency (device: d_3, sg: g_0) ,1.12, ms, throughput ,44518.12689090744, points/s
2026/06/17 11:50:24 INFO  [benchmark.tsdb.DBWrapper] DataClientService-thread-1 insert one batch latency (device: d_4, sg: g_0) ,1.41, ms, throughput ,35410.66455902391, points/s
2026/06/17 11:50:24 INFO  [benchmark.tsdb.DBWrapper] DataClientService-thread-1 insert one batch latency (device: d_5, sg: g_0) ,1.44, ms, throughput ,34661.08392141639, points/s
2026/06/17 11:50:24 INFO  [benchmark.tsdb.DBWrapper] DataClientService-thread-1 insert one batch latency (device: d_6, sg: g_0) ,1.36, ms, throughput ,36848.31905338143, points/s
2026/06/17 11:50:24 INFO  [benchmark.tsdb.DBWrapper] DataClientService-thread-1 insert one batch latency (device: d_7, sg: g_0) ,1.62, ms, throughput ,30826.29260810164, points/s
2026/06/17 11:50:24 INFO  [benchmark.tsdb.DBWrapper] DataClientService-thread-1 insert one batch latency (device: d_8, sg: g_0) ,1.45, ms, throughput ,34405.0506614371, points/s
2026/06/17 11:50:24 INFO  [benchmark.tsdb.DBWrapper] DataClientService-thread-1 insert one batch latency (device: d_9, sg: g_0) ,1.24, ms, throughput ,40403.12623229535, points/s
2026/06/17 11:50:24 INFO  [benchmark.tsdb.DBWrapper] DataClientService-thread-1 insert one batch latency (device: d_10, sg: g_0) ,1.26, ms, throughput ,39748.661265088595, points/s
2026/06/17 11:50:24 INFO  [benchmark.tsdb.DBWrapper] DataClientService-thread-1 insert one batch latency (device: d_11, sg: g_0) ,1.21, ms, throughput ,41308.11225231656, points/s
2026/06/17 11:50:24 INFO  [benchmark.tsdb.DBWrapper] DataClientService-thread-1 insert one batch latency (device: d_12, sg: g_0) ,1.26, ms, throughput ,39643.5254194285, points/s
2026/06/17 11:50:24 INFO  [benchmark.tsdb.DBWrapper] DataClientService-thread-1 insert one batch latency (device: d_13, sg: g_0) ,1.44, ms, throughput ,34672.95772811686, points/s
2026/06/17 11:50:24 INFO  [benchmark.tsdb.DBWrapper] DataClientService-thread-1 insert one batch latency (device: d_14, sg: g_0) ,1.34, ms, throughput ,37325.80048911729, points/s
2026/06/17 11:50:24 INFO  [benchmark.tsdb.DBWrapper] DataClientService-thread-1 insert one batch latency (device: d_15, sg: g_0) ,1.29, ms, throughput ,38829.04039462731, points/s
2026/06/17 11:50:24 INFO  [benchmark.tsdb.DBWrapper] DataClientService-thread-1 insert one batch latency (device: d_16, sg: g_0) ,1.36, ms, throughput ,36729.62369031344, points/s
2026/06/17 11:50:24 INFO  [benchmark.tsdb.DBWrapper] DataClientService-thread-1 insert one batch latency (device: d_17, sg: g_0) ,2.25, ms, throughput ,22189.805382092916, points/s
2026/06/17 11:50:24 INFO  [benchmark.tsdb.DBWrapper] DataClientService-thread-1 insert one batch latency (device: d_18, sg: g_0) ,1.74, ms, throughput ,28749.577381212497, points/s
2026/06/17 11:50:24 INFO  [benchmark.tsdb.DBWrapper] DataClientService-thread-1 insert one batch latency (device: d_19, sg: g_0) ,1.91, ms, throughput ,26112.701374624827, points/s
2026/06/17 11:50:24 INFO  [benchmark.tsdb.DBWrapper] DataClientService-thread-1 insert one batch latency (device: d_0, sg: g_0) ,1.91, ms, throughput ,26129.308723008424, points/s
2026/06/17 11:50:24 INFO  [benchmark.tsdb.DBWrapper] DataClientService-thread-1 insert one batch latency (device: d_1, sg: g_0) ,1.63, ms, throughput ,30597.058765934948, points/s
2026/06/17 11:50:24 INFO  [benchmark.tsdb.DBWrapper] DataClientService-thread-1 insert one batch latency (device: d_2, sg: g_0) ,10.46, ms, throughput ,4780.094615280777, points/s
2026/06/17 11:50:24 INFO  [benchmark.tsdb.DBWrapper] DataClientService-thread-1 insert one batch latency (device: d_3, sg: g_0) ,1.43, ms, throughput ,35073.19776373291, points/s
2026/06/17 11:50:24 INFO  [benchmark.tsdb.DBWrapper] DataClientService-thread-1 insert one batch latency (device: d_4, sg: g_0) ,1.27, ms, throughput ,39497.0290334761, points/s
2026/06/17 11:50:24 INFO  [benchmark.tsdb.DBWrapper] DataClientService-thread-1 insert one batch latency (device: d_5, sg: g_0) ,1.27, ms, throughput ,39277.91481405835, points/s
2026/06/17 11:50:24 INFO  [benchmark.tsdb.DBWrapper] DataClientService-thread-1 insert one batch latency (device: d_6, sg: g_0) ,1.33, ms, throughput ,37485.474378678264, points/s
2026/06/17 11:50:24 INFO  [benchmark.tsdb.DBWrapper] DataClientService-thread-1 insert one batch latency (device: d_7, sg: g_0) ,1.35, ms, throughput ,36989.33449529162, points/s
2026/06/17 11:50:24 INFO  [benchmark.tsdb.DBWrapper] DataClientService-thread-1 insert one batch latency (device: d_8, sg: g_0) ,2.08, ms, throughput ,24000.11904059044, points/s
2026/06/17 11:50:24 INFO  [benchmark.tsdb.DBWrapper] DataClientService-thread-1 insert one batch latency (device: d_9, sg: g_0) ,1.21, ms, throughput ,41455.69174210911, points/s
2026/06/17 11:50:24 INFO  [benchmark.tsdb.DBWrapper] DataClientService-thread-1 insert one batch latency (device: d_10, sg: g_0) ,1.07, ms, throughput ,46713.168068373125, points/s
2026/06/17 11:50:24 INFO  [benchmark.tsdb.DBWrapper] DataClientService-thread-1 insert one batch latency (device: d_11, sg: g_0) ,1.15, ms, throughput ,43603.53572350475, points/s
2026/06/17 11:50:24 INFO  [benchmark.tsdb.DBWrapper] DataClientService-thread-1 insert one batch latency (device: d_12, sg: g_0) ,1.38, ms, throughput ,36354.514685406204, points/s
2026/06/17 11:50:24 INFO  [benchmark.tsdb.DBWrapper] DataClientService-thread-1 insert one batch latency (device: d_13, sg: g_0) ,1.15, ms, throughput ,43460.83874203471, points/s
2026/06/17 11:50:24 INFO  [benchmark.tsdb.DBWrapper] DataClientService-thread-1 insert one batch latency (device: d_14, sg: g_0) ,1.13, ms, throughput ,44213.668744119575, points/s
2026/06/17 11:50:24 INFO  [benchmark.tsdb.DBWrapper] DataClientService-thread-1 insert one batch latency (device: d_15, sg: g_0) ,1.24, ms, throughput ,40214.617369980115, points/s
2026/06/17 11:50:24 INFO  [benchmark.tsdb.DBWrapper] DataClientService-thread-1 insert one batch latency (device: d_16, sg: g_0) ,1.35, ms, throughput ,37030.042473458714, points/s
2026/06/17 11:50:24 INFO  [benchmark.tsdb.DBWrapper] DataClientService-thread-1 insert one batch latency (device: d_17, sg: g_0) ,1.37, ms, throughput ,36401.97094831502, points/s
2026/06/17 11:50:24 INFO  [benchmark.tsdb.DBWrapper] DataClientService-thread-1 insert one batch latency (device: d_18, sg: g_0) ,1.36, ms, throughput ,36814.107165865964, points/s
2026/06/17 11:50:24 INFO  [benchmark.tsdb.DBWrapper] DataClientService-thread-1 insert one batch latency (device: d_19, sg: g_0) ,1.35, ms, throughput ,37123.79672493865, points/s
2026/06/17 11:50:24 INFO  [benchmark.tsdb.DBWrapper] DataClientService-thread-1 insert one batch latency (device: d_0, sg: g_0) ,2.17, ms, throughput ,23024.614694585394, points/s
2026/06/17 11:50:24 INFO  [benchmark.tsdb.DBWrapper] DataClientService-thread-1 insert one batch latency (device: d_1, sg: g_0) ,1.52, ms, throughput ,32903.568852692035, points/s
2026/06/17 11:50:24 INFO  [benchmark.tsdb.DBWrapper] DataClientService-thread-1 insert one batch latency (device: d_2, sg: g_0) ,2.04, ms, throughput ,24538.733163361707, points/s
2026/06/17 11:50:24 INFO  [benchmark.tsdb.DBWrapper] DataClientService-thread-1 insert one batch latency (device: d_3, sg: g_0) ,2.17, ms, throughput ,23006.78424053685, points/s
2026/06/17 11:50:24 INFO  [benchmark.tsdb.DBWrapper] DataClientService-thread-1 insert one batch latency (device: d_4, sg: g_0) ,1.71, ms, throughput ,29269.651937007027, points/s
2026/06/17 11:50:24 INFO  [benchmark.tsdb.DBWrapper] DataClientService-thread-1 insert one batch latency (device: d_5, sg: g_0) ,1.83, ms, throughput ,27350.75649457388, points/s
2026/06/17 11:50:24 INFO  [benchmark.tsdb.DBWrapper] DataClientService-thread-1 insert one batch latency (device: d_6, sg: g_0) ,1.49, ms, throughput ,33643.1418118985, points/s
2026/06/17 11:50:24 INFO  [benchmark.tsdb.DBWrapper] DataClientService-thread-1 insert one batch latency (device: d_7, sg: g_0) ,1.10, ms, throughput ,45365.381858565255, points/s
2026/06/17 11:50:24 INFO  [benchmark.tsdb.DBWrapper] DataClientService-thread-1 insert one batch latency (device: d_8, sg: g_0) ,1.26, ms, throughput ,39678.225462786984, points/s
2026/06/17 11:50:24 INFO  [benchmark.tsdb.DBWrapper] DataClientService-thread-1 insert one batch latency (device: d_9, sg: g_0) ,1.37, ms, throughput ,36579.04035619206, points/s
2026/06/17 11:50:24 INFO  [benchmark.tsdb.DBWrapper] DataClientService-thread-1 insert one batch latency (device: d_10, sg: g_0) ,1.22, ms, throughput ,40824.49142889802, points/s
2026/06/17 11:50:24 INFO  [benchmark.tsdb.DBWrapper] DataClientService-thread-1 insert one batch latency (device: d_11, sg: g_0) ,1.39, ms, throughput ,35970.42080356481, points/s
2026/06/17 11:50:24 INFO  [benchmark.tsdb.DBWrapper] DataClientService-thread-1 insert one batch latency (device: d_12, sg: g_0) ,9.78, ms, throughput ,5110.955261048684, points/s
2026/06/17 11:50:24 INFO  [benchmark.tsdb.DBWrapper] DataClientService-thread-1 insert one batch latency (device: d_13, sg: g_0) ,3.20, ms, throughput ,15639.173000531733, points/s
2026/06/17 11:50:24 INFO  [benchmark.tsdb.DBWrapper] DataClientService-thread-1 insert one batch latency (device: d_14, sg: g_0) ,2.89, ms, throughput ,17312.27606570909, points/s
2026/06/17 11:50:24 INFO  [benchmark.tsdb.DBWrapper] DataClientService-thread-1 insert one batch latency (device: d_15, sg: g_0) ,2.07, ms, throughput ,24179.68017053445, points/s
2026/06/17 11:50:24 INFO  [benchmark.tsdb.DBWrapper] DataClientService-thread-1 insert one batch latency (device: d_16, sg: g_0) ,2.28, ms, throughput ,21887.173372239973, points/s
2026/06/17 11:50:24 INFO  [benchmark.tsdb.DBWrapper] DataClientService-thread-1 insert one batch latency (device: d_17, sg: g_0) ,2.13, ms, throughput ,23459.24378658469, points/s
2026/06/17 11:50:24 INFO  [benchmark.tsdb.DBWrapper] DataClientService-thread-1 insert one batch latency (device: d_18, sg: g_0) ,1.87, ms, throughput ,26784.461155567365, points/s
2026/06/17 11:50:24 INFO  [benchmark.tsdb.DBWrapper] DataClientService-thread-1 insert one batch latency (device: d_19, sg: g_0) ,2.46, ms, throughput ,20347.46967006171, points/s
2026/06/17 11:50:24 INFO  [benchmark.tsdb.DBWrapper] DataClientService-thread-1 insert one batch latency (device: d_0, sg: g_0) ,1.98, ms, throughput ,25204.229874674485, points/s
2026/06/17 11:50:24 INFO  [benchmark.tsdb.DBWrapper] DataClientService-thread-1 insert one batch latency (device: d_1, sg: g_0) ,1.73, ms, throughput ,28955.96377029813, points/s
2026/06/17 11:50:24 INFO  [benchmark.tsdb.DBWrapper] DataClientService-thread-1 insert one batch latency (device: d_2, sg: g_0) ,1.27, ms, throughput ,39519.50603779013, points/s
2026/06/17 11:50:24 INFO  [benchmark.tsdb.DBWrapper] DataClientService-thread-1 insert one batch latency (device: d_3, sg: g_0) ,1.87, ms, throughput ,26729.020124813833, points/s
2026/06/17 11:50:24 INFO  [benchmark.tsdb.DBWrapper] DataClientService-thread-1 insert one batch latency (device: d_4, sg: g_0) ,1.22, ms, throughput ,41117.06851748298, points/s
2026/06/17 11:50:24 INFO  [benchmark.tsdb.DBWrapper] DataClientService-thread-1 insert one batch latency (device: d_5, sg: g_0) ,1.01, ms, throughput ,49536.241705156324, points/s
2026/06/17 11:50:24 INFO  [benchmark.tsdb.DBWrapper] DataClientService-thread-1 insert one batch latency (device: d_6, sg: g_0) ,0.99, ms, throughput ,50695.85125431675, points/s
2026/06/17 11:50:24 INFO  [benchmark.tsdb.DBWrapper] DataClientService-thread-1 insert one batch latency (device: d_7, sg: g_0) ,1.07, ms, throughput ,46718.754963867716, points/s
2026/06/17 11:50:24 INFO  [benchmark.tsdb.DBWrapper] DataClientService-thread-1 insert one batch latency (device: d_8, sg: g_0) ,1.14, ms, throughput ,44029.35525173344, points/s
2026/06/17 11:50:24 INFO  [benchmark.tsdb.DBWrapper] DataClientService-thread-1 insert one batch latency (device: d_9, sg: g_0) ,1.03, ms, throughput ,48697.156280861826, points/s
2026/06/17 11:50:24 INFO  [benchmark.tsdb.DBWrapper] DataClientService-thread-1 insert one batch latency (device: d_10, sg: g_0) ,8.14, ms, throughput ,6146.069957026679, points/s
2026/06/17 11:50:24 INFO  [benchmark.tsdb.DBWrapper] DataClientService-thread-1 insert one batch latency (device: d_11, sg: g_0) ,6.06, ms, throughput ,8244.608973861128, points/s
2026/06/17 11:50:24 INFO  [benchmark.tsdb.DBWrapper] DataClientService-thread-1 insert one batch latency (device: d_12, sg: g_0) ,1.38, ms, throughput ,36313.61600820397, points/s
2026/06/17 11:50:24 INFO  [benchmark.tsdb.DBWrapper] DataClientService-thread-1 insert one batch latency (device: d_13, sg: g_0) ,1.53, ms, throughput ,32606.74633581688, points/s
2026/06/17 11:50:24 INFO  [benchmark.tsdb.DBWrapper] DataClientService-thread-1 insert one batch latency (device: d_14, sg: g_0) ,2.11, ms, throughput ,23725.25396698109, points/s
2026/06/17 11:50:24 INFO  [benchmark.tsdb.DBWrapper] DataClientService-thread-1 insert one batch latency (device: d_15, sg: g_0) ,1.36, ms, throughput ,36709.587516390835, points/s
2026/06/17 11:50:24 INFO  [benchmark.tsdb.DBWrapper] DataClientService-thread-1 insert one batch latency (device: d_16, sg: g_0) ,1.52, ms, throughput ,32825.93196103431, points/s
2026/06/17 11:50:24 INFO  [benchmark.tsdb.DBWrapper] DataClientService-thread-1 insert one batch latency (device: d_17, sg: g_0) ,1.73, ms, throughput ,28848.18986263069, points/s
2026/06/17 11:50:24 INFO  [benchmark.tsdb.DBWrapper] DataClientService-thread-1 insert one batch latency (device: d_18, sg: g_0) ,1.57, ms, throughput ,31885.335232849036, points/s
2026/06/17 11:50:24 INFO  [benchmark.tsdb.DBWrapper] DataClientService-thread-1 insert one batch latency (device: d_19, sg: g_0) ,2.13, ms, throughput ,23467.666952502852, points/s
2026/06/17 11:50:24 INFO  [benchmark.tsdb.DBWrapper] DataClientService-thread-1 insert one batch latency (device: d_0, sg: g_0) ,2.02, ms, throughput ,24739.68899242174, points/s
2026/06/17 11:50:24 INFO  [benchmark.tsdb.DBWrapper] DataClientService-thread-1 insert one batch latency (device: d_1, sg: g_0) ,1.51, ms, throughput ,33047.01400400265, points/s
2026/06/17 11:50:24 INFO  [benchmark.tsdb.DBWrapper] DataClientService-thread-1 insert one batch latency (device: d_2, sg: g_0) ,1.70, ms, throughput ,29355.488507619804, points/s
2026/06/17 11:50:24 INFO  [benchmark.tsdb.DBWrapper] DataClientService-thread-1 insert one batch latency (device: d_3, sg: g_0) ,1.39, ms, throughput ,36062.6769325087, points/s
2026/06/17 11:50:24 INFO  [benchmark.tsdb.DBWrapper] DataClientService-thread-1 insert one batch latency (device: d_4, sg: g_0) ,1.53, ms, throughput ,32636.756167531, points/s
2026/06/17 11:50:24 INFO  [benchmark.tsdb.DBWrapper] DataClientService-thread-1 insert one batch latency (device: d_5, sg: g_0) ,2.07, ms, throughput ,24159.666403326304, points/s
2026/06/17 11:50:24 INFO  [benchmark.tsdb.DBWrapper] DataClientService-thread-1 insert one batch latency (device: d_6, sg: g_0) ,1.41, ms, throughput ,35567.56949013889, points/s
2026/06/17 11:50:24 INFO  [benchmark.tsdb.DBWrapper] DataClientService-thread-1 insert one batch latency (device: d_7, sg: g_0) ,1.59, ms, throughput ,31384.48250754483, points/s
2026/06/17 11:50:24 INFO  [benchmark.tsdb.DBWrapper] DataClientService-thread-1 insert one batch latency (device: d_8, sg: g_0) ,1.75, ms, throughput ,28497.75779641658, points/s
2026/06/17 11:50:24 INFO  [benchmark.tsdb.DBWrapper] DataClientService-thread-1 insert one batch latency (device: d_9, sg: g_0) ,1.34, ms, throughput ,37390.50191514151, points/s
2026/06/17 11:50:24 INFO  [benchmark.tsdb.DBWrapper] DataClientService-thread-1 insert one batch latency (device: d_10, sg: g_0) ,1.71, ms, throughput ,29287.602499286848, points/s
2026/06/17 11:50:24 INFO  [benchmark.tsdb.DBWrapper] DataClientService-thread-1 insert one batch latency (device: d_11, sg: g_0) ,1.96, ms, throughput ,25457.392979665652, points/s
2026/06/17 11:50:24 INFO  [benchmark.tsdb.DBWrapper] DataClientService-thread-1 insert one batch latency (device: d_12, sg: g_0) ,1.94, ms, throughput ,25719.092980179325, points/s
2026/06/17 11:50:24 INFO  [benchmark.tsdb.DBWrapper] DataClientService-thread-1 insert one batch latency (device: d_13, sg: g_0) ,1.81, ms, throughput ,27690.18449416125, points/s
2026/06/17 11:50:24 INFO  [benchmark.tsdb.DBWrapper] DataClientService-thread-1 insert one batch latency (device: d_14, sg: g_0) ,2.42, ms, throughput ,20699.133948235605, points/s
2026/06/17 11:50:24 INFO  [benchmark.tsdb.DBWrapper] DataClientService-thread-1 insert one batch latency (device: d_15, sg: g_0) ,2.15, ms, throughput ,23240.594066769296, points/s
2026/06/17 11:50:24 INFO  [benchmark.tsdb.DBWrapper] DataClientService-thread-1 insert one batch latency (device: d_16, sg: g_0) ,2.46, ms, throughput ,20294.719922717708, points/s
2026/06/17 11:50:24 INFO  [benchmark.tsdb.DBWrapper] DataClientService-thread-1 insert one batch latency (device: d_17, sg: g_0) ,21.17, ms, throughput ,2361.4834120903797, points/s
2026/06/17 11:50:24 INFO  [benchmark.tsdb.DBWrapper] DataClientService-thread-1 insert one batch latency (device: d_18, sg: g_0) ,2.81, ms, throughput ,17801.4624257412, points/s
2026/06/17 11:50:24 INFO  [benchmark.tsdb.DBWrapper] DataClientService-thread-1 insert one batch latency (device: d_19, sg: g_0) ,2.39, ms, throughput ,20879.16309632978, points/s
2026/06/17 11:50:24 INFO  [benchmark.tsdb.DBWrapper] DataClientService-thread-1 insert one batch latency (device: d_0, sg: g_0) ,2.68, ms, throughput ,18661.207641391306, points/s
2026/06/17 11:50:24 INFO  [benchmark.tsdb.DBWrapper] DataClientService-thread-1 insert one batch latency (device: d_1, sg: g_0) ,2.72, ms, throughput ,18360.091330438314, points/s
2026/06/17 11:50:24 INFO  [benchmark.tsdb.DBWrapper] DataClientService-thread-1 insert one batch latency (device: d_2, sg: g_0) ,2.79, ms, throughput ,17899.69298446593, points/s
2026/06/17 11:50:24 INFO  [benchmark.tsdb.DBWrapper] DataClientService-thread-1 insert one batch latency (device: d_3, sg: g_0) ,2.58, ms, throughput ,19347.344422199298, points/s
2026/06/17 11:50:24 INFO  [benchmark.tsdb.DBWrapper] DataClientService-thread-1 insert one batch latency (device: d_4, sg: g_0) ,3.50, ms, throughput ,14298.28452041981, points/s
2026/06/17 11:50:24 INFO  [benchmark.tsdb.DBWrapper] DataClientService-thread-1 insert one batch latency (device: d_5, sg: g_0) ,3.62, ms, throughput ,13831.17064538732, points/s
2026/06/17 11:50:24 INFO  [benchmark.tsdb.DBWrapper] DataClientService-thread-1 insert one batch latency (device: d_6, sg: g_0) ,3.10, ms, throughput ,16131.238595214314, points/s
2026/06/17 11:50:24 INFO  [benchmark.tsdb.DBWrapper] DataClientService-thread-1 insert one batch latency (device: d_7, sg: g_0) ,4.70, ms, throughput ,10634.47398701318, points/s
2026/06/17 11:50:24 INFO  [benchmark.tsdb.DBWrapper] DataClientService-thread-1 insert one batch latency (device: d_8, sg: g_0) ,3.88, ms, throughput ,12900.479252804242, points/s
2026/06/17 11:50:24 INFO  [benchmark.tsdb.DBWrapper] DataClientService-thread-1 insert one batch latency (device: d_9, sg: g_0) ,2.56, ms, throughput ,19496.734686874643, points/s
2026/06/17 11:50:24 INFO  [benchmark.tsdb.DBWrapper] DataClientService-thread-1 insert one batch latency (device: d_10, sg: g_0) ,4.29, ms, throughput ,11667.996040348864, points/s
2026/06/17 11:50:24 INFO  [benchmark.tsdb.DBWrapper] DataClientService-thread-1 insert one batch latency (device: d_11, sg: g_0) ,3.16, ms, throughput ,15820.381714169998, points/s
2026/06/17 11:50:24 INFO  [benchmark.tsdb.DBWrapper] DataClientService-thread-1 insert one batch latency (device: d_12, sg: g_0) ,3.05, ms, throughput ,16411.50604123949, points/s
2026/06/17 11:50:24 INFO  [benchmark.tsdb.DBWrapper] DataClientService-thread-1 insert one batch latency (device: d_13, sg: g_0) ,2.72, ms, throughput ,18363.469623332185, points/s
2026/06/17 11:50:24 INFO  [benchmark.tsdb.DBWrapper] DataClientService-thread-1 insert one batch latency (device: d_14, sg: g_0) ,3.16, ms, throughput ,15822.894969521938, points/s
2026/06/17 11:50:24 INFO  [benchmark.tsdb.DBWrapper] DataClientService-thread-1 insert one batch latency (device: d_15, sg: g_0) ,2.89, ms, throughput ,17318.614358447518, points/s
2026/06/17 11:50:24 INFO  [benchmark.tsdb.DBWrapper] DataClientService-thread-1 insert one batch latency (device: d_16, sg: g_0) ,3.10, ms, throughput ,16120.134983562299, points/s
2026/06/17 11:50:24 INFO  [benchmark.tsdb.DBWrapper] DataClientService-thread-1 insert one batch latency (device: d_17, sg: g_0) ,4.43, ms, throughput ,11277.674850198644, points/s
2026/06/17 11:50:24 INFO  [benchmark.tsdb.DBWrapper] DataClientService-thread-1 insert one batch latency (device: d_18, sg: g_0) ,3.75, ms, throughput ,13331.168351593034, points/s
2026/06/17 11:50:24 INFO  [benchmark.tsdb.DBWrapper] DataClientService-thread-1 insert one batch latency (device: d_19, sg: g_0) ,4.06, ms, throughput ,12304.000350417931, points/s
2026/06/17 11:50:24 INFO  [benchmark.tsdb.DBWrapper] DataClientService-thread-1 insert one batch latency (device: d_0, sg: g_0) ,4.97, ms, throughput ,10057.87907090141, points/s
2026/06/17 11:50:25 INFO  [benchmark.tsdb.DBWrapper] DataClientService-thread-1 insert one batch latency (device: d_1, sg: g_0) ,3.81, ms, throughput ,13110.806241163316, points/s
2026/06/17 11:50:25 INFO  [benchmark.tsdb.DBWrapper] DataClientService-thread-1 insert one batch latency (device: d_2, sg: g_0) ,4.66, ms, throughput ,10727.507367115684, points/s
2026/06/17 11:50:25 INFO  [benchmark.tsdb.DBWrapper] DataClientService-thread-1 insert one batch latency (device: d_3, sg: g_0) ,5.08, ms, throughput ,9842.637874194945, points/s
2026/06/17 11:50:25 INFO  [benchmark.tsdb.DBWrapper] DataClientService-thread-1 insert one batch latency (device: d_4, sg: g_0) ,3.87, ms, throughput ,12911.482491255052, points/s
2026/06/17 11:50:25 INFO  [benchmark.tsdb.DBWrapper] DataClientService-thread-1 insert one batch latency (device: d_5, sg: g_0) ,3.41, ms, throughput ,14649.052645765398, points/s
2026/06/17 11:50:25 INFO  [benchmark.tsdb.DBWrapper] DataClientService-thread-1 insert one batch latency (device: d_6, sg: g_0) ,3.51, ms, throughput ,14240.332380750033, points/s
2026/06/17 11:50:25 INFO  [benchmark.tsdb.DBWrapper] DataClientService-thread-1 insert one batch latency (device: d_7, sg: g_0) ,2.61, ms, throughput ,19143.518961655533, points/s
2026/06/17 11:50:25 INFO  [benchmark.tsdb.DBWrapper] DataClientService-thread-1 insert one batch latency (device: d_8, sg: g_0) ,2.56, ms, throughput ,19529.29707029297, points/s
2026/06/17 11:50:25 INFO  [benchmark.tsdb.DBWrapper] DataClientService-thread-1 insert one batch latency (device: d_9, sg: g_0) ,3.14, ms, throughput ,15941.43245248417, points/s
2026/06/17 11:50:25 INFO  [benchmark.tsdb.DBWrapper] DataClientService-thread-1 insert one batch latency (device: d_10, sg: g_0) ,3.16, ms, throughput ,15838.36254138564, points/s
2026/06/17 11:50:25 INFO  [benchmark.tsdb.DBWrapper] DataClientService-thread-1 insert one batch latency (device: d_11, sg: g_0) ,8.28, ms, throughput ,6041.106832262265, points/s
2026/06/17 11:50:25 INFO  [benchmark.tsdb.DBWrapper] DataClientService-thread-1 insert one batch latency (device: d_12, sg: g_0) ,2.40, ms, throughput ,20846.457915796153, points/s
2026/06/17 11:50:25 INFO  [benchmark.tsdb.DBWrapper] DataClientService-thread-1 insert one batch latency (device: d_13, sg: g_0) ,1.95, ms, throughput ,25600.38011444394, points/s
2026/06/17 11:50:25 INFO  [benchmark.tsdb.DBWrapper] DataClientService-thread-1 insert one batch latency (device: d_14, sg: g_0) ,1.64, ms, throughput ,30562.029612161732, points/s
2026/06/17 11:50:25 INFO  [benchmark.tsdb.DBWrapper] DataClientService-thread-1 insert one batch latency (device: d_15, sg: g_0) ,2.10, ms, throughput ,23811.111216938272, points/s
2026/06/17 11:50:25 INFO  [benchmark.tsdb.DBWrapper] DataClientService-thread-1 insert one batch latency (device: d_16, sg: g_0) ,1.42, ms, throughput ,35105.33355332675, points/s
2026/06/17 11:50:25 INFO  [benchmark.tsdb.DBWrapper] DataClientService-thread-1 insert one batch latency (device: d_17, sg: g_0) ,1.20, ms, throughput ,41519.445632361916, points/s
2026/06/17 11:50:25 INFO  [benchmark.tsdb.DBWrapper] DataClientService-thread-1 insert one batch latency (device: d_18, sg: g_0) ,1.13, ms, throughput ,44300.713241483194, points/s
2026/06/17 11:50:25 INFO  [benchmark.tsdb.DBWrapper] DataClientService-thread-1 insert one batch latency (device: d_19, sg: g_0) ,1.18, ms, throughput ,42499.732251686815, points/s
2026/06/17 11:50:25 INFO  [benchmark.tsdb.DBWrapper] DataClientService-thread-1 insert one batch latency (device: d_0, sg: g_0) ,1.26, ms, throughput ,39646.260207920845, points/s
2026/06/17 11:50:25 INFO  [benchmark.tsdb.DBWrapper] DataClientService-thread-1 insert one batch latency (device: d_1, sg: g_0) ,7.52, ms, throughput ,6645.300695869308, points/s
2026/06/17 11:50:25 INFO  [benchmark.tsdb.DBWrapper] DataClientService-thread-1 insert one batch latency (device: d_2, sg: g_0) ,1.35, ms, throughput ,37082.30491741029, points/s
2026/06/17 11:50:25 INFO  [benchmark.tsdb.DBWrapper] DataClientService-thread-1 insert one batch latency (device: d_3, sg: g_0) ,6.11, ms, throughput ,8180.49844431461, points/s
2026/06/17 11:50:25 INFO  [benchmark.tsdb.DBWrapper] DataClientService-thread-1 insert one batch latency (device: d_4, sg: g_0) ,1.32, ms, throughput ,37785.926102820034, points/s
2026/06/17 11:50:25 INFO  [benchmark.tsdb.DBWrapper] DataClientService-thread-1 insert one batch latency (device: d_5, sg: g_0) ,1.36, ms, throughput ,36789.75537755855, points/s
2026/06/17 11:50:25 INFO  [benchmark.tsdb.DBWrapper] DataClientService-thread-1 insert one batch latency (device: d_6, sg: g_0) ,1.23, ms, throughput ,40791.05272733058, points/s
2026/06/17 11:50:25 INFO  [benchmark.tsdb.DBWrapper] DataClientService-thread-1 insert one batch latency (device: d_7, sg: g_0) ,1.24, ms, throughput ,40403.22417728935, points/s
2026/06/17 11:50:25 INFO  [benchmark.tsdb.DBWrapper] DataClientService-thread-1 insert one batch latency (device: d_8, sg: g_0) ,1.31, ms, throughput ,38162.083527641946, points/s
2026/06/17 11:50:25 INFO  [benchmark.tsdb.DBWrapper] DataClientService-thread-1 insert one batch latency (device: d_9, sg: g_0) ,8.49, ms, throughput ,5891.147384607445, points/s
2026/06/17 11:50:25 INFO  [benchmark.tsdb.DBWrapper] DataClientService-thread-1 insert one batch latency (device: d_10, sg: g_0) ,1.05, ms, throughput ,47493.61923225615, points/s
2026/06/17 11:50:25 INFO  [benchmark.tsdb.DBWrapper] DataClientService-thread-1 insert one batch latency (device: d_11, sg: g_0) ,1.00, ms, throughput ,49971.46629274684, points/s
2026/06/17 11:50:25 INFO  [benchmark.tsdb.DBWrapper] DataClientService-thread-1 insert one batch latency (device: d_12, sg: g_0) ,1.01, ms, throughput ,49491.42610534151, points/s
2026/06/17 11:50:25 INFO  [benchmark.tsdb.DBWrapper] DataClientService-thread-1 insert one batch latency (device: d_13, sg: g_0) ,1.00, ms, throughput ,50114.4614299059, points/s
2026/06/17 11:50:25 INFO  [benchmark.tsdb.DBWrapper] DataClientService-thread-1 insert one batch latency (device: d_14, sg: g_0) ,4.53, ms, throughput ,11043.583280545005, points/s
2026/06/17 11:50:25 INFO  [benchmark.tsdb.DBWrapper] DataClientService-thread-1 insert one batch latency (device: d_15, sg: g_0) ,1.64, ms, throughput ,30396.042192138244, points/s
2026/06/17 11:50:25 INFO  [benchmark.tsdb.DBWrapper] DataClientService-thread-1 insert one batch latency (device: d_16, sg: g_0) ,1.63, ms, throughput ,30702.32803472556, points/s
2026/06/17 11:50:25 INFO  [benchmark.tsdb.DBWrapper] DataClientService-thread-1 insert one batch latency (device: d_17, sg: g_0) ,1.78, ms, throughput ,28053.858920509952, points/s
2026/06/17 11:50:25 INFO  [benchmark.tsdb.DBWrapper] DataClientService-thread-1 insert one batch latency (device: d_18, sg: g_0) ,1.96, ms, throughput ,25560.05923799329, points/s
2026/06/17 11:50:25 INFO  [benchmark.tsdb.DBWrapper] DataClientService-thread-1 insert one batch latency (device: d_19, sg: g_0) ,1.99, ms, throughput ,25157.460545554626, points/s
2026/06/17 11:50:25 INFO  [benchmark.tsdb.DBWrapper] DataClientService-thread-1 insert one batch latency (device: d_0, sg: g_0) ,1.79, ms, throughput ,27931.587720827134, points/s
2026/06/17 11:50:25 INFO  [benchmark.tsdb.DBWrapper] DataClientService-thread-1 insert one batch latency (device: d_1, sg: g_0) ,2.14, ms, throughput ,23365.654264021614, points/s
2026/06/17 11:50:25 INFO  [benchmark.tsdb.DBWrapper] DataClientService-thread-1 insert one batch latency (device: d_2, sg: g_0) ,2.70, ms, throughput ,18493.31281808498, points/s
2026/06/17 11:50:25 INFO  [benchmark.tsdb.DBWrapper] DataClientService-thread-1 insert one batch latency (device: d_3, sg: g_0) ,1.74, ms, throughput ,28746.899646873087, points/s
2026/06/17 11:50:25 INFO  [benchmark.tsdb.DBWrapper] DataClientService-thread-1 insert one batch latency (device: d_4, sg: g_0) ,1.44, ms, throughput ,34801.952528744674, points/s
2026/06/17 11:50:25 INFO  [benchmark.tsdb.DBWrapper] DataClientService-thread-1 insert one batch latency (device: d_5, sg: g_0) ,1.80, ms, throughput ,27720.073824100607, points/s
2026/06/17 11:50:25 INFO  [benchmark.tsdb.DBWrapper] DataClientService-thread-1 insert one batch latency (device: d_6, sg: g_0) ,6.39, ms, throughput ,7823.34388806735, points/s
2026/06/17 11:50:25 INFO  [benchmark.tsdb.DBWrapper] DataClientService-thread-1 insert one batch latency (device: d_7, sg: g_0) ,1.23, ms, throughput ,40697.32423232637, points/s
2026/06/17 11:50:25 INFO  [benchmark.tsdb.DBWrapper] DataClientService-thread-1 insert one batch latency (device: d_8, sg: g_0) ,1.13, ms, throughput ,44244.53779058706, points/s
2026/06/17 11:50:25 INFO  [benchmark.tsdb.DBWrapper] DataClientService-thread-1 insert one batch latency (device: d_9, sg: g_0) ,1.10, ms, throughput ,45401.879274586936, points/s
2026/06/17 11:50:25 INFO  [benchmark.tsdb.DBWrapper] DataClientService-thread-1 insert one batch latency (device: d_10, sg: g_0) ,1.02, ms, throughput ,48982.246874442826, points/s
2026/06/17 11:50:25 INFO  [benchmark.tsdb.DBWrapper] DataClientService-thread-1 insert one batch latency (device: d_11, sg: g_0) ,1.14, ms, throughput ,43939.24081779715, points/s
2026/06/17 11:50:25 INFO  [benchmark.tsdb.DBWrapper] DataClientService-thread-1 insert one batch latency (device: d_12, sg: g_0) ,1.61, ms, throughput ,31066.12735869572, points/s
2026/06/17 11:50:25 INFO  [benchmark.tsdb.DBWrapper] DataClientService-thread-1 insert one batch latency (device: d_13, sg: g_0) ,21.84, ms, throughput ,2289.557183155966, points/s
2026/06/17 11:50:25 INFO  [benchmark.tsdb.DBWrapper] DataClientService-thread-1 insert one batch latency (device: d_14, sg: g_0) ,2.93, ms, throughput ,17049.926276118782, points/s
2026/06/17 11:50:25 INFO  [benchmark.tsdb.DBWrapper] DataClientService-thread-1 insert one batch latency (device: d_15, sg: g_0) ,1.82, ms, throughput ,27524.733725725935, points/s
2026/06/17 11:50:25 INFO  [benchmark.tsdb.DBWrapper] DataClientService-thread-1 insert one batch latency (device: d_16, sg: g_0) ,1.85, ms, throughput ,27026.26736978204, points/s
2026/06/17 11:50:25 INFO  [benchmark.tsdb.DBWrapper] DataClientService-thread-1 insert one batch latency (device: d_17, sg: g_0) ,7.08, ms, throughput ,7058.934479252521, points/s
2026/06/17 11:50:25 INFO  [benchmark.tsdb.DBWrapper] DataClientService-thread-1 insert one batch latency (device: d_18, sg: g_0) ,2.70, ms, throughput ,18494.222589805173, points/s
2026/06/17 11:50:25 INFO  [benchmark.tsdb.DBWrapper] DataClientService-thread-1 insert one batch latency (device: d_19, sg: g_0) ,3.14, ms, throughput ,15946.577689015583, points/s
2026/06/17 11:50:25 INFO  [benchmark.tsdb.DBWrapper] DataClientService-thread-1 insert one batch latency (device: d_0, sg: g_0) ,2.97, ms, throughput ,16840.023481728746, points/s
2026/06/17 11:50:25 INFO  [benchmark.tsdb.DBWrapper] DataClientService-thread-1 insert one batch latency (device: d_1, sg: g_0) ,3.68, ms, throughput ,13573.976406800128, points/s
2026/06/17 11:50:25 INFO  [benchmark.tsdb.DBWrapper] DataClientService-thread-1 insert one batch latency (device: d_2, sg: g_0) ,2.62, ms, throughput ,19091.715455545513, points/s
2026/06/17 11:50:25 INFO  [benchmark.tsdb.DBWrapper] DataClientService-thread-1 insert one batch latency (device: d_3, sg: g_0) ,2.08, ms, throughput ,24075.384845026747, points/s
2026/06/17 11:50:25 INFO  [benchmark.tsdb.DBWrapper] DataClientService-thread-1 insert one batch latency (device: d_4, sg: g_0) ,2.22, ms, throughput ,22545.911366611403, points/s
2026/06/17 11:50:25 INFO  [benchmark.tsdb.DBWrapper] DataClientService-thread-1 insert one batch latency (device: d_5, sg: g_0) ,2.63, ms, throughput ,18978.875752132848, points/s
2026/06/17 11:50:25 INFO  [benchmark.tsdb.DBWrapper] DataClientService-thread-1 insert one batch latency (device: d_6, sg: g_0) ,2.27, ms, throughput ,21984.670528933584, points/s
2026/06/17 11:50:25 INFO  [benchmark.tsdb.DBWrapper] DataClientService-thread-1 insert one batch latency (device: d_7, sg: g_0) ,1.89, ms, throughput ,26461.690880877937, points/s
2026/06/17 11:50:25 INFO  [benchmark.tsdb.DBWrapper] DataClientService-thread-1 insert one batch latency (device: d_8, sg: g_0) ,6.44, ms, throughput ,7759.773551184319, points/s
2026/06/17 11:50:25 INFO  [benchmark.tsdb.DBWrapper] DataClientService-thread-1 insert one batch latency (device: d_9, sg: g_0) ,1.17, ms, throughput ,42670.52635801084, points/s
2026/06/17 11:50:25 INFO  [benchmark.tsdb.DBWrapper] DataClientService-thread-1 insert one batch latency (device: d_10, sg: g_0) ,1.01, ms, throughput ,49377.35159636978, points/s
2026/06/17 11:50:25 INFO  [benchmark.tsdb.DBWrapper] DataClientService-thread-1 insert one batch latency (device: d_11, sg: g_0) ,10.60, ms, throughput ,4715.909819731517, points/s
2026/06/17 11:50:25 INFO  [benchmark.tsdb.DBWrapper] DataClientService-thread-1 insert one batch latency (device: d_12, sg: g_0) ,1.16, ms, throughput ,43250.64962475736, points/s
2026/06/17 11:50:25 INFO  [benchmark.tsdb.DBWrapper] DataClientService-thread-1 insert one batch latency (device: d_13, sg: g_0) ,1.26, ms, throughput ,39787.09131694477, points/s
2026/06/17 11:50:25 INFO  [benchmark.tsdb.DBWrapper] DataClientService-thread-1 insert one batch latency (device: d_14, sg: g_0) ,1.06, ms, throughput ,47292.951458514624, points/s
2026/06/17 11:50:25 INFO  [benchmark.tsdb.DBWrapper] DataClientService-thread-1 insert one batch latency (device: d_15, sg: g_0) ,1.05, ms, throughput ,47593.30190906253, points/s
2026/06/17 11:50:25 INFO  [benchmark.tsdb.DBWrapper] DataClientService-thread-1 insert one batch latency (device: d_16, sg: g_0) ,1.01, ms, throughput ,49386.1791789844, points/s
2026/06/17 11:50:25 INFO  [benchmark.tsdb.DBWrapper] DataClientService-thread-1 insert one batch latency (device: d_17, sg: g_0) ,1.05, ms, throughput ,47728.77835328079, points/s
2026/06/17 11:50:25 INFO  [benchmark.tsdb.DBWrapper] DataClientService-thread-1 insert one batch latency (device: d_18, sg: g_0) ,1.08, ms, throughput ,46461.01781222501, points/s
2026/06/17 11:50:25 INFO  [benchmark.tsdb.DBWrapper] DataClientService-thread-1 insert one batch latency (device: d_19, sg: g_0) ,1.03, ms, throughput ,48726.10471824618, points/s
2026/06/17 11:50:25 INFO  [benchmark.tsdb.DBWrapper] DataClientService-thread-1 insert one batch latency (device: d_0, sg: g_0) ,8.61, ms, throughput ,5805.032638215505, points/s
2026/06/17 11:50:25 INFO  [benchmark.tsdb.DBWrapper] DataClientService-thread-1 insert one batch latency (device: d_1, sg: g_0) ,1.29, ms, throughput ,38863.29524989487, points/s
2026/06/17 11:50:25 INFO  [benchmark.tsdb.DBWrapper] DataClientService-thread-1 insert one batch latency (device: d_2, sg: g_0) ,1.20, ms, throughput ,41548.21961724118, points/s
2026/06/17 11:50:25 INFO  [benchmark.tsdb.DBWrapper] DataClientService-thread-1 insert one batch latency (device: d_3, sg: g_0) ,1.18, ms, throughput ,42544.71875388221, points/s
2026/06/17 11:50:25 INFO  [benchmark.tsdb.DBWrapper] DataClientService-thread-1 insert one batch latency (device: d_4, sg: g_0) ,1.19, ms, throughput ,42041.7844887677, points/s
2026/06/17 11:50:25 INFO  [benchmark.tsdb.DBWrapper] DataClientService-thread-1 insert one batch latency (device: d_5, sg: g_0) ,1.11, ms, throughput ,45093.87643195605, points/s
2026/06/17 11:50:25 INFO  [benchmark.tsdb.DBWrapper] DataClientService-thread-1 insert one batch latency (device: d_6, sg: g_0) ,1.07, ms, throughput ,46544.6204658558, points/s
2026/06/17 11:50:25 INFO  [benchmark.tsdb.DBWrapper] DataClientService-thread-1 insert one batch latency (device: d_7, sg: g_0) ,1.50, ms, throughput ,33399.86586613868, points/s
2026/06/17 11:50:25 INFO  [benchmark.tsdb.DBWrapper] DataClientService-thread-1 insert one batch latency (device: d_8, sg: g_0) ,3.16, ms, throughput ,15842.452513040716, points/s
2026/06/17 11:50:25 INFO  [benchmark.tsdb.DBWrapper] DataClientService-thread-1 insert one batch latency (device: d_9, sg: g_0) ,1.48, ms, throughput ,33787.276657654475, points/s
2026/06/17 11:50:25 INFO  [benchmark.tsdb.DBWrapper] DataClientService-thread-1 insert one batch latency (device: d_10, sg: g_0) ,1.24, ms, throughput ,40173.356066096414, points/s
2026/06/17 11:50:25 INFO  [benchmark.tsdb.DBWrapper] DataClientService-thread-1 insert one batch latency (device: d_11, sg: g_0) ,1.13, ms, throughput ,44253.779494037684, points/s
2026/06/17 11:50:25 INFO  [benchmark.tsdb.DBWrapper] DataClientService-thread-1 insert one batch latency (device: d_12, sg: g_0) ,10.80, ms, throughput ,4630.19897261441, points/s
2026/06/17 11:50:25 INFO  [benchmark.tsdb.DBWrapper] DataClientService-thread-1 insert one batch latency (device: d_13, sg: g_0) ,1.48, ms, throughput ,33682.30446243379, points/s
2026/06/17 11:50:25 INFO  [benchmark.tsdb.DBWrapper] DataClientService-thread-1 insert one batch latency (device: d_14, sg: g_0) ,7.06, ms, throughput ,7082.328527973427, points/s
2026/06/17 11:50:25 INFO  [benchmark.tsdb.DBWrapper] DataClientService-thread-1 insert one batch latency (device: d_15, sg: g_0) ,1.40, ms, throughput ,35824.856575186706, points/s
2026/06/17 11:50:25 INFO  [benchmark.tsdb.DBWrapper] DataClientService-thread-1 insert one batch latency (device: d_16, sg: g_0) ,1.25, ms, throughput ,39999.9040002304, points/s
2026/06/17 11:50:25 INFO  [benchmark.tsdb.DBWrapper] DataClientService-thread-1 insert one batch latency (device: d_17, sg: g_0) ,7.56, ms, throughput ,6616.247333321513, points/s
2026/06/17 11:50:25 INFO  [benchmark.tsdb.DBWrapper] DataClientService-thread-1 insert one batch latency (device: d_18, sg: g_0) ,1.21, ms, throughput ,41235.03889701219, points/s
2026/06/17 11:50:25 INFO  [benchmark.tsdb.DBWrapper] DataClientService-thread-1 insert one batch latency (device: d_19, sg: g_0) ,1.21, ms, throughput ,41224.39758787805, points/s
2026/06/17 11:50:25 INFO  [benchmark.tsdb.DBWrapper] DataClientService-thread-1 insert one batch latency (device: d_0, sg: g_0) ,1.14, ms, throughput ,43884.67108439022, points/s
2026/06/17 11:50:25 INFO  [benchmark.tsdb.DBWrapper] DataClientService-thread-1 insert one batch latency (device: d_1, sg: g_0) ,1.20, ms, throughput ,41701.97433827307, points/s
2026/06/17 11:50:25 INFO  [benchmark.tsdb.DBWrapper] DataClientService-thread-1 insert one batch latency (device: d_2, sg: g_0) ,1.18, ms, throughput ,42331.0883746132, points/s
2026/06/17 11:50:25 INFO  [benchmark.tsdb.DBWrapper] DataClientService-thread-1 insert one batch latency (device: d_3, sg: g_0) ,3.21, ms, throughput ,15575.979472105133, points/s
2026/06/17 11:50:25 INFO  [benchmark.tsdb.DBWrapper] DataClientService-thread-1 insert one batch latency (device: d_4, sg: g_0) ,1.04, ms, throughput ,47939.51184153882, points/s
2026/06/17 11:50:25 INFO  [benchmark.tsdb.DBWrapper] DataClientService-thread-1 insert one batch latency (device: d_5, sg: g_0) ,0.98, ms, throughput ,50800.8241925717, points/s
2026/06/17 11:50:25 INFO  [benchmark.tsdb.DBWrapper] DataClientService-thread-1 insert one batch latency (device: d_6, sg: g_0) ,0.99, ms, throughput ,50733.76240567325, points/s
2026/06/17 11:50:25 INFO  [benchmark.tsdb.DBWrapper] DataClientService-thread-1 insert one batch latency (device: d_7, sg: g_0) ,1.21, ms, throughput ,41468.27552517498, points/s
2026/06/17 11:50:25 INFO  [benchmark.tsdb.DBWrapper] DataClientService-thread-1 insert one batch latency (device: d_8, sg: g_0) ,1.19, ms, throughput ,41976.84053753863, points/s
2026/06/17 11:50:25 INFO  [benchmark.tsdb.DBWrapper] DataClientService-thread-1 insert one batch latency (device: d_9, sg: g_0) ,1.17, ms, throughput ,42571.70565241565, points/s
2026/06/17 11:50:25 INFO  [benchmark.tsdb.DBWrapper] DataClientService-thread-1 insert one batch latency (device: d_10, sg: g_0) ,9.13, ms, throughput ,5473.456745187053, points/s
2026/06/17 11:50:25 INFO  [benchmark.tsdb.DBWrapper] DataClientService-thread-1 insert one batch latency (device: d_11, sg: g_0) ,1.34, ms, throughput ,37398.10885243155, points/s
2026/06/17 11:50:25 INFO  [benchmark.tsdb.DBWrapper] DataClientService-thread-1 insert one batch latency (device: d_12, sg: g_0) ,1.18, ms, throughput ,42241.85999357924, points/s
2026/06/17 11:50:25 INFO  [benchmark.tsdb.DBWrapper] DataClientService-thread-1 insert one batch latency (device: d_13, sg: g_0) ,1.13, ms, throughput ,44299.41799424639, points/s
2026/06/17 11:50:25 INFO  [benchmark.tsdb.DBWrapper] DataClientService-thread-1 insert one batch latency (device: d_14, sg: g_0) ,4.74, ms, throughput ,10558.110148962265, points/s
2026/06/17 11:50:25 INFO  [benchmark.tsdb.DBWrapper] DataClientService-thread-1 insert one batch latency (device: d_15, sg: g_0) ,1.24, ms, throughput ,40284.92723333594, points/s
2026/06/17 11:50:25 INFO  [benchmark.tsdb.DBWrapper] DataClientService-thread-1 insert one batch latency (device: d_16, sg: g_0) ,1.17, ms, throughput ,42558.62450525599, points/s
2026/06/17 11:50:25 INFO  [benchmark.tsdb.DBWrapper] DataClientService-thread-1 insert one batch latency (device: d_17, sg: g_0) ,9.07, ms, throughput ,5514.586467226868, points/s
2026/06/17 11:50:25 INFO  [benchmark.tsdb.DBWrapper] DataClientService-thread-1 insert one batch latency (device: d_18, sg: g_0) ,1.22, ms, throughput ,40863.42788585701, points/s
2026/06/17 11:50:25 INFO  [benchmark.tsdb.DBWrapper] DataClientService-thread-1 insert one batch latency (device: d_19, sg: g_0) ,1.19, ms, throughput ,42175.33636939521, points/s
2026/06/17 11:50:25 INFO  [benchmark.tsdb.DBWrapper] DataClientService-thread-1 insert one batch latency (device: d_0, sg: g_0) ,1.32, ms, throughput ,37814.760613657934, points/s
2026/06/17 11:50:25 INFO  [benchmark.tsdb.DBWrapper] DataClientService-thread-1 insert one batch latency (device: d_1, sg: g_0) ,1.31, ms, throughput ,38147.758475859715, points/s
2026/06/17 11:50:25 INFO  [benchmark.tsdb.DBWrapper] DataClientService-thread-1 insert one batch latency (device: d_2, sg: g_0) ,1.12, ms, throughput ,44563.35929297556, points/s
2026/06/17 11:50:25 INFO  [benchmark.tsdb.DBWrapper] DataClientService-thread-1 insert one batch latency (device: d_3, sg: g_0) ,1.06, ms, throughput ,47070.696420367676, points/s
2026/06/17 11:50:25 INFO  [benchmark.tsdb.DBWrapper] DataClientService-thread-1 insert one batch latency (device: d_4, sg: g_0) ,1.22, ms, throughput ,41108.042624107235, points/s
2026/06/17 11:50:25 INFO  [benchmark.tsdb.DBWrapper] DataClientService-thread-1 insert one batch latency (device: d_5, sg: g_0) ,1.09, ms, throughput ,45938.4443221461, points/s
2026/06/17 11:50:25 INFO  [benchmark.tsdb.DBWrapper] DataClientService-thread-1 insert one batch latency (device: d_6, sg: g_0) ,6.25, ms, throughput ,8000.858972219257, points/s
2026/06/17 11:50:25 INFO  [benchmark.tsdb.DBWrapper] DataClientService-thread-1 insert one batch latency (device: d_7, sg: g_0) ,1.12, ms, throughput ,44739.16618721194, points/s
2026/06/17 11:50:25 INFO  [benchmark.tsdb.DBWrapper] DataClientService-thread-1 insert one batch latency (device: d_8, sg: g_0) ,1.12, ms, throughput ,44487.31043957022, points/s
2026/06/17 11:50:25 INFO  [benchmark.tsdb.DBWrapper] DataClientService-thread-1 insert one batch latency (device: d_9, sg: g_0) ,1.12, ms, throughput ,44767.526710544815, points/s
2026/06/17 11:50:25 INFO  [benchmark.tsdb.DBWrapper] DataClientService-thread-1 insert one batch latency (device: d_10, sg: g_0) ,1.13, ms, throughput ,44257.774984620424, points/s
2026/06/17 11:50:25 INFO  [benchmark.tsdb.DBWrapper] DataClientService-thread-1 insert one batch latency (device: d_11, sg: g_0) ,1.17, ms, throughput ,42770.57521291193, points/s
2026/06/17 11:50:25 INFO  [benchmark.tsdb.DBWrapper] DataClientService-thread-1 insert one batch latency (device: d_12, sg: g_0) ,1.25, ms, throughput ,39854.610381328916, points/s
2026/06/17 11:50:25 INFO  [benchmark.tsdb.DBWrapper] DataClientService-thread-1 insert one batch latency (device: d_13, sg: g_0) ,1.29, ms, throughput ,38810.775734261064, points/s
2026/06/17 11:50:25 INFO  [benchmark.tsdb.DBWrapper] DataClientService-thread-1 insert one batch latency (device: d_14, sg: g_0) ,1.62, ms, throughput ,30807.83061115342, points/s
2026/06/17 11:50:25 INFO  [benchmark.tsdb.DBWrapper] DataClientService-thread-1 insert one batch latency (device: d_15, sg: g_0) ,1.57, ms, throughput ,31926.359935227803, points/s
2026/06/17 11:50:25 INFO  [benchmark.tsdb.DBWrapper] DataClientService-thread-1 insert one batch latency (device: d_16, sg: g_0) ,1.84, ms, throughput ,27164.789217534544, points/s
2026/06/17 11:50:25 INFO  [benchmark.tsdb.DBWrapper] DataClientService-thread-1 insert one batch latency (device: d_17, sg: g_0) ,4.06, ms, throughput ,12319.394595383037, points/s
2026/06/17 11:50:25 INFO  [benchmark.tsdb.DBWrapper] DataClientService-thread-1 insert one batch latency (device: d_18, sg: g_0) ,2.45, ms, throughput ,20378.261285990557, points/s
2026/06/17 11:50:25 INFO  [benchmark.tsdb.DBWrapper] DataClientService-thread-1 insert one batch latency (device: d_19, sg: g_0) ,2.56, ms, throughput ,19555.725212336067, points/s
2026/06/17 11:50:25 INFO  [benchmark.tsdb.DBWrapper] DataClientService-thread-1 insert one batch latency (device: d_0, sg: g_0) ,2.30, ms, throughput ,21703.970003377137, points/s
2026/06/17 11:50:25 INFO  [benchmark.tsdb.DBWrapper] DataClientService-thread-1 insert one batch latency (device: d_1, sg: g_0) ,1.63, ms, throughput ,30612.269887567254, points/s
2026/06/17 11:50:25 INFO  [benchmark.tsdb.DBWrapper] DataClientService-thread-1 insert one batch latency (device: d_2, sg: g_0) ,1.56, ms, throughput ,32054.960152479038, points/s
2026/06/17 11:50:25 INFO  [benchmark.tsdb.DBWrapper] DataClientService-thread-1 insert one batch latency (device: d_3, sg: g_0) ,1.41, ms, throughput ,35536.02179921721, points/s
2026/06/17 11:50:25 INFO  [benchmark.tsdb.DBWrapper] DataClientService-thread-1 insert one batch latency (device: d_4, sg: g_0) ,1.53, ms, throughput ,32653.743621091184, points/s
2026/06/17 11:50:25 INFO  [benchmark.tsdb.DBWrapper] DataClientService-thread-1 insert one batch latency (device: d_5, sg: g_0) ,1.21, ms, throughput ,41187.45067802782, points/s
2026/06/17 11:50:25 INFO  [benchmark.tsdb.DBWrapper] DataClientService-thread-1 insert one batch latency (device: d_6, sg: g_0) ,6.21, ms, throughput ,8047.230159473569, points/s
2026/06/17 11:50:25 INFO  [benchmark.tsdb.DBWrapper] DataClientService-thread-1 insert one batch latency (device: d_7, sg: g_0) ,1.41, ms, throughput ,35558.61517684366, points/s
2026/06/17 11:50:25 INFO  [benchmark.tsdb.DBWrapper] DataClientService-thread-1 insert one batch latency (device: d_8, sg: g_0) ,1.37, ms, throughput ,36423.15842689836, points/s
2026/06/17 11:50:25 INFO  [benchmark.tsdb.DBWrapper] DataClientService-thread-1 insert one batch latency (device: d_9, sg: g_0) ,6.16, ms, throughput ,8121.34722105365, points/s
2026/06/17 11:50:25 INFO  [benchmark.tsdb.DBWrapper] DataClientService-thread-1 insert one batch latency (device: d_10, sg: g_0) ,1.53, ms, throughput ,32666.757262473475, points/s
2026/06/17 11:50:25 INFO  [benchmark.tsdb.DBWrapper] DataClientService-thread-1 insert one batch latency (device: d_11, sg: g_0) ,1.37, ms, throughput ,36445.06125685896, points/s
2026/06/17 11:50:25 INFO  [benchmark.tsdb.DBWrapper] DataClientService-thread-1 insert one batch latency (device: d_12, sg: g_0) ,1.36, ms, throughput ,36759.5703541417, points/s
2026/06/17 11:50:25 INFO  [benchmark.tsdb.DBWrapper] DataClientService-thread-1 insert one batch latency (device: d_13, sg: g_0) ,1.78, ms, throughput ,28033.395623538407, points/s
2026/06/17 11:50:25 INFO  [benchmark.tsdb.DBWrapper] DataClientService-thread-1 insert one batch latency (device: d_14, sg: g_0) ,1.49, ms, throughput ,33502.745549997824, points/s
2026/06/17 11:50:25 INFO  [benchmark.tsdb.DBWrapper] DataClientService-thread-1 insert one batch latency (device: d_15, sg: g_0) ,1.32, ms, throughput ,37785.868991857904, points/s
2026/06/17 11:50:25 INFO  [benchmark.tsdb.DBWrapper] DataClientService-thread-1 insert one batch latency (device: d_16, sg: g_0) ,1.27, ms, throughput ,39354.708712187996, points/s
2026/06/17 11:50:25 INFO  [benchmark.tsdb.DBWrapper] DataClientService-thread-1 insert one batch latency (device: d_17, sg: g_0) ,1.53, ms, throughput ,32616.40305002508, points/s
2026/06/17 11:50:25 INFO  [benchmark.tsdb.DBWrapper] DataClientService-thread-1 insert one batch latency (device: d_18, sg: g_0) ,1.62, ms, throughput ,30771.25693814916, points/s
2026/06/17 11:50:25 INFO  [benchmark.tsdb.DBWrapper] DataClientService-thread-1 insert one batch latency (device: d_19, sg: g_0) ,1.40, ms, throughput ,35818.67155710929, points/s
2026/06/17 11:50:25 INFO  [benchmark.mode.BaseMode] DataClientService-thread-1 40.00% workload is done.
2026/06/17 11:50:25 INFO  [benchmark.tsdb.DBWrapper] DataClientService-thread-1 insert one batch latency (device: d_0, sg: g_0) ,11.07, ms, throughput ,4516.060329869304, points/s
2026/06/17 11:50:25 INFO  [benchmark.tsdb.DBWrapper] DataClientService-thread-1 insert one batch latency (device: d_1, sg: g_0) ,2.86, ms, throughput ,17478.52675595397, points/s
2026/06/17 11:50:25 INFO  [benchmark.tsdb.DBWrapper] DataClientService-thread-1 insert one batch latency (device: d_2, sg: g_0) ,2.65, ms, throughput ,18873.814582890587, points/s
2026/06/17 11:50:25 INFO  [benchmark.tsdb.DBWrapper] DataClientService-thread-1 insert one batch latency (device: d_3, sg: g_0) ,2.05, ms, throughput ,24438.58461493344, points/s
2026/06/17 11:50:25 INFO  [benchmark.tsdb.DBWrapper] DataClientService-thread-1 insert one batch latency (device: d_4, sg: g_0) ,1.70, ms, throughput ,29379.637208487893, points/s
2026/06/17 11:50:25 INFO  [benchmark.tsdb.DBWrapper] DataClientService-thread-1 insert one batch latency (device: d_5, sg: g_0) ,1.59, ms, throughput ,31381.055131492896, points/s
2026/06/17 11:50:25 INFO  [benchmark.tsdb.DBWrapper] DataClientService-thread-1 insert one batch latency (device: d_6, sg: g_0) ,1.67, ms, throughput ,29993.389456963687, points/s
2026/06/17 11:50:25 INFO  [benchmark.tsdb.DBWrapper] DataClientService-thread-1 insert one batch latency (device: d_7, sg: g_0) ,1.95, ms, throughput ,25646.523203435405, points/s
2026/06/17 11:50:25 INFO  [benchmark.tsdb.DBWrapper] DataClientService-thread-1 insert one batch latency (device: d_8, sg: g_0) ,2.06, ms, throughput ,24281.934629146872, points/s
2026/06/17 11:50:25 INFO  [benchmark.tsdb.DBWrapper] DataClientService-thread-1 insert one batch latency (device: d_9, sg: g_0) ,2.17, ms, throughput ,23006.202011938378, points/s
2026/06/17 11:50:25 INFO  [benchmark.tsdb.DBWrapper] DataClientService-thread-1 insert one batch latency (device: d_10, sg: g_0) ,2.13, ms, throughput ,23441.723172940376, points/s
2026/06/17 11:50:25 INFO  [benchmark.tsdb.DBWrapper] DataClientService-thread-1 insert one batch latency (device: d_11, sg: g_0) ,1.71, ms, throughput ,29216.97342540965, points/s
2026/06/17 11:50:25 INFO  [benchmark.tsdb.DBWrapper] DataClientService-thread-1 insert one batch latency (device: d_12, sg: g_0) ,1.73, ms, throughput ,28954.840293787394, points/s
2026/06/17 11:50:25 INFO  [benchmark.tsdb.DBWrapper] DataClientService-thread-1 insert one batch latency (device: d_13, sg: g_0) ,1.44, ms, throughput ,34820.22665181932, points/s
2026/06/17 11:50:25 INFO  [benchmark.tsdb.DBWrapper] DataClientService-thread-1 insert one batch latency (device: d_14, sg: g_0) ,1.38, ms, throughput ,36246.88186198782, points/s
2026/06/17 11:50:25 INFO  [benchmark.tsdb.DBWrapper] DataClientService-thread-1 insert one batch latency (device: d_15, sg: g_0) ,1.21, ms, throughput ,41411.708580837316, points/s
2026/06/17 11:50:25 INFO  [benchmark.tsdb.DBWrapper] DataClientService-thread-1 insert one batch latency (device: d_16, sg: g_0) ,7.65, ms, throughput ,6536.738102319561, points/s
2026/06/17 11:50:25 INFO  [benchmark.tsdb.DBWrapper] DataClientService-thread-1 insert one batch latency (device: d_17, sg: g_0) ,1.19, ms, throughput ,42124.454172385056, points/s
2026/06/17 11:50:25 INFO  [benchmark.tsdb.DBWrapper] DataClientService-thread-1 insert one batch latency (device: d_18, sg: g_0) ,1.16, ms, throughput ,43268.68991060689, points/s
2026/06/17 11:50:25 INFO  [benchmark.tsdb.DBWrapper] DataClientService-thread-1 insert one batch latency (device: d_19, sg: g_0) ,1.27, ms, throughput ,39388.19110520113, points/s
2026/06/17 11:50:25 INFO  [benchmark.tsdb.DBWrapper] DataClientService-thread-1 insert one batch latency (device: d_0, sg: g_0) ,1.59, ms, throughput ,31401.453133645216, points/s
2026/06/17 11:50:25 INFO  [benchmark.tsdb.DBWrapper] DataClientService-thread-1 insert one batch latency (device: d_1, sg: g_0) ,1.82, ms, throughput ,27498.8024271543, points/s
2026/06/17 11:50:25 INFO  [benchmark.tsdb.DBWrapper] DataClientService-thread-1 insert one batch latency (device: d_2, sg: g_0) ,1.81, ms, throughput ,27637.91457562811, points/s
2026/06/17 11:50:25 INFO  [benchmark.tsdb.DBWrapper] DataClientService-thread-1 insert one batch latency (device: d_3, sg: g_0) ,1.91, ms, throughput ,26156.29116346322, points/s
2026/06/17 11:50:25 INFO  [benchmark.tsdb.DBWrapper] DataClientService-thread-1 insert one batch latency (device: d_4, sg: g_0) ,2.15, ms, throughput ,23292.26906297531, points/s
2026/06/17 11:50:25 INFO  [benchmark.tsdb.DBWrapper] DataClientService-thread-1 insert one batch latency (device: d_5, sg: g_0) ,2.28, ms, throughput ,21943.404448981364, points/s
2026/06/17 11:50:25 INFO  [benchmark.tsdb.DBWrapper] DataClientService-thread-1 insert one batch latency (device: d_6, sg: g_0) ,2.06, ms, throughput ,24223.84382015831, points/s
2026/06/17 11:50:25 INFO  [benchmark.tsdb.DBWrapper] DataClientService-thread-1 insert one batch latency (device: d_7, sg: g_0) ,1.98, ms, throughput ,25300.49396684421, points/s
2026/06/17 11:50:25 INFO  [benchmark.tsdb.DBWrapper] DataClientService-thread-1 insert one batch latency (device: d_8, sg: g_0) ,1.56, ms, throughput ,31988.105542834954, points/s
2026/06/17 11:50:25 INFO  [benchmark.tsdb.DBWrapper] DataClientService-thread-1 insert one batch latency (device: d_9, sg: g_0) ,1.37, ms, throughput ,36481.065597333676, points/s
2026/06/17 11:50:25 INFO  [benchmark.tsdb.DBWrapper] DataClientService-thread-1 insert one batch latency (device: d_10, sg: g_0) ,1.28, ms, throughput ,38933.744888972644, points/s
2026/06/17 11:50:25 INFO  [benchmark.tsdb.DBWrapper] DataClientService-thread-1 insert one batch latency (device: d_11, sg: g_0) ,1.44, ms, throughput ,34717.83427372373, points/s
2026/06/17 11:50:25 INFO  [benchmark.tsdb.DBWrapper] DataClientService-thread-1 insert one batch latency (device: d_12, sg: g_0) ,1.10, ms, throughput ,45297.36360284359, points/s
2026/06/17 11:50:25 INFO  [benchmark.tsdb.DBWrapper] DataClientService-thread-1 insert one batch latency (device: d_13, sg: g_0) ,1.47, ms, throughput ,33950.416096299676, points/s
2026/06/17 11:50:25 INFO  [benchmark.tsdb.DBWrapper] DataClientService-thread-1 insert one batch latency (device: d_14, sg: g_0) ,1.40, ms, throughput ,35603.86287670667, points/s
2026/06/17 11:50:25 INFO  [benchmark.tsdb.DBWrapper] DataClientService-thread-1 insert one batch latency (device: d_15, sg: g_0) ,5.00, ms, throughput ,10003.555263540662, points/s
2026/06/17 11:50:25 INFO  [benchmark.tsdb.DBWrapper] DataClientService-thread-1 insert one batch latency (device: d_16, sg: g_0) ,1.91, ms, throughput ,26165.85910103528, points/s
2026/06/17 11:50:25 INFO  [benchmark.tsdb.DBWrapper] DataClientService-thread-1 insert one batch latency (device: d_17, sg: g_0) ,2.01, ms, throughput ,24867.53066415206, points/s
2026/06/17 11:50:25 INFO  [benchmark.tsdb.DBWrapper] DataClientService-thread-1 insert one batch latency (device: d_18, sg: g_0) ,2.08, ms, throughput ,24034.486604138543, points/s
2026/06/17 11:50:25 INFO  [benchmark.tsdb.DBWrapper] DataClientService-thread-1 insert one batch latency (device: d_19, sg: g_0) ,2.38, ms, throughput ,20970.128471395066, points/s
2026/06/17 11:50:25 INFO  [benchmark.tsdb.DBWrapper] DataClientService-thread-1 insert one batch latency (device: d_0, sg: g_0) ,1.75, ms, throughput ,28629.554747438655, points/s
2026/06/17 11:50:25 INFO  [benchmark.tsdb.DBWrapper] DataClientService-thread-1 insert one batch latency (device: d_1, sg: g_0) ,1.76, ms, throughput ,28427.310230647825, points/s
2026/06/17 11:50:25 INFO  [benchmark.tsdb.DBWrapper] DataClientService-thread-1 insert one batch latency (device: d_2, sg: g_0) ,1.48, ms, throughput ,33676.38342583113, points/s
2026/06/17 11:50:25 INFO  [benchmark.tsdb.DBWrapper] DataClientService-thread-1 insert one batch latency (device: d_3, sg: g_0) ,22.48, ms, throughput ,2223.7422736074705, points/s
2026/06/17 11:50:25 INFO  [benchmark.tsdb.DBWrapper] DataClientService-thread-1 insert one batch latency (device: d_4, sg: g_0) ,19.47, ms, throughput ,2568.5272804309866, points/s
2026/06/17 11:50:25 INFO  [benchmark.tsdb.DBWrapper] DataClientService-thread-1 insert one batch latency (device: d_5, sg: g_0) ,17.72, ms, throughput ,2821.9999276439216, points/s
2026/06/17 11:50:25 INFO  [benchmark.tsdb.DBWrapper] DataClientService-thread-1 insert one batch latency (device: d_6, sg: g_0) ,1.67, ms, throughput ,30007.4838664763, points/s
2026/06/17 11:50:25 INFO  [benchmark.tsdb.DBWrapper] DataClientService-thread-1 insert one batch latency (device: d_7, sg: g_0) ,14.87, ms, throughput ,3363.1994412245917, points/s
2026/06/17 11:50:25 INFO  [benchmark.tsdb.DBWrapper] DataClientService-thread-1 insert one batch latency (device: d_8, sg: g_0) ,12.86, ms, throughput ,3888.8658581610844, points/s
2026/06/17 11:50:25 INFO  [benchmark.tsdb.DBWrapper] DataClientService-thread-1 insert one batch latency (device: d_9, sg: g_0) ,1.56, ms, throughput ,32061.66098640906, points/s
2026/06/17 11:50:25 INFO  [benchmark.tsdb.DBWrapper] DataClientService-thread-1 insert one batch latency (device: d_10, sg: g_0) ,1.51, ms, throughput ,33106.92610136811, points/s
2026/06/17 11:50:25 INFO  [benchmark.tsdb.DBWrapper] DataClientService-thread-1 insert one batch latency (device: d_11, sg: g_0) ,1.58, ms, throughput ,31680.377934236607, points/s
2026/06/17 11:50:25 INFO  [benchmark.tsdb.DBWrapper] DataClientService-thread-1 insert one batch latency (device: d_12, sg: g_0) ,1.56, ms, throughput ,32085.053626958634, points/s
2026/06/17 11:50:25 INFO  [benchmark.tsdb.DBWrapper] DataClientService-thread-1 insert one batch latency (device: d_13, sg: g_0) ,2.08, ms, throughput ,24014.654702885888, points/s
2026/06/17 11:50:25 INFO  [benchmark.tsdb.DBWrapper] DataClientService-thread-1 insert one batch latency (device: d_14, sg: g_0) ,2.12, ms, throughput ,23615.92941671016, points/s
2026/06/17 11:50:25 INFO  [benchmark.tsdb.DBWrapper] DataClientService-thread-1 insert one batch latency (device: d_15, sg: g_0) ,1.77, ms, throughput ,28222.46982735751, points/s
2026/06/17 11:50:25 INFO  [benchmark.tsdb.DBWrapper] DataClientService-thread-1 insert one batch latency (device: d_16, sg: g_0) ,1.95, ms, throughput ,25681.549809622673, points/s
2026/06/17 11:50:25 INFO  [benchmark.tsdb.DBWrapper] DataClientService-thread-1 insert one batch latency (device: d_17, sg: g_0) ,2.05, ms, throughput ,24411.11838562439, points/s
2026/06/17 11:50:25 INFO  [benchmark.tsdb.DBWrapper] DataClientService-thread-1 insert one batch latency (device: d_18, sg: g_0) ,42.84, ms, throughput ,1167.067593287214, points/s
2026/06/17 11:50:25 INFO  [benchmark.tsdb.DBWrapper] DataClientService-thread-1 insert one batch latency (device: d_19, sg: g_0) ,4.39, ms, throughput ,11391.117434446967, points/s
2026/06/17 11:50:25 INFO  [benchmark.tsdb.DBWrapper] DataClientService-thread-1 insert one batch latency (device: d_0, sg: g_0) ,4.67, ms, throughput ,10707.58735356839, points/s
2026/06/17 11:50:25 INFO  [benchmark.tsdb.DBWrapper] DataClientService-thread-1 insert one batch latency (device: d_1, sg: g_0) ,4.33, ms, throughput ,11554.100457819677, points/s
2026/06/17 11:50:25 INFO  [benchmark.tsdb.DBWrapper] DataClientService-thread-1 insert one batch latency (device: d_2, sg: g_0) ,3.24, ms, throughput ,15453.0605559084, points/s
2026/06/17 11:50:25 INFO  [benchmark.tsdb.DBWrapper] DataClientService-thread-1 insert one batch latency (device: d_3, sg: g_0) ,2.63, ms, throughput ,18981.57761965702, points/s
2026/06/17 11:50:25 INFO  [benchmark.tsdb.DBWrapper] DataClientService-thread-1 insert one batch latency (device: d_4, sg: g_0) ,1.76, ms, throughput ,28452.54570616942, points/s
2026/06/17 11:50:25 INFO  [benchmark.tsdb.DBWrapper] DataClientService-thread-1 insert one batch latency (device: d_5, sg: g_0) ,1.66, ms, throughput ,30150.305301991488, points/s
2026/06/17 11:50:25 INFO  [benchmark.tsdb.DBWrapper] DataClientService-thread-1 insert one batch latency (device: d_6, sg: g_0) ,1.38, ms, throughput ,36153.6820717506, points/s
2026/06/17 11:50:25 INFO  [benchmark.tsdb.DBWrapper] DataClientService-thread-1 insert one batch latency (device: d_7, sg: g_0) ,1.17, ms, throughput ,42627.34493024461, points/s
2026/06/17 11:50:25 INFO  [benchmark.tsdb.DBWrapper] DataClientService-thread-1 insert one batch latency (device: d_8, sg: g_0) ,1.24, ms, throughput ,40313.18507218882, points/s
2026/06/17 11:50:25 INFO  [benchmark.tsdb.DBWrapper] DataClientService-thread-1 insert one batch latency (device: d_9, sg: g_0) ,12.60, ms, throughput ,3969.2516365026036, points/s
2026/06/17 11:50:25 INFO  [benchmark.tsdb.DBWrapper] DataClientService-thread-1 insert one batch latency (device: d_10, sg: g_0) ,2.05, ms, throughput ,24397.515552196288, points/s
2026/06/17 11:50:25 INFO  [benchmark.tsdb.DBWrapper] DataClientService-thread-1 insert one batch latency (device: d_11, sg: g_0) ,1.97, ms, throughput ,25414.316901283168, points/s
2026/06/17 11:50:25 INFO  [benchmark.tsdb.DBWrapper] DataClientService-thread-1 insert one batch latency (device: d_12, sg: g_0) ,2.82, ms, throughput ,17731.420751365407, points/s
2026/06/17 11:50:25 INFO  [benchmark.tsdb.DBWrapper] DataClientService-thread-1 insert one batch latency (device: d_13, sg: g_0) ,3.67, ms, throughput ,13639.468475369302, points/s
2026/06/17 11:50:25 INFO  [benchmark.tsdb.DBWrapper] DataClientService-thread-1 insert one batch latency (device: d_14, sg: g_0) ,2.70, ms, throughput ,18515.46689527096, points/s
2026/06/17 11:50:25 INFO  [benchmark.tsdb.DBWrapper] DataClientService-thread-1 insert one batch latency (device: d_15, sg: g_0) ,2.44, ms, throughput ,20523.884465307656, points/s
2026/06/17 11:50:25 INFO  [benchmark.tsdb.DBWrapper] DataClientService-thread-1 insert one batch latency (device: d_16, sg: g_0) ,1.80, ms, throughput ,27843.255834415046, points/s
2026/06/17 11:50:25 INFO  [benchmark.tsdb.DBWrapper] DataClientService-thread-1 insert one batch latency (device: d_17, sg: g_0) ,1.72, ms, throughput ,29115.607596145557, points/s
2026/06/17 11:50:25 INFO  [benchmark.tsdb.DBWrapper] DataClientService-thread-1 insert one batch latency (device: d_18, sg: g_0) ,1.43, ms, throughput ,34980.83749721902, points/s
2026/06/17 11:50:25 INFO  [benchmark.tsdb.DBWrapper] DataClientService-thread-1 insert one batch latency (device: d_19, sg: g_0) ,1.28, ms, throughput ,39131.499839952165, points/s
2026/06/17 11:50:25 INFO  [benchmark.tsdb.DBWrapper] DataClientService-thread-1 insert one batch latency (device: d_0, sg: g_0) ,1.22, ms, throughput ,40980.516223366765, points/s
2026/06/17 11:50:25 INFO  [benchmark.tsdb.DBWrapper] DataClientService-thread-1 insert one batch latency (device: d_1, sg: g_0) ,1.27, ms, throughput ,39290.97085631528, points/s
2026/06/17 11:50:25 INFO  [benchmark.tsdb.DBWrapper] DataClientService-thread-1 insert one batch latency (device: d_2, sg: g_0) ,1.12, ms, throughput ,44444.52345693059, points/s
2026/06/17 11:50:25 INFO  [benchmark.tsdb.DBWrapper] DataClientService-thread-1 insert one batch latency (device: d_3, sg: g_0) ,1.08, ms, throughput ,46454.370194876086, points/s
2026/06/17 11:50:25 INFO  [benchmark.tsdb.DBWrapper] DataClientService-thread-1 insert one batch latency (device: d_4, sg: g_0) ,8.53, ms, throughput ,5862.536876822589, points/s
2026/06/17 11:50:25 INFO  [benchmark.tsdb.DBWrapper] DataClientService-thread-1 insert one batch latency (device: d_5, sg: g_0) ,1.39, ms, throughput ,35852.26571978443, points/s
2026/06/17 11:50:25 INFO  [benchmark.tsdb.DBWrapper] DataClientService-thread-1 insert one batch latency (device: d_6, sg: g_0) ,1.22, ms, throughput ,41141.15695515943, points/s
2026/06/17 11:50:25 INFO  [benchmark.tsdb.DBWrapper] DataClientService-thread-1 insert one batch latency (device: d_7, sg: g_0) ,0.97, ms, throughput ,51522.11793000617, points/s
2026/06/17 11:50:25 INFO  [benchmark.tsdb.DBWrapper] DataClientService-thread-1 insert one batch latency (device: d_8, sg: g_0) ,1.11, ms, throughput ,45129.571512770315, points/s
2026/06/17 11:50:25 INFO  [benchmark.tsdb.DBWrapper] DataClientService-thread-1 insert one batch latency (device: d_9, sg: g_0) ,1.23, ms, throughput ,40682.721153306324, points/s
2026/06/17 11:50:25 INFO  [benchmark.tsdb.DBWrapper] DataClientService-thread-1 insert one batch latency (device: d_10, sg: g_0) ,1.28, ms, throughput ,39120.906290563486, points/s
2026/06/17 11:50:25 INFO  [benchmark.tsdb.DBWrapper] DataClientService-thread-1 insert one batch latency (device: d_11, sg: g_0) ,1.11, ms, throughput ,45069.163137751195, points/s
2026/06/17 11:50:25 INFO  [benchmark.tsdb.DBWrapper] DataClientService-thread-1 insert one batch latency (device: d_12, sg: g_0) ,4.87, ms, throughput ,10262.93853792946, points/s
2026/06/17 11:50:25 INFO  [benchmark.tsdb.DBWrapper] DataClientService-thread-1 insert one batch latency (device: d_13, sg: g_0) ,1.25, ms, throughput ,39953.84531788877, points/s
2026/06/17 11:50:25 INFO  [benchmark.tsdb.DBWrapper] DataClientService-thread-1 insert one batch latency (device: d_14, sg: g_0) ,1.14, ms, throughput ,44031.25514615295, points/s
2026/06/17 11:50:25 INFO  [benchmark.tsdb.DBWrapper] DataClientService-thread-1 insert one batch latency (device: d_15, sg: g_0) ,1.14, ms, throughput ,43834.34824460969, points/s
2026/06/17 11:50:25 INFO  [benchmark.tsdb.DBWrapper] DataClientService-thread-1 insert one batch latency (device: d_16, sg: g_0) ,1.07, ms, throughput ,46534.39729579311, points/s
2026/06/17 11:50:25 INFO  [benchmark.tsdb.DBWrapper] DataClientService-thread-1 insert one batch latency (device: d_17, sg: g_0) ,1.06, ms, throughput ,47013.64618094048, points/s
2026/06/17 11:50:25 INFO  [benchmark.tsdb.DBWrapper] DataClientService-thread-1 insert one batch latency (device: d_18, sg: g_0) ,1.08, ms, throughput ,46419.30746106813, points/s
2026/06/17 11:50:25 INFO  [benchmark.tsdb.DBWrapper] DataClientService-thread-1 insert one batch latency (device: d_19, sg: g_0) ,4.25, ms, throughput ,11776.743099299612, points/s
2026/06/17 11:50:25 INFO  [benchmark.tsdb.DBWrapper] DataClientService-thread-1 insert one batch latency (device: d_0, sg: g_0) ,1.29, ms, throughput ,38661.597358021085, points/s
2026/06/17 11:50:25 INFO  [benchmark.tsdb.DBWrapper] DataClientService-thread-1 insert one batch latency (device: d_1, sg: g_0) ,1.31, ms, throughput ,38296.6566252833, points/s
2026/06/17 11:50:25 INFO  [benchmark.tsdb.DBWrapper] DataClientService-thread-1 insert one batch latency (device: d_2, sg: g_0) ,1.22, ms, throughput ,40904.61371318994, points/s
2026/06/17 11:50:25 INFO  [benchmark.tsdb.DBWrapper] DataClientService-thread-1 insert one batch latency (device: d_3, sg: g_0) ,1.45, ms, throughput ,34551.122185897475, points/s
2026/06/17 11:50:25 INFO  [benchmark.tsdb.DBWrapper] DataClientService-thread-1 insert one batch latency (device: d_4, sg: g_0) ,7.71, ms, throughput ,6483.625280173657, points/s
2026/06/17 11:50:25 INFO  [benchmark.tsdb.DBWrapper] DataClientService-thread-1 insert one batch latency (device: d_5, sg: g_0) ,1.01, ms, throughput ,49557.40283527813, points/s
2026/06/17 11:50:25 INFO  [benchmark.tsdb.DBWrapper] DataClientService-thread-1 insert one batch latency (device: d_6, sg: g_0) ,1.18, ms, throughput ,42385.38145147891, points/s
2026/06/17 11:50:25 INFO  [benchmark.tsdb.DBWrapper] DataClientService-thread-1 insert one batch latency (device: d_7, sg: g_0) ,1.36, ms, throughput ,36767.0038200917, points/s
2026/06/17 11:50:25 INFO  [benchmark.tsdb.DBWrapper] DataClientService-thread-1 insert one batch latency (device: d_8, sg: g_0) ,1.42, ms, throughput ,35332.467923419, points/s
2026/06/17 11:50:25 INFO  [benchmark.tsdb.DBWrapper] DataClientService-thread-1 insert one batch latency (device: d_9, sg: g_0) ,1.54, ms, throughput ,32519.436867415654, points/s
2026/06/17 11:50:25 INFO  [benchmark.tsdb.DBWrapper] DataClientService-thread-1 insert one batch latency (device: d_10, sg: g_0) ,1.58, ms, throughput ,31620.993303938456, points/s
2026/06/17 11:50:25 INFO  [benchmark.tsdb.DBWrapper] DataClientService-thread-1 insert one batch latency (device: d_11, sg: g_0) ,1.87, ms, throughput ,26719.30726455214, points/s
2026/06/17 11:50:25 INFO  [benchmark.tsdb.DBWrapper] DataClientService-thread-1 insert one batch latency (device: d_12, sg: g_0) ,1.79, ms, throughput ,27910.087096217794, points/s
2026/06/17 11:50:25 INFO  [benchmark.tsdb.DBWrapper] DataClientService-thread-1 insert one batch latency (device: d_13, sg: g_0) ,1.56, ms, throughput ,32109.552656134303, points/s
2026/06/17 11:50:25 INFO  [benchmark.tsdb.DBWrapper] DataClientService-thread-1 insert one batch latency (device: d_14, sg: g_0) ,1.36, ms, throughput ,36664.95563540368, points/s
2026/06/17 11:50:25 INFO  [benchmark.tsdb.DBWrapper] DataClientService-thread-1 insert one batch latency (device: d_15, sg: g_0) ,3.76, ms, throughput ,13314.072308726709, points/s
2026/06/17 11:50:25 INFO  [benchmark.tsdb.DBWrapper] DataClientService-thread-1 insert one batch latency (device: d_16, sg: g_0) ,1.23, ms, throughput ,40766.574670096496, points/s
2026/06/17 11:50:25 INFO  [benchmark.tsdb.DBWrapper] DataClientService-thread-1 insert one batch latency (device: d_17, sg: g_0) ,1.00, ms, throughput ,50158.752451509026, points/s
2026/06/17 11:50:25 INFO  [benchmark.tsdb.DBWrapper] DataClientService-thread-1 insert one batch latency (device: d_18, sg: g_0) ,1.02, ms, throughput ,48810.25015253203, points/s
2026/06/17 11:50:25 INFO  [benchmark.tsdb.DBWrapper] DataClientService-thread-1 insert one batch latency (device: d_19, sg: g_0) ,1.09, ms, throughput ,46041.914717482214, points/s
2026/06/17 11:50:25 INFO  [benchmark.tsdb.DBWrapper] DataClientService-thread-1 insert one batch latency (device: d_0, sg: g_0) ,1.37, ms, throughput ,36411.1429749069, points/s
2026/06/17 11:50:25 INFO  [benchmark.tsdb.DBWrapper] DataClientService-thread-1 insert one batch latency (device: d_1, sg: g_0) ,10.89, ms, throughput ,4591.968683508293, points/s
2026/06/17 11:50:25 INFO  [benchmark.tsdb.DBWrapper] DataClientService-thread-1 insert one batch latency (device: d_2, sg: g_0) ,1.16, ms, throughput ,43098.17246509479, points/s
2026/06/17 11:50:25 INFO  [benchmark.tsdb.DBWrapper] DataClientService-thread-1 insert one batch latency (device: d_3, sg: g_0) ,1.09, ms, throughput ,45664.06046652231, points/s
2026/06/17 11:50:25 INFO  [benchmark.tsdb.DBWrapper] DataClientService-thread-1 insert one batch latency (device: d_4, sg: g_0) ,1.22, ms, throughput ,40973.36321657291, points/s
2026/06/17 11:50:25 INFO  [benchmark.tsdb.DBWrapper] DataClientService-thread-1 insert one batch latency (device: d_5, sg: g_0) ,1.53, ms, throughput ,32622.276447695076, points/s
2026/06/17 11:50:25 INFO  [benchmark.tsdb.DBWrapper] DataClientService-thread-1 insert one batch latency (device: d_6, sg: g_0) ,1.14, ms, throughput ,43905.94293281162, points/s
2026/06/17 11:50:25 INFO  [benchmark.tsdb.DBWrapper] DataClientService-thread-1 insert one batch latency (device: d_7, sg: g_0) ,12.58, ms, throughput ,3973.802784618458, points/s
2026/06/17 11:50:25 INFO  [benchmark.tsdb.DBWrapper] DataClientService-thread-1 insert one batch latency (device: d_8, sg: g_0) ,1.33, ms, throughput ,37563.96203635741, points/s
2026/06/17 11:50:25 INFO  [benchmark.tsdb.DBWrapper] DataClientService-thread-1 insert one batch latency (device: d_9, sg: g_0) ,1.32, ms, throughput ,37810.27108451957, points/s
2026/06/17 11:50:25 INFO  [benchmark.tsdb.DBWrapper] DataClientService-thread-1 insert one batch latency (device: d_10, sg: g_0) ,1.50, ms, throughput ,33311.991450810514, points/s
2026/06/17 11:50:25 INFO  [benchmark.tsdb.DBWrapper] DataClientService-thread-1 insert one batch latency (device: d_11, sg: g_0) ,1.34, ms, throughput ,37179.28221677752, points/s
2026/06/17 11:50:25 INFO  [benchmark.tsdb.DBWrapper] DataClientService-thread-1 insert one batch latency (device: d_12, sg: g_0) ,1.28, ms, throughput ,39063.93437884047, points/s
2026/06/17 11:50:25 INFO  [benchmark.tsdb.DBWrapper] DataClientService-thread-1 insert one batch latency (device: d_13, sg: g_0) ,1.41, ms, throughput ,35354.403143430696, points/s
2026/06/17 11:50:25 INFO  [benchmark.tsdb.DBWrapper] DataClientService-thread-1 insert one batch latency (device: d_14, sg: g_0) ,1.43, ms, throughput ,34895.07400198344, points/s
2026/06/17 11:50:25 INFO  [benchmark.tsdb.DBWrapper] DataClientService-thread-1 insert one batch latency (device: d_15, sg: g_0) ,1.48, ms, throughput ,33882.54682906797, points/s
2026/06/17 11:50:25 INFO  [benchmark.tsdb.DBWrapper] DataClientService-thread-1 insert one batch latency (device: d_16, sg: g_0) ,1.43, ms, throughput ,35000.133000505404, points/s
2026/06/17 11:50:25 INFO  [benchmark.tsdb.DBWrapper] DataClientService-thread-1 insert one batch latency (device: d_17, sg: g_0) ,1.32, ms, throughput ,37774.136351033536, points/s
2026/06/17 11:50:25 INFO  [benchmark.tsdb.DBWrapper] DataClientService-thread-1 insert one batch latency (device: d_18, sg: g_0) ,2.85, ms, throughput ,17539.256363592995, points/s
2026/06/17 11:50:25 INFO  [benchmark.tsdb.DBWrapper] DataClientService-thread-1 insert one batch latency (device: d_19, sg: g_0) ,1.05, ms, throughput ,47701.23002391739, points/s
2026/06/17 11:50:25 INFO  [benchmark.tsdb.DBWrapper] DataClientService-thread-1 insert one batch latency (device: d_0, sg: g_0) ,1.03, ms, throughput ,48732.75347854395, points/s
2026/06/17 11:50:25 INFO  [benchmark.tsdb.DBWrapper] DataClientService-thread-1 insert one batch latency (device: d_1, sg: g_0) ,1.10, ms, throughput ,45565.68430089026, points/s
2026/06/17 11:50:25 INFO  [benchmark.tsdb.DBWrapper] DataClientService-thread-1 insert one batch latency (device: d_2, sg: g_0) ,0.92, ms, throughput ,54635.135637187734, points/s
2026/06/17 11:50:25 INFO  [benchmark.tsdb.DBWrapper] DataClientService-thread-1 insert one batch latency (device: d_3, sg: g_0) ,0.99, ms, throughput ,50758.22638575034, points/s
2026/06/17 11:50:25 INFO  [benchmark.tsdb.DBWrapper] DataClientService-thread-1 insert one batch latency (device: d_4, sg: g_0) ,0.95, ms, throughput ,52378.34344060767, points/s
2026/06/17 11:50:25 INFO  [benchmark.tsdb.DBWrapper] DataClientService-thread-1 insert one batch latency (device: d_5, sg: g_0) ,3.48, ms, throughput ,14366.44962792332, points/s
2026/06/17 11:50:25 INFO  [benchmark.tsdb.DBWrapper] DataClientService-thread-1 insert one batch latency (device: d_6, sg: g_0) ,7.84, ms, throughput ,6381.3725183639945, points/s
2026/06/17 11:50:25 INFO  [benchmark.tsdb.DBWrapper] DataClientService-thread-1 insert one batch latency (device: d_7, sg: g_0) ,1.20, ms, throughput ,41811.85834476888, points/s
2026/06/17 11:50:25 INFO  [benchmark.tsdb.DBWrapper] DataClientService-thread-1 insert one batch latency (device: d_8, sg: g_0) ,1.11, ms, throughput ,45197.821826570536, points/s
2026/06/17 11:50:25 INFO  [benchmark.tsdb.DBWrapper] DataClientService-thread-1 insert one batch latency (device: d_9, sg: g_0) ,7.15, ms, throughput ,6996.147920954722, points/s
2026/06/17 11:50:25 INFO  [benchmark.tsdb.DBWrapper] DataClientService-thread-1 insert one batch latency (device: d_10, sg: g_0) ,1.16, ms, throughput ,43223.72948169562, points/s
2026/06/17 11:50:25 INFO  [benchmark.tsdb.DBWrapper] DataClientService-thread-1 insert one batch latency (device: d_11, sg: g_0) ,1.06, ms, throughput ,47125.04253035088, points/s
2026/06/17 11:50:25 INFO  [benchmark.tsdb.DBWrapper] DataClientService-thread-1 insert one batch latency (device: d_12, sg: g_0) ,1.17, ms, throughput ,42807.0463822909, points/s
2026/06/17 11:50:25 INFO  [benchmark.tsdb.DBWrapper] DataClientService-thread-1 insert one batch latency (device: d_13, sg: g_0) ,1.14, ms, throughput ,43790.19940305201, points/s
2026/06/17 11:50:25 INFO  [benchmark.tsdb.DBWrapper] DataClientService-thread-1 insert one batch latency (device: d_14, sg: g_0) ,0.95, ms, throughput ,52552.74982263447, points/s
2026/06/17 11:50:25 INFO  [benchmark.tsdb.DBWrapper] DataClientService-thread-1 insert one batch latency (device: d_15, sg: g_0) ,1.07, ms, throughput ,46625.9590959786, points/s
2026/06/17 11:50:25 INFO  [benchmark.tsdb.DBWrapper] DataClientService-thread-1 insert one batch latency (device: d_16, sg: g_0) ,0.94, ms, throughput ,53400.946051160245, points/s
2026/06/17 11:50:25 INFO  [benchmark.tsdb.DBWrapper] DataClientService-thread-1 insert one batch latency (device: d_17, sg: g_0) ,0.90, ms, throughput ,55319.341965363456, points/s
2026/06/17 11:50:25 INFO  [benchmark.tsdb.DBWrapper] DataClientService-thread-1 insert one batch latency (device: d_18, sg: g_0) ,0.92, ms, throughput ,54556.74283151678, points/s
2026/06/17 11:50:25 INFO  [benchmark.tsdb.DBWrapper] DataClientService-thread-1 insert one batch latency (device: d_19, sg: g_0) ,0.98, ms, throughput ,50763.122013224805, points/s
2026/06/17 11:50:25 INFO  [benchmark.tsdb.DBWrapper] DataClientService-thread-1 insert one batch latency (device: d_0, sg: g_0) ,1.00, ms, throughput ,50219.30771679926, points/s
2026/06/17 11:50:25 INFO  [benchmark.tsdb.DBWrapper] DataClientService-thread-1 insert one batch latency (device: d_1, sg: g_0) ,4.37, ms, throughput ,11450.687613791208, points/s
2026/06/17 11:50:25 INFO  [benchmark.tsdb.DBWrapper] DataClientService-thread-1 insert one batch latency (device: d_2, sg: g_0) ,1.07, ms, throughput ,46876.65533189141, points/s
2026/06/17 11:50:25 INFO  [benchmark.tsdb.DBWrapper] DataClientService-thread-1 insert one batch latency (device: d_3, sg: g_0) ,1.11, ms, throughput ,44936.670749912155, points/s
2026/06/17 11:50:25 INFO  [benchmark.tsdb.DBWrapper] DataClientService-thread-1 insert one batch latency (device: d_4, sg: g_0) ,1.18, ms, throughput ,42327.827329554304, points/s
2026/06/17 11:50:25 INFO  [benchmark.tsdb.DBWrapper] DataClientService-thread-1 insert one batch latency (device: d_5, sg: g_0) ,1.06, ms, throughput ,47291.25168593312, points/s
2026/06/17 11:50:25 INFO  [benchmark.tsdb.DBWrapper] DataClientService-thread-1 insert one batch latency (device: d_6, sg: g_0) ,1.02, ms, throughput ,49079.56189619869, points/s
2026/06/17 11:50:25 INFO  [benchmark.tsdb.DBWrapper] DataClientService-thread-1 insert one batch latency (device: d_7, sg: g_0) ,1.04, ms, throughput ,48049.479431939835, points/s
2026/06/17 11:50:25 INFO  [benchmark.tsdb.DBWrapper] DataClientService-thread-1 insert one batch latency (device: d_8, sg: g_0) ,1.13, ms, throughput ,44209.75939280548, points/s
2026/06/17 11:50:25 INFO  [benchmark.tsdb.DBWrapper] DataClientService-thread-1 insert one batch latency (device: d_9, sg: g_0) ,1.06, ms, throughput ,47355.79450237111, points/s
2026/06/17 11:50:25 INFO  [benchmark.tsdb.DBWrapper] DataClientService-thread-1 insert one batch latency (device: d_10, sg: g_0) ,11.18, ms, throughput ,4471.1049477426195, points/s
2026/06/17 11:50:25 INFO  [benchmark.tsdb.DBWrapper] DataClientService-thread-1 insert one batch latency (device: d_11, sg: g_0) ,1.80, ms, throughput ,27727.16030624094, points/s
2026/06/17 11:50:25 INFO  [benchmark.tsdb.DBWrapper] DataClientService-thread-1 insert one batch latency (device: d_12, sg: g_0) ,5.52, ms, throughput ,9054.870705501196, points/s
2026/06/17 11:50:25 INFO  [benchmark.tsdb.DBWrapper] DataClientService-thread-1 insert one batch latency (device: d_13, sg: g_0) ,1.60, ms, throughput ,31211.59023676488, points/s
2026/06/17 11:50:25 INFO  [benchmark.tsdb.DBWrapper] DataClientService-thread-1 insert one batch latency (device: d_14, sg: g_0) ,1.50, ms, throughput ,33263.059576135485, points/s
2026/06/17 11:50:25 INFO  [benchmark.tsdb.DBWrapper] DataClientService-thread-1 insert one batch latency (device: d_15, sg: g_0) ,1.24, ms, throughput ,40274.70571272536, points/s
2026/06/17 11:50:25 INFO  [benchmark.tsdb.DBWrapper] DataClientService-thread-1 insert one batch latency (device: d_16, sg: g_0) ,1.06, ms, throughput ,46973.85059684975, points/s
2026/06/17 11:50:25 INFO  [benchmark.tsdb.DBWrapper] DataClientService-thread-1 insert one batch latency (device: d_17, sg: g_0) ,1.06, ms, throughput ,46977.42546796562, points/s
2026/06/17 11:50:25 INFO  [benchmark.tsdb.DBWrapper] DataClientService-thread-1 insert one batch latency (device: d_18, sg: g_0) ,1.04, ms, throughput ,48006.75935171672, points/s
2026/06/17 11:50:25 INFO  [benchmark.tsdb.DBWrapper] DataClientService-thread-1 insert one batch latency (device: d_19, sg: g_0) ,1.00, ms, throughput ,50019.907923353494, points/s
2026/06/17 11:50:25 INFO  [benchmark.tsdb.DBWrapper] DataClientService-thread-1 insert one batch latency (device: d_0, sg: g_0) ,0.93, ms, throughput ,53673.638514485436, points/s
2026/06/17 11:50:25 INFO  [benchmark.tsdb.DBWrapper] DataClientService-thread-1 insert one batch latency (device: d_1, sg: g_0) ,0.97, ms, throughput ,51641.9559907251, points/s
2026/06/17 11:50:25 INFO  [benchmark.tsdb.DBWrapper] DataClientService-thread-1 insert one batch latency (device: d_2, sg: g_0) ,1.15, ms, throughput ,43569.83329310385, points/s
2026/06/17 11:50:25 INFO  [benchmark.tsdb.DBWrapper] DataClientService-thread-1 insert one batch latency (device: d_3, sg: g_0) ,0.97, ms, throughput ,51660.8444894927, points/s
2026/06/17 11:50:25 INFO  [benchmark.tsdb.DBWrapper] DataClientService-thread-1 insert one batch latency (device: d_4, sg: g_0) ,1.38, ms, throughput ,36169.76641564848, points/s
2026/06/17 11:50:25 INFO  [benchmark.tsdb.DBWrapper] DataClientService-thread-1 insert one batch latency (device: d_5, sg: g_0) ,1.03, ms, throughput ,48402.28884743501, points/s
2026/06/17 11:50:25 INFO  [benchmark.tsdb.DBWrapper] DataClientService-thread-1 insert one batch latency (device: d_6, sg: g_0) ,1.14, ms, throughput ,43704.841972032395, points/s
2026/06/17 11:50:25 INFO  [benchmark.tsdb.DBWrapper] DataClientService-thread-1 insert one batch latency (device: d_7, sg: g_0) ,1.10, ms, throughput ,45589.282506754054, points/s
2026/06/17 11:50:25 INFO  [benchmark.tsdb.DBWrapper] DataClientService-thread-1 insert one batch latency (device: d_8, sg: g_0) ,1.00, ms, throughput ,49909.36459389748, points/s
2026/06/17 11:50:25 INFO  [benchmark.tsdb.DBWrapper] DataClientService-thread-1 insert one batch latency (device: d_9, sg: g_0) ,1.04, ms, throughput ,47941.21256750122, points/s
2026/06/17 11:50:25 INFO  [benchmark.tsdb.DBWrapper] DataClientService-thread-1 insert one batch latency (device: d_10, sg: g_0) ,1.14, ms, throughput ,43800.633532363405, points/s
2026/06/17 11:50:25 INFO  [benchmark.tsdb.DBWrapper] DataClientService-thread-1 insert one batch latency (device: d_11, sg: g_0) ,0.99, ms, throughput ,50675.299034939606, points/s
2026/06/17 11:50:25 INFO  [benchmark.tsdb.DBWrapper] DataClientService-thread-1 insert one batch latency (device: d_12, sg: g_0) ,4.75, ms, throughput ,10515.39969770329, points/s
2026/06/17 11:50:25 INFO  [benchmark.tsdb.DBWrapper] DataClientService-thread-1 insert one batch latency (device: d_13, sg: g_0) ,1.01, ms, throughput ,49650.36214974152, points/s
2026/06/17 11:50:25 INFO  [benchmark.tsdb.DBWrapper] DataClientService-thread-1 insert one batch latency (device: d_14, sg: g_0) ,1.05, ms, throughput ,47428.29553140086, points/s
2026/06/17 11:50:25 INFO  [benchmark.tsdb.DBWrapper] DataClientService-thread-1 insert one batch latency (device: d_15, sg: g_0) ,0.98, ms, throughput ,50801.030651309855, points/s
2026/06/17 11:50:25 INFO  [benchmark.tsdb.DBWrapper] DataClientService-thread-1 insert one batch latency (device: d_16, sg: g_0) ,6.76, ms, throughput ,7401.833552600316, points/s
2026/06/17 11:50:25 INFO  [benchmark.tsdb.DBWrapper] DataClientService-thread-1 insert one batch latency (device: d_17, sg: g_0) ,0.99, ms, throughput ,50334.77659916102, points/s
2026/06/17 11:50:25 INFO  [benchmark.tsdb.DBWrapper] DataClientService-thread-1 insert one batch latency (device: d_18, sg: g_0) ,1.08, ms, throughput ,46265.92357424617, points/s
2026/06/17 11:50:25 INFO  [benchmark.tsdb.DBWrapper] DataClientService-thread-1 insert one batch latency (device: d_19, sg: g_0) ,0.99, ms, throughput ,50468.44813559459, points/s
2026/06/17 11:50:25 INFO  [benchmark.tsdb.DBWrapper] DataClientService-thread-1 insert one batch latency (device: d_0, sg: g_0) ,1.13, ms, throughput ,44132.924838981024, points/s
2026/06/17 11:50:25 INFO  [benchmark.tsdb.DBWrapper] DataClientService-thread-1 insert one batch latency (device: d_1, sg: g_0) ,0.94, ms, throughput ,53295.41542177459, points/s
2026/06/17 11:50:25 INFO  [benchmark.tsdb.DBWrapper] DataClientService-thread-1 insert one batch latency (device: d_2, sg: g_0) ,1.03, ms, throughput ,48344.164037549876, points/s
2026/06/17 11:50:25 INFO  [benchmark.tsdb.DBWrapper] DataClientService-thread-1 insert one batch latency (device: d_3, sg: g_0) ,0.92, ms, throughput ,54379.56720390054, points/s
2026/06/17 11:50:25 INFO  [benchmark.tsdb.DBWrapper] DataClientService-thread-1 insert one batch latency (device: d_4, sg: g_0) ,0.91, ms, throughput ,55207.01526584386, points/s
2026/06/17 11:50:25 INFO  [benchmark.tsdb.DBWrapper] DataClientService-thread-1 insert one batch latency (device: d_5, sg: g_0) ,0.95, ms, throughput ,52754.469094849366, points/s
2026/06/17 11:50:25 INFO  [benchmark.tsdb.DBWrapper] DataClientService-thread-1 insert one batch latency (device: d_6, sg: g_0) ,0.94, ms, throughput ,53273.89387414149, points/s
2026/06/17 11:50:25 INFO  [benchmark.tsdb.DBWrapper] DataClientService-thread-1 insert one batch latency (device: d_7, sg: g_0) ,9.01, ms, throughput ,5549.3741693280535, points/s
2026/06/17 11:50:25 INFO  [benchmark.tsdb.DBWrapper] DataClientService-thread-1 insert one batch latency (device: d_8, sg: g_0) ,0.98, ms, throughput ,50956.08909977916, points/s
2026/06/17 11:50:25 INFO  [benchmark.tsdb.DBWrapper] DataClientService-thread-1 insert one batch latency (device: d_9, sg: g_0) ,0.94, ms, throughput ,52966.494454937696, points/s
2026/06/17 11:50:25 INFO  [benchmark.tsdb.DBWrapper] DataClientService-thread-1 insert one batch latency (device: d_10, sg: g_0) ,1.14, ms, throughput ,43810.38165852086, points/s
2026/06/17 11:50:25 INFO  [benchmark.tsdb.DBWrapper] DataClientService-thread-1 insert one batch latency (device: d_11, sg: g_0) ,1.19, ms, throughput ,41963.171442215455, points/s
2026/06/17 11:50:25 INFO  [benchmark.tsdb.DBWrapper] DataClientService-thread-1 insert one batch latency (device: d_12, sg: g_0) ,1.18, ms, throughput ,42391.67020637113, points/s
2026/06/17 11:50:25 INFO  [benchmark.tsdb.DBWrapper] DataClientService-thread-1 insert one batch latency (device: d_13, sg: g_0) ,1.44, ms, throughput ,34843.03560888553, points/s
2026/06/17 11:50:25 INFO  [benchmark.tsdb.DBWrapper] DataClientService-thread-1 insert one batch latency (device: d_14, sg: g_0) ,1.26, ms, throughput ,39579.601306760116, points/s
2026/06/17 11:50:25 INFO  [benchmark.tsdb.DBWrapper] DataClientService-thread-1 insert one batch latency (device: d_15, sg: g_0) ,1.26, ms, throughput ,39776.930971113994, points/s
2026/06/17 11:50:25 INFO  [benchmark.tsdb.DBWrapper] DataClientService-thread-1 insert one batch latency (device: d_16, sg: g_0) ,1.17, ms, throughput ,42808.255828986155, points/s
2026/06/17 11:50:25 INFO  [benchmark.tsdb.DBWrapper] DataClientService-thread-1 insert one batch latency (device: d_17, sg: g_0) ,0.98, ms, throughput ,51031.96846632604, points/s
2026/06/17 11:50:25 INFO  [benchmark.tsdb.DBWrapper] DataClientService-thread-1 insert one batch latency (device: d_18, sg: g_0) ,2.89, ms, throughput ,17271.222792210956, points/s
2026/06/17 11:50:25 INFO  [benchmark.tsdb.DBWrapper] DataClientService-thread-1 insert one batch latency (device: d_19, sg: g_0) ,1.11, ms, throughput ,44973.08810407852, points/s
2026/06/17 11:50:25 INFO  [benchmark.tsdb.DBWrapper] DataClientService-thread-1 insert one batch latency (device: d_0, sg: g_0) ,1.12, ms, throughput ,44757.50829580416, points/s
2026/06/17 11:50:25 INFO  [benchmark.tsdb.DBWrapper] DataClientService-thread-1 insert one batch latency (device: d_1, sg: g_0) ,1.17, ms, throughput ,42707.884900541874, points/s
2026/06/17 11:50:26 INFO  [benchmark.tsdb.DBWrapper] DataClientService-thread-1 insert one batch latency (device: d_2, sg: g_0) ,9.21, ms, throughput ,5429.217071065519, points/s
2026/06/17 11:50:26 INFO  [benchmark.tsdb.DBWrapper] DataClientService-thread-1 insert one batch latency (device: d_3, sg: g_0) ,1.15, ms, throughput ,43597.22442630412, points/s
2026/06/17 11:50:26 INFO  [benchmark.tsdb.DBWrapper] DataClientService-thread-1 insert one batch latency (device: d_4, sg: g_0) ,1.23, ms, throughput ,40625.86583876569, points/s
2026/06/17 11:50:26 INFO  [benchmark.tsdb.DBWrapper] DataClientService-thread-1 insert one batch latency (device: d_5, sg: g_0) ,1.19, ms, throughput ,42033.761517250656, points/s
2026/06/17 11:50:26 INFO  [benchmark.tsdb.DBWrapper] DataClientService-thread-1 insert one batch latency (device: d_6, sg: g_0) ,1.04, ms, throughput ,47964.16117876722, points/s
2026/06/17 11:50:26 INFO  [benchmark.tsdb.DBWrapper] DataClientService-thread-1 insert one batch latency (device: d_7, sg: g_0) ,1.03, ms, throughput ,48743.15767924078, points/s
2026/06/17 11:50:26 INFO  [benchmark.tsdb.DBWrapper] DataClientService-thread-1 insert one batch latency (device: d_8, sg: g_0) ,1.16, ms, throughput ,42937.69397103252, points/s
2026/06/17 11:50:26 INFO  [benchmark.tsdb.DBWrapper] DataClientService-thread-1 insert one batch latency (device: d_9, sg: g_0) ,1.27, ms, throughput ,39499.525215706904, points/s
2026/06/17 11:50:26 INFO  [benchmark.tsdb.DBWrapper] DataClientService-thread-1 insert one batch latency (device: d_10, sg: g_0) ,17.05, ms, throughput ,2932.730895663054, points/s
2026/06/17 11:50:26 INFO  [benchmark.tsdb.DBWrapper] DataClientService-thread-1 insert one batch latency (device: d_11, sg: g_0) ,1.26, ms, throughput ,39676.02147901098, points/s
2026/06/17 11:50:26 INFO  [benchmark.tsdb.DBWrapper] DataClientService-thread-1 insert one batch latency (device: d_12, sg: g_0) ,1.19, ms, throughput ,42125.412407787466, points/s
2026/06/17 11:50:26 INFO  [benchmark.tsdb.DBWrapper] DataClientService-thread-1 insert one batch latency (device: d_13, sg: g_0) ,1.24, ms, throughput ,40392.12676665065, points/s
2026/06/17 11:50:26 INFO  [benchmark.tsdb.DBWrapper] DataClientService-thread-1 insert one batch latency (device: d_14, sg: g_0) ,1.22, ms, throughput ,41125.557148485466, points/s
2026/06/17 11:50:26 INFO  [benchmark.tsdb.DBWrapper] DataClientService-thread-1 insert one batch latency (device: d_15, sg: g_0) ,1.46, ms, throughput ,34225.571156331454, points/s
2026/06/17 11:50:26 INFO  [benchmark.tsdb.DBWrapper] DataClientService-thread-1 insert one batch latency (device: d_16, sg: g_0) ,8.80, ms, throughput ,5680.482622892413, points/s
2026/06/17 11:50:26 INFO  [benchmark.tsdb.DBWrapper] DataClientService-thread-1 insert one batch latency (device: d_17, sg: g_0) ,1.14, ms, throughput ,44000.25696150065, points/s
2026/06/17 11:50:26 INFO  [benchmark.tsdb.DBWrapper] DataClientService-thread-1 insert one batch latency (device: d_18, sg: g_0) ,1.15, ms, throughput ,43353.13993786628, points/s
2026/06/17 11:50:26 INFO  [benchmark.tsdb.DBWrapper] DataClientService-thread-1 insert one batch latency (device: d_19, sg: g_0) ,1.22, ms, throughput ,40948.80007731134, points/s
2026/06/17 11:50:26 INFO  [benchmark.tsdb.DBWrapper] DataClientService-thread-1 insert one batch latency (device: d_0, sg: g_0) ,1.16, ms, throughput ,42988.78680484982, points/s
2026/06/17 11:50:26 INFO  [benchmark.tsdb.DBWrapper] DataClientService-thread-1 insert one batch latency (device: d_1, sg: g_0) ,4.30, ms, throughput ,11633.867304574878, points/s
2026/06/17 11:50:26 INFO  [benchmark.tsdb.DBWrapper] DataClientService-thread-1 insert one batch latency (device: d_2, sg: g_0) ,1.11, ms, throughput ,45239.08403521772, points/s
2026/06/17 11:50:26 INFO  [benchmark.tsdb.DBWrapper] DataClientService-thread-1 insert one batch latency (device: d_3, sg: g_0) ,0.96, ms, throughput ,51982.67105677651, points/s
2026/06/17 11:50:26 INFO  [benchmark.tsdb.DBWrapper] DataClientService-thread-1 insert one batch latency (device: d_4, sg: g_0) ,1.11, ms, throughput ,44944.14341855941, points/s
2026/06/17 11:50:26 INFO  [benchmark.tsdb.DBWrapper] DataClientService-thread-1 insert one batch latency (device: d_5, sg: g_0) ,0.93, ms, throughput ,53810.36581362887, points/s
2026/06/17 11:50:26 INFO  [benchmark.tsdb.DBWrapper] DataClientService-thread-1 insert one batch latency (device: d_6, sg: g_0) ,0.95, ms, throughput ,52746.39953076803, points/s
2026/06/17 11:50:26 INFO  [benchmark.tsdb.DBWrapper] DataClientService-thread-1 insert one batch latency (device: d_7, sg: g_0) ,0.89, ms, throughput ,56420.03588314282, points/s
2026/06/17 11:50:26 INFO  [benchmark.tsdb.DBWrapper] DataClientService-thread-1 insert one batch latency (device: d_8, sg: g_0) ,4.66, ms, throughput ,10739.050732349566, points/s
2026/06/17 11:50:26 INFO  [benchmark.tsdb.DBWrapper] DataClientService-thread-1 insert one batch latency (device: d_9, sg: g_0) ,1.08, ms, throughput ,46354.49694245739, points/s
2026/06/17 11:50:26 INFO  [benchmark.tsdb.DBWrapper] DataClientService-thread-1 insert one batch latency (device: d_10, sg: g_0) ,1.10, ms, throughput ,45262.549947223866, points/s
2026/06/17 11:50:26 INFO  [benchmark.tsdb.DBWrapper] DataClientService-thread-1 insert one batch latency (device: d_11, sg: g_0) ,1.13, ms, throughput ,44169.260138391124, points/s
2026/06/17 11:50:26 INFO  [benchmark.tsdb.DBWrapper] DataClientService-thread-1 insert one batch latency (device: d_12, sg: g_0) ,0.99, ms, throughput ,50337.76641262874, points/s
2026/06/17 11:50:26 INFO  [benchmark.tsdb.DBWrapper] DataClientService-thread-1 insert one batch latency (device: d_13, sg: g_0) ,1.76, ms, throughput ,28434.82765935304, points/s
2026/06/17 11:50:26 INFO  [benchmark.tsdb.DBWrapper] DataClientService-thread-1 insert one batch latency (device: d_14, sg: g_0) ,7.28, ms, throughput ,6867.1942319963455, points/s
2026/06/17 11:50:26 INFO  [benchmark.tsdb.DBWrapper] DataClientService-thread-1 insert one batch latency (device: d_15, sg: g_0) ,9.09, ms, throughput ,5502.0887029134, points/s
2026/06/17 11:50:26 INFO  [benchmark.tsdb.DBWrapper] DataClientService-thread-1 insert one batch latency (device: d_16, sg: g_0) ,2.89, ms, throughput ,17319.910172017884, points/s
2026/06/17 11:50:26 INFO  [benchmark.tsdb.DBWrapper] DataClientService-thread-1 insert one batch latency (device: d_17, sg: g_0) ,1.09, ms, throughput ,45949.29403504645, points/s
2026/06/17 11:50:26 INFO  [benchmark.tsdb.DBWrapper] DataClientService-thread-1 insert one batch latency (device: d_18, sg: g_0) ,6.26, ms, throughput ,7988.271938670521, points/s
2026/06/17 11:50:26 INFO  [benchmark.tsdb.DBWrapper] DataClientService-thread-1 insert one batch latency (device: d_19, sg: g_0) ,6.59, ms, throughput ,7590.1950467601555, points/s
2026/06/17 11:50:26 INFO  [benchmark.tsdb.DBWrapper] DataClientService-thread-1 insert one batch latency (device: d_0, sg: g_0) ,1.07, ms, throughput ,46906.91135813333, points/s
2026/06/17 11:50:26 INFO  [benchmark.tsdb.DBWrapper] DataClientService-thread-1 insert one batch latency (device: d_1, sg: g_0) ,1.00, ms, throughput ,50248.933215147845, points/s
2026/06/17 11:50:26 INFO  [benchmark.tsdb.DBWrapper] DataClientService-thread-1 insert one batch latency (device: d_2, sg: g_0) ,1.11, ms, throughput ,44963.1392184687, points/s
2026/06/17 11:50:26 INFO  [benchmark.tsdb.DBWrapper] DataClientService-thread-1 insert one batch latency (device: d_3, sg: g_0) ,1.68, ms, throughput ,29753.58084345451, points/s
2026/06/17 11:50:26 INFO  [benchmark.tsdb.DBWrapper] DataClientService-thread-1 insert one batch latency (device: d_4, sg: g_0) ,8.18, ms, throughput ,6114.314196508189, points/s
2026/06/17 11:50:26 INFO  [benchmark.tsdb.DBWrapper] DataClientService-thread-1 insert one batch latency (device: d_5, sg: g_0) ,1.21, ms, throughput ,41207.44404235136, points/s
2026/06/17 11:50:26 INFO  [benchmark.tsdb.DBWrapper] DataClientService-thread-1 insert one batch latency (device: d_6, sg: g_0) ,1.09, ms, throughput ,45940.97687055579, points/s
2026/06/17 11:50:26 INFO  [benchmark.tsdb.DBWrapper] DataClientService-thread-1 insert one batch latency (device: d_7, sg: g_0) ,1.11, ms, throughput ,44882.41704382857, points/s
2026/06/17 11:50:26 INFO  [benchmark.tsdb.DBWrapper] DataClientService-thread-1 insert one batch latency (device: d_8, sg: g_0) ,1.15, ms, throughput ,43327.81914621666, points/s
2026/06/17 11:50:26 INFO  [benchmark.tsdb.DBWrapper] DataClientService-thread-1 insert one batch latency (device: d_9, sg: g_0) ,0.95, ms, throughput ,52600.074271304875, points/s
2026/06/17 11:50:26 INFO  [benchmark.tsdb.DBWrapper] DataClientService-thread-1 insert one batch latency (device: d_10, sg: g_0) ,1.02, ms, throughput ,49121.31786601277, points/s
2026/06/17 11:50:26 INFO  [benchmark.tsdb.DBWrapper] DataClientService-thread-1 insert one batch latency (device: d_11, sg: g_0) ,3.77, ms, throughput ,13266.787129093798, points/s
2026/06/17 11:50:26 INFO  [benchmark.tsdb.DBWrapper] DataClientService-thread-1 insert one batch latency (device: d_12, sg: g_0) ,1.07, ms, throughput ,46761.74888940846, points/s
2026/06/17 11:50:26 INFO  [benchmark.tsdb.DBWrapper] DataClientService-thread-1 insert one batch latency (device: d_13, sg: g_0) ,1.07, ms, throughput ,46769.534699253185, points/s
2026/06/17 11:50:26 INFO  [benchmark.tsdb.DBWrapper] DataClientService-thread-1 insert one batch latency (device: d_14, sg: g_0) ,1.07, ms, throughput ,46630.04653678644, points/s
2026/06/17 11:50:26 INFO  [benchmark.tsdb.DBWrapper] DataClientService-thread-1 insert one batch latency (device: d_15, sg: g_0) ,1.03, ms, throughput ,48609.241005589094, points/s
2026/06/17 11:50:26 INFO  [benchmark.tsdb.DBWrapper] DataClientService-thread-1 insert one batch latency (device: d_16, sg: g_0) ,9.80, ms, throughput ,5103.813089381955, points/s
2026/06/17 11:50:26 INFO  [benchmark.tsdb.DBWrapper] DataClientService-thread-1 insert one batch latency (device: d_17, sg: g_0) ,6.03, ms, throughput ,8298.470077459579, points/s
2026/06/17 11:50:26 INFO  [benchmark.tsdb.DBWrapper] DataClientService-thread-1 insert one batch latency (device: d_18, sg: g_0) ,1.25, ms, throughput ,39960.61481803535, points/s
2026/06/17 11:50:26 INFO  [benchmark.tsdb.DBWrapper] DataClientService-thread-1 insert one batch latency (device: d_19, sg: g_0) ,1.35, ms, throughput ,37074.303577744446, points/s
2026/06/17 11:50:26 INFO  [benchmark.tsdb.DBWrapper] DataClientService-thread-1 insert one batch latency (device: d_0, sg: g_0) ,1.38, ms, throughput ,36318.57491722997, points/s
2026/06/17 11:50:26 INFO  [benchmark.tsdb.DBWrapper] DataClientService-thread-1 insert one batch latency (device: d_1, sg: g_0) ,1.26, ms, throughput ,39652.64284864586, points/s
2026/06/17 11:50:26 INFO  [benchmark.tsdb.DBWrapper] DataClientService-thread-1 insert one batch latency (device: d_2, sg: g_0) ,1.36, ms, throughput ,36800.45102632778, points/s
2026/06/17 11:50:26 INFO  [benchmark.tsdb.DBWrapper] DataClientService-thread-1 insert one batch latency (device: d_3, sg: g_0) ,1.53, ms, throughput ,32783.89707429946, points/s
2026/06/17 11:50:26 INFO  [benchmark.tsdb.DBWrapper] DataClientService-thread-1 insert one batch latency (device: d_4, sg: g_0) ,1.15, ms, throughput ,43303.54049747107, points/s
2026/06/17 11:50:26 INFO  [benchmark.tsdb.DBWrapper] DataClientService-thread-1 insert one batch latency (device: d_5, sg: g_0) ,2.18, ms, throughput ,22960.045846619545, points/s
2026/06/17 11:50:26 INFO  [benchmark.tsdb.DBWrapper] DataClientService-thread-1 insert one batch latency (device: d_6, sg: g_0) ,1.34, ms, throughput ,37224.01186999291, points/s
2026/06/17 11:50:26 INFO  [benchmark.tsdb.DBWrapper] DataClientService-thread-1 insert one batch latency (device: d_7, sg: g_0) ,6.44, ms, throughput ,7767.780644088835, points/s
2026/06/17 11:50:26 INFO  [benchmark.tsdb.DBWrapper] DataClientService-thread-1 insert one batch latency (device: d_8, sg: g_0) ,10.15, ms, throughput ,4927.771193727933, points/s
2026/06/17 11:50:26 INFO  [benchmark.tsdb.DBWrapper] DataClientService-thread-1 insert one batch latency (device: d_9, sg: g_0) ,2.12, ms, throughput ,23530.674116164348, points/s
2026/06/17 11:50:26 INFO  [benchmark.tsdb.DBWrapper] DataClientService-thread-1 insert one batch latency (device: d_10, sg: g_0) ,1.53, ms, throughput ,32618.53084832318, points/s
2026/06/17 11:50:26 INFO  [benchmark.tsdb.DBWrapper] DataClientService-thread-1 insert one batch latency (device: d_11, sg: g_0) ,7.85, ms, throughput ,6367.227827434373, points/s
2026/06/17 11:50:26 INFO  [benchmark.tsdb.DBWrapper] DataClientService-thread-1 insert one batch latency (device: d_12, sg: g_0) ,1.36, ms, throughput ,36788.022996928936, points/s
2026/06/17 11:50:26 INFO  [benchmark.tsdb.DBWrapper] DataClientService-thread-1 insert one batch latency (device: d_13, sg: g_0) ,1.34, ms, throughput ,37322.62422835475, points/s
2026/06/17 11:50:26 INFO  [benchmark.tsdb.DBWrapper] DataClientService-thread-1 insert one batch latency (device: d_14, sg: g_0) ,1.34, ms, throughput ,37300.23857232591, points/s
2026/06/17 11:50:26 INFO  [benchmark.tsdb.DBWrapper] DataClientService-thread-1 insert one batch latency (device: d_15, sg: g_0) ,1.25, ms, throughput ,40041.51504279637, points/s
2026/06/17 11:50:26 INFO  [benchmark.tsdb.DBWrapper] DataClientService-thread-1 insert one batch latency (device: d_16, sg: g_0) ,1.35, ms, throughput ,36959.61349114596, points/s
2026/06/17 11:50:26 INFO  [benchmark.tsdb.DBWrapper] DataClientService-thread-1 insert one batch latency (device: d_17, sg: g_0) ,1.72, ms, throughput ,29049.90541350797, points/s
2026/06/17 11:50:26 INFO  [benchmark.tsdb.DBWrapper] DataClientService-thread-1 insert one batch latency (device: d_18, sg: g_0) ,1.57, ms, throughput ,31796.401283302755, points/s
2026/06/17 11:50:26 INFO  [benchmark.tsdb.DBWrapper] DataClientService-thread-1 insert one batch latency (device: d_19, sg: g_0) ,10.69, ms, throughput ,4678.231254327364, points/s
2026/06/17 11:50:26 INFO  [benchmark.tsdb.DBWrapper] DataClientService-thread-1 insert one batch latency (device: d_0, sg: g_0) ,1.18, ms, throughput ,42543.12596679253, points/s
2026/06/17 11:50:26 INFO  [benchmark.tsdb.DBWrapper] DataClientService-thread-1 insert one batch latency (device: d_1, sg: g_0) ,1.15, ms, throughput ,43660.07661470245, points/s
2026/06/17 11:50:26 INFO  [benchmark.tsdb.DBWrapper] DataClientService-thread-1 insert one batch latency (device: d_2, sg: g_0) ,1.16, ms, throughput ,43021.8921200242, points/s
2026/06/17 11:50:26 INFO  [benchmark.tsdb.DBWrapper] DataClientService-thread-1 insert one batch latency (device: d_3, sg: g_0) ,1.02, ms, throughput ,48978.16847118565, points/s
2026/06/17 11:50:26 INFO  [benchmark.tsdb.DBWrapper] DataClientService-thread-1 insert one batch latency (device: d_4, sg: g_0) ,1.14, ms, throughput ,43894.6878648746, points/s
2026/06/17 11:50:26 INFO  [benchmark.tsdb.DBWrapper] DataClientService-thread-1 insert one batch latency (device: d_5, sg: g_0) ,1.20, ms, throughput ,41524.790299808985, points/s
2026/06/17 11:50:26 INFO  [benchmark.tsdb.DBWrapper] DataClientService-thread-1 insert one batch latency (device: d_6, sg: g_0) ,1.39, ms, throughput ,36024.06695865374, points/s
2026/06/17 11:50:26 INFO  [benchmark.tsdb.DBWrapper] DataClientService-thread-1 insert one batch latency (device: d_7, sg: g_0) ,1.23, ms, throughput ,40737.080438624296, points/s
2026/06/17 11:50:26 INFO  [benchmark.tsdb.DBWrapper] DataClientService-thread-1 insert one batch latency (device: d_8, sg: g_0) ,1.13, ms, throughput ,44151.94272963205, points/s
2026/06/17 11:50:26 INFO  [benchmark.tsdb.DBWrapper] DataClientService-thread-1 insert one batch latency (device: d_9, sg: g_0) ,1.22, ms, throughput ,40937.03229440604, points/s
2026/06/17 11:50:26 INFO  [benchmark.tsdb.DBWrapper] DataClientService-thread-1 insert one batch latency (device: d_10, sg: g_0) ,2.68, ms, throughput ,18625.164832708768, points/s
2026/06/17 11:50:26 INFO  [benchmark.tsdb.DBWrapper] DataClientService-thread-1 insert one batch latency (device: d_11, sg: g_0) ,1.11, ms, throughput ,45033.604075361036, points/s
2026/06/17 11:50:26 INFO  [benchmark.tsdb.DBWrapper] DataClientService-thread-1 insert one batch latency (device: d_12, sg: g_0) ,1.24, ms, throughput ,40192.764498534976, points/s
2026/06/17 11:50:26 INFO  [benchmark.tsdb.DBWrapper] DataClientService-thread-1 insert one batch latency (device: d_13, sg: g_0) ,1.13, ms, throughput ,44076.16361071932, points/s
2026/06/17 11:50:26 INFO  [benchmark.tsdb.DBWrapper] DataClientService-thread-1 insert one batch latency (device: d_14, sg: g_0) ,1.01, ms, throughput ,49716.12094937904, points/s
2026/06/17 11:50:26 INFO  [benchmark.tsdb.DBWrapper] DataClientService-thread-1 insert one batch latency (device: d_15, sg: g_0) ,1.26, ms, throughput ,39714.56348928977, points/s
2026/06/17 11:50:26 INFO  [benchmark.tsdb.DBWrapper] DataClientService-thread-1 insert one batch latency (device: d_16, sg: g_0) ,1.13, ms, throughput ,44366.1628149443, points/s
2026/06/17 11:50:26 INFO  [benchmark.tsdb.DBWrapper] DataClientService-thread-1 insert one batch latency (device: d_17, sg: g_0) ,1.22, ms, throughput ,40947.35807645691, points/s
2026/06/17 11:50:26 INFO  [benchmark.tsdb.DBWrapper] DataClientService-thread-1 insert one batch latency (device: d_18, sg: g_0) ,1.17, ms, throughput ,42822.84787354584, points/s
2026/06/17 11:50:26 INFO  [benchmark.tsdb.DBWrapper] DataClientService-thread-1 insert one batch latency (device: d_19, sg: g_0) ,1.12, ms, throughput ,44792.43187071112, points/s
2026/06/17 11:50:26 INFO  [benchmark.tsdb.DBWrapper] DataClientService-thread-1 insert one batch latency (device: d_0, sg: g_0) ,1.03, ms, throughput ,48652.80386108651, points/s
2026/06/17 11:50:26 INFO  [benchmark.tsdb.DBWrapper] DataClientService-thread-1 insert one batch latency (device: d_1, sg: g_0) ,0.98, ms, throughput ,50766.47219723383, points/s
2026/06/17 11:50:26 INFO  [benchmark.tsdb.DBWrapper] DataClientService-thread-1 insert one batch latency (device: d_2, sg: g_0) ,14.18, ms, throughput ,3524.862618479445, points/s
2026/06/17 11:50:26 INFO  [benchmark.tsdb.DBWrapper] DataClientService-thread-1 insert one batch latency (device: d_3, sg: g_0) ,1.35, ms, throughput ,37023.59884190183, points/s
2026/06/17 11:50:26 INFO  [benchmark.tsdb.DBWrapper] DataClientService-thread-1 insert one batch latency (device: d_4, sg: g_0) ,1.25, ms, throughput ,40048.570906795765, points/s
2026/06/17 11:50:26 INFO  [benchmark.tsdb.DBWrapper] DataClientService-thread-1 insert one batch latency (device: d_5, sg: g_0) ,1.13, ms, throughput ,44061.90874426204, points/s
2026/06/17 11:50:26 INFO  [benchmark.tsdb.DBWrapper] DataClientService-thread-1 insert one batch latency (device: d_6, sg: g_0) ,1.16, ms, throughput ,42971.496147175654, points/s
2026/06/17 11:50:26 INFO  [benchmark.tsdb.DBWrapper] DataClientService-thread-1 insert one batch latency (device: d_7, sg: g_0) ,1.16, ms, throughput ,43093.19506738052, points/s
2026/06/17 11:50:26 INFO  [benchmark.tsdb.DBWrapper] DataClientService-thread-1 insert one batch latency (device: d_8, sg: g_0) ,1.40, ms, throughput ,35593.04056396461, points/s
2026/06/17 11:50:26 INFO  [benchmark.tsdb.DBWrapper] DataClientService-thread-1 insert one batch latency (device: d_9, sg: g_0) ,1.32, ms, throughput ,37947.35184405156, points/s
2026/06/17 11:50:26 INFO  [benchmark.tsdb.DBWrapper] DataClientService-thread-1 insert one batch latency (device: d_10, sg: g_0) ,1.35, ms, throughput ,36971.50162711579, points/s
2026/06/17 11:50:26 INFO  [benchmark.tsdb.DBWrapper] DataClientService-thread-1 insert one batch latency (device: d_11, sg: g_0) ,1.18, ms, throughput ,42289.87850963702, points/s
2026/06/17 11:50:26 INFO  [benchmark.tsdb.DBWrapper] DataClientService-thread-1 insert one batch latency (device: d_12, sg: g_0) ,1.26, ms, throughput ,39782.08962586536, points/s
2026/06/17 11:50:26 INFO  [benchmark.tsdb.DBWrapper] DataClientService-thread-1 insert one batch latency (device: d_13, sg: g_0) ,9.29, ms, throughput ,5379.334533283557, points/s
2026/06/17 11:50:26 INFO  [benchmark.tsdb.DBWrapper] DataClientService-thread-1 insert one batch latency (device: d_14, sg: g_0) ,1.33, ms, throughput ,37474.2645488211, points/s
2026/06/17 11:50:26 INFO  [benchmark.tsdb.DBWrapper] DataClientService-thread-1 insert one batch latency (device: d_15, sg: g_0) ,1.18, ms, throughput ,42225.414463555666, points/s
2026/06/17 11:50:26 INFO  [benchmark.tsdb.DBWrapper] DataClientService-thread-1 insert one batch latency (device: d_16, sg: g_0) ,1.24, ms, throughput ,40471.24720242504, points/s
2026/06/17 11:50:26 INFO  [benchmark.tsdb.DBWrapper] DataClientService-thread-1 insert one batch latency (device: d_17, sg: g_0) ,1.14, ms, throughput ,43761.14815249185, points/s
2026/06/17 11:50:26 INFO  [benchmark.tsdb.DBWrapper] DataClientService-thread-1 insert one batch latency (device: d_18, sg: g_0) ,1.08, ms, throughput ,46097.012083870744, points/s
2026/06/17 11:50:26 INFO  [benchmark.tsdb.DBWrapper] DataClientService-thread-1 insert one batch latency (device: d_19, sg: g_0) ,2.04, ms, throughput ,24458.15405506411, points/s
2026/06/17 11:50:26 INFO  [benchmark.tsdb.DBWrapper] DataClientService-thread-1 insert one batch latency (device: d_0, sg: g_0) ,1.13, ms, throughput ,44302.0085644643, points/s
2026/06/17 11:50:26 INFO  [benchmark.tsdb.DBWrapper] DataClientService-thread-1 insert one batch latency (device: d_1, sg: g_0) ,1.21, ms, throughput ,41447.9939585404, points/s
2026/06/17 11:50:26 INFO  [benchmark.tsdb.DBWrapper] DataClientService-thread-1 insert one batch latency (device: d_2, sg: g_0) ,1.32, ms, throughput ,37800.35214808061, points/s
2026/06/17 11:50:26 INFO  [benchmark.tsdb.DBWrapper] DataClientService-thread-1 insert one batch latency (device: d_3, sg: g_0) ,1.10, ms, throughput ,45656.596647710045, points/s
2026/06/17 11:50:26 INFO  [benchmark.tsdb.DBWrapper] DataClientService-thread-1 insert one batch latency (device: d_4, sg: g_0) ,1.23, ms, throughput ,40534.9971058012, points/s
2026/06/17 11:50:26 INFO  [benchmark.tsdb.DBWrapper] DataClientService-thread-1 insert one batch latency (device: d_5, sg: g_0) ,12.69, ms, throughput ,3939.925280105048, points/s
2026/06/17 11:50:26 INFO  [benchmark.tsdb.DBWrapper] DataClientService-thread-1 insert one batch latency (device: d_6, sg: g_0) ,2.17, ms, throughput ,22993.400434207375, points/s
2026/06/17 11:50:26 INFO  [benchmark.tsdb.DBWrapper] DataClientService-thread-1 insert one batch latency (device: d_7, sg: g_0) ,1.26, ms, throughput ,39818.36454827658, points/s
2026/06/17 11:50:26 INFO  [benchmark.tsdb.DBWrapper] DataClientService-thread-1 insert one batch latency (device: d_8, sg: g_0) ,1.23, ms, throughput ,40815.293653793255, points/s
2026/06/17 11:50:26 INFO  [benchmark.tsdb.DBWrapper] DataClientService-thread-1 insert one batch latency (device: d_9, sg: g_0) ,1.16, ms, throughput ,42991.59600281336, points/s
2026/06/17 11:50:26 INFO  [benchmark.tsdb.DBWrapper] DataClientService-thread-1 insert one batch latency (device: d_10, sg: g_0) ,1.10, ms, throughput ,45396.14949859953, points/s
2026/06/17 11:50:26 INFO  [benchmark.tsdb.DBWrapper] DataClientService-thread-1 insert one batch latency (device: d_11, sg: g_0) ,1.15, ms, throughput ,43425.847759399956, points/s
2026/06/17 11:50:26 INFO  [benchmark.tsdb.DBWrapper] DataClientService-thread-1 insert one batch latency (device: d_12, sg: g_0) ,1.20, ms, throughput ,41704.44394213759, points/s
2026/06/17 11:50:26 INFO  [benchmark.tsdb.DBWrapper] DataClientService-thread-1 insert one batch latency (device: d_13, sg: g_0) ,1.20, ms, throughput ,41813.15207610663, points/s
2026/06/17 11:50:26 INFO  [benchmark.tsdb.DBWrapper] DataClientService-thread-1 insert one batch latency (device: d_14, sg: g_0) ,1.21, ms, throughput ,41184.329527352165, points/s
2026/06/17 11:50:26 INFO  [benchmark.tsdb.DBWrapper] DataClientService-thread-1 insert one batch latency (device: d_15, sg: g_0) ,1.17, ms, throughput ,42756.165011433, points/s
2026/06/17 11:50:26 INFO  [benchmark.tsdb.DBWrapper] DataClientService-thread-1 insert one batch latency (device: d_16, sg: g_0) ,6.14, ms, throughput ,8146.6647310191265, points/s
2026/06/17 11:50:26 INFO  [benchmark.tsdb.DBWrapper] DataClientService-thread-1 insert one batch latency (device: d_17, sg: g_0) ,1.32, ms, throughput ,37996.11527717406, points/s
2026/06/17 11:50:26 INFO  [benchmark.tsdb.DBWrapper] DataClientService-thread-1 insert one batch latency (device: d_18, sg: g_0) ,1.37, ms, throughput ,36476.88714999515, points/s
2026/06/17 11:50:26 INFO  [benchmark.tsdb.DBWrapper] DataClientService-thread-1 insert one batch latency (device: d_19, sg: g_0) ,1.19, ms, throughput ,41970.04010657032, points/s
2026/06/17 11:50:26 INFO  [benchmark.tsdb.DBWrapper] DataClientService-thread-1 insert one batch latency (device: d_0, sg: g_0) ,1.25, ms, throughput ,39899.96281323466, points/s
2026/06/17 11:50:26 INFO  [benchmark.tsdb.DBWrapper] DataClientService-thread-1 insert one batch latency (device: d_1, sg: g_0) ,1.17, ms, throughput ,42793.41734537027, points/s
2026/06/17 11:50:26 INFO  [benchmark.tsdb.DBWrapper] DataClientService-thread-1 insert one batch latency (device: d_2, sg: g_0) ,1.14, ms, throughput ,43798.29309292159, points/s
2026/06/17 11:50:26 INFO  [benchmark.tsdb.DBWrapper] DataClientService-thread-1 insert one batch latency (device: d_3, sg: g_0) ,3.46, ms, throughput ,14461.46237199798, points/s
2026/06/17 11:50:26 INFO  [benchmark.tsdb.DBWrapper] DataClientService-thread-1 insert one batch latency (device: d_4, sg: g_0) ,1.29, ms, throughput ,38758.96882538619, points/s
2026/06/17 11:50:26 INFO  [benchmark.tsdb.DBWrapper] DataClientService-thread-1 insert one batch latency (device: d_5, sg: g_0) ,1.23, ms, throughput ,40738.47447449405, points/s
2026/06/17 11:50:26 INFO  [benchmark.tsdb.DBWrapper] DataClientService-thread-1 insert one batch latency (device: d_6, sg: g_0) ,1.29, ms, throughput ,38864.62440838326, points/s
2026/06/17 11:50:26 INFO  [benchmark.tsdb.DBWrapper] DataClientService-thread-1 insert one batch latency (device: d_7, sg: g_0) ,28.35, ms, throughput ,1763.8251525770493, points/s
2026/06/17 11:50:26 INFO  [benchmark.tsdb.DBWrapper] DataClientService-thread-1 insert one batch latency (device: d_8, sg: g_0) ,1.61, ms, throughput ,30966.11811220635, points/s
2026/06/17 11:50:26 INFO  [benchmark.tsdb.DBWrapper] DataClientService-thread-1 insert one batch latency (device: d_9, sg: g_0) ,1.35, ms, throughput ,36971.747669301025, points/s
2026/06/17 11:50:26 INFO  [benchmark.tsdb.DBWrapper] DataClientService-thread-1 insert one batch latency (device: d_10, sg: g_0) ,1.25, ms, throughput ,40130.601027985475, points/s
2026/06/17 11:50:26 INFO  [benchmark.tsdb.DBWrapper] DataClientService-thread-1 insert one batch latency (device: d_11, sg: g_0) ,1.15, ms, throughput ,43296.97830388418, points/s
2026/06/17 11:50:26 INFO  [benchmark.tsdb.DBWrapper] DataClientService-thread-1 insert one batch latency (device: d_12, sg: g_0) ,1.20, ms, throughput ,41615.548900766895, points/s
2026/06/17 11:50:26 INFO  [benchmark.tsdb.DBWrapper] DataClientService-thread-1 insert one batch latency (device: d_13, sg: g_0) ,1.33, ms, throughput ,37559.56007238479, points/s
2026/06/17 11:50:26 INFO  [benchmark.tsdb.DBWrapper] DataClientService-thread-1 insert one batch latency (device: d_14, sg: g_0) ,1.18, ms, throughput ,42441.50711489426, points/s
2026/06/17 11:50:26 INFO  [benchmark.tsdb.DBWrapper] DataClientService-thread-1 insert one batch latency (device: d_15, sg: g_0) ,1.10, ms, throughput ,45250.67061493851, points/s
2026/06/17 11:50:26 INFO  [benchmark.tsdb.DBWrapper] DataClientService-thread-1 insert one batch latency (device: d_16, sg: g_0) ,1.54, ms, throughput ,32398.94768217928, points/s
2026/06/17 11:50:26 INFO  [benchmark.tsdb.DBWrapper] DataClientService-thread-1 insert one batch latency (device: d_17, sg: g_0) ,1.15, ms, throughput ,43562.08948175925, points/s
2026/06/17 11:50:26 INFO  [benchmark.tsdb.DBWrapper] DataClientService-thread-1 insert one batch latency (device: d_18, sg: g_0) ,1.30, ms, throughput ,38434.25014393627, points/s
2026/06/17 11:50:26 INFO  [benchmark.tsdb.DBWrapper] DataClientService-thread-1 insert one batch latency (device: d_19, sg: g_0) ,1.29, ms, throughput ,38706.97042864873, points/s
2026/06/17 11:50:26 INFO  [benchmark.tsdb.DBWrapper] DataClientService-thread-1 insert one batch latency (device: d_0, sg: g_0) ,1.21, ms, throughput ,41485.30673406093, points/s
2026/06/17 11:50:26 INFO  [benchmark.tsdb.DBWrapper] DataClientService-thread-1 insert one batch latency (device: d_1, sg: g_0) ,1.17, ms, throughput ,42720.58346064067, points/s
2026/06/17 11:50:26 INFO  [benchmark.tsdb.DBWrapper] DataClientService-thread-1 insert one batch latency (device: d_2, sg: g_0) ,1.11, ms, throughput ,45070.260028358214, points/s
2026/06/17 11:50:26 INFO  [benchmark.tsdb.DBWrapper] DataClientService-thread-1 insert one batch latency (device: d_3, sg: g_0) ,1.04, ms, throughput ,47966.047712786974, points/s
2026/06/17 11:50:26 INFO  [benchmark.tsdb.DBWrapper] DataClientService-thread-1 insert one batch latency (device: d_4, sg: g_0) ,1.12, ms, throughput ,44569.75478612312, points/s
2026/06/17 11:50:26 INFO  [benchmark.tsdb.DBWrapper] DataClientService-thread-1 insert one batch latency (device: d_5, sg: g_0) ,1.11, ms, throughput ,45242.8909845396, points/s
2026/06/17 11:50:26 INFO  [benchmark.tsdb.DBWrapper] DataClientService-thread-1 insert one batch latency (device: d_6, sg: g_0) ,1.07, ms, throughput ,46737.79535949777, points/s
2026/06/17 11:50:26 INFO  [benchmark.tsdb.DBWrapper] DataClientService-thread-1 insert one batch latency (device: d_7, sg: g_0) ,1.05, ms, throughput ,47541.48707869923, points/s
2026/06/17 11:50:26 INFO  [benchmark.tsdb.DBWrapper] DataClientService-thread-1 insert one batch latency (device: d_8, sg: g_0) ,0.95, ms, throughput ,52828.26692644086, points/s
2026/06/17 11:50:26 INFO  [benchmark.tsdb.DBWrapper] DataClientService-thread-1 insert one batch latency (device: d_9, sg: g_0) ,0.92, ms, throughput ,54184.859233154195, points/s
2026/06/17 11:50:26 INFO  [benchmark.tsdb.DBWrapper] DataClientService-thread-1 insert one batch latency (device: d_10, sg: g_0) ,58.98, ms, throughput ,847.7650209676875, points/s
2026/06/17 11:50:26 INFO  [benchmark.tsdb.DBWrapper] DataClientService-thread-1 insert one batch latency (device: d_11, sg: g_0) ,1.62, ms, throughput ,30948.54185945029, points/s
2026/06/17 11:50:26 INFO  [benchmark.tsdb.DBWrapper] DataClientService-thread-1 insert one batch latency (device: d_12, sg: g_0) ,1.20, ms, throughput ,41740.33836387892, points/s
2026/06/17 11:50:26 INFO  [benchmark.tsdb.DBWrapper] DataClientService-thread-1 insert one batch latency (device: d_13, sg: g_0) ,1.17, ms, throughput ,42591.687124873715, points/s
2026/06/17 11:50:26 INFO  [benchmark.tsdb.DBWrapper] DataClientService-thread-1 insert one batch latency (device: d_14, sg: g_0) ,1.20, ms, throughput ,41503.006477789255, points/s
2026/06/17 11:50:26 INFO  [benchmark.tsdb.DBWrapper] DataClientService-thread-1 insert one batch latency (device: d_15, sg: g_0) ,1.09, ms, throughput ,46048.82649170569, points/s
2026/06/17 11:50:26 INFO  [benchmark.tsdb.DBWrapper] DataClientService-thread-1 insert one batch latency (device: d_16, sg: g_0) ,0.97, ms, throughput ,51574.83766819844, points/s
2026/06/17 11:50:26 INFO  [benchmark.tsdb.DBWrapper] DataClientService-thread-1 insert one batch latency (device: d_17, sg: g_0) ,1.24, ms, throughput ,40187.078889647084, points/s
2026/06/17 11:50:26 INFO  [benchmark.tsdb.DBWrapper] DataClientService-thread-1 insert one batch latency (device: d_18, sg: g_0) ,1.10, ms, throughput ,45496.77473363913, points/s
2026/06/17 11:50:26 INFO  [benchmark.tsdb.DBWrapper] DataClientService-thread-1 insert one batch latency (device: d_19, sg: g_0) ,1.15, ms, throughput ,43497.248364068495, points/s
2026/06/17 11:50:26 INFO  [benchmark.tsdb.DBWrapper] DataClientService-thread-1 insert one batch latency (device: d_0, sg: g_0) ,4.65, ms, throughput ,10745.115753908482, points/s
2026/06/17 11:50:26 INFO  [benchmark.tsdb.DBWrapper] DataClientService-thread-1 insert one batch latency (device: d_1, sg: g_0) ,200.61, ms, throughput ,249.23721076264698, points/s
2026/06/17 11:50:26 INFO  [benchmark.tsdb.DBWrapper] DataClientService-thread-1 insert one batch latency (device: d_2, sg: g_0) ,1.48, ms, throughput ,33854.83318369497, points/s
2026/06/17 11:50:26 INFO  [benchmark.tsdb.DBWrapper] DataClientService-thread-1 insert one batch latency (device: d_3, sg: g_0) ,1.14, ms, throughput ,44001.18627198189, points/s
2026/06/17 11:50:26 INFO  [benchmark.tsdb.DBWrapper] DataClientService-thread-1 insert one batch latency (device: d_4, sg: g_0) ,1.13, ms, throughput ,44434.29367691114, points/s
2026/06/17 11:50:26 INFO  [benchmark.tsdb.DBWrapper] DataClientService-thread-1 insert one batch latency (device: d_5, sg: g_0) ,1.02, ms, throughput ,48783.72418853153, points/s
2026/06/17 11:50:26 INFO  [benchmark.tsdb.DBWrapper] DataClientService-thread-1 insert one batch latency (device: d_6, sg: g_0) ,0.86, ms, throughput ,57956.90324674572, points/s
2026/06/17 11:50:26 INFO  [benchmark.tsdb.DBWrapper] DataClientService-thread-1 insert one batch latency (device: d_7, sg: g_0) ,0.92, ms, throughput ,54353.67501502879, points/s
2026/06/17 11:50:26 INFO  [benchmark.tsdb.DBWrapper] DataClientService-thread-1 insert one batch latency (device: d_8, sg: g_0) ,1.20, ms, throughput ,41702.14824446467, points/s
2026/06/17 11:50:26 INFO  [benchmark.tsdb.DBWrapper] DataClientService-thread-1 insert one batch latency (device: d_9, sg: g_0) ,1.01, ms, throughput ,49614.93846259183, points/s
2026/06/17 11:50:26 INFO  [benchmark.tsdb.DBWrapper] DataClientService-thread-1 insert one batch latency (device: d_10, sg: g_0) ,0.98, ms, throughput ,51229.35072945473, points/s
2026/06/17 11:50:26 INFO  [benchmark.tsdb.DBWrapper] DataClientService-thread-1 insert one batch latency (device: d_11, sg: g_0) ,1.12, ms, throughput ,44512.02358781154, points/s
2026/06/17 11:50:26 INFO  [benchmark.tsdb.DBWrapper] DataClientService-thread-1 insert one batch latency (device: d_12, sg: g_0) ,1.12, ms, throughput ,44582.94880539989, points/s
2026/06/17 11:50:26 INFO  [benchmark.tsdb.DBWrapper] DataClientService-thread-1 insert one batch latency (device: d_13, sg: g_0) ,1.30, ms, throughput ,38534.81389226283, points/s
2026/06/17 11:50:26 INFO  [benchmark.tsdb.DBWrapper] DataClientService-thread-1 insert one batch latency (device: d_14, sg: g_0) ,1.13, ms, throughput ,44239.84009952194, points/s
2026/06/17 11:50:26 INFO  [benchmark.tsdb.DBWrapper] DataClientService-thread-1 insert one batch latency (device: d_15, sg: g_0) ,1.18, ms, throughput ,42345.177561798555, points/s
2026/06/17 11:50:26 INFO  [benchmark.tsdb.DBWrapper] DataClientService-thread-1 insert one batch latency (device: d_16, sg: g_0) ,1.28, ms, throughput ,39009.74541459948, points/s
2026/06/17 11:50:26 INFO  [benchmark.tsdb.DBWrapper] DataClientService-thread-1 insert one batch latency (device: d_17, sg: g_0) ,1.29, ms, throughput ,38892.79977597747, points/s
2026/06/17 11:50:26 INFO  [benchmark.tsdb.DBWrapper] DataClientService-thread-1 insert one batch latency (device: d_18, sg: g_0) ,1.29, ms, throughput ,38901.69619175736, points/s
2026/06/17 11:50:26 INFO  [benchmark.tsdb.DBWrapper] DataClientService-thread-1 insert one batch latency (device: d_19, sg: g_0) ,1.44, ms, throughput ,34684.09380521274, points/s
2026/06/17 11:50:26 INFO  [benchmark.tsdb.DBWrapper] DataClientService-thread-1 insert one batch latency (device: d_0, sg: g_0) ,1.30, ms, throughput ,38443.026665621015, points/s
2026/06/17 11:50:26 INFO  [benchmark.tsdb.DBWrapper] DataClientService-thread-1 insert one batch latency (device: d_1, sg: g_0) ,1.20, ms, throughput ,41687.64945022328, points/s
2026/06/17 11:50:26 INFO  [benchmark.tsdb.DBWrapper] DataClientService-thread-1 insert one batch latency (device: d_2, sg: g_0) ,1.20, ms, throughput ,41549.77330443685, points/s
2026/06/17 11:50:26 INFO  [benchmark.tsdb.DBWrapper] DataClientService-thread-1 insert one batch latency (device: d_3, sg: g_0) ,1.08, ms, throughput ,46167.32701333405, points/s
2026/06/17 11:50:26 INFO  [benchmark.tsdb.DBWrapper] DataClientService-thread-1 insert one batch latency (device: d_4, sg: g_0) ,1.06, ms, throughput ,47213.72899697266, points/s
2026/06/17 11:50:26 INFO  [benchmark.tsdb.DBWrapper] DataClientService-thread-1 insert one batch latency (device: d_5, sg: g_0) ,1.24, ms, throughput ,40202.29796335158, points/s
2026/06/17 11:50:26 INFO  [benchmark.tsdb.DBWrapper] DataClientService-thread-1 insert one batch latency (device: d_6, sg: g_0) ,0.95, ms, throughput ,52489.96654289532, points/s
2026/06/17 11:50:26 INFO  [benchmark.tsdb.DBWrapper] DataClientService-thread-1 insert one batch latency (device: d_7, sg: g_0) ,0.87, ms, throughput ,57188.01933870062, points/s
2026/06/17 11:50:26 INFO  [benchmark.tsdb.DBWrapper] DataClientService-thread-1 insert one batch latency (device: d_8, sg: g_0) ,1.36, ms, throughput ,36776.00909691361, points/s
2026/06/17 11:50:26 INFO  [benchmark.tsdb.DBWrapper] DataClientService-thread-1 insert one batch latency (device: d_9, sg: g_0) ,1.11, ms, throughput ,45195.73822266856, points/s
2026/06/17 11:50:26 INFO  [benchmark.tsdb.DBWrapper] DataClientService-thread-1 insert one batch latency (device: d_10, sg: g_0) ,1.15, ms, throughput ,43330.40997500702, points/s
2026/06/17 11:50:26 INFO  [benchmark.tsdb.DBWrapper] DataClientService-thread-1 insert one batch latency (device: d_11, sg: g_0) ,1.38, ms, throughput ,36304.94117510381, points/s
2026/06/17 11:50:26 INFO  [benchmark.tsdb.DBWrapper] DataClientService-thread-1 insert one batch latency (device: d_12, sg: g_0) ,1.35, ms, throughput ,37144.70164261299, points/s
2026/06/17 11:50:26 INFO  [benchmark.tsdb.DBWrapper] DataClientService-thread-1 insert one batch latency (device: d_13, sg: g_0) ,1.51, ms, throughput ,33051.55778602157, points/s
2026/06/17 11:50:26 INFO  [benchmark.tsdb.DBWrapper] DataClientService-thread-1 insert one batch latency (device: d_14, sg: g_0) ,1.70, ms, throughput ,29329.33203032888, points/s
2026/06/17 11:50:26 INFO  [benchmark.tsdb.DBWrapper] DataClientService-thread-1 insert one batch latency (device: d_15, sg: g_0) ,2.33, ms, throughput ,21504.41442619341, points/s
2026/06/17 11:50:26 INFO  [benchmark.tsdb.DBWrapper] DataClientService-thread-1 insert one batch latency (device: d_16, sg: g_0) ,2.20, ms, throughput ,22761.528828159106, points/s
2026/06/17 11:50:26 INFO  [benchmark.tsdb.DBWrapper] DataClientService-thread-1 insert one batch latency (device: d_17, sg: g_0) ,2.26, ms, throughput ,22138.548348818513, points/s
2026/06/17 11:50:26 INFO  [benchmark.tsdb.DBWrapper] DataClientService-thread-1 insert one batch latency (device: d_18, sg: g_0) ,1.73, ms, throughput ,28836.310682411295, points/s
2026/06/17 11:50:26 INFO  [benchmark.tsdb.DBWrapper] DataClientService-thread-1 insert one batch latency (device: d_19, sg: g_0) ,1.90, ms, throughput ,26294.781327339526, points/s
2026/06/17 11:50:26 INFO  [benchmark.tsdb.DBWrapper] DataClientService-thread-1 insert one batch latency (device: d_0, sg: g_0) ,1.74, ms, throughput ,28658.82981412456, points/s
2026/06/17 11:50:26 INFO  [benchmark.tsdb.DBWrapper] DataClientService-thread-1 insert one batch latency (device: d_1, sg: g_0) ,2.02, ms, throughput ,24786.36630878459, points/s
2026/06/17 11:50:26 INFO  [benchmark.tsdb.DBWrapper] DataClientService-thread-1 insert one batch latency (device: d_2, sg: g_0) ,2.25, ms, throughput ,22221.590141435976, points/s
2026/06/17 11:50:26 INFO  [benchmark.tsdb.DBWrapper] DataClientService-thread-1 insert one batch latency (device: d_3, sg: g_0) ,2.43, ms, throughput ,20537.819778988414, points/s
2026/06/17 11:50:26 INFO  [benchmark.tsdb.DBWrapper] DataClientService-thread-1 insert one batch latency (device: d_4, sg: g_0) ,2.38, ms, throughput ,21034.802922827937, points/s
2026/06/17 11:50:26 INFO  [benchmark.tsdb.DBWrapper] DataClientService-thread-1 insert one batch latency (device: d_5, sg: g_0) ,2.11, ms, throughput ,23672.830124717937, points/s
2026/06/17 11:50:26 INFO  [benchmark.tsdb.DBWrapper] DataClientService-thread-1 insert one batch latency (device: d_6, sg: g_0) ,1.53, ms, throughput ,32774.78543986712, points/s
2026/06/17 11:50:26 INFO  [benchmark.tsdb.DBWrapper] DataClientService-thread-1 insert one batch latency (device: d_7, sg: g_0) ,1.35, ms, throughput ,37101.78652522476, points/s
2026/06/17 11:50:26 INFO  [benchmark.tsdb.DBWrapper] DataClientService-thread-1 insert one batch latency (device: d_8, sg: g_0) ,1.48, ms, throughput ,33847.84311389326, points/s
2026/06/17 11:50:26 INFO  [benchmark.tsdb.DBWrapper] DataClientService-thread-1 insert one batch latency (device: d_9, sg: g_0) ,1.91, ms, throughput ,26216.649145206156, points/s
2026/06/17 11:50:26 INFO  [benchmark.tsdb.DBWrapper] DataClientService-thread-1 insert one batch latency (device: d_10, sg: g_0) ,3.25, ms, throughput ,15390.307430625111, points/s
2026/06/17 11:50:26 INFO  [benchmark.tsdb.DBWrapper] DataClientService-thread-1 insert one batch latency (device: d_11, sg: g_0) ,2.16, ms, throughput ,23112.60182256733, points/s
2026/06/17 11:50:26 INFO  [benchmark.tsdb.DBWrapper] DataClientService-thread-1 insert one batch latency (device: d_12, sg: g_0) ,1.18, ms, throughput ,42497.998344277985, points/s
2026/06/17 11:50:26 INFO  [benchmark.tsdb.DBWrapper] DataClientService-thread-1 insert one batch latency (device: d_13, sg: g_0) ,1.31, ms, throughput ,38200.6573569118, points/s
2026/06/17 11:50:26 INFO  [benchmark.tsdb.DBWrapper] DataClientService-thread-1 insert one batch latency (device: d_14, sg: g_0) ,1.22, ms, throughput ,41080.6849300437, points/s
2026/06/17 11:50:26 INFO  [benchmark.tsdb.DBWrapper] DataClientService-thread-1 insert one batch latency (device: d_15, sg: g_0) ,1.08, ms, throughput ,46245.640192270876, points/s
2026/06/17 11:50:26 INFO  [benchmark.tsdb.DBWrapper] DataClientService-thread-1 insert one batch latency (device: d_16, sg: g_0) ,1.12, ms, throughput ,44697.451887662784, points/s
2026/06/17 11:50:26 INFO  [benchmark.tsdb.DBWrapper] DataClientService-thread-1 insert one batch latency (device: d_17, sg: g_0) ,1.18, ms, throughput ,42377.58598624085, points/s
2026/06/17 11:50:26 INFO  [benchmark.tsdb.DBWrapper] DataClientService-thread-1 insert one batch latency (device: d_18, sg: g_0) ,0.95, ms, throughput ,52734.16076747188, points/s
2026/06/17 11:50:26 INFO  [benchmark.tsdb.DBWrapper] DataClientService-thread-1 insert one batch latency (device: d_19, sg: g_0) ,1.25, ms, throughput ,40137.65610537901, points/s
2026/06/17 11:50:26 INFO  [benchmark.tsdb.DBWrapper] DataClientService-thread-1 insert one batch latency (device: d_0, sg: g_0) ,1.09, ms, throughput ,45703.922676275455, points/s
2026/06/17 11:50:26 INFO  [benchmark.tsdb.DBWrapper] DataClientService-thread-1 insert one batch latency (device: d_1, sg: g_0) ,1.08, ms, throughput ,46441.29634376962, points/s
2026/06/17 11:50:26 INFO  [benchmark.tsdb.DBWrapper] DataClientService-thread-1 insert one batch latency (device: d_2, sg: g_0) ,1.04, ms, throughput ,48058.62383169485, points/s
2026/06/17 11:50:26 INFO  [benchmark.tsdb.DBWrapper] DataClientService-thread-1 insert one batch latency (device: d_3, sg: g_0) ,1.22, ms, throughput ,40929.89445817415, points/s
2026/06/17 11:50:26 INFO  [benchmark.tsdb.DBWrapper] DataClientService-thread-1 insert one batch latency (device: d_4, sg: g_0) ,1.17, ms, throughput ,42563.334241351135, points/s
2026/06/17 11:50:26 INFO  [benchmark.tsdb.DBWrapper] DataClientService-thread-1 insert one batch latency (device: d_5, sg: g_0) ,1.11, ms, throughput ,45175.15763871258, points/s
2026/06/17 11:50:26 INFO  [benchmark.tsdb.DBWrapper] DataClientService-thread-1 insert one batch latency (device: d_6, sg: g_0) ,0.99, ms, throughput ,50448.02894506109, points/s
2026/06/17 11:50:26 INFO  [benchmark.tsdb.DBWrapper] DataClientService-thread-1 insert one batch latency (device: d_7, sg: g_0) ,0.94, ms, throughput ,53268.04801368776, points/s
2026/06/17 11:50:26 INFO  [benchmark.tsdb.DBWrapper] DataClientService-thread-1 insert one batch latency (device: d_8, sg: g_0) ,0.97, ms, throughput ,51399.50574235278, points/s
2026/06/17 11:50:26 INFO  [benchmark.tsdb.DBWrapper] DataClientService-thread-1 insert one batch latency (device: d_9, sg: g_0) ,0.96, ms, throughput ,52186.401476248924, points/s
2026/06/17 11:50:26 INFO  [benchmark.tsdb.DBWrapper] DataClientService-thread-1 insert one batch latency (device: d_10, sg: g_0) ,1.12, ms, throughput ,44515.11466203235, points/s
2026/06/17 11:50:26 INFO  [benchmark.tsdb.DBWrapper] DataClientService-thread-1 insert one batch latency (device: d_11, sg: g_0) ,1.28, ms, throughput ,39119.835008183865, points/s
2026/06/17 11:50:26 INFO  [benchmark.tsdb.DBWrapper] DataClientService-thread-1 insert one batch latency (device: d_12, sg: g_0) ,1.06, ms, throughput ,47194.78894018438, points/s
2026/06/17 11:50:26 INFO  [benchmark.tsdb.DBWrapper] DataClientService-thread-1 insert one batch latency (device: d_13, sg: g_0) ,1.12, ms, throughput ,44580.921505479884, points/s
2026/06/17 11:50:26 INFO  [benchmark.tsdb.DBWrapper] DataClientService-thread-1 insert one batch latency (device: d_14, sg: g_0) ,1.07, ms, throughput ,46673.18224290777, points/s
2026/06/17 11:50:26 INFO  [benchmark.tsdb.DBWrapper] DataClientService-thread-1 insert one batch latency (device: d_15, sg: g_0) ,0.94, ms, throughput ,53206.60230086631, points/s
2026/06/17 11:50:26 INFO  [benchmark.tsdb.DBWrapper] DataClientService-thread-1 insert one batch latency (device: d_16, sg: g_0) ,0.93, ms, throughput ,53563.872239451935, points/s
2026/06/17 11:50:26 INFO  [benchmark.tsdb.DBWrapper] DataClientService-thread-1 insert one batch latency (device: d_17, sg: g_0) ,0.92, ms, throughput ,54174.40909263282, points/s
2026/06/17 11:50:26 INFO  [benchmark.tsdb.DBWrapper] DataClientService-thread-1 insert one batch latency (device: d_18, sg: g_0) ,1.15, ms, throughput ,43493.84301158328, points/s
2026/06/17 11:50:26 INFO  [benchmark.tsdb.DBWrapper] DataClientService-thread-1 insert one batch latency (device: d_19, sg: g_0) ,1.18, ms, throughput ,42258.104047903784, points/s
2026/06/17 11:50:26 INFO  [benchmark.tsdb.DBWrapper] DataClientService-thread-1 insert one batch latency (device: d_0, sg: g_0) ,1.13, ms, throughput ,44374.98280469417, points/s
2026/06/17 11:50:26 INFO  [benchmark.tsdb.DBWrapper] DataClientService-thread-1 insert one batch latency (device: d_1, sg: g_0) ,1.10, ms, throughput ,45309.43170192193, points/s
2026/06/17 11:50:26 INFO  [benchmark.tsdb.DBWrapper] DataClientService-thread-1 insert one batch latency (device: d_2, sg: g_0) ,1.18, ms, throughput ,42302.58020357694, points/s
2026/06/17 11:50:26 INFO  [benchmark.tsdb.DBWrapper] DataClientService-thread-1 insert one batch latency (device: d_3, sg: g_0) ,1.01, ms, throughput ,49731.004993987524, points/s
2026/06/17 11:50:26 INFO  [benchmark.tsdb.DBWrapper] DataClientService-thread-1 insert one batch latency (device: d_4, sg: g_0) ,0.90, ms, throughput ,55524.15356204102, points/s
2026/06/17 11:50:26 INFO  [benchmark.tsdb.DBWrapper] DataClientService-thread-1 insert one batch latency (device: d_5, sg: g_0) ,1.11, ms, throughput ,45224.68073636634, points/s
2026/06/17 11:50:26 INFO  [benchmark.tsdb.DBWrapper] DataClientService-thread-1 insert one batch latency (device: d_6, sg: g_0) ,1.05, ms, throughput ,47748.423108326846, points/s
2026/06/17 11:50:26 INFO  [benchmark.tsdb.DBWrapper] DataClientService-thread-1 insert one batch latency (device: d_7, sg: g_0) ,0.92, ms, throughput ,54267.1332193, points/s
2026/06/17 11:50:26 INFO  [benchmark.tsdb.DBWrapper] DataClientService-thread-1 insert one batch latency (device: d_8, sg: g_0) ,1.00, ms, throughput ,50106.22519741853, points/s
2026/06/17 11:50:26 INFO  [benchmark.tsdb.DBWrapper] DataClientService-thread-1 insert one batch latency (device: d_9, sg: g_0) ,1.10, ms, throughput ,45557.00730552169, points/s
2026/06/17 11:50:26 INFO  [benchmark.tsdb.DBWrapper] DataClientService-thread-1 insert one batch latency (device: d_10, sg: g_0) ,1.09, ms, throughput ,45780.71221969614, points/s
2026/06/17 11:50:26 INFO  [benchmark.tsdb.DBWrapper] DataClientService-thread-1 insert one batch latency (device: d_11, sg: g_0) ,1.10, ms, throughput ,45497.68553273695, points/s
2026/06/17 11:50:26 INFO  [benchmark.tsdb.DBWrapper] DataClientService-thread-1 insert one batch latency (device: d_12, sg: g_0) ,1.11, ms, throughput ,45163.854463995376, points/s
2026/06/17 11:50:26 INFO  [benchmark.tsdb.DBWrapper] DataClientService-thread-1 insert one batch latency (device: d_13, sg: g_0) ,1.02, ms, throughput ,48819.54343962975, points/s
2026/06/17 11:50:26 INFO  [benchmark.tsdb.DBWrapper] DataClientService-thread-1 insert one batch latency (device: d_14, sg: g_0) ,1.25, ms, throughput ,40087.165532734376, points/s
2026/06/17 11:50:26 INFO  [benchmark.tsdb.DBWrapper] DataClientService-thread-1 insert one batch latency (device: d_15, sg: g_0) ,1.12, ms, throughput ,44789.94412006572, points/s
2026/06/17 11:50:26 INFO  [benchmark.tsdb.DBWrapper] DataClientService-thread-1 insert one batch latency (device: d_16, sg: g_0) ,1.18, ms, throughput ,42468.47140682757, points/s
2026/06/17 11:50:26 INFO  [benchmark.tsdb.DBWrapper] DataClientService-thread-1 insert one batch latency (device: d_17, sg: g_0) ,1.28, ms, throughput ,39086.62377561151, points/s
2026/06/17 11:50:26 INFO  [benchmark.tsdb.DBWrapper] DataClientService-thread-1 insert one batch latency (device: d_18, sg: g_0) ,1.21, ms, throughput ,41197.258240069605, points/s
2026/06/17 11:50:26 INFO  [benchmark.tsdb.DBWrapper] DataClientService-thread-1 insert one batch latency (device: d_19, sg: g_0) ,1.17, ms, throughput ,42600.541538084035, points/s
2026/06/17 11:50:26 INFO  [benchmark.tsdb.DBWrapper] DataClientService-thread-1 insert one batch latency (device: d_0, sg: g_0) ,1.22, ms, throughput ,40919.711434194964, points/s
2026/06/17 11:50:26 INFO  [benchmark.tsdb.DBWrapper] DataClientService-thread-1 insert one batch latency (device: d_1, sg: g_0) ,1.09, ms, throughput ,45689.93167527617, points/s
2026/06/17 11:50:26 INFO  [benchmark.tsdb.DBWrapper] DataClientService-thread-1 insert one batch latency (device: d_2, sg: g_0) ,1.05, ms, throughput ,47735.70458854687, points/s
2026/06/17 11:50:26 INFO  [benchmark.tsdb.DBWrapper] DataClientService-thread-1 insert one batch latency (device: d_3, sg: g_0) ,0.97, ms, throughput ,51799.13951269442, points/s
2026/06/17 11:50:26 INFO  [benchmark.tsdb.DBWrapper] DataClientService-thread-1 insert one batch latency (device: d_4, sg: g_0) ,1.18, ms, throughput ,42328.472331570774, points/s
2026/06/17 11:50:26 INFO  [benchmark.tsdb.DBWrapper] DataClientService-thread-1 insert one batch latency (device: d_5, sg: g_0) ,1.27, ms, throughput ,39512.10453322375, points/s
2026/06/17 11:50:26 INFO  [benchmark.tsdb.DBWrapper] DataClientService-thread-1 insert one batch latency (device: d_6, sg: g_0) ,1.16, ms, throughput ,43150.43016663833, points/s
2026/06/17 11:50:26 INFO  [benchmark.tsdb.DBWrapper] DataClientService-thread-1 insert one batch latency (device: d_7, sg: g_0) ,0.97, ms, throughput ,51534.119194294966, points/s
2026/06/17 11:50:26 INFO  [benchmark.tsdb.DBWrapper] DataClientService-thread-1 insert one batch latency (device: d_8, sg: g_0) ,0.89, ms, throughput ,56029.565681218664, points/s
2026/06/17 11:50:26 INFO  [benchmark.tsdb.DBWrapper] DataClientService-thread-1 insert one batch latency (device: d_9, sg: g_0) ,0.97, ms, throughput ,51339.815156129516, points/s
2026/06/17 11:50:26 INFO  [benchmark.tsdb.DBWrapper] DataClientService-thread-1 insert one batch latency (device: d_10, sg: g_0) ,1.08, ms, throughput ,46351.875628647314, points/s
2026/06/17 11:50:26 INFO  [benchmark.tsdb.DBWrapper] DataClientService-thread-1 insert one batch latency (device: d_11, sg: g_0) ,0.97, ms, throughput ,51391.31712862322, points/s
2026/06/17 11:50:26 INFO  [benchmark.tsdb.DBWrapper] DataClientService-thread-1 insert one batch latency (device: d_12, sg: g_0) ,0.98, ms, throughput ,51191.691383721656, points/s
2026/06/17 11:50:26 INFO  [benchmark.tsdb.DBWrapper] DataClientService-thread-1 insert one batch latency (device: d_13, sg: g_0) ,1.15, ms, throughput ,43339.386400967334, points/s
2026/06/17 11:50:26 INFO  [benchmark.tsdb.DBWrapper] DataClientService-thread-1 insert one batch latency (device: d_14, sg: g_0) ,0.96, ms, throughput ,51862.21661188288, points/s
2026/06/17 11:50:26 INFO  [benchmark.tsdb.DBWrapper] DataClientService-thread-1 insert one batch latency (device: d_15, sg: g_0) ,0.97, ms, throughput ,51718.4489016553, points/s
2026/06/17 11:50:26 INFO  [benchmark.tsdb.DBWrapper] DataClientService-thread-1 insert one batch latency (device: d_16, sg: g_0) ,1.10, ms, throughput ,45360.772366943245, points/s
2026/06/17 11:50:26 INFO  [benchmark.tsdb.DBWrapper] DataClientService-thread-1 insert one batch latency (device: d_17, sg: g_0) ,1.22, ms, throughput ,41031.16234717944, points/s
2026/06/17 11:50:26 INFO  [benchmark.tsdb.DBWrapper] DataClientService-thread-1 insert one batch latency (device: d_18, sg: g_0) ,1.14, ms, throughput ,43701.97699003508, points/s
2026/06/17 11:50:26 INFO  [benchmark.tsdb.DBWrapper] DataClientService-thread-1 insert one batch latency (device: d_19, sg: g_0) ,1.22, ms, throughput ,40997.249904476404, points/s
2026/06/17 11:50:26 INFO  [benchmark.tsdb.DBWrapper] DataClientService-thread-1 insert one batch latency (device: d_0, sg: g_0) ,0.94, ms, throughput ,53226.02965754373, points/s
2026/06/17 11:50:26 INFO  [benchmark.tsdb.DBWrapper] DataClientService-thread-1 insert one batch latency (device: d_1, sg: g_0) ,0.99, ms, throughput ,50637.42389195189, points/s
2026/06/17 11:50:26 INFO  [benchmark.tsdb.DBWrapper] DataClientService-thread-1 insert one batch latency (device: d_2, sg: g_0) ,1.19, ms, throughput ,42172.13484624462, points/s
2026/06/17 11:50:26 INFO  [benchmark.tsdb.DBWrapper] DataClientService-thread-1 insert one batch latency (device: d_3, sg: g_0) ,1.01, ms, throughput ,49409.702286779844, points/s
2026/06/17 11:50:26 INFO  [benchmark.tsdb.DBWrapper] DataClientService-thread-1 insert one batch latency (device: d_4, sg: g_0) ,0.97, ms, throughput ,51799.51515653813, points/s
2026/06/17 11:50:26 INFO  [benchmark.tsdb.DBWrapper] DataClientService-thread-1 insert one batch latency (device: d_5, sg: g_0) ,1.12, ms, throughput ,44688.74290566207, points/s
2026/06/17 11:50:26 INFO  [benchmark.tsdb.DBWrapper] DataClientService-thread-1 insert one batch latency (device: d_6, sg: g_0) ,0.92, ms, throughput ,54604.28818395966, points/s
2026/06/17 11:50:26 INFO  [benchmark.tsdb.DBWrapper] DataClientService-thread-1 insert one batch latency (device: d_7, sg: g_0) ,0.95, ms, throughput ,52906.52580833236, points/s
2026/06/17 11:50:26 INFO  [benchmark.tsdb.DBWrapper] DataClientService-thread-1 insert one batch latency (device: d_8, sg: g_0) ,1.03, ms, throughput ,48562.076902904984, points/s
2026/06/17 11:50:26 INFO  [benchmark.tsdb.DBWrapper] DataClientService-thread-1 insert one batch latency (device: d_9, sg: g_0) ,0.89, ms, throughput ,55908.58722354601, points/s
2026/06/17 11:50:26 INFO  [benchmark.tsdb.DBWrapper] DataClientService-thread-1 insert one batch latency (device: d_10, sg: g_0) ,0.81, ms, throughput ,61382.00353314812, points/s
2026/06/17 11:50:26 INFO  [benchmark.tsdb.DBWrapper] DataClientService-thread-1 insert one batch latency (device: d_11, sg: g_0) ,0.86, ms, throughput ,57900.12460106814, points/s
2026/06/17 11:50:26 INFO  [benchmark.tsdb.DBWrapper] DataClientService-thread-1 insert one batch latency (device: d_12, sg: g_0) ,0.96, ms, throughput ,52106.6184784659, points/s
2026/06/17 11:50:26 INFO  [benchmark.tsdb.DBWrapper] DataClientService-thread-1 insert one batch latency (device: d_13, sg: g_0) ,0.88, ms, throughput ,56752.91596482227, points/s
2026/06/17 11:50:26 INFO  [benchmark.tsdb.DBWrapper] DataClientService-thread-1 insert one batch latency (device: d_14, sg: g_0) ,0.83, ms, throughput ,60261.220337920815, points/s
2026/06/17 11:50:26 INFO  [benchmark.tsdb.DBWrapper] DataClientService-thread-1 insert one batch latency (device: d_15, sg: g_0) ,1.04, ms, throughput ,47922.92460190426, points/s
2026/06/17 11:50:26 INFO  [benchmark.tsdb.DBWrapper] DataClientService-thread-1 insert one batch latency (device: d_16, sg: g_0) ,1.06, ms, throughput ,47183.5657753062, points/s
2026/06/17 11:50:26 INFO  [benchmark.tsdb.DBWrapper] DataClientService-thread-1 insert one batch latency (device: d_17, sg: g_0) ,0.85, ms, throughput ,58979.65202005308, points/s
2026/06/17 11:50:26 INFO  [benchmark.tsdb.DBWrapper] DataClientService-thread-1 insert one batch latency (device: d_18, sg: g_0) ,1.09, ms, throughput ,45765.08234053615, points/s
2026/06/17 11:50:26 INFO  [benchmark.tsdb.DBWrapper] DataClientService-thread-1 insert one batch latency (device: d_19, sg: g_0) ,1.34, ms, throughput ,37307.61396170299, points/s
2026/06/17 11:50:26 INFO  [benchmark.tsdb.DBWrapper] DataClientService-thread-1 insert one batch latency (device: d_0, sg: g_0) ,1.24, ms, throughput ,40333.802549903, points/s
2026/06/17 11:50:26 INFO  [benchmark.tsdb.DBWrapper] DataClientService-thread-1 insert one batch latency (device: d_1, sg: g_0) ,1.05, ms, throughput ,47694.90523022331, points/s
2026/06/17 11:50:26 INFO  [benchmark.tsdb.DBWrapper] DataClientService-thread-1 insert one batch latency (device: d_2, sg: g_0) ,1.15, ms, throughput ,43512.80625400862, points/s
2026/06/17 11:50:26 INFO  [benchmark.tsdb.DBWrapper] DataClientService-thread-1 insert one batch latency (device: d_3, sg: g_0) ,1.06, ms, throughput ,47338.084814699796, points/s
2026/06/17 11:50:26 INFO  [benchmark.tsdb.DBWrapper] DataClientService-thread-1 insert one batch latency (device: d_4, sg: g_0) ,1.11, ms, throughput ,44926.01135190455, points/s
2026/06/17 11:50:26 INFO  [benchmark.tsdb.DBWrapper] DataClientService-thread-1 insert one batch latency (device: d_5, sg: g_0) ,0.89, ms, throughput ,56494.8770445496, points/s
2026/06/17 11:50:26 INFO  [benchmark.tsdb.DBWrapper] DataClientService-thread-1 insert one batch latency (device: d_6, sg: g_0) ,1.12, ms, throughput ,44801.98419027581, points/s
2026/06/17 11:50:26 INFO  [benchmark.tsdb.DBWrapper] DataClientService-thread-1 insert one batch latency (device: d_7, sg: g_0) ,1.15, ms, throughput ,43365.28487522941, points/s
2026/06/17 11:50:26 INFO  [benchmark.tsdb.DBWrapper] DataClientService-thread-1 insert one batch latency (device: d_8, sg: g_0) ,0.90, ms, throughput ,55349.654839552415, points/s
2026/06/17 11:50:26 INFO  [benchmark.tsdb.DBWrapper] DataClientService-thread-1 insert one batch latency (device: d_9, sg: g_0) ,0.87, ms, throughput ,57548.12749902744, points/s
2026/06/17 11:50:26 INFO  [benchmark.tsdb.DBWrapper] DataClientService-thread-1 insert one batch latency (device: d_10, sg: g_0) ,0.88, ms, throughput ,57111.527390688534, points/s
2026/06/17 11:50:26 INFO  [benchmark.tsdb.DBWrapper] DataClientService-thread-1 insert one batch latency (device: d_11, sg: g_0) ,1.25, ms, throughput ,39891.781574943496, points/s
2026/06/17 11:50:26 INFO  [benchmark.tsdb.DBWrapper] DataClientService-thread-1 insert one batch latency (device: d_12, sg: g_0) ,1.08, ms, throughput ,46387.22384525964, points/s
2026/06/17 11:50:26 INFO  [benchmark.tsdb.DBWrapper] DataClientService-thread-1 insert one batch latency (device: d_13, sg: g_0) ,1.05, ms, throughput ,47586.37164385217, points/s
2026/06/17 11:50:26 INFO  [benchmark.tsdb.DBWrapper] DataClientService-thread-1 insert one batch latency (device: d_14, sg: g_0) ,1.10, ms, throughput ,45578.10354980501, points/s
2026/06/17 11:50:26 INFO  [benchmark.tsdb.DBWrapper] DataClientService-thread-1 insert one batch latency (device: d_15, sg: g_0) ,1.02, ms, throughput ,48871.17363146052, points/s
2026/06/17 11:50:26 INFO  [benchmark.tsdb.DBWrapper] DataClientService-thread-1 insert one batch latency (device: d_16, sg: g_0) ,1.29, ms, throughput ,38774.62867476849, points/s
2026/06/17 11:50:26 INFO  [benchmark.tsdb.DBWrapper] DataClientService-thread-1 insert one batch latency (device: d_17, sg: g_0) ,1.41, ms, throughput ,35487.24340061478, points/s
2026/06/17 11:50:26 INFO  [benchmark.tsdb.DBWrapper] DataClientService-thread-1 insert one batch latency (device: d_18, sg: g_0) ,1.35, ms, throughput ,37123.879415699834, points/s
2026/06/17 11:50:26 INFO  [benchmark.tsdb.DBWrapper] DataClientService-thread-1 insert one batch latency (device: d_19, sg: g_0) ,1.25, ms, throughput ,39861.40985023271, points/s
2026/06/17 11:50:26 INFO  [benchmark.tsdb.DBWrapper] DataClientService-thread-1 insert one batch latency (device: d_0, sg: g_0) ,1.21, ms, throughput ,41479.42164412813, points/s
2026/06/17 11:50:26 INFO  [benchmark.tsdb.DBWrapper] DataClientService-thread-1 insert one batch latency (device: d_1, sg: g_0) ,1.15, ms, throughput ,43655.425976550054, points/s
2026/06/17 11:50:26 INFO  [benchmark.tsdb.DBWrapper] DataClientService-thread-1 insert one batch latency (device: d_2, sg: g_0) ,1.42, ms, throughput ,35104.396966137596, points/s
2026/06/17 11:50:26 INFO  [benchmark.tsdb.DBWrapper] DataClientService-thread-1 insert one batch latency (device: d_3, sg: g_0) ,1.09, ms, throughput ,45662.809376949226, points/s
2026/06/17 11:50:26 INFO  [benchmark.tsdb.DBWrapper] DataClientService-thread-1 insert one batch latency (device: d_4, sg: g_0) ,1.02, ms, throughput ,48941.82872121854, points/s
2026/06/17 11:50:26 INFO  [benchmark.tsdb.DBWrapper] DataClientService-thread-1 insert one batch latency (device: d_5, sg: g_0) ,1.19, ms, throughput ,41952.538254422005, points/s
2026/06/17 11:50:26 INFO  [benchmark.tsdb.DBWrapper] DataClientService-thread-1 insert one batch latency (device: d_6, sg: g_0) ,1.16, ms, throughput ,43221.18875557553, points/s
2026/06/17 11:50:26 INFO  [benchmark.tsdb.DBWrapper] DataClientService-thread-1 insert one batch latency (device: d_7, sg: g_0) ,1.10, ms, throughput ,45281.07776210046, points/s
2026/06/17 11:50:26 INFO  [benchmark.tsdb.DBWrapper] DataClientService-thread-1 insert one batch latency (device: d_8, sg: g_0) ,0.99, ms, throughput ,50548.859516631586, points/s
2026/06/17 11:50:26 INFO  [benchmark.tsdb.DBWrapper] DataClientService-thread-1 insert one batch latency (device: d_9, sg: g_0) ,1.21, ms, throughput ,41230.312525768946, points/s
2026/06/17 11:50:26 INFO  [benchmark.tsdb.DBWrapper] DataClientService-thread-1 insert one batch latency (device: d_10, sg: g_0) ,1.26, ms, throughput ,39610.266664237235, points/s
2026/06/17 11:50:26 INFO  [benchmark.tsdb.DBWrapper] DataClientService-thread-1 insert one batch latency (device: d_11, sg: g_0) ,1.31, ms, throughput ,38149.53396529308, points/s
2026/06/17 11:50:26 INFO  [benchmark.tsdb.DBWrapper] DataClientService-thread-1 insert one batch latency (device: d_12, sg: g_0) ,1.24, ms, throughput ,40296.38799296586, points/s
2026/06/17 11:50:26 INFO  [benchmark.tsdb.DBWrapper] DataClientService-thread-1 insert one batch latency (device: d_13, sg: g_0) ,1.17, ms, throughput ,42883.04421584923, points/s
2026/06/17 11:50:26 INFO  [benchmark.tsdb.DBWrapper] DataClientService-thread-1 insert one batch latency (device: d_14, sg: g_0) ,1.30, ms, throughput ,38341.79408922902, points/s
2026/06/17 11:50:26 INFO  [benchmark.tsdb.DBWrapper] DataClientService-thread-1 insert one batch latency (device: d_15, sg: g_0) ,1.25, ms, throughput ,40129.53814914544, points/s
2026/06/17 11:50:26 INFO  [benchmark.tsdb.DBWrapper] DataClientService-thread-1 insert one batch latency (device: d_16, sg: g_0) ,1.13, ms, throughput ,44085.373971818866, points/s
2026/06/17 11:50:26 INFO  [benchmark.tsdb.DBWrapper] DataClientService-thread-1 insert one batch latency (device: d_17, sg: g_0) ,1.03, ms, throughput ,48744.155575746474, points/s
2026/06/17 11:50:26 INFO  [benchmark.tsdb.DBWrapper] DataClientService-thread-1 insert one batch latency (device: d_18, sg: g_0) ,1.08, ms, throughput ,46187.755071877385, points/s
2026/06/17 11:50:26 INFO  [benchmark.tsdb.DBWrapper] DataClientService-thread-1 insert one batch latency (device: d_19, sg: g_0) ,1.09, ms, throughput ,45882.75670943551, points/s
2026/06/17 11:50:26 INFO  [benchmark.tsdb.DBWrapper] DataClientService-thread-1 insert one batch latency (device: d_0, sg: g_0) ,1.02, ms, throughput ,48820.87815089948, points/s
2026/06/17 11:50:26 INFO  [benchmark.tsdb.DBWrapper] DataClientService-thread-1 insert one batch latency (device: d_1, sg: g_0) ,0.93, ms, throughput ,53821.429109642864, points/s
2026/06/17 11:50:26 INFO  [benchmark.tsdb.DBWrapper] DataClientService-thread-1 insert one batch latency (device: d_2, sg: g_0) ,1.04, ms, throughput ,48264.45834246336, points/s
2026/06/17 11:50:26 INFO  [benchmark.tsdb.DBWrapper] DataClientService-thread-1 insert one batch latency (device: d_3, sg: g_0) ,0.95, ms, throughput ,52632.853216446296, points/s
2026/06/17 11:50:26 INFO  [benchmark.tsdb.DBWrapper] DataClientService-thread-1 insert one batch latency (device: d_4, sg: g_0) ,1.25, ms, throughput ,40031.44870610352, points/s
2026/06/17 11:50:26 INFO  [benchmark.tsdb.DBWrapper] DataClientService-thread-1 insert one batch latency (device: d_5, sg: g_0) ,1.24, ms, throughput ,40310.649993106876, points/s
2026/06/17 11:50:26 INFO  [benchmark.tsdb.DBWrapper] DataClientService-thread-1 insert one batch latency (device: d_6, sg: g_0) ,0.98, ms, throughput ,51250.56503747954, points/s
2026/06/17 11:50:26 INFO  [benchmark.tsdb.DBWrapper] DataClientService-thread-1 insert one batch latency (device: d_7, sg: g_0) ,1.09, ms, throughput ,46066.73042302157, points/s
2026/06/17 11:50:26 INFO  [benchmark.tsdb.DBWrapper] DataClientService-thread-1 insert one batch latency (device: d_8, sg: g_0) ,1.15, ms, throughput ,43631.159628960624, points/s
2026/06/17 11:50:26 INFO  [benchmark.tsdb.DBWrapper] DataClientService-thread-1 insert one batch latency (device: d_9, sg: g_0) ,0.98, ms, throughput ,50977.80528313583, points/s
2026/06/17 11:50:26 INFO  [benchmark.tsdb.DBWrapper] DataClientService-thread-1 insert one batch latency (device: d_10, sg: g_0) ,1.10, ms, throughput ,45322.41002821773, points/s
2026/06/17 11:50:26 INFO  [benchmark.tsdb.DBWrapper] DataClientService-thread-1 insert one batch latency (device: d_11, sg: g_0) ,1.04, ms, throughput ,48035.72320663431, points/s
2026/06/17 11:50:26 INFO  [benchmark.tsdb.DBWrapper] DataClientService-thread-1 insert one batch latency (device: d_12, sg: g_0) ,0.97, ms, throughput ,51670.133732640126, points/s
2026/06/17 11:50:26 INFO  [benchmark.tsdb.DBWrapper] DataClientService-thread-1 insert one batch latency (device: d_13, sg: g_0) ,1.03, ms, throughput ,48639.26784282902, points/s
2026/06/17 11:50:26 INFO  [benchmark.tsdb.DBWrapper] DataClientService-thread-1 insert one batch latency (device: d_14, sg: g_0) ,1.21, ms, throughput ,41238.06570378532, points/s
2026/06/17 11:50:26 INFO  [benchmark.tsdb.DBWrapper] DataClientService-thread-1 insert one batch latency (device: d_15, sg: g_0) ,1.17, ms, throughput ,42815.77058967592, points/s
2026/06/17 11:50:26 INFO  [benchmark.tsdb.DBWrapper] DataClientService-thread-1 insert one batch latency (device: d_16, sg: g_0) ,1.10, ms, throughput ,45400.56006130892, points/s
2026/06/17 11:50:26 INFO  [benchmark.tsdb.DBWrapper] DataClientService-thread-1 insert one batch latency (device: d_17, sg: g_0) ,1.17, ms, throughput ,42609.254389179296, points/s
2026/06/17 11:50:26 INFO  [benchmark.tsdb.DBWrapper] DataClientService-thread-1 insert one batch latency (device: d_18, sg: g_0) ,1.13, ms, throughput ,44310.68525588535, points/s
2026/06/17 11:50:26 INFO  [benchmark.tsdb.DBWrapper] DataClientService-thread-1 insert one batch latency (device: d_19, sg: g_0) ,1.13, ms, throughput ,44336.185332348476, points/s
2026/06/17 11:50:29 INFO  [benchmark.mode.BaseMode] All dataClients finished. The final test result is: 
----------------------Main Configurations----------------------
########### Test Mode ###########
BENCHMARK_WORK_MODE=testWithDefaultPath
IoTDB_DIALECT_MODE=TREE
########### Database Connection Information ###########
DOUBLE_WRITE=false
DBConfig=
  DB_SWITCH=InfluxDB-2.x
  HOST=[127.0.0.1]
########### Data Mode ###########
GROUP_NUMBER=1
IoTDB_TABLE_NUMBER=1
DEVICE_NUMBER=20
REAL_INSERT_RATE=1.0
SENSOR_NUMBER=5
IS_SENSOR_TS_ALIGNMENT=true
IS_OUT_OF_ORDER=true
OUT_OF_ORDER_RATIO=0.5
########### Data Amount ###########
OPERATION_PROPORTION=1:0:0:0:0:0:0:0:0:0:0:0:0
SCHEMA_CLIENT_NUMBER=1
DATA_CLIENT_NUMBER=1
LOOP=50
BATCH_SIZE_PER_WRITE=10
DEVICE_NUM_PER_WRITE=1
START_TIME=2022-01-01T00:00:00+08:00
POINT_STEP=1000
OP_MIN_INTERVAL=0
OP_MIN_INTERVAL_RANDOM=false
INTERVAL_BETWEEN_WRITE_BATCH=0
INSERT_DATATYPE_PROPORTION=1:1:1:1:1:1:0:0:0:0:0
ENCODINGS=RLE/TS_2DIFF/TS_2DIFF/GORILLA/GORILLA/DICTIONARY/PLAIN/PLAIN/TS_2DIFF/TS_2DIFF
COMPRESSOR=LZ4
########### Other Param ###########
IS_DELETE_DATA=true
CREATE_SCHEMA=true
BENCHMARK_CLUSTER=false
VECTOR=true

---------------------------------------------------------------

Create schema cost 0.02 second
Test elapsed time (not include schema creation): 3.51 second
----------------------------------------------------------Result Matrix----------------------------------------------------------
Operation                okOperation              okPoint                  failOperation            failPoint                throughput(point/s)      
INGESTION                1000                     50000                    0                        0                        14264.58                 
PRECISE_POINT            0                        0                        0                        0                        0.00                     
TIME_RANGE               0                        0                        0                        0                        0.00                     
VALUE_RANGE              0                        0                        0                        0                        0.00                     
AGG_RANGE                0                        0                        0                        0                        0.00                     
AGG_VALUE                0                        0                        0                        0                        0.00                     
AGG_RANGE_VALUE          0                        0                        0                        0                        0.00                     
GROUP_BY                 0                        0                        0                        0                        0.00                     
LATEST_POINT             0                        0                        0                        0                        0.00                     
RANGE_QUERY_DESC         0                        0                        0                        0                        0.00                     
VALUE_RANGE_QUERY_DESC   0                        0                        0                        0                        0.00                     
GROUP_BY_DESC            0                        0                        0                        0                        0.00                     
SET_OPERATION            0                        0                        0                        0                        0.00                     
---------------------------------------------------------------------------------------------------------------------------------

--------------------------------------------------------------------------Latency (ms) Matrix--------------------------------------------------------------------------
Operation                AVG         MIN         P10         P25         MEDIAN      P75         P90         P95         P99         P999        MAX         SLOWEST_THREAD
INGESTION                2.42        0.83        1.01        1.12        1.26        1.77        3.46        6.82        14.87       58.98       200.61      2416.54     
PRECISE_POINT            0.00        0.00        0.00        0.00        0.00        0.00        0.00        0.00        0.00        0.00        0.00        0.00        
TIME_RANGE               0.00        0.00        0.00        0.00        0.00        0.00        0.00        0.00        0.00        0.00        0.00        0.00        
VALUE_RANGE              0.00        0.00        0.00        0.00        0.00        0.00        0.00        0.00        0.00        0.00        0.00        0.00        
AGG_RANGE                0.00        0.00        0.00        0.00        0.00        0.00        0.00        0.00        0.00        0.00        0.00        0.00        
AGG_VALUE                0.00        0.00        0.00        0.00        0.00        0.00        0.00        0.00        0.00        0.00        0.00        0.00        
AGG_RANGE_VALUE          0.00        0.00        0.00        0.00        0.00        0.00        0.00        0.00        0.00        0.00        0.00        0.00        
GROUP_BY                 0.00        0.00        0.00        0.00        0.00        0.00        0.00        0.00        0.00        0.00        0.00        0.00        
LATEST_POINT             0.00        0.00        0.00        0.00        0.00        0.00        0.00        0.00        0.00        0.00        0.00        0.00        
RANGE_QUERY_DESC         0.00        0.00        0.00        0.00        0.00        0.00        0.00        0.00        0.00        0.00        0.00        0.00        
VALUE_RANGE_QUERY_DESC   0.00        0.00        0.00        0.00        0.00        0.00        0.00        0.00        0.00        0.00        0.00        0.00        
GROUP_BY_DESC            0.00        0.00        0.00        0.00        0.00        0.00        0.00        0.00        0.00        0.00        0.00        0.00        
SET_OPERATION            0.00        0.00        0.00        0.00        0.00        0.00        0.00        0.00        0.00        0.00        0.00        0.00        
-----------------------------------------------------------------------------------------------------------------------------------------------------------------------


----------------------------------------------------------------------------SQL Statements Example---------------------------------------------------------------------
Operation                          SQL                                                                             
------------------------------------------------------------------------------------------------------------------------------------------------------------------------
