
Starting iot-benchmark

Using configuration file: /home/yikanji/WorkSpace/BigData/var/benchmarks/iotbench-ooo/configs/iotdb/ratio_0p5
Set MAX_HEAP_SIZE=1g
Set HEAP_NEWSIZE=512m
11:49:50.492 [main] INFO cn.edu.tsinghua.iot.benchmark.App -- Initial Heap Size: 538968064 bytes, Max Heap Size: 1073741824 bytes. 
11:49:50.502 [main] INFO cn.edu.tsinghua.iot.benchmark.conf.ConfigDescriptor -- Init SensorTypes: BOOLEAN:INT32:INT64:FLOAT:DOUBLE:TEXT:STRING:BLOB:TIMESTAMP:DATE:OBJECT= 1:1:1:1:1:1:0:0:0:0:0
11:49:50.586 [main] DEBUG org.apache.tsfile.common.conf.TSFileDescriptor -- not found iotdb-system.properties, use the default configs.
11:49:50.623 [main] WARN cn.edu.tsinghua.iot.benchmark.iotdb200.ModelStrategy.TreeStrategy -- Failed to execute statement:508: Path [root.iotbench_ooo_iotdb_r0p5.**] does not exist
11:49:50.623 [main] INFO cn.edu.tsinghua.iot.benchmark.tsdb.DBWrapper -- Waiting 1000ms for old data deletion.
11:49:52.636 [SchemaClientService-thread-1] INFO cn.edu.tsinghua.iot.benchmark.tsdb.DBWrapper -- Registering schema...
11:49:53.879 [main] INFO cn.edu.tsinghua.iot.benchmark.mode.BaseMode -- Registering schema successful!
11:49:53.879 [main] INFO cn.edu.tsinghua.iot.benchmark.schema.MetaDataSchema -- SCHEMA_CLIENT_DATA_SCHEMA has been cleared!
11:49:53.883 [main] INFO cn.edu.tsinghua.iot.benchmark.workload.GenerateDataWorkLoad -- Start Generating WorkLoad
11:49:53.900 [main] INFO cn.edu.tsinghua.iot.benchmark.workload.GenerateDataWorkLoad -- Finish 0.0 % WorkLoad Buffer
11:49:53.900 [main] INFO cn.edu.tsinghua.iot.benchmark.workload.GenerateDataWorkLoad -- Finish Generating WorkLoad
11:49:53.983 [DataClientService-thread-1] INFO cn.edu.tsinghua.iot.benchmark.tsdb.DBWrapper -- DataClientService-thread-1 insert one batch latency (device: d_0, sg: g_0) ,76.15, ms, throughput ,656.5887472664897, points/s
11:49:54.046 [DataClientService-thread-1] INFO cn.edu.tsinghua.iot.benchmark.tsdb.DBWrapper -- DataClientService-thread-1 insert one batch latency (device: d_1, sg: g_0) ,61.89, ms, throughput ,807.8467773174398, points/s
11:49:54.050 [DataClientService-thread-1] INFO cn.edu.tsinghua.iot.benchmark.tsdb.DBWrapper -- DataClientService-thread-1 insert one batch latency (device: d_2, sg: g_0) ,3.92, ms, throughput ,12748.886958424095, points/s
11:49:54.055 [DataClientService-thread-1] INFO cn.edu.tsinghua.iot.benchmark.tsdb.DBWrapper -- DataClientService-thread-1 insert one batch latency (device: d_3, sg: g_0) ,4.21, ms, throughput ,11885.936844787731, points/s
11:49:54.059 [DataClientService-thread-1] INFO cn.edu.tsinghua.iot.benchmark.tsdb.DBWrapper -- DataClientService-thread-1 insert one batch latency (device: d_4, sg: g_0) ,4.06, ms, throughput ,12307.413592110652, points/s
11:49:54.064 [DataClientService-thread-1] INFO cn.edu.tsinghua.iot.benchmark.tsdb.DBWrapper -- DataClientService-thread-1 insert one batch latency (device: d_5, sg: g_0) ,3.88, ms, throughput ,12870.264643529707, points/s
11:49:54.068 [DataClientService-thread-1] INFO cn.edu.tsinghua.iot.benchmark.tsdb.DBWrapper -- DataClientService-thread-1 insert one batch latency (device: d_6, sg: g_0) ,3.67, ms, throughput ,13609.941790278963, points/s
11:49:54.071 [DataClientService-thread-1] INFO cn.edu.tsinghua.iot.benchmark.tsdb.DBWrapper -- DataClientService-thread-1 insert one batch latency (device: d_7, sg: g_0) ,2.93, ms, throughput ,17060.61910939474, points/s
11:49:54.075 [DataClientService-thread-1] INFO cn.edu.tsinghua.iot.benchmark.tsdb.DBWrapper -- DataClientService-thread-1 insert one batch latency (device: d_8, sg: g_0) ,3.95, ms, throughput ,12660.429801335067, points/s
11:49:54.078 [DataClientService-thread-1] INFO cn.edu.tsinghua.iot.benchmark.tsdb.DBWrapper -- DataClientService-thread-1 insert one batch latency (device: d_9, sg: g_0) ,3.34, ms, throughput ,14971.875332188483, points/s
11:49:54.082 [DataClientService-thread-1] INFO cn.edu.tsinghua.iot.benchmark.tsdb.DBWrapper -- DataClientService-thread-1 insert one batch latency (device: d_10, sg: g_0) ,3.49, ms, throughput ,14342.49417121037, points/s
11:49:54.085 [DataClientService-thread-1] INFO cn.edu.tsinghua.iot.benchmark.tsdb.DBWrapper -- DataClientService-thread-1 insert one batch latency (device: d_11, sg: g_0) ,3.06, ms, throughput ,16342.651804441213, points/s
11:49:54.090 [DataClientService-thread-1] INFO cn.edu.tsinghua.iot.benchmark.tsdb.DBWrapper -- DataClientService-thread-1 insert one batch latency (device: d_12, sg: g_0) ,3.99, ms, throughput ,12524.996762288336, points/s
11:49:54.093 [DataClientService-thread-1] INFO cn.edu.tsinghua.iot.benchmark.tsdb.DBWrapper -- DataClientService-thread-1 insert one batch latency (device: d_13, sg: g_0) ,2.95, ms, throughput ,16943.43198025345, points/s
11:49:54.096 [DataClientService-thread-1] INFO cn.edu.tsinghua.iot.benchmark.tsdb.DBWrapper -- DataClientService-thread-1 insert one batch latency (device: d_14, sg: g_0) ,3.08, ms, throughput ,16221.163232592338, points/s
11:49:54.100 [DataClientService-thread-1] INFO cn.edu.tsinghua.iot.benchmark.tsdb.DBWrapper -- DataClientService-thread-1 insert one batch latency (device: d_15, sg: g_0) ,4.14, ms, throughput ,12071.212427747758, points/s
11:49:54.104 [DataClientService-thread-1] INFO cn.edu.tsinghua.iot.benchmark.tsdb.DBWrapper -- DataClientService-thread-1 insert one batch latency (device: d_16, sg: g_0) ,3.43, ms, throughput ,14588.35172632719, points/s
11:49:54.107 [DataClientService-thread-1] INFO cn.edu.tsinghua.iot.benchmark.tsdb.DBWrapper -- DataClientService-thread-1 insert one batch latency (device: d_17, sg: g_0) ,2.75, ms, throughput ,18191.674761961935, points/s
11:49:54.110 [DataClientService-thread-1] INFO cn.edu.tsinghua.iot.benchmark.tsdb.DBWrapper -- DataClientService-thread-1 insert one batch latency (device: d_18, sg: g_0) ,3.02, ms, throughput ,16571.93595675918, points/s
11:49:54.113 [DataClientService-thread-1] INFO cn.edu.tsinghua.iot.benchmark.tsdb.DBWrapper -- DataClientService-thread-1 insert one batch latency (device: d_19, sg: g_0) ,2.95, ms, throughput ,16961.738727482865, points/s
11:49:54.114 [DataClientService-thread-1] INFO cn.edu.tsinghua.iot.benchmark.tsdb.DBWrapper -- DataClientService-thread-1 insert one batch latency (device: d_0, sg: g_0) ,0.56, ms, throughput ,89750.17142282742, points/s
11:49:54.115 [DataClientService-thread-1] INFO cn.edu.tsinghua.iot.benchmark.tsdb.DBWrapper -- DataClientService-thread-1 insert one batch latency (device: d_1, sg: g_0) ,0.42, ms, throughput ,118862.25053785168, points/s
11:49:54.115 [DataClientService-thread-1] INFO cn.edu.tsinghua.iot.benchmark.tsdb.DBWrapper -- DataClientService-thread-1 insert one batch latency (device: d_2, sg: g_0) ,0.31, ms, throughput ,162479.0402038137, points/s
11:49:54.115 [DataClientService-thread-1] INFO cn.edu.tsinghua.iot.benchmark.tsdb.DBWrapper -- DataClientService-thread-1 insert one batch latency (device: d_3, sg: g_0) ,0.31, ms, throughput ,162991.2147735237, points/s
11:49:54.116 [DataClientService-thread-1] INFO cn.edu.tsinghua.iot.benchmark.tsdb.DBWrapper -- DataClientService-thread-1 insert one batch latency (device: d_4, sg: g_0) ,0.30, ms, throughput ,164579.79486774368, points/s
11:49:54.116 [DataClientService-thread-1] INFO cn.edu.tsinghua.iot.benchmark.tsdb.DBWrapper -- DataClientService-thread-1 insert one batch latency (device: d_5, sg: g_0) ,0.29, ms, throughput ,172791.55118431328, points/s
11:49:54.117 [DataClientService-thread-1] INFO cn.edu.tsinghua.iot.benchmark.tsdb.DBWrapper -- DataClientService-thread-1 insert one batch latency (device: d_6, sg: g_0) ,0.27, ms, throughput ,185904.01403947116, points/s
11:49:54.117 [DataClientService-thread-1] INFO cn.edu.tsinghua.iot.benchmark.tsdb.DBWrapper -- DataClientService-thread-1 insert one batch latency (device: d_7, sg: g_0) ,0.30, ms, throughput ,166325.69898374996, points/s
11:49:54.117 [DataClientService-thread-1] INFO cn.edu.tsinghua.iot.benchmark.tsdb.DBWrapper -- DataClientService-thread-1 insert one batch latency (device: d_8, sg: g_0) ,0.36, ms, throughput ,139161.80064237086, points/s
11:49:54.118 [DataClientService-thread-1] INFO cn.edu.tsinghua.iot.benchmark.tsdb.DBWrapper -- DataClientService-thread-1 insert one batch latency (device: d_9, sg: g_0) ,0.23, ms, throughput ,216979.04416391466, points/s
11:49:54.118 [DataClientService-thread-1] INFO cn.edu.tsinghua.iot.benchmark.tsdb.DBWrapper -- DataClientService-thread-1 insert one batch latency (device: d_10, sg: g_0) ,0.27, ms, throughput ,187335.3790356724, points/s
11:49:54.119 [DataClientService-thread-1] INFO cn.edu.tsinghua.iot.benchmark.tsdb.DBWrapper -- DataClientService-thread-1 insert one batch latency (device: d_11, sg: g_0) ,0.26, ms, throughput ,193966.10248392992, points/s
11:49:54.120 [DataClientService-thread-1] INFO cn.edu.tsinghua.iot.benchmark.tsdb.DBWrapper -- DataClientService-thread-1 insert one batch latency (device: d_12, sg: g_0) ,1.16, ms, throughput ,43054.4182013414, points/s
11:49:54.120 [DataClientService-thread-1] INFO cn.edu.tsinghua.iot.benchmark.tsdb.DBWrapper -- DataClientService-thread-1 insert one batch latency (device: d_13, sg: g_0) ,0.27, ms, throughput ,185322.46108228317, points/s
11:49:54.121 [DataClientService-thread-1] INFO cn.edu.tsinghua.iot.benchmark.tsdb.DBWrapper -- DataClientService-thread-1 insert one batch latency (device: d_14, sg: g_0) ,0.25, ms, throughput ,200660.57461162144, points/s
11:49:54.121 [DataClientService-thread-1] INFO cn.edu.tsinghua.iot.benchmark.tsdb.DBWrapper -- DataClientService-thread-1 insert one batch latency (device: d_15, sg: g_0) ,0.30, ms, throughput ,168478.93844790463, points/s
11:49:54.121 [DataClientService-thread-1] INFO cn.edu.tsinghua.iot.benchmark.tsdb.DBWrapper -- DataClientService-thread-1 insert one batch latency (device: d_16, sg: g_0) ,0.24, ms, throughput ,208307.29492146816, points/s
11:49:54.122 [DataClientService-thread-1] INFO cn.edu.tsinghua.iot.benchmark.tsdb.DBWrapper -- DataClientService-thread-1 insert one batch latency (device: d_17, sg: g_0) ,0.22, ms, throughput ,226361.1093505247, points/s
11:49:54.122 [DataClientService-thread-1] INFO cn.edu.tsinghua.iot.benchmark.tsdb.DBWrapper -- DataClientService-thread-1 insert one batch latency (device: d_18, sg: g_0) ,0.21, ms, throughput ,233856.86089258487, points/s
11:49:54.122 [DataClientService-thread-1] INFO cn.edu.tsinghua.iot.benchmark.tsdb.DBWrapper -- DataClientService-thread-1 insert one batch latency (device: d_19, sg: g_0) ,0.21, ms, throughput ,241126.54320987655, points/s
11:49:54.124 [DataClientService-thread-1] INFO cn.edu.tsinghua.iot.benchmark.tsdb.DBWrapper -- DataClientService-thread-1 insert one batch latency (device: d_0, sg: g_0) ,2.19, ms, throughput ,22847.408555531994, points/s
11:49:54.125 [DataClientService-thread-1] INFO cn.edu.tsinghua.iot.benchmark.tsdb.DBWrapper -- DataClientService-thread-1 insert one batch latency (device: d_1, sg: g_0) ,0.36, ms, throughput ,137986.22897434837, points/s
11:49:54.125 [DataClientService-thread-1] INFO cn.edu.tsinghua.iot.benchmark.tsdb.DBWrapper -- DataClientService-thread-1 insert one batch latency (device: d_2, sg: g_0) ,0.31, ms, throughput ,162468.48111466374, points/s
11:49:54.126 [DataClientService-thread-1] INFO cn.edu.tsinghua.iot.benchmark.tsdb.DBWrapper -- DataClientService-thread-1 insert one batch latency (device: d_3, sg: g_0) ,0.27, ms, throughput ,183452.577508714, points/s
11:49:54.126 [DataClientService-thread-1] INFO cn.edu.tsinghua.iot.benchmark.tsdb.DBWrapper -- DataClientService-thread-1 insert one batch latency (device: d_4, sg: g_0) ,0.24, ms, throughput ,212125.0689406474, points/s
11:49:54.126 [DataClientService-thread-1] INFO cn.edu.tsinghua.iot.benchmark.tsdb.DBWrapper -- DataClientService-thread-1 insert one batch latency (device: d_5, sg: g_0) ,0.31, ms, throughput ,160972.53164719974, points/s
11:49:54.127 [DataClientService-thread-1] INFO cn.edu.tsinghua.iot.benchmark.tsdb.DBWrapper -- DataClientService-thread-1 insert one batch latency (device: d_6, sg: g_0) ,0.29, ms, throughput ,172035.31540954727, points/s
11:49:54.127 [DataClientService-thread-1] INFO cn.edu.tsinghua.iot.benchmark.tsdb.DBWrapper -- DataClientService-thread-1 insert one batch latency (device: d_7, sg: g_0) ,0.27, ms, throughput ,184657.20236952123, points/s
11:49:54.128 [DataClientService-thread-1] INFO cn.edu.tsinghua.iot.benchmark.tsdb.DBWrapper -- DataClientService-thread-1 insert one batch latency (device: d_8, sg: g_0) ,0.33, ms, throughput ,149361.62840021748, points/s
11:49:54.128 [DataClientService-thread-1] INFO cn.edu.tsinghua.iot.benchmark.tsdb.DBWrapper -- DataClientService-thread-1 insert one batch latency (device: d_9, sg: g_0) ,0.28, ms, throughput ,175468.76480517702, points/s
11:49:54.128 [DataClientService-thread-1] INFO cn.edu.tsinghua.iot.benchmark.tsdb.DBWrapper -- DataClientService-thread-1 insert one batch latency (device: d_10, sg: g_0) ,0.27, ms, throughput ,184564.50160201988, points/s
11:49:54.129 [DataClientService-thread-1] INFO cn.edu.tsinghua.iot.benchmark.tsdb.DBWrapper -- DataClientService-thread-1 insert one batch latency (device: d_11, sg: g_0) ,0.32, ms, throughput ,153934.72551899092, points/s
11:49:54.129 [DataClientService-thread-1] INFO cn.edu.tsinghua.iot.benchmark.tsdb.DBWrapper -- DataClientService-thread-1 insert one batch latency (device: d_12, sg: g_0) ,0.33, ms, throughput ,149270.21790466408, points/s
11:49:54.130 [DataClientService-thread-1] INFO cn.edu.tsinghua.iot.benchmark.tsdb.DBWrapper -- DataClientService-thread-1 insert one batch latency (device: d_13, sg: g_0) ,0.34, ms, throughput ,146003.73185538623, points/s
11:49:54.130 [DataClientService-thread-1] INFO cn.edu.tsinghua.iot.benchmark.tsdb.DBWrapper -- DataClientService-thread-1 insert one batch latency (device: d_14, sg: g_0) ,0.35, ms, throughput ,141580.09044136177, points/s
11:49:54.130 [DataClientService-thread-1] INFO cn.edu.tsinghua.iot.benchmark.tsdb.DBWrapper -- DataClientService-thread-1 insert one batch latency (device: d_15, sg: g_0) ,0.30, ms, throughput ,164285.6204082169, points/s
11:49:54.131 [DataClientService-thread-1] INFO cn.edu.tsinghua.iot.benchmark.tsdb.DBWrapper -- DataClientService-thread-1 insert one batch latency (device: d_16, sg: g_0) ,0.31, ms, throughput ,162838.86768364967, points/s
11:49:54.131 [DataClientService-thread-1] INFO cn.edu.tsinghua.iot.benchmark.tsdb.DBWrapper -- DataClientService-thread-1 insert one batch latency (device: d_17, sg: g_0) ,0.28, ms, throughput ,179473.92602802665, points/s
11:49:54.131 [DataClientService-thread-1] INFO cn.edu.tsinghua.iot.benchmark.tsdb.DBWrapper -- DataClientService-thread-1 insert one batch latency (device: d_18, sg: g_0) ,0.30, ms, throughput ,167150.84695334153, points/s
11:49:54.132 [DataClientService-thread-1] INFO cn.edu.tsinghua.iot.benchmark.tsdb.DBWrapper -- DataClientService-thread-1 insert one batch latency (device: d_19, sg: g_0) ,0.31, ms, throughput ,159704.10024306964, points/s
11:49:54.132 [DataClientService-thread-1] INFO cn.edu.tsinghua.iot.benchmark.tsdb.DBWrapper -- DataClientService-thread-1 insert one batch latency (device: d_0, sg: g_0) ,0.28, ms, throughput ,181781.8254530912, points/s
11:49:54.133 [DataClientService-thread-1] INFO cn.edu.tsinghua.iot.benchmark.tsdb.DBWrapper -- DataClientService-thread-1 insert one batch latency (device: d_1, sg: g_0) ,0.29, ms, throughput ,172452.4462379499, points/s
11:49:54.133 [DataClientService-thread-1] INFO cn.edu.tsinghua.iot.benchmark.tsdb.DBWrapper -- DataClientService-thread-1 insert one batch latency (device: d_2, sg: g_0) ,0.25, ms, throughput ,197031.13485993055, points/s
11:49:54.133 [DataClientService-thread-1] INFO cn.edu.tsinghua.iot.benchmark.tsdb.DBWrapper -- DataClientService-thread-1 insert one batch latency (device: d_3, sg: g_0) ,0.27, ms, throughput ,182544.3765379364, points/s
11:49:54.134 [DataClientService-thread-1] INFO cn.edu.tsinghua.iot.benchmark.tsdb.DBWrapper -- DataClientService-thread-1 insert one batch latency (device: d_4, sg: g_0) ,0.22, ms, throughput ,228255.26242507523, points/s
11:49:54.134 [DataClientService-thread-1] INFO cn.edu.tsinghua.iot.benchmark.tsdb.DBWrapper -- DataClientService-thread-1 insert one batch latency (device: d_5, sg: g_0) ,0.22, ms, throughput ,228611.14159259666, points/s
11:49:54.134 [DataClientService-thread-1] INFO cn.edu.tsinghua.iot.benchmark.tsdb.DBWrapper -- DataClientService-thread-1 insert one batch latency (device: d_6, sg: g_0) ,0.20, ms, throughput ,247405.94862862883, points/s
11:49:54.134 [DataClientService-thread-1] INFO cn.edu.tsinghua.iot.benchmark.tsdb.DBWrapper -- DataClientService-thread-1 insert one batch latency (device: d_7, sg: g_0) ,0.22, ms, throughput ,230139.00395839085, points/s
11:49:54.135 [DataClientService-thread-1] INFO cn.edu.tsinghua.iot.benchmark.tsdb.DBWrapper -- DataClientService-thread-1 insert one batch latency (device: d_8, sg: g_0) ,0.22, ms, throughput ,227822.60820434778, points/s
11:49:54.135 [DataClientService-thread-1] INFO cn.edu.tsinghua.iot.benchmark.tsdb.DBWrapper -- DataClientService-thread-1 insert one batch latency (device: d_9, sg: g_0) ,0.20, ms, throughput ,248483.01121652313, points/s
11:49:54.135 [DataClientService-thread-1] INFO cn.edu.tsinghua.iot.benchmark.tsdb.DBWrapper -- DataClientService-thread-1 insert one batch latency (device: d_10, sg: g_0) ,0.25, ms, throughput ,201376.61050944254, points/s
11:49:54.136 [DataClientService-thread-1] INFO cn.edu.tsinghua.iot.benchmark.tsdb.DBWrapper -- DataClientService-thread-1 insert one batch latency (device: d_11, sg: g_0) ,0.31, ms, throughput ,162545.065619443, points/s
11:49:54.136 [DataClientService-thread-1] INFO cn.edu.tsinghua.iot.benchmark.tsdb.DBWrapper -- DataClientService-thread-1 insert one batch latency (device: d_12, sg: g_0) ,0.29, ms, throughput ,169695.73554616573, points/s
11:49:54.136 [DataClientService-thread-1] INFO cn.edu.tsinghua.iot.benchmark.tsdb.DBWrapper -- DataClientService-thread-1 insert one batch latency (device: d_13, sg: g_0) ,0.26, ms, throughput ,195879.4792739923, points/s
11:49:54.137 [DataClientService-thread-1] INFO cn.edu.tsinghua.iot.benchmark.tsdb.DBWrapper -- DataClientService-thread-1 insert one batch latency (device: d_14, sg: g_0) ,0.23, ms, throughput ,221803.2605079295, points/s
11:49:54.137 [DataClientService-thread-1] INFO cn.edu.tsinghua.iot.benchmark.tsdb.DBWrapper -- DataClientService-thread-1 insert one batch latency (device: d_15, sg: g_0) ,0.26, ms, throughput ,194053.4267894637, points/s
11:49:54.137 [DataClientService-thread-1] INFO cn.edu.tsinghua.iot.benchmark.tsdb.DBWrapper -- DataClientService-thread-1 insert one batch latency (device: d_16, sg: g_0) ,0.36, ms, throughput ,137641.323228625, points/s
11:49:54.138 [DataClientService-thread-1] INFO cn.edu.tsinghua.iot.benchmark.tsdb.DBWrapper -- DataClientService-thread-1 insert one batch latency (device: d_17, sg: g_0) ,0.26, ms, throughput ,195867.20203701893, points/s
11:49:54.138 [DataClientService-thread-1] INFO cn.edu.tsinghua.iot.benchmark.tsdb.DBWrapper -- DataClientService-thread-1 insert one batch latency (device: d_18, sg: g_0) ,0.23, ms, throughput ,220081.07786908696, points/s
11:49:54.138 [DataClientService-thread-1] INFO cn.edu.tsinghua.iot.benchmark.tsdb.DBWrapper -- DataClientService-thread-1 insert one batch latency (device: d_19, sg: g_0) ,0.24, ms, throughput ,205822.3012579859, points/s
11:49:54.139 [DataClientService-thread-1] INFO cn.edu.tsinghua.iot.benchmark.tsdb.DBWrapper -- DataClientService-thread-1 insert one batch latency (device: d_0, sg: g_0) ,0.25, ms, throughput ,200673.46013220368, points/s
11:49:54.139 [DataClientService-thread-1] INFO cn.edu.tsinghua.iot.benchmark.tsdb.DBWrapper -- DataClientService-thread-1 insert one batch latency (device: d_1, sg: g_0) ,0.22, ms, throughput ,228992.25090222948, points/s
11:49:54.139 [DataClientService-thread-1] INFO cn.edu.tsinghua.iot.benchmark.tsdb.DBWrapper -- DataClientService-thread-1 insert one batch latency (device: d_2, sg: g_0) ,0.25, ms, throughput ,203402.5173095542, points/s
11:49:54.140 [DataClientService-thread-1] INFO cn.edu.tsinghua.iot.benchmark.tsdb.DBWrapper -- DataClientService-thread-1 insert one batch latency (device: d_3, sg: g_0) ,0.24, ms, throughput ,209245.2940733363, points/s
11:49:54.140 [DataClientService-thread-1] INFO cn.edu.tsinghua.iot.benchmark.tsdb.DBWrapper -- DataClientService-thread-1 insert one batch latency (device: d_4, sg: g_0) ,0.23, ms, throughput ,218304.38617172698, points/s
11:49:54.140 [DataClientService-thread-1] INFO cn.edu.tsinghua.iot.benchmark.tsdb.DBWrapper -- DataClientService-thread-1 insert one batch latency (device: d_5, sg: g_0) ,0.25, ms, throughput ,203970.0735108145, points/s
11:49:54.141 [DataClientService-thread-1] INFO cn.edu.tsinghua.iot.benchmark.tsdb.DBWrapper -- DataClientService-thread-1 insert one batch latency (device: d_6, sg: g_0) ,0.24, ms, throughput ,210617.65734192092, points/s
11:49:54.141 [DataClientService-thread-1] INFO cn.edu.tsinghua.iot.benchmark.tsdb.DBWrapper -- DataClientService-thread-1 insert one batch latency (device: d_7, sg: g_0) ,0.30, ms, throughput ,167416.13288822965, points/s
11:49:54.141 [DataClientService-thread-1] INFO cn.edu.tsinghua.iot.benchmark.tsdb.DBWrapper -- DataClientService-thread-1 insert one batch latency (device: d_8, sg: g_0) ,0.36, ms, throughput ,139817.90116552202, points/s
11:49:54.142 [DataClientService-thread-1] INFO cn.edu.tsinghua.iot.benchmark.tsdb.DBWrapper -- DataClientService-thread-1 insert one batch latency (device: d_9, sg: g_0) ,0.24, ms, throughput ,210373.9607526339, points/s
11:49:54.142 [DataClientService-thread-1] INFO cn.edu.tsinghua.iot.benchmark.tsdb.DBWrapper -- DataClientService-thread-1 insert one batch latency (device: d_10, sg: g_0) ,0.22, ms, throughput ,225551.360300254, points/s
11:49:54.142 [DataClientService-thread-1] INFO cn.edu.tsinghua.iot.benchmark.tsdb.DBWrapper -- DataClientService-thread-1 insert one batch latency (device: d_11, sg: g_0) ,0.28, ms, throughput ,178182.6086646639, points/s
11:49:54.143 [DataClientService-thread-1] INFO cn.edu.tsinghua.iot.benchmark.tsdb.DBWrapper -- DataClientService-thread-1 insert one batch latency (device: d_12, sg: g_0) ,0.25, ms, throughput ,197024.14727949057, points/s
11:49:54.143 [DataClientService-thread-1] INFO cn.edu.tsinghua.iot.benchmark.tsdb.DBWrapper -- DataClientService-thread-1 insert one batch latency (device: d_13, sg: g_0) ,0.22, ms, throughput ,224760.5176684243, points/s
11:49:54.143 [DataClientService-thread-1] INFO cn.edu.tsinghua.iot.benchmark.tsdb.DBWrapper -- DataClientService-thread-1 insert one batch latency (device: d_14, sg: g_0) ,0.26, ms, throughput ,194322.66890526382, points/s
11:49:54.144 [DataClientService-thread-1] INFO cn.edu.tsinghua.iot.benchmark.tsdb.DBWrapper -- DataClientService-thread-1 insert one batch latency (device: d_15, sg: g_0) ,0.32, ms, throughput ,154888.43386108984, points/s
11:49:54.144 [DataClientService-thread-1] INFO cn.edu.tsinghua.iot.benchmark.tsdb.DBWrapper -- DataClientService-thread-1 insert one batch latency (device: d_16, sg: g_0) ,0.24, ms, throughput ,208523.6111284881, points/s
11:49:54.144 [DataClientService-thread-1] INFO cn.edu.tsinghua.iot.benchmark.tsdb.DBWrapper -- DataClientService-thread-1 insert one batch latency (device: d_17, sg: g_0) ,0.22, ms, throughput ,229045.74959802473, points/s
11:49:54.145 [DataClientService-thread-1] INFO cn.edu.tsinghua.iot.benchmark.tsdb.DBWrapper -- DataClientService-thread-1 insert one batch latency (device: d_18, sg: g_0) ,0.27, ms, throughput ,186657.01027733498, points/s
11:49:54.145 [DataClientService-thread-1] INFO cn.edu.tsinghua.iot.benchmark.tsdb.DBWrapper -- DataClientService-thread-1 insert one batch latency (device: d_19, sg: g_0) ,0.23, ms, throughput ,213356.09131640708, points/s
11:49:54.145 [DataClientService-thread-1] INFO cn.edu.tsinghua.iot.benchmark.tsdb.DBWrapper -- DataClientService-thread-1 insert one batch latency (device: d_0, sg: g_0) ,0.21, ms, throughput ,240473.63687518938, points/s
11:49:54.145 [DataClientService-thread-1] INFO cn.edu.tsinghua.iot.benchmark.tsdb.DBWrapper -- DataClientService-thread-1 insert one batch latency (device: d_1, sg: g_0) ,0.21, ms, throughput ,242130.7506053269, points/s
11:49:54.146 [DataClientService-thread-1] INFO cn.edu.tsinghua.iot.benchmark.tsdb.DBWrapper -- DataClientService-thread-1 insert one batch latency (device: d_2, sg: g_0) ,0.20, ms, throughput ,244187.1254779963, points/s
11:49:54.146 [DataClientService-thread-1] INFO cn.edu.tsinghua.iot.benchmark.tsdb.DBWrapper -- DataClientService-thread-1 insert one batch latency (device: d_3, sg: g_0) ,0.21, ms, throughput ,234029.80603609676, points/s
11:49:54.146 [DataClientService-thread-1] INFO cn.edu.tsinghua.iot.benchmark.tsdb.DBWrapper -- DataClientService-thread-1 insert one batch latency (device: d_4, sg: g_0) ,0.20, ms, throughput ,250484.68787103042, points/s
11:49:54.147 [DataClientService-thread-1] INFO cn.edu.tsinghua.iot.benchmark.tsdb.DBWrapper -- DataClientService-thread-1 insert one batch latency (device: d_5, sg: g_0) ,0.20, ms, throughput ,252175.00945656284, points/s
11:49:54.147 [DataClientService-thread-1] INFO cn.edu.tsinghua.iot.benchmark.tsdb.DBWrapper -- DataClientService-thread-1 insert one batch latency (device: d_6, sg: g_0) ,0.21, ms, throughput ,237786.11614425058, points/s
11:49:54.147 [DataClientService-thread-1] INFO cn.edu.tsinghua.iot.benchmark.tsdb.DBWrapper -- DataClientService-thread-1 insert one batch latency (device: d_7, sg: g_0) ,0.21, ms, throughput ,240647.24482969393, points/s
11:49:54.147 [DataClientService-thread-1] INFO cn.edu.tsinghua.iot.benchmark.tsdb.DBWrapper -- DataClientService-thread-1 insert one batch latency (device: d_8, sg: g_0) ,0.22, ms, throughput ,226634.03136614992, points/s
11:49:54.148 [DataClientService-thread-1] INFO cn.edu.tsinghua.iot.benchmark.tsdb.DBWrapper -- DataClientService-thread-1 insert one batch latency (device: d_9, sg: g_0) ,0.28, ms, throughput ,181705.854562634, points/s
11:49:54.148 [DataClientService-thread-1] INFO cn.edu.tsinghua.iot.benchmark.tsdb.DBWrapper -- DataClientService-thread-1 insert one batch latency (device: d_10, sg: g_0) ,0.22, ms, throughput ,224132.83008041885, points/s
11:49:54.148 [DataClientService-thread-1] INFO cn.edu.tsinghua.iot.benchmark.tsdb.DBWrapper -- DataClientService-thread-1 insert one batch latency (device: d_11, sg: g_0) ,0.23, ms, throughput ,219118.5299776061, points/s
11:49:54.149 [DataClientService-thread-1] INFO cn.edu.tsinghua.iot.benchmark.tsdb.DBWrapper -- DataClientService-thread-1 insert one batch latency (device: d_12, sg: g_0) ,0.23, ms, throughput ,221407.44283259826, points/s
11:49:54.149 [DataClientService-thread-1] INFO cn.edu.tsinghua.iot.benchmark.tsdb.DBWrapper -- DataClientService-thread-1 insert one batch latency (device: d_13, sg: g_0) ,0.29, ms, throughput ,171229.94469272785, points/s
11:49:54.149 [DataClientService-thread-1] INFO cn.edu.tsinghua.iot.benchmark.tsdb.DBWrapper -- DataClientService-thread-1 insert one batch latency (device: d_14, sg: g_0) ,0.26, ms, throughput ,191647.24641236354, points/s
11:49:54.150 [DataClientService-thread-1] INFO cn.edu.tsinghua.iot.benchmark.tsdb.DBWrapper -- DataClientService-thread-1 insert one batch latency (device: d_15, sg: g_0) ,0.19, ms, throughput ,258125.8001899806, points/s
11:49:54.150 [DataClientService-thread-1] INFO cn.edu.tsinghua.iot.benchmark.tsdb.DBWrapper -- DataClientService-thread-1 insert one batch latency (device: d_16, sg: g_0) ,0.20, ms, throughput ,250730.88051670618, points/s
11:49:54.150 [DataClientService-thread-1] INFO cn.edu.tsinghua.iot.benchmark.tsdb.DBWrapper -- DataClientService-thread-1 insert one batch latency (device: d_17, sg: g_0) ,0.21, ms, throughput ,239701.23637897725, points/s
11:49:54.151 [DataClientService-thread-1] INFO cn.edu.tsinghua.iot.benchmark.tsdb.DBWrapper -- DataClientService-thread-1 insert one batch latency (device: d_18, sg: g_0) ,0.22, ms, throughput ,222438.72925202752, points/s
11:49:54.151 [DataClientService-thread-1] INFO cn.edu.tsinghua.iot.benchmark.tsdb.DBWrapper -- DataClientService-thread-1 insert one batch latency (device: d_19, sg: g_0) ,0.19, ms, throughput ,265463.2333421821, points/s
11:49:54.151 [DataClientService-thread-1] INFO cn.edu.tsinghua.iot.benchmark.tsdb.DBWrapper -- DataClientService-thread-1 insert one batch latency (device: d_0, sg: g_0) ,0.20, ms, throughput ,247555.39051862856, points/s
11:49:54.151 [DataClientService-thread-1] INFO cn.edu.tsinghua.iot.benchmark.tsdb.DBWrapper -- DataClientService-thread-1 insert one batch latency (device: d_1, sg: g_0) ,0.19, ms, throughput ,265197.1210200542, points/s
11:49:54.152 [DataClientService-thread-1] INFO cn.edu.tsinghua.iot.benchmark.tsdb.DBWrapper -- DataClientService-thread-1 insert one batch latency (device: d_2, sg: g_0) ,0.18, ms, throughput ,280801.06929047185, points/s
11:49:54.152 [DataClientService-thread-1] INFO cn.edu.tsinghua.iot.benchmark.tsdb.DBWrapper -- DataClientService-thread-1 insert one batch latency (device: d_3, sg: g_0) ,0.17, ms, throughput ,294145.3313253012, points/s
11:49:54.152 [DataClientService-thread-1] INFO cn.edu.tsinghua.iot.benchmark.tsdb.DBWrapper -- DataClientService-thread-1 insert one batch latency (device: d_4, sg: g_0) ,0.17, ms, throughput ,293858.3602703497, points/s
11:49:54.153 [DataClientService-thread-1] INFO cn.edu.tsinghua.iot.benchmark.tsdb.DBWrapper -- DataClientService-thread-1 insert one batch latency (device: d_5, sg: g_0) ,1.01, ms, throughput ,49365.31020667281, points/s
11:49:54.153 [DataClientService-thread-1] INFO cn.edu.tsinghua.iot.benchmark.tsdb.DBWrapper -- DataClientService-thread-1 insert one batch latency (device: d_6, sg: g_0) ,0.27, ms, throughput ,182091.65036946395, points/s
11:49:54.154 [DataClientService-thread-1] INFO cn.edu.tsinghua.iot.benchmark.tsdb.DBWrapper -- DataClientService-thread-1 insert one batch latency (device: d_7, sg: g_0) ,0.69, ms, throughput ,72586.85016622389, points/s
11:49:54.155 [DataClientService-thread-1] INFO cn.edu.tsinghua.iot.benchmark.tsdb.DBWrapper -- DataClientService-thread-1 insert one batch latency (device: d_8, sg: g_0) ,0.35, ms, throughput ,144256.01403322504, points/s
11:49:54.155 [DataClientService-thread-1] INFO cn.edu.tsinghua.iot.benchmark.tsdb.DBWrapper -- DataClientService-thread-1 insert one batch latency (device: d_9, sg: g_0) ,0.20, ms, throughput ,245147.3090179889, points/s
11:49:54.155 [DataClientService-thread-1] INFO cn.edu.tsinghua.iot.benchmark.tsdb.DBWrapper -- DataClientService-thread-1 insert one batch latency (device: d_10, sg: g_0) ,0.20, ms, throughput ,250166.36062981884, points/s
11:49:54.156 [DataClientService-thread-1] INFO cn.edu.tsinghua.iot.benchmark.tsdb.DBWrapper -- DataClientService-thread-1 insert one batch latency (device: d_11, sg: g_0) ,0.28, ms, throughput ,179454.6015748936, points/s
11:49:54.156 [DataClientService-thread-1] INFO cn.edu.tsinghua.iot.benchmark.tsdb.DBWrapper -- DataClientService-thread-1 insert one batch latency (device: d_12, sg: g_0) ,0.17, ms, throughput ,287905.6590736348, points/s
11:49:54.156 [DataClientService-thread-1] INFO cn.edu.tsinghua.iot.benchmark.tsdb.DBWrapper -- DataClientService-thread-1 insert one batch latency (device: d_13, sg: g_0) ,0.17, ms, throughput ,302359.61443101964, points/s
11:49:54.156 [DataClientService-thread-1] INFO cn.edu.tsinghua.iot.benchmark.tsdb.DBWrapper -- DataClientService-thread-1 insert one batch latency (device: d_14, sg: g_0) ,0.20, ms, throughput ,253902.48113504567, points/s
11:49:54.157 [DataClientService-thread-1] INFO cn.edu.tsinghua.iot.benchmark.tsdb.DBWrapper -- DataClientService-thread-1 insert one batch latency (device: d_15, sg: g_0) ,0.17, ms, throughput ,289819.79005454405, points/s
11:49:54.157 [DataClientService-thread-1] INFO cn.edu.tsinghua.iot.benchmark.tsdb.DBWrapper -- DataClientService-thread-1 insert one batch latency (device: d_16, sg: g_0) ,0.26, ms, throughput ,191151.227382031, points/s
11:49:54.158 [DataClientService-thread-1] INFO cn.edu.tsinghua.iot.benchmark.tsdb.DBWrapper -- DataClientService-thread-1 insert one batch latency (device: d_17, sg: g_0) ,0.32, ms, throughput ,154094.60175791124, points/s
11:49:54.158 [DataClientService-thread-1] INFO cn.edu.tsinghua.iot.benchmark.tsdb.DBWrapper -- DataClientService-thread-1 insert one batch latency (device: d_18, sg: g_0) ,0.23, ms, throughput ,212813.9537853218, points/s
11:49:54.158 [DataClientService-thread-1] INFO cn.edu.tsinghua.iot.benchmark.tsdb.DBWrapper -- DataClientService-thread-1 insert one batch latency (device: d_19, sg: g_0) ,0.25, ms, throughput ,201572.26365652087, points/s
11:49:54.159 [DataClientService-thread-1] INFO cn.edu.tsinghua.iot.benchmark.tsdb.DBWrapper -- DataClientService-thread-1 insert one batch latency (device: d_0, sg: g_0) ,0.28, ms, throughput ,176802.76943858046, points/s
11:49:54.159 [DataClientService-thread-1] INFO cn.edu.tsinghua.iot.benchmark.tsdb.DBWrapper -- DataClientService-thread-1 insert one batch latency (device: d_1, sg: g_0) ,0.26, ms, throughput ,191345.81163152918, points/s
11:49:54.159 [DataClientService-thread-1] INFO cn.edu.tsinghua.iot.benchmark.tsdb.DBWrapper -- DataClientService-thread-1 insert one batch latency (device: d_2, sg: g_0) ,0.31, ms, throughput ,159062.42245706904, points/s
11:49:54.160 [DataClientService-thread-1] INFO cn.edu.tsinghua.iot.benchmark.tsdb.DBWrapper -- DataClientService-thread-1 insert one batch latency (device: d_3, sg: g_0) ,0.28, ms, throughput ,180703.07954188154, points/s
11:49:54.160 [DataClientService-thread-1] INFO cn.edu.tsinghua.iot.benchmark.tsdb.DBWrapper -- DataClientService-thread-1 insert one batch latency (device: d_4, sg: g_0) ,0.23, ms, throughput ,215498.66390828378, points/s
11:49:54.160 [DataClientService-thread-1] INFO cn.edu.tsinghua.iot.benchmark.tsdb.DBWrapper -- DataClientService-thread-1 insert one batch latency (device: d_5, sg: g_0) ,0.27, ms, throughput ,188563.97221321304, points/s
11:49:54.161 [DataClientService-thread-1] INFO cn.edu.tsinghua.iot.benchmark.tsdb.DBWrapper -- DataClientService-thread-1 insert one batch latency (device: d_6, sg: g_0) ,0.27, ms, throughput ,183533.38472268105, points/s
11:49:54.161 [DataClientService-thread-1] INFO cn.edu.tsinghua.iot.benchmark.tsdb.DBWrapper -- DataClientService-thread-1 insert one batch latency (device: d_7, sg: g_0) ,0.25, ms, throughput ,199425.6541161455, points/s
11:49:54.161 [DataClientService-thread-1] INFO cn.edu.tsinghua.iot.benchmark.tsdb.DBWrapper -- DataClientService-thread-1 insert one batch latency (device: d_8, sg: g_0) ,0.26, ms, throughput ,192360.96149702996, points/s
11:49:54.162 [DataClientService-thread-1] INFO cn.edu.tsinghua.iot.benchmark.tsdb.DBWrapper -- DataClientService-thread-1 insert one batch latency (device: d_9, sg: g_0) ,0.26, ms, throughput ,188770.42495998068, points/s
11:49:54.162 [DataClientService-thread-1] INFO cn.edu.tsinghua.iot.benchmark.tsdb.DBWrapper -- DataClientService-thread-1 insert one batch latency (device: d_10, sg: g_0) ,0.28, ms, throughput ,178272.1859735444, points/s
11:49:54.162 [DataClientService-thread-1] INFO cn.edu.tsinghua.iot.benchmark.tsdb.DBWrapper -- DataClientService-thread-1 insert one batch latency (device: d_11, sg: g_0) ,0.24, ms, throughput ,210536.95344606886, points/s
11:49:54.163 [DataClientService-thread-1] INFO cn.edu.tsinghua.iot.benchmark.tsdb.DBWrapper -- DataClientService-thread-1 insert one batch latency (device: d_12, sg: g_0) ,0.26, ms, throughput ,190342.76925888142, points/s
11:49:54.163 [DataClientService-thread-1] INFO cn.edu.tsinghua.iot.benchmark.tsdb.DBWrapper -- DataClientService-thread-1 insert one batch latency (device: d_13, sg: g_0) ,0.24, ms, throughput ,212103.47255805272, points/s
11:49:54.163 [DataClientService-thread-1] INFO cn.edu.tsinghua.iot.benchmark.tsdb.DBWrapper -- DataClientService-thread-1 insert one batch latency (device: d_14, sg: g_0) ,0.27, ms, throughput ,182464.43768109597, points/s
11:49:54.164 [DataClientService-thread-1] INFO cn.edu.tsinghua.iot.benchmark.tsdb.DBWrapper -- DataClientService-thread-1 insert one batch latency (device: d_15, sg: g_0) ,0.33, ms, throughput ,151842.30265815134, points/s
11:49:54.164 [DataClientService-thread-1] INFO cn.edu.tsinghua.iot.benchmark.tsdb.DBWrapper -- DataClientService-thread-1 insert one batch latency (device: d_16, sg: g_0) ,0.25, ms, throughput ,197023.37091225764, points/s
11:49:54.164 [DataClientService-thread-1] INFO cn.edu.tsinghua.iot.benchmark.tsdb.DBWrapper -- DataClientService-thread-1 insert one batch latency (device: d_17, sg: g_0) ,0.24, ms, throughput ,206975.91628238137, points/s
11:49:54.165 [DataClientService-thread-1] INFO cn.edu.tsinghua.iot.benchmark.tsdb.DBWrapper -- DataClientService-thread-1 insert one batch latency (device: d_18, sg: g_0) ,0.26, ms, throughput ,191773.67637808563, points/s
11:49:54.165 [DataClientService-thread-1] INFO cn.edu.tsinghua.iot.benchmark.tsdb.DBWrapper -- DataClientService-thread-1 insert one batch latency (device: d_19, sg: g_0) ,0.24, ms, throughput ,210617.65734192092, points/s
11:49:54.165 [DataClientService-thread-1] INFO cn.edu.tsinghua.iot.benchmark.tsdb.DBWrapper -- DataClientService-thread-1 insert one batch latency (device: d_0, sg: g_0) ,0.20, ms, throughput ,250092.53423766795, points/s
11:49:54.165 [DataClientService-thread-1] INFO cn.edu.tsinghua.iot.benchmark.tsdb.DBWrapper -- DataClientService-thread-1 insert one batch latency (device: d_1, sg: g_0) ,0.21, ms, throughput ,243663.52990482503, points/s
11:49:54.166 [DataClientService-thread-1] INFO cn.edu.tsinghua.iot.benchmark.tsdb.DBWrapper -- DataClientService-thread-1 insert one batch latency (device: d_2, sg: g_0) ,0.22, ms, throughput ,229830.10958299626, points/s
11:49:54.166 [DataClientService-thread-1] INFO cn.edu.tsinghua.iot.benchmark.tsdb.DBWrapper -- DataClientService-thread-1 insert one batch latency (device: d_3, sg: g_0) ,0.20, ms, throughput ,250356.75838069248, points/s
11:49:54.166 [DataClientService-thread-1] INFO cn.edu.tsinghua.iot.benchmark.tsdb.DBWrapper -- DataClientService-thread-1 insert one batch latency (device: d_4, sg: g_0) ,0.20, ms, throughput ,251946.2850520269, points/s
11:49:54.166 [DataClientService-thread-1] INFO cn.edu.tsinghua.iot.benchmark.tsdb.DBWrapper -- DataClientService-thread-1 insert one batch latency (device: d_5, sg: g_0) ,0.21, ms, throughput ,239802.40282007627, points/s
11:49:54.167 [DataClientService-thread-1] INFO cn.edu.tsinghua.iot.benchmark.tsdb.DBWrapper -- DataClientService-thread-1 insert one batch latency (device: d_6, sg: g_0) ,0.20, ms, throughput ,251939.9375188955, points/s
11:49:54.167 [DataClientService-thread-1] INFO cn.edu.tsinghua.iot.benchmark.tsdb.DBWrapper -- DataClientService-thread-1 insert one batch latency (device: d_7, sg: g_0) ,0.21, ms, throughput ,233861.23609694952, points/s
11:49:54.167 [DataClientService-thread-1] INFO cn.edu.tsinghua.iot.benchmark.tsdb.DBWrapper -- DataClientService-thread-1 insert one batch latency (device: d_8, sg: g_0) ,0.24, ms, throughput ,208519.2630095168, points/s
11:49:54.167 [DataClientService-thread-1] INFO cn.edu.tsinghua.iot.benchmark.tsdb.DBWrapper -- DataClientService-thread-1 insert one batch latency (device: d_9, sg: g_0) ,0.20, ms, throughput ,253910.21734714604, points/s
11:49:54.168 [DataClientService-thread-1] INFO cn.edu.tsinghua.iot.benchmark.tsdb.DBWrapper -- DataClientService-thread-1 insert one batch latency (device: d_10, sg: g_0) ,0.21, ms, throughput ,242258.62561836516, points/s
11:49:54.168 [DataClientService-thread-1] INFO cn.edu.tsinghua.iot.benchmark.tsdb.DBWrapper -- DataClientService-thread-1 insert one batch latency (device: d_11, sg: g_0) ,0.23, ms, throughput ,216914.09334247265, points/s
11:49:54.168 [DataClientService-thread-1] INFO cn.edu.tsinghua.iot.benchmark.tsdb.DBWrapper -- DataClientService-thread-1 insert one batch latency (device: d_12, sg: g_0) ,0.20, ms, throughput ,244819.61690626346, points/s
11:49:54.168 [DataClientService-thread-1] INFO cn.edu.tsinghua.iot.benchmark.tsdb.DBWrapper -- DataClientService-thread-1 insert one batch latency (device: d_13, sg: g_0) ,0.23, ms, throughput ,219209.79253985235, points/s
11:49:54.169 [DataClientService-thread-1] INFO cn.edu.tsinghua.iot.benchmark.tsdb.DBWrapper -- DataClientService-thread-1 insert one batch latency (device: d_14, sg: g_0) ,0.22, ms, throughput ,225594.10206779555, points/s
11:49:54.169 [DataClientService-thread-1] INFO cn.edu.tsinghua.iot.benchmark.tsdb.DBWrapper -- DataClientService-thread-1 insert one batch latency (device: d_15, sg: g_0) ,0.24, ms, throughput ,205599.71380519838, points/s
11:49:54.169 [DataClientService-thread-1] INFO cn.edu.tsinghua.iot.benchmark.tsdb.DBWrapper -- DataClientService-thread-1 insert one batch latency (device: d_16, sg: g_0) ,0.22, ms, throughput ,223999.28320229377, points/s
11:49:54.170 [DataClientService-thread-1] INFO cn.edu.tsinghua.iot.benchmark.tsdb.DBWrapper -- DataClientService-thread-1 insert one batch latency (device: d_17, sg: g_0) ,0.21, ms, throughput ,236195.55102060098, points/s
11:49:54.170 [DataClientService-thread-1] INFO cn.edu.tsinghua.iot.benchmark.tsdb.DBWrapper -- DataClientService-thread-1 insert one batch latency (device: d_18, sg: g_0) ,0.22, ms, throughput ,224291.68685291847, points/s
11:49:54.170 [DataClientService-thread-1] INFO cn.edu.tsinghua.iot.benchmark.tsdb.DBWrapper -- DataClientService-thread-1 insert one batch latency (device: d_19, sg: g_0) ,0.22, ms, throughput ,227660.78542970974, points/s
11:49:54.170 [DataClientService-thread-1] INFO cn.edu.tsinghua.iot.benchmark.tsdb.DBWrapper -- DataClientService-thread-1 insert one batch latency (device: d_0, sg: g_0) ,0.25, ms, throughput ,199723.58256173454, points/s
11:49:54.171 [DataClientService-thread-1] INFO cn.edu.tsinghua.iot.benchmark.tsdb.DBWrapper -- DataClientService-thread-1 insert one batch latency (device: d_1, sg: g_0) ,0.25, ms, throughput ,196690.8727567406, points/s
11:49:54.171 [DataClientService-thread-1] INFO cn.edu.tsinghua.iot.benchmark.tsdb.DBWrapper -- DataClientService-thread-1 insert one batch latency (device: d_2, sg: g_0) ,0.20, ms, throughput ,245416.84050359536, points/s
11:49:54.171 [DataClientService-thread-1] INFO cn.edu.tsinghua.iot.benchmark.tsdb.DBWrapper -- DataClientService-thread-1 insert one batch latency (device: d_3, sg: g_0) ,0.20, ms, throughput ,247113.71184564292, points/s
11:49:54.172 [DataClientService-thread-1] INFO cn.edu.tsinghua.iot.benchmark.tsdb.DBWrapper -- DataClientService-thread-1 insert one batch latency (device: d_4, sg: g_0) ,0.23, ms, throughput ,214853.23375602125, points/s
11:49:54.172 [DataClientService-thread-1] INFO cn.edu.tsinghua.iot.benchmark.tsdb.DBWrapper -- DataClientService-thread-1 insert one batch latency (device: d_5, sg: g_0) ,0.32, ms, throughput ,155430.58936170873, points/s
11:49:54.172 [DataClientService-thread-1] INFO cn.edu.tsinghua.iot.benchmark.tsdb.DBWrapper -- DataClientService-thread-1 insert one batch latency (device: d_6, sg: g_0) ,0.24, ms, throughput ,209653.27541312177, points/s
11:49:54.173 [DataClientService-thread-1] INFO cn.edu.tsinghua.iot.benchmark.tsdb.DBWrapper -- DataClientService-thread-1 insert one batch latency (device: d_7, sg: g_0) ,0.26, ms, throughput ,196060.74746199363, points/s
11:49:54.173 [DataClientService-thread-1] INFO cn.edu.tsinghua.iot.benchmark.tsdb.DBWrapper -- DataClientService-thread-1 insert one batch latency (device: d_8, sg: g_0) ,0.28, ms, throughput ,180497.59577202433, points/s
11:49:54.173 [DataClientService-thread-1] INFO cn.edu.tsinghua.iot.benchmark.tsdb.DBWrapper -- DataClientService-thread-1 insert one batch latency (device: d_9, sg: g_0) ,0.24, ms, throughput ,207940.8449884177, points/s
11:49:54.173 [DataClientService-thread-1] INFO cn.edu.tsinghua.iot.benchmark.tsdb.DBWrapper -- DataClientService-thread-1 insert one batch latency (device: d_10, sg: g_0) ,0.24, ms, throughput ,205793.4985717931, points/s
11:49:54.174 [DataClientService-thread-1] INFO cn.edu.tsinghua.iot.benchmark.tsdb.DBWrapper -- DataClientService-thread-1 insert one batch latency (device: d_11, sg: g_0) ,0.23, ms, throughput ,221835.73507489174, points/s
11:49:54.174 [DataClientService-thread-1] INFO cn.edu.tsinghua.iot.benchmark.tsdb.DBWrapper -- DataClientService-thread-1 insert one batch latency (device: d_12, sg: g_0) ,0.24, ms, throughput ,210536.95344606886, points/s
11:49:54.174 [DataClientService-thread-1] INFO cn.edu.tsinghua.iot.benchmark.tsdb.DBWrapper -- DataClientService-thread-1 insert one batch latency (device: d_13, sg: g_0) ,0.21, ms, throughput ,237949.06938118965, points/s
11:49:54.175 [DataClientService-thread-1] INFO cn.edu.tsinghua.iot.benchmark.tsdb.DBWrapper -- DataClientService-thread-1 insert one batch latency (device: d_14, sg: g_0) ,0.20, ms, throughput ,246930.65199569354, points/s
11:49:54.175 [DataClientService-thread-1] INFO cn.edu.tsinghua.iot.benchmark.tsdb.DBWrapper -- DataClientService-thread-1 insert one batch latency (device: d_15, sg: g_0) ,0.19, ms, throughput ,261474.82258933288, points/s
11:49:54.175 [DataClientService-thread-1] INFO cn.edu.tsinghua.iot.benchmark.tsdb.DBWrapper -- DataClientService-thread-1 insert one batch latency (device: d_16, sg: g_0) ,0.18, ms, throughput ,279418.58580665354, points/s
11:49:54.175 [DataClientService-thread-1] INFO cn.edu.tsinghua.iot.benchmark.tsdb.DBWrapper -- DataClientService-thread-1 insert one batch latency (device: d_17, sg: g_0) ,0.23, ms, throughput ,215650.16367847423, points/s
11:49:54.175 [DataClientService-thread-1] INFO cn.edu.tsinghua.iot.benchmark.tsdb.DBWrapper -- DataClientService-thread-1 insert one batch latency (device: d_18, sg: g_0) ,0.20, ms, throughput ,254411.49532900492, points/s
11:49:54.176 [DataClientService-thread-1] INFO cn.edu.tsinghua.iot.benchmark.tsdb.DBWrapper -- DataClientService-thread-1 insert one batch latency (device: d_19, sg: g_0) ,0.20, ms, throughput ,247905.20105111806, points/s
11:49:54.176 [DataClientService-thread-1] INFO cn.edu.tsinghua.iot.benchmark.tsdb.DBWrapper -- DataClientService-thread-1 insert one batch latency (device: d_0, sg: g_0) ,0.17, ms, throughput ,290997.1307682906, points/s
11:49:54.176 [DataClientService-thread-1] INFO cn.edu.tsinghua.iot.benchmark.tsdb.DBWrapper -- DataClientService-thread-1 insert one batch latency (device: d_1, sg: g_0) ,0.18, ms, throughput ,275397.12265086256, points/s
11:49:54.176 [DataClientService-thread-1] INFO cn.edu.tsinghua.iot.benchmark.tsdb.DBWrapper -- DataClientService-thread-1 insert one batch latency (device: d_2, sg: g_0) ,0.19, ms, throughput ,265577.44503874774, points/s
11:49:54.177 [DataClientService-thread-1] INFO cn.edu.tsinghua.iot.benchmark.tsdb.DBWrapper -- DataClientService-thread-1 insert one batch latency (device: d_3, sg: g_0) ,0.21, ms, throughput ,239415.44325375164, points/s
11:49:54.177 [DataClientService-thread-1] INFO cn.edu.tsinghua.iot.benchmark.tsdb.DBWrapper -- DataClientService-thread-1 insert one batch latency (device: d_4, sg: g_0) ,0.20, ms, throughput ,246515.5033600063, points/s
11:49:54.177 [DataClientService-thread-1] INFO cn.edu.tsinghua.iot.benchmark.tsdb.DBWrapper -- DataClientService-thread-1 insert one batch latency (device: d_5, sg: g_0) ,0.22, ms, throughput ,229102.42252901584, points/s
11:49:54.177 [DataClientService-thread-1] INFO cn.edu.tsinghua.iot.benchmark.tsdb.DBWrapper -- DataClientService-thread-1 insert one batch latency (device: d_6, sg: g_0) ,0.24, ms, throughput ,204372.7595636233, points/s
11:49:54.178 [DataClientService-thread-1] INFO cn.edu.tsinghua.iot.benchmark.tsdb.DBWrapper -- DataClientService-thread-1 insert one batch latency (device: d_7, sg: g_0) ,0.26, ms, throughput ,189467.1426081289, points/s
11:49:54.178 [DataClientService-thread-1] INFO cn.edu.tsinghua.iot.benchmark.tsdb.DBWrapper -- DataClientService-thread-1 insert one batch latency (device: d_8, sg: g_0) ,0.27, ms, throughput ,188484.35956784306, points/s
11:49:54.178 [DataClientService-thread-1] INFO cn.edu.tsinghua.iot.benchmark.tsdb.DBWrapper -- DataClientService-thread-1 insert one batch latency (device: d_9, sg: g_0) ,0.25, ms, throughput ,202083.07230936494, points/s
11:49:54.179 [DataClientService-thread-1] INFO cn.edu.tsinghua.iot.benchmark.tsdb.DBWrapper -- DataClientService-thread-1 insert one batch latency (device: d_10, sg: g_0) ,0.19, ms, throughput ,262156.18216708786, points/s
11:49:54.179 [DataClientService-thread-1] INFO cn.edu.tsinghua.iot.benchmark.tsdb.DBWrapper -- DataClientService-thread-1 insert one batch latency (device: d_11, sg: g_0) ,0.27, ms, throughput ,186562.98739580455, points/s
11:49:54.179 [DataClientService-thread-1] INFO cn.edu.tsinghua.iot.benchmark.tsdb.DBWrapper -- DataClientService-thread-1 insert one batch latency (device: d_12, sg: g_0) ,0.18, ms, throughput ,283194.6623470041, points/s
11:49:54.179 [DataClientService-thread-1] INFO cn.edu.tsinghua.iot.benchmark.tsdb.DBWrapper -- DataClientService-thread-1 insert one batch latency (device: d_13, sg: g_0) ,0.21, ms, throughput ,243319.65876851053, points/s
11:49:54.180 [DataClientService-thread-1] INFO cn.edu.tsinghua.iot.benchmark.tsdb.DBWrapper -- DataClientService-thread-1 insert one batch latency (device: d_14, sg: g_0) ,0.18, ms, throughput ,276974.551578201, points/s
11:49:54.180 [DataClientService-thread-1] INFO cn.edu.tsinghua.iot.benchmark.tsdb.DBWrapper -- DataClientService-thread-1 insert one batch latency (device: d_15, sg: g_0) ,0.19, ms, throughput ,268820.0948397295, points/s
11:49:54.180 [DataClientService-thread-1] INFO cn.edu.tsinghua.iot.benchmark.tsdb.DBWrapper -- DataClientService-thread-1 insert one batch latency (device: d_16, sg: g_0) ,0.18, ms, throughput ,270368.18739759806, points/s
11:49:54.180 [DataClientService-thread-1] INFO cn.edu.tsinghua.iot.benchmark.tsdb.DBWrapper -- DataClientService-thread-1 insert one batch latency (device: d_17, sg: g_0) ,0.17, ms, throughput ,287548.02051942673, points/s
11:49:54.181 [DataClientService-thread-1] INFO cn.edu.tsinghua.iot.benchmark.tsdb.DBWrapper -- DataClientService-thread-1 insert one batch latency (device: d_18, sg: g_0) ,1.04, ms, throughput ,48091.53550501883, points/s
11:49:54.182 [DataClientService-thread-1] INFO cn.edu.tsinghua.iot.benchmark.tsdb.DBWrapper -- DataClientService-thread-1 insert one batch latency (device: d_19, sg: g_0) ,0.25, ms, throughput ,202418.4961925081, points/s
11:49:54.182 [DataClientService-thread-1] INFO cn.edu.tsinghua.iot.benchmark.tsdb.DBWrapper -- DataClientService-thread-1 insert one batch latency (device: d_0, sg: g_0) ,0.17, ms, throughput ,293354.9242557585, points/s
11:49:54.182 [DataClientService-thread-1] INFO cn.edu.tsinghua.iot.benchmark.tsdb.DBWrapper -- DataClientService-thread-1 insert one batch latency (device: d_1, sg: g_0) ,0.16, ms, throughput ,310881.4733294784, points/s
11:49:54.182 [DataClientService-thread-1] INFO cn.edu.tsinghua.iot.benchmark.tsdb.DBWrapper -- DataClientService-thread-1 insert one batch latency (device: d_2, sg: g_0) ,0.21, ms, throughput ,242283.2776081795, points/s
11:49:54.183 [DataClientService-thread-1] INFO cn.edu.tsinghua.iot.benchmark.tsdb.DBWrapper -- DataClientService-thread-1 insert one batch latency (device: d_3, sg: g_0) ,0.21, ms, throughput ,243431.01408491848, points/s
11:49:54.183 [DataClientService-thread-1] INFO cn.edu.tsinghua.iot.benchmark.tsdb.DBWrapper -- DataClientService-thread-1 insert one batch latency (device: d_4, sg: g_0) ,0.18, ms, throughput ,281950.6473586864, points/s
11:49:54.183 [DataClientService-thread-1] INFO cn.edu.tsinghua.iot.benchmark.tsdb.DBWrapper -- DataClientService-thread-1 insert one batch latency (device: d_5, sg: g_0) ,0.22, ms, throughput ,223004.2236999969, points/s
11:49:54.183 [DataClientService-thread-1] INFO cn.edu.tsinghua.iot.benchmark.tsdb.DBWrapper -- DataClientService-thread-1 insert one batch latency (device: d_6, sg: g_0) ,0.19, ms, throughput ,259174.78747667425, points/s
11:49:54.184 [DataClientService-thread-1] INFO cn.edu.tsinghua.iot.benchmark.tsdb.DBWrapper -- DataClientService-thread-1 insert one batch latency (device: d_7, sg: g_0) ,0.23, ms, throughput ,216715.71665720342, points/s
11:49:54.184 [DataClientService-thread-1] INFO cn.edu.tsinghua.iot.benchmark.tsdb.DBWrapper -- DataClientService-thread-1 insert one batch latency (device: d_8, sg: g_0) ,0.27, ms, throughput ,183947.28806513207, points/s
11:49:54.184 [DataClientService-thread-1] INFO cn.edu.tsinghua.iot.benchmark.tsdb.DBWrapper -- DataClientService-thread-1 insert one batch latency (device: d_9, sg: g_0) ,0.33, ms, throughput ,153491.4704789855, points/s
11:49:54.185 [DataClientService-thread-1] INFO cn.edu.tsinghua.iot.benchmark.tsdb.DBWrapper -- DataClientService-thread-1 insert one batch latency (device: d_10, sg: g_0) ,0.28, ms, throughput ,180987.61320775206, points/s
11:49:54.185 [DataClientService-thread-1] INFO cn.edu.tsinghua.iot.benchmark.tsdb.DBWrapper -- DataClientService-thread-1 insert one batch latency (device: d_11, sg: g_0) ,0.23, ms, throughput ,221910.5611674271, points/s
11:49:54.185 [DataClientService-thread-1] INFO cn.edu.tsinghua.iot.benchmark.tsdb.DBWrapper -- DataClientService-thread-1 insert one batch latency (device: d_12, sg: g_0) ,0.21, ms, throughput ,233618.65958957875, points/s
11:49:54.186 [DataClientService-thread-1] INFO cn.edu.tsinghua.iot.benchmark.tsdb.DBWrapper -- DataClientService-thread-1 insert one batch latency (device: d_13, sg: g_0) ,0.23, ms, throughput ,213614.9633009493, points/s
11:49:54.186 [DataClientService-thread-1] INFO cn.edu.tsinghua.iot.benchmark.tsdb.DBWrapper -- DataClientService-thread-1 insert one batch latency (device: d_14, sg: g_0) ,0.23, ms, throughput ,212927.2385040584, points/s
11:49:54.186 [DataClientService-thread-1] INFO cn.edu.tsinghua.iot.benchmark.tsdb.DBWrapper -- DataClientService-thread-1 insert one batch latency (device: d_15, sg: g_0) ,0.20, ms, throughput ,249313.1422929828, points/s
11:49:54.186 [DataClientService-thread-1] INFO cn.edu.tsinghua.iot.benchmark.tsdb.DBWrapper -- DataClientService-thread-1 insert one batch latency (device: d_16, sg: g_0) ,0.20, ms, throughput ,255181.45953587597, points/s
11:49:54.187 [DataClientService-thread-1] INFO cn.edu.tsinghua.iot.benchmark.tsdb.DBWrapper -- DataClientService-thread-1 insert one batch latency (device: d_17, sg: g_0) ,0.20, ms, throughput ,256182.97612887027, points/s
11:49:54.187 [DataClientService-thread-1] INFO cn.edu.tsinghua.iot.benchmark.tsdb.DBWrapper -- DataClientService-thread-1 insert one batch latency (device: d_18, sg: g_0) ,0.18, ms, throughput ,277395.5883005637, points/s
11:49:54.187 [DataClientService-thread-1] INFO cn.edu.tsinghua.iot.benchmark.tsdb.DBWrapper -- DataClientService-thread-1 insert one batch latency (device: d_19, sg: g_0) ,0.19, ms, throughput ,258875.54816897324, points/s
11:49:54.187 [DataClientService-thread-1] INFO cn.edu.tsinghua.iot.benchmark.tsdb.DBWrapper -- DataClientService-thread-1 insert one batch latency (device: d_0, sg: g_0) ,0.22, ms, throughput ,223103.7298481556, points/s
11:49:54.187 [DataClientService-thread-1] INFO cn.edu.tsinghua.iot.benchmark.tsdb.DBWrapper -- DataClientService-thread-1 insert one batch latency (device: d_1, sg: g_0) ,0.20, ms, throughput ,247884.30743603347, points/s
11:49:54.188 [DataClientService-thread-1] INFO cn.edu.tsinghua.iot.benchmark.tsdb.DBWrapper -- DataClientService-thread-1 insert one batch latency (device: d_2, sg: g_0) ,0.21, ms, throughput ,232897.1945203948, points/s
11:49:54.188 [DataClientService-thread-1] INFO cn.edu.tsinghua.iot.benchmark.tsdb.DBWrapper -- DataClientService-thread-1 insert one batch latency (device: d_3, sg: g_0) ,0.24, ms, throughput ,211314.63057976283, points/s
11:49:54.188 [DataClientService-thread-1] INFO cn.edu.tsinghua.iot.benchmark.tsdb.DBWrapper -- DataClientService-thread-1 insert one batch latency (device: d_4, sg: g_0) ,0.22, ms, throughput ,225208.99394638225, points/s
11:49:54.189 [DataClientService-thread-1] INFO cn.edu.tsinghua.iot.benchmark.tsdb.DBWrapper -- DataClientService-thread-1 insert one batch latency (device: d_5, sg: g_0) ,0.20, ms, throughput ,251814.32219138893, points/s
11:49:54.189 [DataClientService-thread-1] INFO cn.edu.tsinghua.iot.benchmark.tsdb.DBWrapper -- DataClientService-thread-1 insert one batch latency (device: d_6, sg: g_0) ,0.18, ms, throughput ,275101.65005969704, points/s
11:49:54.189 [DataClientService-thread-1] INFO cn.edu.tsinghua.iot.benchmark.tsdb.DBWrapper -- DataClientService-thread-1 insert one batch latency (device: d_7, sg: g_0) ,0.19, ms, throughput ,268867.797703869, points/s
11:49:54.189 [DataClientService-thread-1] INFO cn.edu.tsinghua.iot.benchmark.tsdb.DBWrapper -- DataClientService-thread-1 insert one batch latency (device: d_8, sg: g_0) ,0.18, ms, throughput ,282369.4182625245, points/s
11:49:54.190 [DataClientService-thread-1] INFO cn.edu.tsinghua.iot.benchmark.tsdb.DBWrapper -- DataClientService-thread-1 insert one batch latency (device: d_9, sg: g_0) ,0.24, ms, throughput ,205092.02479152396, points/s
11:49:54.190 [DataClientService-thread-1] INFO cn.edu.tsinghua.iot.benchmark.tsdb.DBWrapper -- DataClientService-thread-1 insert one batch latency (device: d_10, sg: g_0) ,0.22, ms, throughput ,227535.42726602533, points/s
11:49:54.190 [DataClientService-thread-1] INFO cn.edu.tsinghua.iot.benchmark.tsdb.DBWrapper -- DataClientService-thread-1 insert one batch latency (device: d_11, sg: g_0) ,0.21, ms, throughput ,242411.31382083864, points/s
11:49:54.191 [DataClientService-thread-1] INFO cn.edu.tsinghua.iot.benchmark.tsdb.DBWrapper -- DataClientService-thread-1 insert one batch latency (device: d_12, sg: g_0) ,0.44, ms, throughput ,114001.1673719539, points/s
11:49:54.191 [DataClientService-thread-1] INFO cn.edu.tsinghua.iot.benchmark.tsdb.DBWrapper -- DataClientService-thread-1 insert one batch latency (device: d_13, sg: g_0) ,0.21, ms, throughput ,243083.07120875487, points/s
11:49:54.191 [DataClientService-thread-1] INFO cn.edu.tsinghua.iot.benchmark.tsdb.DBWrapper -- DataClientService-thread-1 insert one batch latency (device: d_14, sg: g_0) ,0.19, ms, throughput ,264568.46238101035, points/s
11:49:54.191 [DataClientService-thread-1] INFO cn.edu.tsinghua.iot.benchmark.tsdb.DBWrapper -- DataClientService-thread-1 insert one batch latency (device: d_15, sg: g_0) ,0.22, ms, throughput ,227433.9986535907, points/s
11:49:54.192 [DataClientService-thread-1] INFO cn.edu.tsinghua.iot.benchmark.tsdb.DBWrapper -- DataClientService-thread-1 insert one batch latency (device: d_16, sg: g_0) ,0.20, ms, throughput ,247728.33120286968, points/s
11:49:54.192 [DataClientService-thread-1] INFO cn.edu.tsinghua.iot.benchmark.tsdb.DBWrapper -- DataClientService-thread-1 insert one batch latency (device: d_17, sg: g_0) ,0.19, ms, throughput ,262533.34173440025, points/s
11:49:54.192 [DataClientService-thread-1] INFO cn.edu.tsinghua.iot.benchmark.tsdb.DBWrapper -- DataClientService-thread-1 insert one batch latency (device: d_18, sg: g_0) ,0.19, ms, throughput ,262256.5603478571, points/s
11:49:54.192 [DataClientService-thread-1] INFO cn.edu.tsinghua.iot.benchmark.tsdb.DBWrapper -- DataClientService-thread-1 insert one batch latency (device: d_19, sg: g_0) ,0.18, ms, throughput ,278018.72734147374, points/s
11:49:54.192 [DataClientService-thread-1] INFO cn.edu.tsinghua.iot.benchmark.tsdb.DBWrapper -- DataClientService-thread-1 insert one batch latency (device: d_0, sg: g_0) ,0.15, ms, throughput ,327098.82964038756, points/s
11:49:54.193 [DataClientService-thread-1] INFO cn.edu.tsinghua.iot.benchmark.tsdb.DBWrapper -- DataClientService-thread-1 insert one batch latency (device: d_1, sg: g_0) ,0.17, ms, throughput ,300228.17341179296, points/s
11:49:54.193 [DataClientService-thread-1] INFO cn.edu.tsinghua.iot.benchmark.tsdb.DBWrapper -- DataClientService-thread-1 insert one batch latency (device: d_2, sg: g_0) ,0.15, ms, throughput ,330157.22086857766, points/s
11:49:54.193 [DataClientService-thread-1] INFO cn.edu.tsinghua.iot.benchmark.tsdb.DBWrapper -- DataClientService-thread-1 insert one batch latency (device: d_3, sg: g_0) ,0.20, ms, throughput ,251001.495968916, points/s
11:49:54.193 [DataClientService-thread-1] INFO cn.edu.tsinghua.iot.benchmark.tsdb.DBWrapper -- DataClientService-thread-1 insert one batch latency (device: d_4, sg: g_0) ,0.16, ms, throughput ,320264.4102971413, points/s
11:49:54.193 [DataClientService-thread-1] INFO cn.edu.tsinghua.iot.benchmark.tsdb.DBWrapper -- DataClientService-thread-1 insert one batch latency (device: d_5, sg: g_0) ,0.15, ms, throughput ,324155.41307124286, points/s
11:49:54.194 [DataClientService-thread-1] INFO cn.edu.tsinghua.iot.benchmark.tsdb.DBWrapper -- DataClientService-thread-1 insert one batch latency (device: d_6, sg: g_0) ,0.28, ms, throughput ,178439.51079023723, points/s
11:49:54.194 [DataClientService-thread-1] INFO cn.edu.tsinghua.iot.benchmark.tsdb.DBWrapper -- DataClientService-thread-1 insert one batch latency (device: d_7, sg: g_0) ,0.19, ms, throughput ,262578.83929649874, points/s
11:49:54.194 [DataClientService-thread-1] INFO cn.edu.tsinghua.iot.benchmark.tsdb.DBWrapper -- DataClientService-thread-1 insert one batch latency (device: d_8, sg: g_0) ,0.19, ms, throughput ,268234.5872406172, points/s
11:49:54.194 [DataClientService-thread-1] INFO cn.edu.tsinghua.iot.benchmark.tsdb.DBWrapper -- DataClientService-thread-1 insert one batch latency (device: d_9, sg: g_0) ,0.17, ms, throughput ,299023.3896095353, points/s
11:49:54.195 [DataClientService-thread-1] INFO cn.edu.tsinghua.iot.benchmark.tsdb.DBWrapper -- DataClientService-thread-1 insert one batch latency (device: d_10, sg: g_0) ,0.18, ms, throughput ,278650.88388060365, points/s
11:49:54.195 [DataClientService-thread-1] INFO cn.edu.tsinghua.iot.benchmark.tsdb.DBWrapper -- DataClientService-thread-1 insert one batch latency (device: d_11, sg: g_0) ,0.19, ms, throughput ,257241.34382878017, points/s
11:49:54.195 [DataClientService-thread-1] INFO cn.edu.tsinghua.iot.benchmark.tsdb.DBWrapper -- DataClientService-thread-1 insert one batch latency (device: d_12, sg: g_0) ,0.17, ms, throughput ,296503.6292044215, points/s
11:49:54.195 [DataClientService-thread-1] INFO cn.edu.tsinghua.iot.benchmark.tsdb.DBWrapper -- DataClientService-thread-1 insert one batch latency (device: d_13, sg: g_0) ,0.16, ms, throughput ,319372.4969180554, points/s
11:49:54.195 [DataClientService-thread-1] INFO cn.edu.tsinghua.iot.benchmark.tsdb.DBWrapper -- DataClientService-thread-1 insert one batch latency (device: d_14, sg: g_0) ,0.18, ms, throughput ,270672.6214643389, points/s
11:49:54.196 [DataClientService-thread-1] INFO cn.edu.tsinghua.iot.benchmark.tsdb.DBWrapper -- DataClientService-thread-1 insert one batch latency (device: d_15, sg: g_0) ,0.20, ms, throughput ,248690.64376060042, points/s
11:49:54.196 [DataClientService-thread-1] INFO cn.edu.tsinghua.iot.benchmark.tsdb.DBWrapper -- DataClientService-thread-1 insert one batch latency (device: d_16, sg: g_0) ,0.25, ms, throughput ,203467.90700702777, points/s
11:49:54.196 [DataClientService-thread-1] INFO cn.edu.tsinghua.iot.benchmark.tsdb.DBWrapper -- DataClientService-thread-1 insert one batch latency (device: d_17, sg: g_0) ,0.22, ms, throughput ,222922.69486787374, points/s
11:49:54.197 [DataClientService-thread-1] INFO cn.edu.tsinghua.iot.benchmark.tsdb.DBWrapper -- DataClientService-thread-1 insert one batch latency (device: d_18, sg: g_0) ,0.25, ms, throughput ,197143.00359194554, points/s
11:49:54.197 [DataClientService-thread-1] INFO cn.edu.tsinghua.iot.benchmark.tsdb.DBWrapper -- DataClientService-thread-1 insert one batch latency (device: d_19, sg: g_0) ,0.20, ms, throughput ,249654.2288929832, points/s
11:49:54.197 [DataClientService-thread-1] INFO cn.edu.tsinghua.iot.benchmark.tsdb.DBWrapper -- DataClientService-thread-1 insert one batch latency (device: d_0, sg: g_0) ,0.19, ms, throughput ,260994.38862064466, points/s
11:49:54.197 [DataClientService-thread-1] INFO cn.edu.tsinghua.iot.benchmark.tsdb.DBWrapper -- DataClientService-thread-1 insert one batch latency (device: d_1, sg: g_0) ,0.20, ms, throughput ,251583.71951434278, points/s
11:49:54.198 [DataClientService-thread-1] INFO cn.edu.tsinghua.iot.benchmark.tsdb.DBWrapper -- DataClientService-thread-1 insert one batch latency (device: d_2, sg: g_0) ,0.22, ms, throughput ,229909.36972645382, points/s
11:49:54.198 [DataClientService-thread-1] INFO cn.edu.tsinghua.iot.benchmark.tsdb.DBWrapper -- DataClientService-thread-1 insert one batch latency (device: d_3, sg: g_0) ,0.19, ms, throughput ,267633.00021945906, points/s
11:49:54.198 [DataClientService-thread-1] INFO cn.edu.tsinghua.iot.benchmark.tsdb.DBWrapper -- DataClientService-thread-1 insert one batch latency (device: d_4, sg: g_0) ,0.21, ms, throughput ,235938.0898452246, points/s
11:49:54.198 [DataClientService-thread-1] INFO cn.edu.tsinghua.iot.benchmark.tsdb.DBWrapper -- DataClientService-thread-1 insert one batch latency (device: d_5, sg: g_0) ,0.18, ms, throughput ,283167.3972385515, points/s
11:49:54.198 [DataClientService-thread-1] INFO cn.edu.tsinghua.iot.benchmark.tsdb.DBWrapper -- DataClientService-thread-1 insert one batch latency (device: d_6, sg: g_0) ,0.20, ms, throughput ,249228.63736734807, points/s
11:49:54.199 [DataClientService-thread-1] INFO cn.edu.tsinghua.iot.benchmark.tsdb.DBWrapper -- DataClientService-thread-1 insert one batch latency (device: d_7, sg: g_0) ,0.19, ms, throughput ,264918.9083221626, points/s
11:49:54.199 [DataClientService-thread-1] INFO cn.edu.tsinghua.iot.benchmark.tsdb.DBWrapper -- DataClientService-thread-1 insert one batch latency (device: d_8, sg: g_0) ,0.16, ms, throughput ,316165.5442789845, points/s
11:49:54.199 [DataClientService-thread-1] INFO cn.edu.tsinghua.iot.benchmark.tsdb.DBWrapper -- DataClientService-thread-1 insert one batch latency (device: d_9, sg: g_0) ,0.15, ms, throughput ,332670.2107133115, points/s
11:49:54.199 [DataClientService-thread-1] INFO cn.edu.tsinghua.iot.benchmark.tsdb.DBWrapper -- DataClientService-thread-1 insert one batch latency (device: d_10, sg: g_0) ,0.14, ms, throughput ,355823.7676043809, points/s
11:49:54.200 [DataClientService-thread-1] INFO cn.edu.tsinghua.iot.benchmark.tsdb.DBWrapper -- DataClientService-thread-1 insert one batch latency (device: d_11, sg: g_0) ,0.42, ms, throughput ,119701.13021807151, points/s
11:49:54.200 [DataClientService-thread-1] INFO cn.edu.tsinghua.iot.benchmark.tsdb.DBWrapper -- DataClientService-thread-1 insert one batch latency (device: d_12, sg: g_0) ,0.53, ms, throughput ,94489.20082923723, points/s
11:49:54.201 [DataClientService-thread-1] INFO cn.edu.tsinghua.iot.benchmark.tsdb.DBWrapper -- DataClientService-thread-1 insert one batch latency (device: d_13, sg: g_0) ,0.69, ms, throughput ,72942.43966201392, points/s
11:49:54.202 [DataClientService-thread-1] INFO cn.edu.tsinghua.iot.benchmark.tsdb.DBWrapper -- DataClientService-thread-1 insert one batch latency (device: d_14, sg: g_0) ,0.40, ms, throughput ,123656.77824629957, points/s
11:49:54.202 [DataClientService-thread-1] INFO cn.edu.tsinghua.iot.benchmark.tsdb.DBWrapper -- DataClientService-thread-1 insert one batch latency (device: d_15, sg: g_0) ,0.30, ms, throughput ,168097.17361412285, points/s
11:49:54.202 [DataClientService-thread-1] INFO cn.edu.tsinghua.iot.benchmark.tsdb.DBWrapper -- DataClientService-thread-1 insert one batch latency (device: d_16, sg: g_0) ,0.24, ms, throughput ,209408.29591905113, points/s
11:49:54.203 [DataClientService-thread-1] INFO cn.edu.tsinghua.iot.benchmark.tsdb.DBWrapper -- DataClientService-thread-1 insert one batch latency (device: d_17, sg: g_0) ,0.25, ms, throughput ,202154.97200153637, points/s
11:49:54.203 [DataClientService-thread-1] INFO cn.edu.tsinghua.iot.benchmark.tsdb.DBWrapper -- DataClientService-thread-1 insert one batch latency (device: d_18, sg: g_0) ,0.22, ms, throughput ,230149.59723820482, points/s
11:49:54.203 [DataClientService-thread-1] INFO cn.edu.tsinghua.iot.benchmark.tsdb.DBWrapper -- DataClientService-thread-1 insert one batch latency (device: d_19, sg: g_0) ,0.21, ms, throughput ,240865.18775441387, points/s
11:49:54.203 [DataClientService-thread-1] INFO cn.edu.tsinghua.iot.benchmark.tsdb.DBWrapper -- DataClientService-thread-1 insert one batch latency (device: d_0, sg: g_0) ,0.20, ms, throughput ,255673.39258138082, points/s
11:49:54.204 [DataClientService-thread-1] INFO cn.edu.tsinghua.iot.benchmark.tsdb.DBWrapper -- DataClientService-thread-1 insert one batch latency (device: d_1, sg: g_0) ,0.34, ms, throughput ,145618.06129937907, points/s
11:49:54.204 [DataClientService-thread-1] INFO cn.edu.tsinghua.iot.benchmark.tsdb.DBWrapper -- DataClientService-thread-1 insert one batch latency (device: d_2, sg: g_0) ,0.30, ms, throughput ,167350.57267365968, points/s
11:49:54.204 [DataClientService-thread-1] INFO cn.edu.tsinghua.iot.benchmark.tsdb.DBWrapper -- DataClientService-thread-1 insert one batch latency (device: d_3, sg: g_0) ,0.26, ms, throughput ,189828.2434053668, points/s
11:49:54.205 [DataClientService-thread-1] INFO cn.edu.tsinghua.iot.benchmark.tsdb.DBWrapper -- DataClientService-thread-1 insert one batch latency (device: d_4, sg: g_0) ,0.25, ms, throughput ,200678.29262908633, points/s
11:49:54.205 [DataClientService-thread-1] INFO cn.edu.tsinghua.iot.benchmark.tsdb.DBWrapper -- DataClientService-thread-1 insert one batch latency (device: d_5, sg: g_0) ,0.23, ms, throughput ,221377.05382561687, points/s
11:49:54.205 [DataClientService-thread-1] INFO cn.edu.tsinghua.iot.benchmark.tsdb.DBWrapper -- DataClientService-thread-1 insert one batch latency (device: d_6, sg: g_0) ,0.21, ms, throughput ,233456.13125837524, points/s
11:49:54.205 [DataClientService-thread-1] INFO cn.edu.tsinghua.iot.benchmark.tsdb.DBWrapper -- DataClientService-thread-1 insert one batch latency (device: d_7, sg: g_0) ,0.23, ms, throughput ,214369.6246816611, points/s
11:49:54.206 [DataClientService-thread-1] INFO cn.edu.tsinghua.iot.benchmark.tsdb.DBWrapper -- DataClientService-thread-1 insert one batch latency (device: d_8, sg: g_0) ,0.28, ms, throughput ,180949.62362478286, points/s
11:49:54.206 [DataClientService-thread-1] INFO cn.edu.tsinghua.iot.benchmark.tsdb.DBWrapper -- DataClientService-thread-1 insert one batch latency (device: d_9, sg: g_0) ,0.23, ms, throughput ,215038.04022931657, points/s
11:49:54.206 [DataClientService-thread-1] INFO cn.edu.tsinghua.iot.benchmark.tsdb.DBWrapper -- DataClientService-thread-1 insert one batch latency (device: d_10, sg: g_0) ,0.24, ms, throughput ,204590.185399626, points/s
11:49:54.208 [DataClientService-thread-1] INFO cn.edu.tsinghua.iot.benchmark.tsdb.DBWrapper -- DataClientService-thread-1 insert one batch latency (device: d_11, sg: g_0) ,1.79, ms, throughput ,27910.19615285856, points/s
11:49:54.209 [DataClientService-thread-1] INFO cn.edu.tsinghua.iot.benchmark.tsdb.DBWrapper -- DataClientService-thread-1 insert one batch latency (device: d_12, sg: g_0) ,0.28, ms, throughput ,180952.24308400525, points/s
11:49:54.209 [DataClientService-thread-1] INFO cn.edu.tsinghua.iot.benchmark.tsdb.DBWrapper -- DataClientService-thread-1 insert one batch latency (device: d_13, sg: g_0) ,0.25, ms, throughput ,198621.5663296721, points/s
11:49:54.209 [DataClientService-thread-1] INFO cn.edu.tsinghua.iot.benchmark.tsdb.DBWrapper -- DataClientService-thread-1 insert one batch latency (device: d_14, sg: g_0) ,0.23, ms, throughput ,217833.6012686629, points/s
11:49:54.210 [DataClientService-thread-1] INFO cn.edu.tsinghua.iot.benchmark.tsdb.DBWrapper -- DataClientService-thread-1 insert one batch latency (device: d_15, sg: g_0) ,0.28, ms, throughput ,180698.50815311668, points/s
11:49:54.210 [DataClientService-thread-1] INFO cn.edu.tsinghua.iot.benchmark.tsdb.DBWrapper -- DataClientService-thread-1 insert one batch latency (device: d_16, sg: g_0) ,0.23, ms, throughput ,215903.44797806419, points/s
11:49:54.210 [DataClientService-thread-1] INFO cn.edu.tsinghua.iot.benchmark.tsdb.DBWrapper -- DataClientService-thread-1 insert one batch latency (device: d_17, sg: g_0) ,0.21, ms, throughput ,233597.92191288664, points/s
11:49:54.210 [DataClientService-thread-1] INFO cn.edu.tsinghua.iot.benchmark.tsdb.DBWrapper -- DataClientService-thread-1 insert one batch latency (device: d_18, sg: g_0) ,0.22, ms, throughput ,232519.20608642272, points/s
11:49:54.211 [DataClientService-thread-1] INFO cn.edu.tsinghua.iot.benchmark.tsdb.DBWrapper -- DataClientService-thread-1 insert one batch latency (device: d_19, sg: g_0) ,0.23, ms, throughput ,214054.84085022585, points/s
11:49:54.211 [DataClientService-thread-1] INFO cn.edu.tsinghua.iot.benchmark.tsdb.DBWrapper -- DataClientService-thread-1 insert one batch latency (device: d_0, sg: g_0) ,0.24, ms, throughput ,205033.9946363107, points/s
11:49:54.211 [DataClientService-thread-1] INFO cn.edu.tsinghua.iot.benchmark.tsdb.DBWrapper -- DataClientService-thread-1 insert one batch latency (device: d_1, sg: g_0) ,0.21, ms, throughput ,233624.1174848962, points/s
11:49:54.212 [DataClientService-thread-1] INFO cn.edu.tsinghua.iot.benchmark.tsdb.DBWrapper -- DataClientService-thread-1 insert one batch latency (device: d_2, sg: g_0) ,0.23, ms, throughput ,213256.90205963515, points/s
11:49:54.212 [DataClientService-thread-1] INFO cn.edu.tsinghua.iot.benchmark.tsdb.DBWrapper -- DataClientService-thread-1 insert one batch latency (device: d_3, sg: g_0) ,0.21, ms, throughput ,232651.20001488968, points/s
11:49:54.212 [DataClientService-thread-1] INFO cn.edu.tsinghua.iot.benchmark.tsdb.DBWrapper -- DataClientService-thread-1 insert one batch latency (device: d_4, sg: g_0) ,0.23, ms, throughput ,215742.28289854073, points/s
11:49:54.212 [DataClientService-thread-1] INFO cn.edu.tsinghua.iot.benchmark.tsdb.DBWrapper -- DataClientService-thread-1 insert one batch latency (device: d_5, sg: g_0) ,0.24, ms, throughput ,212163.77346000925, points/s
11:49:54.213 [DataClientService-thread-1] INFO cn.edu.tsinghua.iot.benchmark.tsdb.DBWrapper -- DataClientService-thread-1 insert one batch latency (device: d_6, sg: g_0) ,0.22, ms, throughput ,228723.03927174586, points/s
11:49:54.213 [DataClientService-thread-1] INFO cn.edu.tsinghua.iot.benchmark.tsdb.DBWrapper -- DataClientService-thread-1 insert one batch latency (device: d_7, sg: g_0) ,0.25, ms, throughput ,203173.57118186067, points/s
11:49:54.213 [DataClientService-thread-1] INFO cn.edu.tsinghua.iot.benchmark.tsdb.DBWrapper -- DataClientService-thread-1 insert one batch latency (device: d_8, sg: g_0) ,0.22, ms, throughput ,230281.03497508357, points/s
11:49:54.214 [DataClientService-thread-1] INFO cn.edu.tsinghua.iot.benchmark.tsdb.DBWrapper -- DataClientService-thread-1 insert one batch latency (device: d_9, sg: g_0) ,0.22, ms, throughput ,226911.7313365101, points/s
11:49:54.214 [DataClientService-thread-1] INFO cn.edu.tsinghua.iot.benchmark.tsdb.DBWrapper -- DataClientService-thread-1 insert one batch latency (device: d_10, sg: g_0) ,0.23, ms, throughput ,217968.44688762852, points/s
11:49:54.214 [DataClientService-thread-1] INFO cn.edu.tsinghua.iot.benchmark.tsdb.DBWrapper -- DataClientService-thread-1 insert one batch latency (device: d_11, sg: g_0) ,0.21, ms, throughput ,236759.23952932263, points/s
11:49:54.214 [DataClientService-thread-1] INFO cn.edu.tsinghua.iot.benchmark.tsdb.DBWrapper -- DataClientService-thread-1 insert one batch latency (device: d_12, sg: g_0) ,0.21, ms, throughput ,238331.2995729103, points/s
11:49:54.215 [DataClientService-thread-1] INFO cn.edu.tsinghua.iot.benchmark.tsdb.DBWrapper -- DataClientService-thread-1 insert one batch latency (device: d_13, sg: g_0) ,0.23, ms, throughput ,218221.4948172395, points/s
11:49:54.215 [DataClientService-thread-1] INFO cn.edu.tsinghua.iot.benchmark.tsdb.DBWrapper -- DataClientService-thread-1 insert one batch latency (device: d_14, sg: g_0) ,0.22, ms, throughput ,223282.06777057322, points/s
11:49:54.215 [DataClientService-thread-1] INFO cn.edu.tsinghua.iot.benchmark.tsdb.DBWrapper -- DataClientService-thread-1 insert one batch latency (device: d_15, sg: g_0) ,0.21, ms, throughput ,243707.47304595346, points/s
11:49:54.215 [DataClientService-thread-1] INFO cn.edu.tsinghua.iot.benchmark.tsdb.DBWrapper -- DataClientService-thread-1 insert one batch latency (device: d_16, sg: g_0) ,0.21, ms, throughput ,238235.9107282395, points/s
11:49:54.216 [DataClientService-thread-1] INFO cn.edu.tsinghua.iot.benchmark.tsdb.DBWrapper -- DataClientService-thread-1 insert one batch latency (device: d_17, sg: g_0) ,0.24, ms, throughput ,209606.69399937955, points/s
11:49:54.216 [DataClientService-thread-1] INFO cn.edu.tsinghua.iot.benchmark.tsdb.DBWrapper -- DataClientService-thread-1 insert one batch latency (device: d_18, sg: g_0) ,0.24, ms, throughput ,208770.88230750282, points/s
11:49:54.216 [DataClientService-thread-1] INFO cn.edu.tsinghua.iot.benchmark.tsdb.DBWrapper -- DataClientService-thread-1 insert one batch latency (device: d_19, sg: g_0) ,0.20, ms, throughput ,253445.5928345862, points/s
11:49:54.217 [DataClientService-thread-1] INFO cn.edu.tsinghua.iot.benchmark.tsdb.DBWrapper -- DataClientService-thread-1 insert one batch latency (device: d_0, sg: g_0) ,0.24, ms, throughput ,208251.7680575108, points/s
11:49:54.217 [DataClientService-thread-1] INFO cn.edu.tsinghua.iot.benchmark.tsdb.DBWrapper -- DataClientService-thread-1 insert one batch latency (device: d_1, sg: g_0) ,0.21, ms, throughput ,239589.82222435193, points/s
11:49:54.217 [DataClientService-thread-1] INFO cn.edu.tsinghua.iot.benchmark.tsdb.DBWrapper -- DataClientService-thread-1 insert one batch latency (device: d_2, sg: g_0) ,0.21, ms, throughput ,239563.41962407707, points/s
11:49:54.217 [DataClientService-thread-1] INFO cn.edu.tsinghua.iot.benchmark.tsdb.DBWrapper -- DataClientService-thread-1 insert one batch latency (device: d_3, sg: g_0) ,0.20, ms, throughput ,245243.50227340727, points/s
11:49:54.218 [DataClientService-thread-1] INFO cn.edu.tsinghua.iot.benchmark.tsdb.DBWrapper -- DataClientService-thread-1 insert one batch latency (device: d_4, sg: g_0) ,0.22, ms, throughput ,231009.83639883387, points/s
11:49:54.218 [DataClientService-thread-1] INFO cn.edu.tsinghua.iot.benchmark.tsdb.DBWrapper -- DataClientService-thread-1 insert one batch latency (device: d_5, sg: g_0) ,0.20, ms, throughput ,253269.71198168353, points/s
11:49:54.218 [DataClientService-thread-1] INFO cn.edu.tsinghua.iot.benchmark.tsdb.DBWrapper -- DataClientService-thread-1 insert one batch latency (device: d_6, sg: g_0) ,0.19, ms, throughput ,262581.59723133966, points/s
11:49:54.218 [DataClientService-thread-1] INFO cn.edu.tsinghua.iot.benchmark.tsdb.DBWrapper -- DataClientService-thread-1 insert one batch latency (device: d_7, sg: g_0) ,0.19, ms, throughput ,258887.61171000445, points/s
11:49:54.219 [DataClientService-thread-1] INFO cn.edu.tsinghua.iot.benchmark.tsdb.DBWrapper -- DataClientService-thread-1 insert one batch latency (device: d_8, sg: g_0) ,0.21, ms, throughput ,238514.34186737647, points/s
11:49:54.219 [DataClientService-thread-1] INFO cn.edu.tsinghua.iot.benchmark.tsdb.DBWrapper -- DataClientService-thread-1 insert one batch latency (device: d_9, sg: g_0) ,0.21, ms, throughput ,241290.61524281077, points/s
11:49:54.219 [DataClientService-thread-1] INFO cn.edu.tsinghua.iot.benchmark.tsdb.DBWrapper -- DataClientService-thread-1 insert one batch latency (device: d_10, sg: g_0) ,0.23, ms, throughput ,220087.8590733421, points/s
11:49:54.219 [DataClientService-thread-1] INFO cn.edu.tsinghua.iot.benchmark.tsdb.DBWrapper -- DataClientService-thread-1 insert one batch latency (device: d_11, sg: g_0) ,0.21, ms, throughput ,240481.73300756075, points/s
11:49:54.220 [DataClientService-thread-1] INFO cn.edu.tsinghua.iot.benchmark.tsdb.DBWrapper -- DataClientService-thread-1 insert one batch latency (device: d_12, sg: g_0) ,0.21, ms, throughput ,235295.2249187055, points/s
11:49:54.220 [DataClientService-thread-1] INFO cn.edu.tsinghua.iot.benchmark.tsdb.DBWrapper -- DataClientService-thread-1 insert one batch latency (device: d_13, sg: g_0) ,0.26, ms, throughput ,195808.90617228835, points/s
11:49:54.220 [DataClientService-thread-1] INFO cn.edu.tsinghua.iot.benchmark.tsdb.DBWrapper -- DataClientService-thread-1 insert one batch latency (device: d_14, sg: g_0) ,0.25, ms, throughput ,203891.8883651133, points/s
11:49:54.221 [DataClientService-thread-1] INFO cn.edu.tsinghua.iot.benchmark.tsdb.DBWrapper -- DataClientService-thread-1 insert one batch latency (device: d_15, sg: g_0) ,0.27, ms, throughput ,184509.33432722362, points/s
11:49:54.221 [DataClientService-thread-1] INFO cn.edu.tsinghua.iot.benchmark.tsdb.DBWrapper -- DataClientService-thread-1 insert one batch latency (device: d_16, sg: g_0) ,0.24, ms, throughput ,210574.19371141228, points/s
11:49:54.221 [DataClientService-thread-1] INFO cn.edu.tsinghua.iot.benchmark.tsdb.DBWrapper -- DataClientService-thread-1 insert one batch latency (device: d_17, sg: g_0) ,0.22, ms, throughput ,230468.91204845379, points/s
11:49:54.221 [DataClientService-thread-1] INFO cn.edu.tsinghua.iot.benchmark.tsdb.DBWrapper -- DataClientService-thread-1 insert one batch latency (device: d_18, sg: g_0) ,0.21, ms, throughput ,240549.9935051502, points/s
11:49:54.222 [DataClientService-thread-1] INFO cn.edu.tsinghua.iot.benchmark.tsdb.DBWrapper -- DataClientService-thread-1 insert one batch latency (device: d_19, sg: g_0) ,0.19, ms, throughput ,256953.1523012724, points/s
11:49:54.222 [DataClientService-thread-1] INFO cn.edu.tsinghua.iot.benchmark.tsdb.DBWrapper -- DataClientService-thread-1 insert one batch latency (device: d_0, sg: g_0) ,0.19, ms, throughput ,267399.69837314024, points/s
11:49:54.222 [DataClientService-thread-1] INFO cn.edu.tsinghua.iot.benchmark.tsdb.DBWrapper -- DataClientService-thread-1 insert one batch latency (device: d_1, sg: g_0) ,0.18, ms, throughput ,277873.4897575832, points/s
11:49:54.222 [DataClientService-thread-1] INFO cn.edu.tsinghua.iot.benchmark.tsdb.DBWrapper -- DataClientService-thread-1 insert one batch latency (device: d_2, sg: g_0) ,0.19, ms, throughput ,262751.3216391479, points/s
11:49:54.223 [DataClientService-thread-1] INFO cn.edu.tsinghua.iot.benchmark.tsdb.DBWrapper -- DataClientService-thread-1 insert one batch latency (device: d_3, sg: g_0) ,0.21, ms, throughput ,242303.23765586154, points/s
11:49:54.223 [DataClientService-thread-1] INFO cn.edu.tsinghua.iot.benchmark.tsdb.DBWrapper -- DataClientService-thread-1 insert one batch latency (device: d_4, sg: g_0) ,0.22, ms, throughput ,224900.03193580455, points/s
11:49:54.223 [DataClientService-thread-1] INFO cn.edu.tsinghua.iot.benchmark.tsdb.DBWrapper -- DataClientService-thread-1 insert one batch latency (device: d_5, sg: g_0) ,0.23, ms, throughput ,218740.84022731546, points/s
11:49:54.223 [DataClientService-thread-1] INFO cn.edu.tsinghua.iot.benchmark.tsdb.DBWrapper -- DataClientService-thread-1 insert one batch latency (device: d_6, sg: g_0) ,0.23, ms, throughput ,221081.4419815972, points/s
11:49:54.224 [DataClientService-thread-1] INFO cn.edu.tsinghua.iot.benchmark.tsdb.DBWrapper -- DataClientService-thread-1 insert one batch latency (device: d_7, sg: g_0) ,0.22, ms, throughput ,227667.00513161428, points/s
11:49:54.224 [DataClientService-thread-1] INFO cn.edu.tsinghua.iot.benchmark.tsdb.DBWrapper -- DataClientService-thread-1 insert one batch latency (device: d_8, sg: g_0) ,0.23, ms, throughput ,217391.30434782608, points/s
11:49:54.224 [DataClientService-thread-1] INFO cn.edu.tsinghua.iot.benchmark.tsdb.DBWrapper -- DataClientService-thread-1 insert one batch latency (device: d_9, sg: g_0) ,0.22, ms, throughput ,224179.0562958446, points/s
11:49:54.225 [DataClientService-thread-1] INFO cn.edu.tsinghua.iot.benchmark.tsdb.DBWrapper -- DataClientService-thread-1 insert one batch latency (device: d_10, sg: g_0) ,0.22, ms, throughput ,225614.46098449125, points/s
11:49:54.225 [DataClientService-thread-1] INFO cn.edu.tsinghua.iot.benchmark.tsdb.DBWrapper -- DataClientService-thread-1 insert one batch latency (device: d_11, sg: g_0) ,0.20, ms, throughput ,248390.43001351244, points/s
11:49:54.225 [DataClientService-thread-1] INFO cn.edu.tsinghua.iot.benchmark.tsdb.DBWrapper -- DataClientService-thread-1 insert one batch latency (device: d_12, sg: g_0) ,0.19, ms, throughput ,266263.36642099434, points/s
11:49:54.225 [DataClientService-thread-1] INFO cn.edu.tsinghua.iot.benchmark.tsdb.DBWrapper -- DataClientService-thread-1 insert one batch latency (device: d_13, sg: g_0) ,0.20, ms, throughput ,250835.28148735288, points/s
11:49:54.226 [DataClientService-thread-1] INFO cn.edu.tsinghua.iot.benchmark.tsdb.DBWrapper -- DataClientService-thread-1 insert one batch latency (device: d_14, sg: g_0) ,0.24, ms, throughput ,206745.69865573946, points/s
11:49:54.226 [DataClientService-thread-1] INFO cn.edu.tsinghua.iot.benchmark.tsdb.DBWrapper -- DataClientService-thread-1 insert one batch latency (device: d_15, sg: g_0) ,0.25, ms, throughput ,199065.9824105298, points/s
11:49:54.226 [DataClientService-thread-1] INFO cn.edu.tsinghua.iot.benchmark.tsdb.DBWrapper -- DataClientService-thread-1 insert one batch latency (device: d_16, sg: g_0) ,0.21, ms, throughput ,239020.58923355656, points/s
11:49:54.227 [DataClientService-thread-1] INFO cn.edu.tsinghua.iot.benchmark.tsdb.DBWrapper -- DataClientService-thread-1 insert one batch latency (device: d_17, sg: g_0) ,0.18, ms, throughput ,271333.604666938, points/s
11:49:54.227 [DataClientService-thread-1] INFO cn.edu.tsinghua.iot.benchmark.tsdb.DBWrapper -- DataClientService-thread-1 insert one batch latency (device: d_18, sg: g_0) ,0.22, ms, throughput ,228085.54120137217, points/s
11:49:54.227 [DataClientService-thread-1] INFO cn.edu.tsinghua.iot.benchmark.tsdb.DBWrapper -- DataClientService-thread-1 insert one batch latency (device: d_19, sg: g_0) ,0.18, ms, throughput ,283000.71316179715, points/s
11:49:54.227 [DataClientService-thread-1] INFO cn.edu.tsinghua.iot.benchmark.tsdb.DBWrapper -- DataClientService-thread-1 insert one batch latency (device: d_0, sg: g_0) ,0.18, ms, throughput ,273021.1427572951, points/s
11:49:54.228 [DataClientService-thread-1] INFO cn.edu.tsinghua.iot.benchmark.tsdb.DBWrapper -- DataClientService-thread-1 insert one batch latency (device: d_1, sg: g_0) ,0.21, ms, throughput ,242399.56174159236, points/s
11:49:54.228 [DataClientService-thread-1] INFO cn.edu.tsinghua.iot.benchmark.tsdb.DBWrapper -- DataClientService-thread-1 insert one batch latency (device: d_2, sg: g_0) ,0.34, ms, throughput ,147762.8701459897, points/s
11:49:54.228 [DataClientService-thread-1] INFO cn.edu.tsinghua.iot.benchmark.tsdb.DBWrapper -- DataClientService-thread-1 insert one batch latency (device: d_3, sg: g_0) ,0.39, ms, throughput ,128043.59628366266, points/s
11:49:54.229 [DataClientService-thread-1] INFO cn.edu.tsinghua.iot.benchmark.tsdb.DBWrapper -- DataClientService-thread-1 insert one batch latency (device: d_4, sg: g_0) ,0.42, ms, throughput ,118243.00356147926, points/s
11:49:54.229 [DataClientService-thread-1] INFO cn.edu.tsinghua.iot.benchmark.tsdb.DBWrapper -- DataClientService-thread-1 insert one batch latency (device: d_5, sg: g_0) ,0.32, ms, throughput ,156391.24083938307, points/s
11:49:54.230 [DataClientService-thread-1] INFO cn.edu.tsinghua.iot.benchmark.tsdb.DBWrapper -- DataClientService-thread-1 insert one batch latency (device: d_6, sg: g_0) ,0.39, ms, throughput ,128436.97340840903, points/s
11:49:54.230 [DataClientService-thread-1] INFO cn.edu.tsinghua.iot.benchmark.tsdb.DBWrapper -- DataClientService-thread-1 insert one batch latency (device: d_7, sg: g_0) ,0.27, ms, throughput ,183192.45833287537, points/s
11:49:54.230 [DataClientService-thread-1] INFO cn.edu.tsinghua.iot.benchmark.tsdb.DBWrapper -- DataClientService-thread-1 insert one batch latency (device: d_8, sg: g_0) ,0.23, ms, throughput ,215339.9571904165, points/s
11:49:54.231 [DataClientService-thread-1] INFO cn.edu.tsinghua.iot.benchmark.tsdb.DBWrapper -- DataClientService-thread-1 insert one batch latency (device: d_9, sg: g_0) ,0.20, ms, throughput ,255746.62670199378, points/s
11:49:54.231 [DataClientService-thread-1] INFO cn.edu.tsinghua.iot.benchmark.tsdb.DBWrapper -- DataClientService-thread-1 insert one batch latency (device: d_10, sg: g_0) ,0.23, ms, throughput ,218370.17238141407, points/s
11:49:54.231 [DataClientService-thread-1] INFO cn.edu.tsinghua.iot.benchmark.tsdb.DBWrapper -- DataClientService-thread-1 insert one batch latency (device: d_11, sg: g_0) ,0.23, ms, throughput ,218620.3308162846, points/s
11:49:54.231 [DataClientService-thread-1] INFO cn.edu.tsinghua.iot.benchmark.tsdb.DBWrapper -- DataClientService-thread-1 insert one batch latency (device: d_12, sg: g_0) ,0.20, ms, throughput ,252105.07739625874, points/s
11:49:54.232 [DataClientService-thread-1] INFO cn.edu.tsinghua.iot.benchmark.tsdb.DBWrapper -- DataClientService-thread-1 insert one batch latency (device: d_13, sg: g_0) ,0.28, ms, throughput ,176832.15798892322, points/s
11:49:54.232 [DataClientService-thread-1] INFO cn.edu.tsinghua.iot.benchmark.tsdb.DBWrapper -- DataClientService-thread-1 insert one batch latency (device: d_14, sg: g_0) ,0.25, ms, throughput ,198694.9714276631, points/s
11:49:54.232 [DataClientService-thread-1] INFO cn.edu.tsinghua.iot.benchmark.tsdb.DBWrapper -- DataClientService-thread-1 insert one batch latency (device: d_15, sg: g_0) ,0.25, ms, throughput ,197119.68713163259, points/s
11:49:54.233 [DataClientService-thread-1] INFO cn.edu.tsinghua.iot.benchmark.tsdb.DBWrapper -- DataClientService-thread-1 insert one batch latency (device: d_16, sg: g_0) ,0.22, ms, throughput ,226052.04622312242, points/s
11:49:54.233 [DataClientService-thread-1] INFO cn.edu.tsinghua.iot.benchmark.tsdb.DBWrapper -- DataClientService-thread-1 insert one batch latency (device: d_17, sg: g_0) ,0.23, ms, throughput ,217979.8499426713, points/s
11:49:54.233 [DataClientService-thread-1] INFO cn.edu.tsinghua.iot.benchmark.tsdb.DBWrapper -- DataClientService-thread-1 insert one batch latency (device: d_18, sg: g_0) ,0.17, ms, throughput ,292508.8483926639, points/s
11:49:54.233 [DataClientService-thread-1] INFO cn.edu.tsinghua.iot.benchmark.tsdb.DBWrapper -- DataClientService-thread-1 insert one batch latency (device: d_19, sg: g_0) ,0.22, ms, throughput ,226651.49612652595, points/s
11:49:54.234 [DataClientService-thread-1] INFO cn.edu.tsinghua.iot.benchmark.tsdb.DBWrapper -- DataClientService-thread-1 insert one batch latency (device: d_0, sg: g_0) ,0.20, ms, throughput ,246978.22146043164, points/s
11:49:54.234 [DataClientService-thread-1] INFO cn.edu.tsinghua.iot.benchmark.tsdb.DBWrapper -- DataClientService-thread-1 insert one batch latency (device: d_1, sg: g_0) ,0.17, ms, throughput ,300661.45520144317, points/s
11:49:54.234 [DataClientService-thread-1] INFO cn.edu.tsinghua.iot.benchmark.tsdb.DBWrapper -- DataClientService-thread-1 insert one batch latency (device: d_2, sg: g_0) ,0.23, ms, throughput ,217021.4243550123, points/s
11:49:54.234 [DataClientService-thread-1] INFO cn.edu.tsinghua.iot.benchmark.tsdb.DBWrapper -- DataClientService-thread-1 insert one batch latency (device: d_3, sg: g_0) ,0.16, ms, throughput ,308857.4128867667, points/s
11:49:54.236 [DataClientService-thread-1] INFO cn.edu.tsinghua.iot.benchmark.tsdb.DBWrapper -- DataClientService-thread-1 insert one batch latency (device: d_4, sg: g_0) ,1.64, ms, throughput ,30524.490103655065, points/s
11:49:54.236 [DataClientService-thread-1] INFO cn.edu.tsinghua.iot.benchmark.tsdb.DBWrapper -- DataClientService-thread-1 insert one batch latency (device: d_5, sg: g_0) ,0.22, ms, throughput ,227481.59673882384, points/s
11:49:54.236 [DataClientService-thread-1] INFO cn.edu.tsinghua.iot.benchmark.tsdb.DBWrapper -- DataClientService-thread-1 insert one batch latency (device: d_6, sg: g_0) ,0.23, ms, throughput ,219538.00422391118, points/s
11:49:54.237 [DataClientService-thread-1] INFO cn.edu.tsinghua.iot.benchmark.tsdb.DBWrapper -- DataClientService-thread-1 insert one batch latency (device: d_7, sg: g_0) ,0.16, ms, throughput ,320325.9637006618, points/s
11:49:54.237 [DataClientService-thread-1] INFO cn.edu.tsinghua.iot.benchmark.tsdb.DBWrapper -- DataClientService-thread-1 insert one batch latency (device: d_8, sg: g_0) ,0.16, ms, throughput ,316605.9838530948, points/s
11:49:54.237 [DataClientService-thread-1] INFO cn.edu.tsinghua.iot.benchmark.tsdb.DBWrapper -- DataClientService-thread-1 insert one batch latency (device: d_9, sg: g_0) ,0.18, ms, throughput ,277200.2772002772, points/s
11:49:54.237 [DataClientService-thread-1] INFO cn.edu.tsinghua.iot.benchmark.tsdb.DBWrapper -- DataClientService-thread-1 insert one batch latency (device: d_10, sg: g_0) ,0.14, ms, throughput ,361857.3413617416, points/s
11:49:54.237 [DataClientService-thread-1] INFO cn.edu.tsinghua.iot.benchmark.tsdb.DBWrapper -- DataClientService-thread-1 insert one batch latency (device: d_11, sg: g_0) ,0.19, ms, throughput ,261656.8109267884, points/s
11:49:54.238 [DataClientService-thread-1] INFO cn.edu.tsinghua.iot.benchmark.tsdb.DBWrapper -- DataClientService-thread-1 insert one batch latency (device: d_12, sg: g_0) ,0.14, ms, throughput ,357079.0930191037, points/s
11:49:54.238 [DataClientService-thread-1] INFO cn.edu.tsinghua.iot.benchmark.tsdb.DBWrapper -- DataClientService-thread-1 insert one batch latency (device: d_13, sg: g_0) ,0.17, ms, throughput ,297247.4882587242, points/s
11:49:54.238 [DataClientService-thread-1] INFO cn.edu.tsinghua.iot.benchmark.tsdb.DBWrapper -- DataClientService-thread-1 insert one batch latency (device: d_14, sg: g_0) ,0.14, ms, throughput ,355151.4721028519, points/s
11:49:54.238 [DataClientService-thread-1] INFO cn.edu.tsinghua.iot.benchmark.tsdb.DBWrapper -- DataClientService-thread-1 insert one batch latency (device: d_15, sg: g_0) ,0.16, ms, throughput ,304987.7699904234, points/s
11:49:54.238 [DataClientService-thread-1] INFO cn.edu.tsinghua.iot.benchmark.tsdb.DBWrapper -- DataClientService-thread-1 insert one batch latency (device: d_16, sg: g_0) ,0.15, ms, throughput ,335834.17851601593, points/s
11:49:54.239 [DataClientService-thread-1] INFO cn.edu.tsinghua.iot.benchmark.tsdb.DBWrapper -- DataClientService-thread-1 insert one batch latency (device: d_17, sg: g_0) ,0.23, ms, throughput ,219110.8481780933, points/s
11:49:54.239 [DataClientService-thread-1] INFO cn.edu.tsinghua.iot.benchmark.tsdb.DBWrapper -- DataClientService-thread-1 insert one batch latency (device: d_18, sg: g_0) ,0.21, ms, throughput ,242223.41719108037, points/s
11:49:54.239 [DataClientService-thread-1] INFO cn.edu.tsinghua.iot.benchmark.tsdb.DBWrapper -- DataClientService-thread-1 insert one batch latency (device: d_19, sg: g_0) ,0.25, ms, throughput ,203194.21302881293, points/s
11:49:54.239 [DataClientService-thread-1] INFO cn.edu.tsinghua.iot.benchmark.tsdb.DBWrapper -- DataClientService-thread-1 insert one batch latency (device: d_0, sg: g_0) ,0.18, ms, throughput ,282331.15185463335, points/s
11:49:54.240 [DataClientService-thread-1] INFO cn.edu.tsinghua.iot.benchmark.tsdb.DBWrapper -- DataClientService-thread-1 insert one batch latency (device: d_1, sg: g_0) ,0.19, ms, throughput ,261336.78994794172, points/s
11:49:54.240 [DataClientService-thread-1] INFO cn.edu.tsinghua.iot.benchmark.tsdb.DBWrapper -- DataClientService-thread-1 insert one batch latency (device: d_2, sg: g_0) ,0.18, ms, throughput ,285248.1088050386, points/s
11:49:54.240 [DataClientService-thread-1] INFO cn.edu.tsinghua.iot.benchmark.tsdb.DBWrapper -- DataClientService-thread-1 insert one batch latency (device: d_3, sg: g_0) ,0.18, ms, throughput ,276356.079281032, points/s
11:49:54.240 [DataClientService-thread-1] INFO cn.edu.tsinghua.iot.benchmark.tsdb.DBWrapper -- DataClientService-thread-1 insert one batch latency (device: d_4, sg: g_0) ,0.17, ms, throughput ,291395.66869478056, points/s
11:49:54.241 [DataClientService-thread-1] INFO cn.edu.tsinghua.iot.benchmark.tsdb.DBWrapper -- DataClientService-thread-1 insert one batch latency (device: d_5, sg: g_0) ,0.45, ms, throughput ,110832.79764147807, points/s
11:49:54.241 [DataClientService-thread-1] INFO cn.edu.tsinghua.iot.benchmark.tsdb.DBWrapper -- DataClientService-thread-1 insert one batch latency (device: d_6, sg: g_0) ,0.19, ms, throughput ,267830.8380426922, points/s
11:49:54.241 [DataClientService-thread-1] INFO cn.edu.tsinghua.iot.benchmark.tsdb.DBWrapper -- DataClientService-thread-1 insert one batch latency (device: d_7, sg: g_0) ,0.15, ms, throughput ,329863.1727559409, points/s
11:49:54.241 [DataClientService-thread-1] INFO cn.edu.tsinghua.iot.benchmark.tsdb.DBWrapper -- DataClientService-thread-1 insert one batch latency (device: d_8, sg: g_0) ,0.15, ms, throughput ,343079.0660015507, points/s
11:49:54.242 [DataClientService-thread-1] INFO cn.edu.tsinghua.iot.benchmark.tsdb.DBWrapper -- DataClientService-thread-1 insert one batch latency (device: d_9, sg: g_0) ,0.14, ms, throughput ,344903.7028861542, points/s
11:49:54.242 [DataClientService-thread-1] INFO cn.edu.tsinghua.iot.benchmark.tsdb.DBWrapper -- DataClientService-thread-1 insert one batch latency (device: d_10, sg: g_0) ,0.14, ms, throughput ,348879.39936922607, points/s
11:49:54.242 [DataClientService-thread-1] INFO cn.edu.tsinghua.iot.benchmark.tsdb.DBWrapper -- DataClientService-thread-1 insert one batch latency (device: d_11, sg: g_0) ,0.14, ms, throughput ,364939.52951995854, points/s
11:49:54.242 [DataClientService-thread-1] INFO cn.edu.tsinghua.iot.benchmark.tsdb.DBWrapper -- DataClientService-thread-1 insert one batch latency (device: d_12, sg: g_0) ,0.12, ms, throughput ,408083.31428944535, points/s
11:49:54.242 [DataClientService-thread-1] INFO cn.edu.tsinghua.iot.benchmark.tsdb.DBWrapper -- DataClientService-thread-1 insert one batch latency (device: d_13, sg: g_0) ,0.14, ms, throughput ,358927.23827025783, points/s
11:49:54.242 [DataClientService-thread-1] INFO cn.edu.tsinghua.iot.benchmark.tsdb.DBWrapper -- DataClientService-thread-1 insert one batch latency (device: d_14, sg: g_0) ,0.15, ms, throughput ,342423.53682422714, points/s
11:49:54.243 [DataClientService-thread-1] INFO cn.edu.tsinghua.iot.benchmark.tsdb.DBWrapper -- DataClientService-thread-1 insert one batch latency (device: d_15, sg: g_0) ,0.14, ms, throughput ,361540.7420262189, points/s
11:49:54.243 [DataClientService-thread-1] INFO cn.edu.tsinghua.iot.benchmark.tsdb.DBWrapper -- DataClientService-thread-1 insert one batch latency (device: d_16, sg: g_0) ,0.14, ms, throughput ,367693.0204510858, points/s
11:49:54.243 [DataClientService-thread-1] INFO cn.edu.tsinghua.iot.benchmark.tsdb.DBWrapper -- DataClientService-thread-1 insert one batch latency (device: d_17, sg: g_0) ,0.12, ms, throughput ,416920.29317835014, points/s
11:49:54.243 [DataClientService-thread-1] INFO cn.edu.tsinghua.iot.benchmark.tsdb.DBWrapper -- DataClientService-thread-1 insert one batch latency (device: d_18, sg: g_0) ,0.18, ms, throughput ,282955.8702024832, points/s
11:49:54.243 [DataClientService-thread-1] INFO cn.edu.tsinghua.iot.benchmark.tsdb.DBWrapper -- DataClientService-thread-1 insert one batch latency (device: d_19, sg: g_0) ,0.13, ms, throughput ,390018.6428911302, points/s
11:49:54.243 [DataClientService-thread-1] INFO cn.edu.tsinghua.iot.benchmark.tsdb.DBWrapper -- DataClientService-thread-1 insert one batch latency (device: d_0, sg: g_0) ,0.17, ms, throughput ,286498.47296313907, points/s
11:49:54.244 [DataClientService-thread-1] INFO cn.edu.tsinghua.iot.benchmark.tsdb.DBWrapper -- DataClientService-thread-1 insert one batch latency (device: d_1, sg: g_0) ,0.18, ms, throughput ,284412.4891212223, points/s
11:49:54.244 [DataClientService-thread-1] INFO cn.edu.tsinghua.iot.benchmark.tsdb.DBWrapper -- DataClientService-thread-1 insert one batch latency (device: d_2, sg: g_0) ,0.15, ms, throughput ,324658.45930081554, points/s
11:49:54.244 [DataClientService-thread-1] INFO cn.edu.tsinghua.iot.benchmark.tsdb.DBWrapper -- DataClientService-thread-1 insert one batch latency (device: d_3, sg: g_0) ,0.17, ms, throughput ,293043.72798508994, points/s
11:49:54.244 [DataClientService-thread-1] INFO cn.edu.tsinghua.iot.benchmark.tsdb.DBWrapper -- DataClientService-thread-1 insert one batch latency (device: d_4, sg: g_0) ,0.18, ms, throughput ,274565.363030323, points/s
11:49:54.244 [DataClientService-thread-1] INFO cn.edu.tsinghua.iot.benchmark.tsdb.DBWrapper -- DataClientService-thread-1 insert one batch latency (device: d_5, sg: g_0) ,0.16, ms, throughput ,309264.32203075325, points/s
11:49:54.245 [DataClientService-thread-1] INFO cn.edu.tsinghua.iot.benchmark.tsdb.DBWrapper -- DataClientService-thread-1 insert one batch latency (device: d_6, sg: g_0) ,0.15, ms, throughput ,331038.1355932203, points/s
11:49:54.245 [DataClientService-thread-1] INFO cn.edu.tsinghua.iot.benchmark.tsdb.DBWrapper -- DataClientService-thread-1 insert one batch latency (device: d_7, sg: g_0) ,0.17, ms, throughput ,293472.00863981596, points/s
11:49:54.245 [DataClientService-thread-1] INFO cn.edu.tsinghua.iot.benchmark.tsdb.DBWrapper -- DataClientService-thread-1 insert one batch latency (device: d_8, sg: g_0) ,0.21, ms, throughput ,242714.91191875847, points/s
11:49:54.245 [DataClientService-thread-1] INFO cn.edu.tsinghua.iot.benchmark.tsdb.DBWrapper -- DataClientService-thread-1 insert one batch latency (device: d_9, sg: g_0) ,0.14, ms, throughput ,362765.7258942175, points/s
11:49:54.245 [DataClientService-thread-1] INFO cn.edu.tsinghua.iot.benchmark.tsdb.DBWrapper -- DataClientService-thread-1 insert one batch latency (device: d_10, sg: g_0) ,0.14, ms, throughput ,364785.10509458877, points/s
11:49:54.246 [DataClientService-thread-1] INFO cn.edu.tsinghua.iot.benchmark.tsdb.DBWrapper -- DataClientService-thread-1 insert one batch latency (device: d_11, sg: g_0) ,0.14, ms, throughput ,363050.20258201304, points/s
11:49:54.246 [DataClientService-thread-1] INFO cn.edu.tsinghua.iot.benchmark.tsdb.DBWrapper -- DataClientService-thread-1 insert one batch latency (device: d_12, sg: g_0) ,0.13, ms, throughput ,396246.75077664363, points/s
11:49:54.246 [DataClientService-thread-1] INFO cn.edu.tsinghua.iot.benchmark.tsdb.DBWrapper -- DataClientService-thread-1 insert one batch latency (device: d_13, sg: g_0) ,0.13, ms, throughput ,386730.5029816922, points/s
11:49:54.246 [DataClientService-thread-1] INFO cn.edu.tsinghua.iot.benchmark.tsdb.DBWrapper -- DataClientService-thread-1 insert one batch latency (device: d_14, sg: g_0) ,0.13, ms, throughput ,394101.09481284133, points/s
11:49:54.246 [DataClientService-thread-1] INFO cn.edu.tsinghua.iot.benchmark.tsdb.DBWrapper -- DataClientService-thread-1 insert one batch latency (device: d_15, sg: g_0) ,0.16, ms, throughput ,306164.31226310536, points/s
11:49:54.246 [DataClientService-thread-1] INFO cn.edu.tsinghua.iot.benchmark.tsdb.DBWrapper -- DataClientService-thread-1 insert one batch latency (device: d_16, sg: g_0) ,0.17, ms, throughput ,301630.00856629224, points/s
11:49:54.247 [DataClientService-thread-1] INFO cn.edu.tsinghua.iot.benchmark.tsdb.DBWrapper -- DataClientService-thread-1 insert one batch latency (device: d_17, sg: g_0) ,0.13, ms, throughput ,393846.5416335179, points/s
11:49:54.247 [DataClientService-thread-1] INFO cn.edu.tsinghua.iot.benchmark.tsdb.DBWrapper -- DataClientService-thread-1 insert one batch latency (device: d_18, sg: g_0) ,0.13, ms, throughput ,392637.26598818944, points/s
11:49:54.247 [DataClientService-thread-1] INFO cn.edu.tsinghua.iot.benchmark.tsdb.DBWrapper -- DataClientService-thread-1 insert one batch latency (device: d_19, sg: g_0) ,0.12, ms, throughput ,410000.73800132837, points/s
11:49:54.247 [DataClientService-thread-1] INFO cn.edu.tsinghua.iot.benchmark.tsdb.DBWrapper -- DataClientService-thread-1 insert one batch latency (device: d_0, sg: g_0) ,0.12, ms, throughput ,434431.28600349283, points/s
11:49:54.247 [DataClientService-thread-1] INFO cn.edu.tsinghua.iot.benchmark.tsdb.DBWrapper -- DataClientService-thread-1 insert one batch latency (device: d_1, sg: g_0) ,0.11, ms, throughput ,456154.4356457322, points/s
11:49:54.247 [DataClientService-thread-1] INFO cn.edu.tsinghua.iot.benchmark.tsdb.DBWrapper -- DataClientService-thread-1 insert one batch latency (device: d_2, sg: g_0) ,0.11, ms, throughput ,448438.5370141168, points/s
11:49:54.247 [DataClientService-thread-1] INFO cn.edu.tsinghua.iot.benchmark.tsdb.DBWrapper -- DataClientService-thread-1 insert one batch latency (device: d_3, sg: g_0) ,0.15, ms, throughput ,324048.27023033355, points/s
11:49:54.248 [DataClientService-thread-1] INFO cn.edu.tsinghua.iot.benchmark.tsdb.DBWrapper -- DataClientService-thread-1 insert one batch latency (device: d_4, sg: g_0) ,0.13, ms, throughput ,376608.11665813025, points/s
11:49:54.248 [DataClientService-thread-1] INFO cn.edu.tsinghua.iot.benchmark.tsdb.DBWrapper -- DataClientService-thread-1 insert one batch latency (device: d_5, sg: g_0) ,0.17, ms, throughput ,292197.73605194106, points/s
11:49:54.248 [DataClientService-thread-1] INFO cn.edu.tsinghua.iot.benchmark.tsdb.DBWrapper -- DataClientService-thread-1 insert one batch latency (device: d_6, sg: g_0) ,0.16, ms, throughput ,303545.4103933948, points/s
11:49:54.248 [DataClientService-thread-1] INFO cn.edu.tsinghua.iot.benchmark.tsdb.DBWrapper -- DataClientService-thread-1 insert one batch latency (device: d_7, sg: g_0) ,0.15, ms, throughput ,328951.69673285173, points/s
11:49:54.248 [DataClientService-thread-1] INFO cn.edu.tsinghua.iot.benchmark.tsdb.DBWrapper -- DataClientService-thread-1 insert one batch latency (device: d_8, sg: g_0) ,0.14, ms, throughput ,346130.94826034585, points/s
11:49:54.249 [DataClientService-thread-1] INFO cn.edu.tsinghua.iot.benchmark.tsdb.DBWrapper -- DataClientService-thread-1 insert one batch latency (device: d_9, sg: g_0) ,0.16, ms, throughput ,319042.3624448854, points/s
11:49:54.249 [DataClientService-thread-1] INFO cn.edu.tsinghua.iot.benchmark.tsdb.DBWrapper -- DataClientService-thread-1 insert one batch latency (device: d_10, sg: g_0) ,0.13, ms, throughput ,386163.00712856906, points/s
11:49:54.249 [DataClientService-thread-1] INFO cn.edu.tsinghua.iot.benchmark.tsdb.DBWrapper -- DataClientService-thread-1 insert one batch latency (device: d_11, sg: g_0) ,0.13, ms, throughput ,398247.71007566707, points/s
11:49:54.249 [DataClientService-thread-1] INFO cn.edu.tsinghua.iot.benchmark.tsdb.DBWrapper -- DataClientService-thread-1 insert one batch latency (device: d_12, sg: g_0) ,0.11, ms, throughput ,445243.9046109459, points/s
11:49:54.249 [DataClientService-thread-1] INFO cn.edu.tsinghua.iot.benchmark.tsdb.DBWrapper -- DataClientService-thread-1 insert one batch latency (device: d_13, sg: g_0) ,0.13, ms, throughput ,376256.69736921316, points/s
11:49:54.249 [DataClientService-thread-1] INFO cn.edu.tsinghua.iot.benchmark.tsdb.DBWrapper -- DataClientService-thread-1 insert one batch latency (device: d_14, sg: g_0) ,0.11, ms, throughput ,439997.5360137983, points/s
11:49:54.249 [DataClientService-thread-1] INFO cn.edu.tsinghua.iot.benchmark.tsdb.DBWrapper -- DataClientService-thread-1 insert one batch latency (device: d_15, sg: g_0) ,0.11, ms, throughput ,435217.82652217435, points/s
11:49:54.250 [DataClientService-thread-1] INFO cn.edu.tsinghua.iot.benchmark.tsdb.DBWrapper -- DataClientService-thread-1 insert one batch latency (device: d_16, sg: g_0) ,0.12, ms, throughput ,431928.1271596406, points/s
11:49:54.250 [DataClientService-thread-1] INFO cn.edu.tsinghua.iot.benchmark.tsdb.DBWrapper -- DataClientService-thread-1 insert one batch latency (device: d_17, sg: g_0) ,0.12, ms, throughput ,416125.7032524385, points/s
11:49:54.250 [DataClientService-thread-1] INFO cn.edu.tsinghua.iot.benchmark.tsdb.DBWrapper -- DataClientService-thread-1 insert one batch latency (device: d_18, sg: g_0) ,0.16, ms, throughput ,320547.7519986152, points/s
11:49:54.250 [DataClientService-thread-1] INFO cn.edu.tsinghua.iot.benchmark.tsdb.DBWrapper -- DataClientService-thread-1 insert one batch latency (device: d_19, sg: g_0) ,0.12, ms, throughput ,415230.6606319811, points/s
11:49:54.250 [DataClientService-thread-1] INFO cn.edu.tsinghua.iot.benchmark.tsdb.DBWrapper -- DataClientService-thread-1 insert one batch latency (device: d_0, sg: g_0) ,0.12, ms, throughput ,427697.7032633335, points/s
11:49:54.251 [DataClientService-thread-1] INFO cn.edu.tsinghua.iot.benchmark.tsdb.DBWrapper -- DataClientService-thread-1 insert one batch latency (device: d_1, sg: g_0) ,0.28, ms, throughput ,180970.581422284, points/s
11:49:54.251 [DataClientService-thread-1] INFO cn.edu.tsinghua.iot.benchmark.tsdb.DBWrapper -- DataClientService-thread-1 insert one batch latency (device: d_2, sg: g_0) ,0.15, ms, throughput ,344414.28906002454, points/s
11:49:54.251 [DataClientService-thread-1] INFO cn.edu.tsinghua.iot.benchmark.tsdb.DBWrapper -- DataClientService-thread-1 insert one batch latency (device: d_3, sg: g_0) ,0.12, ms, throughput ,415959.53545639076, points/s
11:49:54.251 [DataClientService-thread-1] INFO cn.edu.tsinghua.iot.benchmark.tsdb.DBWrapper -- DataClientService-thread-1 insert one batch latency (device: d_4, sg: g_0) ,0.11, ms, throughput ,438527.2500833202, points/s
11:49:54.251 [DataClientService-thread-1] INFO cn.edu.tsinghua.iot.benchmark.tsdb.DBWrapper -- DataClientService-thread-1 insert one batch latency (device: d_5, sg: g_0) ,0.12, ms, throughput ,413763.4266231939, points/s
11:49:54.251 [DataClientService-thread-1] INFO cn.edu.tsinghua.iot.benchmark.tsdb.DBWrapper -- DataClientService-thread-1 insert one batch latency (device: d_6, sg: g_0) ,0.13, ms, throughput ,391696.04386995686, points/s
11:49:54.251 [DataClientService-thread-1] INFO cn.edu.tsinghua.iot.benchmark.tsdb.DBWrapper -- DataClientService-thread-1 insert one batch latency (device: d_7, sg: g_0) ,0.13, ms, throughput ,382163.6577648012, points/s
11:49:54.252 [DataClientService-thread-1] INFO cn.edu.tsinghua.iot.benchmark.tsdb.DBWrapper -- DataClientService-thread-1 insert one batch latency (device: d_8, sg: g_0) ,0.12, ms, throughput ,409775.60687767377, points/s
11:49:54.252 [DataClientService-thread-1] INFO cn.edu.tsinghua.iot.benchmark.tsdb.DBWrapper -- DataClientService-thread-1 insert one batch latency (device: d_9, sg: g_0) ,0.14, ms, throughput ,368345.8325352507, points/s
11:49:54.252 [DataClientService-thread-1] INFO cn.edu.tsinghua.iot.benchmark.tsdb.DBWrapper -- DataClientService-thread-1 insert one batch latency (device: d_10, sg: g_0) ,0.13, ms, throughput ,384148.49644278496, points/s
11:49:54.252 [DataClientService-thread-1] INFO cn.edu.tsinghua.iot.benchmark.tsdb.DBWrapper -- DataClientService-thread-1 insert one batch latency (device: d_11, sg: g_0) ,0.12, ms, throughput ,404360.624979782, points/s
11:49:54.252 [DataClientService-thread-1] INFO cn.edu.tsinghua.iot.benchmark.tsdb.DBWrapper -- DataClientService-thread-1 insert one batch latency (device: d_12, sg: g_0) ,0.12, ms, throughput ,412289.5261968765, points/s
11:49:54.252 [DataClientService-thread-1] INFO cn.edu.tsinghua.iot.benchmark.tsdb.DBWrapper -- DataClientService-thread-1 insert one batch latency (device: d_13, sg: g_0) ,0.13, ms, throughput ,376767.0374054315, points/s
11:49:54.253 [DataClientService-thread-1] INFO cn.edu.tsinghua.iot.benchmark.tsdb.DBWrapper -- DataClientService-thread-1 insert one batch latency (device: d_14, sg: g_0) ,0.12, ms, throughput ,415928.39376772894, points/s
11:49:54.253 [DataClientService-thread-1] INFO cn.edu.tsinghua.iot.benchmark.tsdb.DBWrapper -- DataClientService-thread-1 insert one batch latency (device: d_15, sg: g_0) ,0.14, ms, throughput ,361867.8169238341, points/s
11:49:54.253 [DataClientService-thread-1] INFO cn.edu.tsinghua.iot.benchmark.tsdb.DBWrapper -- DataClientService-thread-1 insert one batch latency (device: d_16, sg: g_0) ,0.15, ms, throughput ,341646.73727365903, points/s
11:49:54.253 [DataClientService-thread-1] INFO cn.edu.tsinghua.iot.benchmark.tsdb.DBWrapper -- DataClientService-thread-1 insert one batch latency (device: d_17, sg: g_0) ,0.12, ms, throughput ,431477.1187683917, points/s
11:49:54.254 [DataClientService-thread-1] INFO cn.edu.tsinghua.iot.benchmark.tsdb.DBWrapper -- DataClientService-thread-1 insert one batch latency (device: d_18, sg: g_0) ,1.00, ms, throughput ,50164.74100947511, points/s
11:49:54.254 [DataClientService-thread-1] INFO cn.edu.tsinghua.iot.benchmark.tsdb.DBWrapper -- DataClientService-thread-1 insert one batch latency (device: d_19, sg: g_0) ,0.17, ms, throughput ,301759.25646519207, points/s
11:49:54.255 [DataClientService-thread-1] INFO cn.edu.tsinghua.iot.benchmark.tsdb.DBWrapper -- DataClientService-thread-1 insert one batch latency (device: d_0, sg: g_0) ,0.16, ms, throughput ,318806.38888003316, points/s
11:49:54.255 [DataClientService-thread-1] INFO cn.edu.tsinghua.iot.benchmark.tsdb.DBWrapper -- DataClientService-thread-1 insert one batch latency (device: d_1, sg: g_0) ,0.14, ms, throughput ,356028.9950013529, points/s
11:49:54.255 [DataClientService-thread-1] INFO cn.edu.tsinghua.iot.benchmark.tsdb.DBWrapper -- DataClientService-thread-1 insert one batch latency (device: d_2, sg: g_0) ,0.15, ms, throughput ,343713.480442703, points/s
11:49:54.255 [DataClientService-thread-1] INFO cn.edu.tsinghua.iot.benchmark.tsdb.DBWrapper -- DataClientService-thread-1 insert one batch latency (device: d_3, sg: g_0) ,0.16, ms, throughput ,303571.2117348488, points/s
11:49:54.255 [DataClientService-thread-1] INFO cn.edu.tsinghua.iot.benchmark.tsdb.DBWrapper -- DataClientService-thread-1 insert one batch latency (device: d_4, sg: g_0) ,0.12, ms, throughput ,418473.075442326, points/s
11:49:54.255 [DataClientService-thread-1] INFO cn.edu.tsinghua.iot.benchmark.tsdb.DBWrapper -- DataClientService-thread-1 insert one batch latency (device: d_5, sg: g_0) ,0.15, ms, throughput ,339127.8986957141, points/s
11:49:54.256 [DataClientService-thread-1] INFO cn.edu.tsinghua.iot.benchmark.tsdb.DBWrapper -- DataClientService-thread-1 insert one batch latency (device: d_6, sg: g_0) ,0.13, ms, throughput ,375499.41422091384, points/s
11:49:54.256 [DataClientService-thread-1] INFO cn.edu.tsinghua.iot.benchmark.tsdb.DBWrapper -- DataClientService-thread-1 insert one batch latency (device: d_7, sg: g_0) ,0.13, ms, throughput ,397522.63891428616, points/s
11:49:54.256 [DataClientService-thread-1] INFO cn.edu.tsinghua.iot.benchmark.tsdb.DBWrapper -- DataClientService-thread-1 insert one batch latency (device: d_8, sg: g_0) ,0.13, ms, throughput ,395964.33153301553, points/s
11:49:54.256 [DataClientService-thread-1] INFO cn.edu.tsinghua.iot.benchmark.tsdb.DBWrapper -- DataClientService-thread-1 insert one batch latency (device: d_9, sg: g_0) ,0.14, ms, throughput ,363390.57946261804, points/s
11:49:54.256 [DataClientService-thread-1] INFO cn.edu.tsinghua.iot.benchmark.tsdb.DBWrapper -- DataClientService-thread-1 insert one batch latency (device: d_10, sg: g_0) ,0.18, ms, throughput ,284308.9870070793, points/s
11:49:54.257 [DataClientService-thread-1] INFO cn.edu.tsinghua.iot.benchmark.tsdb.DBWrapper -- DataClientService-thread-1 insert one batch latency (device: d_11, sg: g_0) ,0.44, ms, throughput ,113250.2831257078, points/s
11:49:54.257 [DataClientService-thread-1] INFO cn.edu.tsinghua.iot.benchmark.tsdb.DBWrapper -- DataClientService-thread-1 insert one batch latency (device: d_12, sg: g_0) ,0.27, ms, throughput ,186151.79562022054, points/s
11:49:54.257 [DataClientService-thread-1] INFO cn.edu.tsinghua.iot.benchmark.tsdb.DBWrapper -- DataClientService-thread-1 insert one batch latency (device: d_13, sg: g_0) ,0.18, ms, throughput ,278508.0878748719, points/s
11:49:54.258 [DataClientService-thread-1] INFO cn.edu.tsinghua.iot.benchmark.tsdb.DBWrapper -- DataClientService-thread-1 insert one batch latency (device: d_14, sg: g_0) ,0.16, ms, throughput ,322233.4645897646, points/s
11:49:54.258 [DataClientService-thread-1] INFO cn.edu.tsinghua.iot.benchmark.tsdb.DBWrapper -- DataClientService-thread-1 insert one batch latency (device: d_15, sg: g_0) ,0.14, ms, throughput ,362810.4750640361, points/s
11:49:54.258 [DataClientService-thread-1] INFO cn.edu.tsinghua.iot.benchmark.tsdb.DBWrapper -- DataClientService-thread-1 insert one batch latency (device: d_16, sg: g_0) ,0.14, ms, throughput ,353069.94315573917, points/s
11:49:54.258 [DataClientService-thread-1] INFO cn.edu.tsinghua.iot.benchmark.tsdb.DBWrapper -- DataClientService-thread-1 insert one batch latency (device: d_17, sg: g_0) ,0.11, ms, throughput ,458408.5887433187, points/s
11:49:54.258 [DataClientService-thread-1] INFO cn.edu.tsinghua.iot.benchmark.tsdb.DBWrapper -- DataClientService-thread-1 insert one batch latency (device: d_18, sg: g_0) ,0.13, ms, throughput ,374739.5560085741, points/s
11:49:54.258 [DataClientService-thread-1] INFO cn.edu.tsinghua.iot.benchmark.tsdb.DBWrapper -- DataClientService-thread-1 insert one batch latency (device: d_19, sg: g_0) ,0.12, ms, throughput ,418221.05492078897, points/s
11:49:54.259 [DataClientService-thread-1] INFO cn.edu.tsinghua.iot.benchmark.tsdb.DBWrapper -- DataClientService-thread-1 insert one batch latency (device: d_0, sg: g_0) ,0.18, ms, throughput ,283644.4913403337, points/s
11:49:54.259 [DataClientService-thread-1] INFO cn.edu.tsinghua.iot.benchmark.tsdb.DBWrapper -- DataClientService-thread-1 insert one batch latency (device: d_1, sg: g_0) ,0.19, ms, throughput ,263895.4129699318, points/s
11:49:54.259 [DataClientService-thread-1] INFO cn.edu.tsinghua.iot.benchmark.tsdb.DBWrapper -- DataClientService-thread-1 insert one batch latency (device: d_2, sg: g_0) ,0.14, ms, throughput ,356641.0122898493, points/s
11:49:54.259 [DataClientService-thread-1] INFO cn.edu.tsinghua.iot.benchmark.tsdb.DBWrapper -- DataClientService-thread-1 insert one batch latency (device: d_3, sg: g_0) ,0.15, ms, throughput ,330801.5984333236, points/s
11:49:54.259 [DataClientService-thread-1] INFO cn.edu.tsinghua.iot.benchmark.tsdb.DBWrapper -- DataClientService-thread-1 insert one batch latency (device: d_4, sg: g_0) ,0.12, ms, throughput ,432081.16212549363, points/s
11:49:54.260 [DataClientService-thread-1] INFO cn.edu.tsinghua.iot.benchmark.tsdb.DBWrapper -- DataClientService-thread-1 insert one batch latency (device: d_5, sg: g_0) ,0.16, ms, throughput ,321599.24874415493, points/s
11:49:54.260 [DataClientService-thread-1] INFO cn.edu.tsinghua.iot.benchmark.tsdb.DBWrapper -- DataClientService-thread-1 insert one batch latency (device: d_6, sg: g_0) ,0.14, ms, throughput ,359616.5049591116, points/s
11:49:54.260 [DataClientService-thread-1] INFO cn.edu.tsinghua.iot.benchmark.tsdb.DBWrapper -- DataClientService-thread-1 insert one batch latency (device: d_7, sg: g_0) ,0.14, ms, throughput ,357984.11982444464, points/s
11:49:54.260 [DataClientService-thread-1] INFO cn.edu.tsinghua.iot.benchmark.tsdb.DBWrapper -- DataClientService-thread-1 insert one batch latency (device: d_8, sg: g_0) ,0.12, ms, throughput ,412803.5137835093, points/s
11:49:54.260 [DataClientService-thread-1] INFO cn.edu.tsinghua.iot.benchmark.tsdb.DBWrapper -- DataClientService-thread-1 insert one batch latency (device: d_9, sg: g_0) ,0.11, ms, throughput ,435741.2394223814, points/s
11:49:54.260 [DataClientService-thread-1] INFO cn.edu.tsinghua.iot.benchmark.tsdb.DBWrapper -- DataClientService-thread-1 insert one batch latency (device: d_10, sg: g_0) ,0.12, ms, throughput ,415423.8569612576, points/s
11:49:54.260 [DataClientService-thread-1] INFO cn.edu.tsinghua.iot.benchmark.tsdb.DBWrapper -- DataClientService-thread-1 insert one batch latency (device: d_11, sg: g_0) ,0.13, ms, throughput ,394879.2064507467, points/s
11:49:54.261 [DataClientService-thread-1] INFO cn.edu.tsinghua.iot.benchmark.tsdb.DBWrapper -- DataClientService-thread-1 insert one batch latency (device: d_12, sg: g_0) ,0.13, ms, throughput ,393710.0876398655, points/s
11:49:54.261 [DataClientService-thread-1] INFO cn.edu.tsinghua.iot.benchmark.tsdb.DBWrapper -- DataClientService-thread-1 insert one batch latency (device: d_13, sg: g_0) ,0.17, ms, throughput ,287816.1660584152, points/s
11:49:54.261 [DataClientService-thread-1] INFO cn.edu.tsinghua.iot.benchmark.tsdb.DBWrapper -- DataClientService-thread-1 insert one batch latency (device: d_14, sg: g_0) ,0.23, ms, throughput ,222221.2345722908, points/s
11:49:54.261 [DataClientService-thread-1] INFO cn.edu.tsinghua.iot.benchmark.tsdb.DBWrapper -- DataClientService-thread-1 insert one batch latency (device: d_15, sg: g_0) ,0.20, ms, throughput ,256188.22661385773, points/s
11:49:54.262 [DataClientService-thread-1] INFO cn.edu.tsinghua.iot.benchmark.tsdb.DBWrapper -- DataClientService-thread-1 insert one batch latency (device: d_16, sg: g_0) ,0.18, ms, throughput ,278702.13987502997, points/s
11:49:54.262 [DataClientService-thread-1] INFO cn.edu.tsinghua.iot.benchmark.tsdb.DBWrapper -- DataClientService-thread-1 insert one batch latency (device: d_17, sg: g_0) ,0.18, ms, throughput ,279055.2306112426, points/s
11:49:54.262 [DataClientService-thread-1] INFO cn.edu.tsinghua.iot.benchmark.tsdb.DBWrapper -- DataClientService-thread-1 insert one batch latency (device: d_18, sg: g_0) ,0.18, ms, throughput ,280656.06160961866, points/s
11:49:54.262 [DataClientService-thread-1] INFO cn.edu.tsinghua.iot.benchmark.tsdb.DBWrapper -- DataClientService-thread-1 insert one batch latency (device: d_19, sg: g_0) ,0.18, ms, throughput ,284921.390188447, points/s
11:49:54.262 [DataClientService-thread-1] INFO cn.edu.tsinghua.iot.benchmark.tsdb.DBWrapper -- DataClientService-thread-1 insert one batch latency (device: d_0, sg: g_0) ,0.22, ms, throughput ,227432.96413382154, points/s
11:49:54.263 [DataClientService-thread-1] INFO cn.edu.tsinghua.iot.benchmark.tsdb.DBWrapper -- DataClientService-thread-1 insert one batch latency (device: d_1, sg: g_0) ,0.20, ms, throughput ,245858.51334274153, points/s
11:49:54.263 [DataClientService-thread-1] INFO cn.edu.tsinghua.iot.benchmark.tsdb.DBWrapper -- DataClientService-thread-1 insert one batch latency (device: d_2, sg: g_0) ,0.23, ms, throughput ,222016.9798586196, points/s
11:49:54.263 [DataClientService-thread-1] INFO cn.edu.tsinghua.iot.benchmark.tsdb.DBWrapper -- DataClientService-thread-1 insert one batch latency (device: d_3, sg: g_0) ,0.21, ms, throughput ,238234.77560666486, points/s
11:49:54.263 [DataClientService-thread-1] INFO cn.edu.tsinghua.iot.benchmark.tsdb.DBWrapper -- DataClientService-thread-1 insert one batch latency (device: d_4, sg: g_0) ,0.17, ms, throughput ,294488.35593040654, points/s
11:49:54.264 [DataClientService-thread-1] INFO cn.edu.tsinghua.iot.benchmark.tsdb.DBWrapper -- DataClientService-thread-1 insert one batch latency (device: d_5, sg: g_0) ,0.16, ms, throughput ,308196.8021499809, points/s
11:49:54.264 [DataClientService-thread-1] INFO cn.edu.tsinghua.iot.benchmark.tsdb.DBWrapper -- DataClientService-thread-1 insert one batch latency (device: d_6, sg: g_0) ,0.15, ms, throughput ,328558.286239979, points/s
11:49:54.264 [DataClientService-thread-1] INFO cn.edu.tsinghua.iot.benchmark.tsdb.DBWrapper -- DataClientService-thread-1 insert one batch latency (device: d_7, sg: g_0) ,0.16, ms, throughput ,305170.1934168686, points/s
11:49:54.264 [DataClientService-thread-1] INFO cn.edu.tsinghua.iot.benchmark.tsdb.DBWrapper -- DataClientService-thread-1 insert one batch latency (device: d_8, sg: g_0) ,0.16, ms, throughput ,315824.048106319, points/s
11:49:54.265 [DataClientService-thread-1] INFO cn.edu.tsinghua.iot.benchmark.tsdb.DBWrapper -- DataClientService-thread-1 insert one batch latency (device: d_9, sg: g_0) ,0.18, ms, throughput ,283069.60681631614, points/s
11:49:54.265 [DataClientService-thread-1] INFO cn.edu.tsinghua.iot.benchmark.tsdb.DBWrapper -- DataClientService-thread-1 insert one batch latency (device: d_10, sg: g_0) ,0.25, ms, throughput ,200718.57248951247, points/s
11:49:54.265 [DataClientService-thread-1] INFO cn.edu.tsinghua.iot.benchmark.tsdb.DBWrapper -- DataClientService-thread-1 insert one batch latency (device: d_11, sg: g_0) ,0.18, ms, throughput ,281199.0326753276, points/s
11:49:54.265 [DataClientService-thread-1] INFO cn.edu.tsinghua.iot.benchmark.tsdb.DBWrapper -- DataClientService-thread-1 insert one batch latency (device: d_12, sg: g_0) ,0.20, ms, throughput ,249838.85393920922, points/s
11:49:54.266 [DataClientService-thread-1] INFO cn.edu.tsinghua.iot.benchmark.tsdb.DBWrapper -- DataClientService-thread-1 insert one batch latency (device: d_13, sg: g_0) ,0.16, ms, throughput ,311330.5645668458, points/s
11:49:54.266 [DataClientService-thread-1] INFO cn.edu.tsinghua.iot.benchmark.tsdb.DBWrapper -- DataClientService-thread-1 insert one batch latency (device: d_14, sg: g_0) ,0.18, ms, throughput ,279748.45019358594, points/s
11:49:54.266 [DataClientService-thread-1] INFO cn.edu.tsinghua.iot.benchmark.tsdb.DBWrapper -- DataClientService-thread-1 insert one batch latency (device: d_15, sg: g_0) ,0.13, ms, throughput ,389772.3729342064, points/s
11:49:54.266 [DataClientService-thread-1] INFO cn.edu.tsinghua.iot.benchmark.tsdb.DBWrapper -- DataClientService-thread-1 insert one batch latency (device: d_16, sg: g_0) ,0.13, ms, throughput ,390423.6877859853, points/s
11:49:54.266 [DataClientService-thread-1] INFO cn.edu.tsinghua.iot.benchmark.tsdb.DBWrapper -- DataClientService-thread-1 insert one batch latency (device: d_17, sg: g_0) ,0.15, ms, throughput ,339019.8258794174, points/s
11:49:54.266 [DataClientService-thread-1] INFO cn.edu.tsinghua.iot.benchmark.tsdb.DBWrapper -- DataClientService-thread-1 insert one batch latency (device: d_18, sg: g_0) ,0.16, ms, throughput ,319415.3421577145, points/s
11:49:54.267 [DataClientService-thread-1] INFO cn.edu.tsinghua.iot.benchmark.tsdb.DBWrapper -- DataClientService-thread-1 insert one batch latency (device: d_19, sg: g_0) ,0.15, ms, throughput ,344222.2298716051, points/s
11:49:54.267 [DataClientService-thread-1] INFO cn.edu.tsinghua.iot.benchmark.tsdb.DBWrapper -- DataClientService-thread-1 insert one batch latency (device: d_0, sg: g_0) ,0.13, ms, throughput ,376477.67487387994, points/s
11:49:54.267 [DataClientService-thread-1] INFO cn.edu.tsinghua.iot.benchmark.tsdb.DBWrapper -- DataClientService-thread-1 insert one batch latency (device: d_1, sg: g_0) ,0.12, ms, throughput ,421542.50834654167, points/s
11:49:54.267 [DataClientService-thread-1] INFO cn.edu.tsinghua.iot.benchmark.tsdb.DBWrapper -- DataClientService-thread-1 insert one batch latency (device: d_2, sg: g_0) ,0.13, ms, throughput ,397431.00597736234, points/s
11:49:54.267 [DataClientService-thread-1] INFO cn.edu.tsinghua.iot.benchmark.tsdb.DBWrapper -- DataClientService-thread-1 insert one batch latency (device: d_3, sg: g_0) ,0.14, ms, throughput ,354801.16942465445, points/s
11:49:54.267 [DataClientService-thread-1] INFO cn.edu.tsinghua.iot.benchmark.tsdb.DBWrapper -- DataClientService-thread-1 insert one batch latency (device: d_4, sg: g_0) ,0.12, ms, throughput ,404845.18720041454, points/s
11:49:54.267 [DataClientService-thread-1] INFO cn.edu.tsinghua.iot.benchmark.tsdb.DBWrapper -- DataClientService-thread-1 insert one batch latency (device: d_5, sg: g_0) ,0.12, ms, throughput ,413968.9688860923, points/s
11:49:54.268 [DataClientService-thread-1] INFO cn.edu.tsinghua.iot.benchmark.tsdb.DBWrapper -- DataClientService-thread-1 insert one batch latency (device: d_6, sg: g_0) ,0.12, ms, throughput ,410394.47116568446, points/s
11:49:54.268 [DataClientService-thread-1] INFO cn.edu.tsinghua.iot.benchmark.tsdb.DBWrapper -- DataClientService-thread-1 insert one batch latency (device: d_7, sg: g_0) ,0.11, ms, throughput ,439239.9392091924, points/s
11:49:54.268 [DataClientService-thread-1] INFO cn.edu.tsinghua.iot.benchmark.tsdb.DBWrapper -- DataClientService-thread-1 insert one batch latency (device: d_8, sg: g_0) ,0.11, ms, throughput ,435915.99027035513, points/s
11:49:54.268 [DataClientService-thread-1] INFO cn.edu.tsinghua.iot.benchmark.tsdb.DBWrapper -- DataClientService-thread-1 insert one batch latency (device: d_9, sg: g_0) ,0.11, ms, throughput ,444697.4278700772, points/s
11:49:54.268 [DataClientService-thread-1] INFO cn.edu.tsinghua.iot.benchmark.tsdb.DBWrapper -- DataClientService-thread-1 insert one batch latency (device: d_10, sg: g_0) ,0.11, ms, throughput ,441797.58601799, points/s
11:49:54.268 [DataClientService-thread-1] INFO cn.edu.tsinghua.iot.benchmark.tsdb.DBWrapper -- DataClientService-thread-1 insert one batch latency (device: d_11, sg: g_0) ,0.11, ms, throughput ,437613.7795826915, points/s
11:49:54.268 [DataClientService-thread-1] INFO cn.edu.tsinghua.iot.benchmark.tsdb.DBWrapper -- DataClientService-thread-1 insert one batch latency (device: d_12, sg: g_0) ,0.12, ms, throughput ,426242.9243674555, points/s
11:49:54.269 [DataClientService-thread-1] INFO cn.edu.tsinghua.iot.benchmark.tsdb.DBWrapper -- DataClientService-thread-1 insert one batch latency (device: d_13, sg: g_0) ,0.12, ms, throughput ,426315.60997237475, points/s
11:49:54.269 [DataClientService-thread-1] INFO cn.edu.tsinghua.iot.benchmark.tsdb.DBWrapper -- DataClientService-thread-1 insert one batch latency (device: d_14, sg: g_0) ,0.12, ms, throughput ,420062.16920104175, points/s
11:49:54.269 [DataClientService-thread-1] INFO cn.edu.tsinghua.iot.benchmark.tsdb.DBWrapper -- DataClientService-thread-1 insert one batch latency (device: d_15, sg: g_0) ,0.11, ms, throughput ,449704.9935242481, points/s
11:49:54.269 [DataClientService-thread-1] INFO cn.edu.tsinghua.iot.benchmark.tsdb.DBWrapper -- DataClientService-thread-1 insert one batch latency (device: d_16, sg: g_0) ,0.11, ms, throughput ,443683.2811266006, points/s
11:49:54.269 [DataClientService-thread-1] INFO cn.edu.tsinghua.iot.benchmark.tsdb.DBWrapper -- DataClientService-thread-1 insert one batch latency (device: d_17, sg: g_0) ,0.11, ms, throughput ,452632.0554021636, points/s
11:49:54.269 [DataClientService-thread-1] INFO cn.edu.tsinghua.iot.benchmark.tsdb.DBWrapper -- DataClientService-thread-1 insert one batch latency (device: d_18, sg: g_0) ,0.11, ms, throughput ,445382.7173690352, points/s
11:49:54.269 [DataClientService-thread-1] INFO cn.edu.tsinghua.iot.benchmark.tsdb.DBWrapper -- DataClientService-thread-1 insert one batch latency (device: d_19, sg: g_0) ,0.12, ms, throughput ,426788.6713215085, points/s
11:49:54.270 [DataClientService-thread-1] INFO cn.edu.tsinghua.iot.benchmark.tsdb.DBWrapper -- DataClientService-thread-1 insert one batch latency (device: d_0, sg: g_0) ,0.12, ms, throughput ,409580.91680592415, points/s
11:49:54.270 [DataClientService-thread-1] INFO cn.edu.tsinghua.iot.benchmark.tsdb.DBWrapper -- DataClientService-thread-1 insert one batch latency (device: d_1, sg: g_0) ,0.14, ms, throughput ,362444.9083739272, points/s
11:49:54.270 [DataClientService-thread-1] INFO cn.edu.tsinghua.iot.benchmark.tsdb.DBWrapper -- DataClientService-thread-1 insert one batch latency (device: d_2, sg: g_0) ,0.13, ms, throughput ,388394.7644385754, points/s
11:49:54.270 [DataClientService-thread-1] INFO cn.edu.tsinghua.iot.benchmark.tsdb.DBWrapper -- DataClientService-thread-1 insert one batch latency (device: d_3, sg: g_0) ,0.14, ms, throughput ,357822.7203114489, points/s
11:49:54.270 [DataClientService-thread-1] INFO cn.edu.tsinghua.iot.benchmark.tsdb.DBWrapper -- DataClientService-thread-1 insert one batch latency (device: d_4, sg: g_0) ,0.12, ms, throughput ,425528.2933762266, points/s
11:49:54.270 [DataClientService-thread-1] INFO cn.edu.tsinghua.iot.benchmark.tsdb.DBWrapper -- DataClientService-thread-1 insert one batch latency (device: d_5, sg: g_0) ,0.11, ms, throughput ,442924.7205145013, points/s
11:49:54.270 [DataClientService-thread-1] INFO cn.edu.tsinghua.iot.benchmark.tsdb.DBWrapper -- DataClientService-thread-1 insert one batch latency (device: d_6, sg: g_0) ,0.12, ms, throughput ,419399.75507054303, points/s
11:49:54.271 [DataClientService-thread-1] INFO cn.edu.tsinghua.iot.benchmark.tsdb.DBWrapper -- DataClientService-thread-1 insert one batch latency (device: d_7, sg: g_0) ,0.12, ms, throughput ,426155.7343515614, points/s
11:49:54.271 [DataClientService-thread-1] INFO cn.edu.tsinghua.iot.benchmark.tsdb.DBWrapper -- DataClientService-thread-1 insert one batch latency (device: d_8, sg: g_0) ,0.12, ms, throughput ,421446.57321791316, points/s
11:49:54.271 [DataClientService-thread-1] INFO cn.edu.tsinghua.iot.benchmark.tsdb.DBWrapper -- DataClientService-thread-1 insert one batch latency (device: d_9, sg: g_0) ,0.13, ms, throughput ,395826.4063712218, points/s
11:49:54.271 [DataClientService-thread-1] INFO cn.edu.tsinghua.iot.benchmark.tsdb.DBWrapper -- DataClientService-thread-1 insert one batch latency (device: d_10, sg: g_0) ,0.12, ms, throughput ,405268.49037487333, points/s
11:49:54.272 [DataClientService-thread-1] INFO cn.edu.tsinghua.iot.benchmark.tsdb.DBWrapper -- DataClientService-thread-1 insert one batch latency (device: d_11, sg: g_0) ,0.92, ms, throughput ,54500.66490811188, points/s
11:49:54.272 [DataClientService-thread-1] INFO cn.edu.tsinghua.iot.benchmark.tsdb.DBWrapper -- DataClientService-thread-1 insert one batch latency (device: d_12, sg: g_0) ,0.16, ms, throughput ,308739.17097357806, points/s
11:49:54.272 [DataClientService-thread-1] INFO cn.edu.tsinghua.iot.benchmark.tsdb.DBWrapper -- DataClientService-thread-1 insert one batch latency (device: d_13, sg: g_0) ,0.12, ms, throughput ,414497.46327552473, points/s
11:49:54.272 [DataClientService-thread-1] INFO cn.edu.tsinghua.iot.benchmark.tsdb.DBWrapper -- DataClientService-thread-1 insert one batch latency (device: d_14, sg: g_0) ,0.13, ms, throughput ,378555.5833162983, points/s
11:49:54.273 [DataClientService-thread-1] INFO cn.edu.tsinghua.iot.benchmark.tsdb.DBWrapper -- DataClientService-thread-1 insert one batch latency (device: d_15, sg: g_0) ,0.12, ms, throughput ,421873.28613977507, points/s
11:49:54.273 [DataClientService-thread-1] INFO cn.edu.tsinghua.iot.benchmark.tsdb.DBWrapper -- DataClientService-thread-1 insert one batch latency (device: d_16, sg: g_0) ,0.12, ms, throughput ,404766.53066511237, points/s
11:49:54.273 [DataClientService-thread-1] INFO cn.edu.tsinghua.iot.benchmark.tsdb.DBWrapper -- DataClientService-thread-1 insert one batch latency (device: d_17, sg: g_0) ,0.14, ms, throughput ,368231.8977199081, points/s
11:49:54.273 [DataClientService-thread-1] INFO cn.edu.tsinghua.iot.benchmark.tsdb.DBWrapper -- DataClientService-thread-1 insert one batch latency (device: d_18, sg: g_0) ,0.12, ms, throughput ,414325.7263129983, points/s
11:49:54.273 [DataClientService-thread-1] INFO cn.edu.tsinghua.iot.benchmark.tsdb.DBWrapper -- DataClientService-thread-1 insert one batch latency (device: d_19, sg: g_0) ,0.14, ms, throughput ,346803.1683937464, points/s
11:49:54.273 [DataClientService-thread-1] INFO cn.edu.tsinghua.iot.benchmark.tsdb.DBWrapper -- DataClientService-thread-1 insert one batch latency (device: d_0, sg: g_0) ,0.12, ms, throughput ,422697.1459488705, points/s
11:49:54.274 [DataClientService-thread-1] INFO cn.edu.tsinghua.iot.benchmark.tsdb.DBWrapper -- DataClientService-thread-1 insert one batch latency (device: d_1, sg: g_0) ,0.15, ms, throughput ,329408.97441809904, points/s
11:49:54.274 [DataClientService-thread-1] INFO cn.edu.tsinghua.iot.benchmark.tsdb.DBWrapper -- DataClientService-thread-1 insert one batch latency (device: d_2, sg: g_0) ,0.13, ms, throughput ,389359.58136057813, points/s
11:49:54.274 [DataClientService-thread-1] INFO cn.edu.tsinghua.iot.benchmark.tsdb.DBWrapper -- DataClientService-thread-1 insert one batch latency (device: d_3, sg: g_0) ,0.11, ms, throughput ,449212.0820081577, points/s
11:49:54.274 [DataClientService-thread-1] INFO cn.edu.tsinghua.iot.benchmark.tsdb.DBWrapper -- DataClientService-thread-1 insert one batch latency (device: d_4, sg: g_0) ,0.11, ms, throughput ,465008.1376424088, points/s
11:49:54.274 [DataClientService-thread-1] INFO cn.edu.tsinghua.iot.benchmark.tsdb.DBWrapper -- DataClientService-thread-1 insert one batch latency (device: d_5, sg: g_0) ,0.13, ms, throughput ,382570.1059719193, points/s
11:49:54.274 [DataClientService-thread-1] INFO cn.edu.tsinghua.iot.benchmark.tsdb.DBWrapper -- DataClientService-thread-1 insert one batch latency (device: d_6, sg: g_0) ,0.12, ms, throughput ,432159.587892617, points/s
11:49:54.274 [DataClientService-thread-1] INFO cn.edu.tsinghua.iot.benchmark.tsdb.DBWrapper -- DataClientService-thread-1 insert one batch latency (device: d_7, sg: g_0) ,0.13, ms, throughput ,387329.6717768361, points/s
11:49:54.275 [DataClientService-thread-1] INFO cn.edu.tsinghua.iot.benchmark.tsdb.DBWrapper -- DataClientService-thread-1 insert one batch latency (device: d_8, sg: g_0) ,0.13, ms, throughput ,379509.5218939043, points/s
11:49:54.275 [DataClientService-thread-1] INFO cn.edu.tsinghua.iot.benchmark.tsdb.DBWrapper -- DataClientService-thread-1 insert one batch latency (device: d_9, sg: g_0) ,0.14, ms, throughput ,348675.0348675035, points/s
11:49:54.275 [DataClientService-thread-1] INFO cn.edu.tsinghua.iot.benchmark.tsdb.DBWrapper -- DataClientService-thread-1 insert one batch latency (device: d_10, sg: g_0) ,0.13, ms, throughput ,372961.76395995886, points/s
11:49:54.275 [DataClientService-thread-1] INFO cn.edu.tsinghua.iot.benchmark.tsdb.DBWrapper -- DataClientService-thread-1 insert one batch latency (device: d_11, sg: g_0) ,0.12, ms, throughput ,411987.1789589908, points/s
11:49:54.275 [DataClientService-thread-1] INFO cn.edu.tsinghua.iot.benchmark.tsdb.DBWrapper -- DataClientService-thread-1 insert one batch latency (device: d_12, sg: g_0) ,0.13, ms, throughput ,399638.72659116157, points/s
11:49:54.275 [DataClientService-thread-1] INFO cn.edu.tsinghua.iot.benchmark.tsdb.DBWrapper -- DataClientService-thread-1 insert one batch latency (device: d_13, sg: g_0) ,0.12, ms, throughput ,407136.28479997395, points/s
11:49:54.276 [DataClientService-thread-1] INFO cn.edu.tsinghua.iot.benchmark.tsdb.DBWrapper -- DataClientService-thread-1 insert one batch latency (device: d_14, sg: g_0) ,0.12, ms, throughput ,420489.6181113288, points/s
11:49:54.276 [DataClientService-thread-1] INFO cn.edu.tsinghua.iot.benchmark.tsdb.DBWrapper -- DataClientService-thread-1 insert one batch latency (device: d_15, sg: g_0) ,0.12, ms, throughput ,434227.552606668, points/s
11:49:54.276 [DataClientService-thread-1] INFO cn.edu.tsinghua.iot.benchmark.tsdb.DBWrapper -- DataClientService-thread-1 insert one batch latency (device: d_16, sg: g_0) ,0.11, ms, throughput ,441723.428127181, points/s
11:49:54.276 [DataClientService-thread-1] INFO cn.edu.tsinghua.iot.benchmark.tsdb.DBWrapper -- DataClientService-thread-1 insert one batch latency (device: d_17, sg: g_0) ,0.12, ms, throughput ,416524.35417898884, points/s
11:49:54.276 [DataClientService-thread-1] INFO cn.edu.tsinghua.iot.benchmark.tsdb.DBWrapper -- DataClientService-thread-1 insert one batch latency (device: d_18, sg: g_0) ,0.13, ms, throughput ,377857.5477045154, points/s
11:49:54.276 [DataClientService-thread-1] INFO cn.edu.tsinghua.iot.benchmark.tsdb.DBWrapper -- DataClientService-thread-1 insert one batch latency (device: d_19, sg: g_0) ,0.14, ms, throughput ,363274.410223995, points/s
11:49:54.276 [DataClientService-thread-1] INFO cn.edu.tsinghua.iot.benchmark.tsdb.DBWrapper -- DataClientService-thread-1 insert one batch latency (device: d_0, sg: g_0) ,0.13, ms, throughput ,387963.8107357346, points/s
11:49:54.277 [DataClientService-thread-1] INFO cn.edu.tsinghua.iot.benchmark.tsdb.DBWrapper -- DataClientService-thread-1 insert one batch latency (device: d_1, sg: g_0) ,0.12, ms, throughput ,414655.5870693802, points/s
11:49:54.277 [DataClientService-thread-1] INFO cn.edu.tsinghua.iot.benchmark.tsdb.DBWrapper -- DataClientService-thread-1 insert one batch latency (device: d_2, sg: g_0) ,0.12, ms, throughput ,424523.8964501312, points/s
11:49:54.277 [DataClientService-thread-1] INFO cn.edu.tsinghua.iot.benchmark.tsdb.DBWrapper -- DataClientService-thread-1 insert one batch latency (device: d_3, sg: g_0) ,0.15, ms, throughput ,323360.8836806229, points/s
11:49:54.277 [DataClientService-thread-1] INFO cn.edu.tsinghua.iot.benchmark.tsdb.DBWrapper -- DataClientService-thread-1 insert one batch latency (device: d_4, sg: g_0) ,0.14, ms, throughput ,368720.68670540693, points/s
11:49:54.277 [DataClientService-thread-1] INFO cn.edu.tsinghua.iot.benchmark.tsdb.DBWrapper -- DataClientService-thread-1 insert one batch latency (device: d_5, sg: g_0) ,0.14, ms, throughput ,361146.4232058246, points/s
11:49:54.277 [DataClientService-thread-1] INFO cn.edu.tsinghua.iot.benchmark.tsdb.DBWrapper -- DataClientService-thread-1 insert one batch latency (device: d_6, sg: g_0) ,0.14, ms, throughput ,365662.8003919905, points/s
11:49:54.278 [DataClientService-thread-1] INFO cn.edu.tsinghua.iot.benchmark.tsdb.DBWrapper -- DataClientService-thread-1 insert one batch latency (device: d_7, sg: g_0) ,0.16, ms, throughput ,320969.5849221328, points/s
11:49:54.278 [DataClientService-thread-1] INFO cn.edu.tsinghua.iot.benchmark.tsdb.DBWrapper -- DataClientService-thread-1 insert one batch latency (device: d_8, sg: g_0) ,0.35, ms, throughput ,143273.86512771432, points/s
11:49:54.278 [DataClientService-thread-1] INFO cn.edu.tsinghua.iot.benchmark.tsdb.DBWrapper -- DataClientService-thread-1 insert one batch latency (device: d_9, sg: g_0) ,0.18, ms, throughput ,279615.472801803, points/s
11:49:54.278 [DataClientService-thread-1] INFO cn.edu.tsinghua.iot.benchmark.tsdb.DBWrapper -- DataClientService-thread-1 insert one batch latency (device: d_10, sg: g_0) ,0.16, ms, throughput ,313967.7994624871, points/s
11:49:54.279 [DataClientService-thread-1] INFO cn.edu.tsinghua.iot.benchmark.tsdb.DBWrapper -- DataClientService-thread-1 insert one batch latency (device: d_11, sg: g_0) ,0.14, ms, throughput ,353499.28946642816, points/s
11:49:54.279 [DataClientService-thread-1] INFO cn.edu.tsinghua.iot.benchmark.tsdb.DBWrapper -- DataClientService-thread-1 insert one batch latency (device: d_12, sg: g_0) ,0.13, ms, throughput ,374287.9172374557, points/s
11:49:54.279 [DataClientService-thread-1] INFO cn.edu.tsinghua.iot.benchmark.tsdb.DBWrapper -- DataClientService-thread-1 insert one batch latency (device: d_13, sg: g_0) ,0.13, ms, throughput ,377563.65723260946, points/s
11:49:54.279 [DataClientService-thread-1] INFO cn.edu.tsinghua.iot.benchmark.tsdb.DBWrapper -- DataClientService-thread-1 insert one batch latency (device: d_14, sg: g_0) ,0.12, ms, throughput ,420111.58163608256, points/s
11:49:54.279 [DataClientService-thread-1] INFO cn.edu.tsinghua.iot.benchmark.tsdb.DBWrapper -- DataClientService-thread-1 insert one batch latency (device: d_15, sg: g_0) ,0.15, ms, throughput ,330113.6251097628, points/s
11:49:54.279 [DataClientService-thread-1] INFO cn.edu.tsinghua.iot.benchmark.tsdb.DBWrapper -- DataClientService-thread-1 insert one batch latency (device: d_16, sg: g_0) ,0.16, ms, throughput ,321072.63947395456, points/s
11:49:54.280 [DataClientService-thread-1] INFO cn.edu.tsinghua.iot.benchmark.tsdb.DBWrapper -- DataClientService-thread-1 insert one batch latency (device: d_17, sg: g_0) ,0.13, ms, throughput ,395666.65875333344, points/s
11:49:54.280 [DataClientService-thread-1] INFO cn.edu.tsinghua.iot.benchmark.tsdb.DBWrapper -- DataClientService-thread-1 insert one batch latency (device: d_18, sg: g_0) ,0.13, ms, throughput ,397001.8420885473, points/s
11:49:54.280 [DataClientService-thread-1] INFO cn.edu.tsinghua.iot.benchmark.tsdb.DBWrapper -- DataClientService-thread-1 insert one batch latency (device: d_19, sg: g_0) ,0.17, ms, throughput ,288222.64622975956, points/s
11:49:54.280 [DataClientService-thread-1] INFO cn.edu.tsinghua.iot.benchmark.tsdb.DBWrapper -- DataClientService-thread-1 insert one batch latency (device: d_0, sg: g_0) ,0.21, ms, throughput ,242850.48181535595, points/s
11:49:54.280 [DataClientService-thread-1] INFO cn.edu.tsinghua.iot.benchmark.tsdb.DBWrapper -- DataClientService-thread-1 insert one batch latency (device: d_1, sg: g_0) ,0.18, ms, throughput ,271870.6330779562, points/s
11:49:54.281 [DataClientService-thread-1] INFO cn.edu.tsinghua.iot.benchmark.tsdb.DBWrapper -- DataClientService-thread-1 insert one batch latency (device: d_2, sg: g_0) ,0.36, ms, throughput ,140737.23794726294, points/s
11:49:54.281 [DataClientService-thread-1] INFO cn.edu.tsinghua.iot.benchmark.tsdb.DBWrapper -- DataClientService-thread-1 insert one batch latency (device: d_3, sg: g_0) ,0.21, ms, throughput ,243420.3479937295, points/s
11:49:54.281 [DataClientService-thread-1] INFO cn.edu.tsinghua.iot.benchmark.tsdb.DBWrapper -- DataClientService-thread-1 insert one batch latency (device: d_4, sg: g_0) ,0.22, ms, throughput ,223179.413930859, points/s
11:49:54.282 [DataClientService-thread-1] INFO cn.edu.tsinghua.iot.benchmark.tsdb.DBWrapper -- DataClientService-thread-1 insert one batch latency (device: d_5, sg: g_0) ,0.33, ms, throughput ,150370.0607194305, points/s
11:49:54.282 [DataClientService-thread-1] INFO cn.edu.tsinghua.iot.benchmark.tsdb.DBWrapper -- DataClientService-thread-1 insert one batch latency (device: d_6, sg: g_0) ,0.18, ms, throughput ,280627.7080573828, points/s
11:49:54.282 [DataClientService-thread-1] INFO cn.edu.tsinghua.iot.benchmark.tsdb.DBWrapper -- DataClientService-thread-1 insert one batch latency (device: d_7, sg: g_0) ,0.13, ms, throughput ,386990.91345335206, points/s
11:49:54.282 [DataClientService-thread-1] INFO cn.edu.tsinghua.iot.benchmark.tsdb.DBWrapper -- DataClientService-thread-1 insert one batch latency (device: d_8, sg: g_0) ,0.12, ms, throughput ,401242.24599359615, points/s
11:49:54.283 [DataClientService-thread-1] INFO cn.edu.tsinghua.iot.benchmark.tsdb.DBWrapper -- DataClientService-thread-1 insert one batch latency (device: d_9, sg: g_0) ,0.28, ms, throughput ,179680.95849010497, points/s
11:49:54.283 [DataClientService-thread-1] INFO cn.edu.tsinghua.iot.benchmark.tsdb.DBWrapper -- DataClientService-thread-1 insert one batch latency (device: d_10, sg: g_0) ,0.18, ms, throughput ,281107.3380259518, points/s
11:49:54.283 [DataClientService-thread-1] INFO cn.edu.tsinghua.iot.benchmark.tsdb.DBWrapper -- DataClientService-thread-1 insert one batch latency (device: d_11, sg: g_0) ,0.26, ms, throughput ,191628.14940863554, points/s
11:49:54.283 [DataClientService-thread-1] INFO cn.edu.tsinghua.iot.benchmark.tsdb.DBWrapper -- DataClientService-thread-1 insert one batch latency (device: d_12, sg: g_0) ,0.15, ms, throughput ,327220.84789466107, points/s
11:49:54.283 [DataClientService-thread-1] INFO cn.edu.tsinghua.iot.benchmark.tsdb.DBWrapper -- DataClientService-thread-1 insert one batch latency (device: d_13, sg: g_0) ,0.14, ms, throughput ,348250.04353125545, points/s
11:49:54.284 [DataClientService-thread-1] INFO cn.edu.tsinghua.iot.benchmark.tsdb.DBWrapper -- DataClientService-thread-1 insert one batch latency (device: d_14, sg: g_0) ,0.14, ms, throughput ,346767.0904160511, points/s
11:49:54.284 [DataClientService-thread-1] INFO cn.edu.tsinghua.iot.benchmark.tsdb.DBWrapper -- DataClientService-thread-1 insert one batch latency (device: d_15, sg: g_0) ,0.15, ms, throughput ,343295.7767753541, points/s
11:49:54.284 [DataClientService-thread-1] INFO cn.edu.tsinghua.iot.benchmark.tsdb.DBWrapper -- DataClientService-thread-1 insert one batch latency (device: d_16, sg: g_0) ,0.14, ms, throughput ,368911.12193250406, points/s
11:49:54.284 [DataClientService-thread-1] INFO cn.edu.tsinghua.iot.benchmark.tsdb.DBWrapper -- DataClientService-thread-1 insert one batch latency (device: d_17, sg: g_0) ,0.13, ms, throughput ,386554.10211213166, points/s
11:49:54.284 [DataClientService-thread-1] INFO cn.edu.tsinghua.iot.benchmark.tsdb.DBWrapper -- DataClientService-thread-1 insert one batch latency (device: d_18, sg: g_0) ,0.14, ms, throughput ,367533.55581364577, points/s
11:49:54.284 [DataClientService-thread-1] INFO cn.edu.tsinghua.iot.benchmark.tsdb.DBWrapper -- DataClientService-thread-1 insert one batch latency (device: d_19, sg: g_0) ,0.14, ms, throughput ,348670.1719641288, points/s
11:49:54.284 [DataClientService-thread-1] INFO cn.edu.tsinghua.iot.benchmark.tsdb.DBWrapper -- DataClientService-thread-1 insert one batch latency (device: d_0, sg: g_0) ,0.12, ms, throughput ,403958.7962027873, points/s
11:49:54.285 [DataClientService-thread-1] INFO cn.edu.tsinghua.iot.benchmark.tsdb.DBWrapper -- DataClientService-thread-1 insert one batch latency (device: d_1, sg: g_0) ,0.12, ms, throughput ,432743.07178342075, points/s
11:49:54.285 [DataClientService-thread-1] INFO cn.edu.tsinghua.iot.benchmark.tsdb.DBWrapper -- DataClientService-thread-1 insert one batch latency (device: d_2, sg: g_0) ,0.12, ms, throughput ,428632.6618088298, points/s
11:49:54.285 [DataClientService-thread-1] INFO cn.edu.tsinghua.iot.benchmark.tsdb.DBWrapper -- DataClientService-thread-1 insert one batch latency (device: d_3, sg: g_0) ,0.12, ms, throughput ,425032.727520019, points/s
11:49:54.285 [DataClientService-thread-1] INFO cn.edu.tsinghua.iot.benchmark.tsdb.DBWrapper -- DataClientService-thread-1 insert one batch latency (device: d_4, sg: g_0) ,0.12, ms, throughput ,432088.6300197897, points/s
11:49:54.285 [DataClientService-thread-1] INFO cn.edu.tsinghua.iot.benchmark.tsdb.DBWrapper -- DataClientService-thread-1 insert one batch latency (device: d_5, sg: g_0) ,0.12, ms, throughput ,413879.8755049335, points/s
11:49:54.285 [DataClientService-thread-1] INFO cn.edu.tsinghua.iot.benchmark.tsdb.DBWrapper -- DataClientService-thread-1 insert one batch latency (device: d_6, sg: g_0) ,0.12, ms, throughput ,433726.5787647467, points/s
11:49:54.285 [DataClientService-thread-1] INFO cn.edu.tsinghua.iot.benchmark.tsdb.DBWrapper -- DataClientService-thread-1 insert one batch latency (device: d_7, sg: g_0) ,0.14, ms, throughput ,355477.19258332386, points/s
11:49:54.286 [DataClientService-thread-1] INFO cn.edu.tsinghua.iot.benchmark.tsdb.DBWrapper -- DataClientService-thread-1 insert one batch latency (device: d_8, sg: g_0) ,0.13, ms, throughput ,379299.3582254859, points/s
11:49:54.286 [DataClientService-thread-1] INFO cn.edu.tsinghua.iot.benchmark.tsdb.DBWrapper -- DataClientService-thread-1 insert one batch latency (device: d_9, sg: g_0) ,0.13, ms, throughput ,391834.17577681126, points/s
11:49:54.286 [DataClientService-thread-1] INFO cn.edu.tsinghua.iot.benchmark.tsdb.DBWrapper -- DataClientService-thread-1 insert one batch latency (device: d_10, sg: g_0) ,0.13, ms, throughput ,383747.5248284649, points/s
11:49:54.286 [DataClientService-thread-1] INFO cn.edu.tsinghua.iot.benchmark.tsdb.DBWrapper -- DataClientService-thread-1 insert one batch latency (device: d_11, sg: g_0) ,0.17, ms, throughput ,291173.3704482323, points/s
11:49:54.286 [DataClientService-thread-1] INFO cn.edu.tsinghua.iot.benchmark.tsdb.DBWrapper -- DataClientService-thread-1 insert one batch latency (device: d_12, sg: g_0) ,0.12, ms, throughput ,403883.74610252184, points/s
11:49:54.286 [DataClientService-thread-1] INFO cn.edu.tsinghua.iot.benchmark.tsdb.DBWrapper -- DataClientService-thread-1 insert one batch latency (device: d_13, sg: g_0) ,0.12, ms, throughput ,406728.9233071942, points/s
11:49:54.287 [DataClientService-thread-1] INFO cn.edu.tsinghua.iot.benchmark.tsdb.DBWrapper -- DataClientService-thread-1 insert one batch latency (device: d_14, sg: g_0) ,0.11, ms, throughput ,443817.1828260503, points/s
11:49:54.287 [DataClientService-thread-1] INFO cn.edu.tsinghua.iot.benchmark.tsdb.DBWrapper -- DataClientService-thread-1 insert one batch latency (device: d_15, sg: g_0) ,0.11, ms, throughput ,464024.2035024547, points/s
11:49:54.287 [DataClientService-thread-1] INFO cn.edu.tsinghua.iot.benchmark.tsdb.DBWrapper -- DataClientService-thread-1 insert one batch latency (device: d_16, sg: g_0) ,0.10, ms, throughput ,493934.48452997196, points/s
11:49:54.287 [DataClientService-thread-1] INFO cn.edu.tsinghua.iot.benchmark.tsdb.DBWrapper -- DataClientService-thread-1 insert one batch latency (device: d_17, sg: g_0) ,0.10, ms, throughput ,508983.55983101745, points/s
11:49:54.287 [DataClientService-thread-1] INFO cn.edu.tsinghua.iot.benchmark.tsdb.DBWrapper -- DataClientService-thread-1 insert one batch latency (device: d_18, sg: g_0) ,0.10, ms, throughput ,494971.09368812863, points/s
11:49:54.287 [DataClientService-thread-1] INFO cn.edu.tsinghua.iot.benchmark.tsdb.DBWrapper -- DataClientService-thread-1 insert one batch latency (device: d_19, sg: g_0) ,0.11, ms, throughput ,456262.66128885077, points/s
11:49:54.287 [DataClientService-thread-1] INFO cn.edu.tsinghua.iot.benchmark.tsdb.DBWrapper -- DataClientService-thread-1 insert one batch latency (device: d_0, sg: g_0) ,0.15, ms, throughput ,333856.37498748035, points/s
11:49:54.288 [DataClientService-thread-1] INFO cn.edu.tsinghua.iot.benchmark.tsdb.DBWrapper -- DataClientService-thread-1 insert one batch latency (device: d_1, sg: g_0) ,0.12, ms, throughput ,427503.89028540155, points/s
11:49:54.288 [DataClientService-thread-1] INFO cn.edu.tsinghua.iot.benchmark.tsdb.DBWrapper -- DataClientService-thread-1 insert one batch latency (device: d_2, sg: g_0) ,0.15, ms, throughput ,335523.18129659584, points/s
11:49:54.288 [DataClientService-thread-1] INFO cn.edu.tsinghua.iot.benchmark.tsdb.DBWrapper -- DataClientService-thread-1 insert one batch latency (device: d_3, sg: g_0) ,0.16, ms, throughput ,311705.15186275, points/s
11:49:54.289 [DataClientService-thread-1] INFO cn.edu.tsinghua.iot.benchmark.tsdb.DBWrapper -- DataClientService-thread-1 insert one batch latency (device: d_4, sg: g_0) ,0.95, ms, throughput ,52808.738367555154, points/s
11:49:54.289 [DataClientService-thread-1] INFO cn.edu.tsinghua.iot.benchmark.tsdb.DBWrapper -- DataClientService-thread-1 insert one batch latency (device: d_5, sg: g_0) ,0.25, ms, throughput ,197999.4139217348, points/s
11:49:54.289 [DataClientService-thread-1] INFO cn.edu.tsinghua.iot.benchmark.tsdb.DBWrapper -- DataClientService-thread-1 insert one batch latency (device: d_6, sg: g_0) ,0.17, ms, throughput ,299205.9075214381, points/s
11:49:54.290 [DataClientService-thread-1] INFO cn.edu.tsinghua.iot.benchmark.tsdb.DBWrapper -- DataClientService-thread-1 insert one batch latency (device: d_7, sg: g_0) ,0.15, ms, throughput ,325834.78872872295, points/s
11:49:54.290 [DataClientService-thread-1] INFO cn.edu.tsinghua.iot.benchmark.tsdb.DBWrapper -- DataClientService-thread-1 insert one batch latency (device: d_8, sg: g_0) ,0.22, ms, throughput ,227498.15726492615, points/s
11:49:54.290 [DataClientService-thread-1] INFO cn.edu.tsinghua.iot.benchmark.tsdb.DBWrapper -- DataClientService-thread-1 insert one batch latency (device: d_9, sg: g_0) ,0.13, ms, throughput ,382169.4998165586, points/s
11:49:54.290 [DataClientService-thread-1] INFO cn.edu.tsinghua.iot.benchmark.tsdb.DBWrapper -- DataClientService-thread-1 insert one batch latency (device: d_10, sg: g_0) ,0.11, ms, throughput ,458589.37906998076, points/s
11:49:54.290 [DataClientService-thread-1] INFO cn.edu.tsinghua.iot.benchmark.tsdb.DBWrapper -- DataClientService-thread-1 insert one batch latency (device: d_11, sg: g_0) ,0.10, ms, throughput ,480095.2508977781, points/s
11:49:54.291 [DataClientService-thread-1] INFO cn.edu.tsinghua.iot.benchmark.tsdb.DBWrapper -- DataClientService-thread-1 insert one batch latency (device: d_12, sg: g_0) ,0.16, ms, throughput ,318969.09189499536, points/s
11:49:54.291 [DataClientService-thread-1] INFO cn.edu.tsinghua.iot.benchmark.tsdb.DBWrapper -- DataClientService-thread-1 insert one batch latency (device: d_13, sg: g_0) ,0.22, ms, throughput ,226394.9323758337, points/s
11:49:54.291 [DataClientService-thread-1] INFO cn.edu.tsinghua.iot.benchmark.tsdb.DBWrapper -- DataClientService-thread-1 insert one batch latency (device: d_14, sg: g_0) ,0.14, ms, throughput ,361250.79475174844, points/s
11:49:54.291 [DataClientService-thread-1] INFO cn.edu.tsinghua.iot.benchmark.tsdb.DBWrapper -- DataClientService-thread-1 insert one batch latency (device: d_15, sg: g_0) ,0.12, ms, throughput ,423094.1723008707, points/s
11:49:54.291 [DataClientService-thread-1] INFO cn.edu.tsinghua.iot.benchmark.tsdb.DBWrapper -- DataClientService-thread-1 insert one batch latency (device: d_16, sg: g_0) ,0.12, ms, throughput ,427427.1450431274, points/s
11:49:54.292 [DataClientService-thread-1] INFO cn.edu.tsinghua.iot.benchmark.tsdb.DBWrapper -- DataClientService-thread-1 insert one batch latency (device: d_17, sg: g_0) ,0.28, ms, throughput ,177912.51685721098, points/s
11:49:54.292 [DataClientService-thread-1] INFO cn.edu.tsinghua.iot.benchmark.tsdb.DBWrapper -- DataClientService-thread-1 insert one batch latency (device: d_18, sg: g_0) ,0.15, ms, throughput ,335622.2772642757, points/s
11:49:54.292 [DataClientService-thread-1] INFO cn.edu.tsinghua.iot.benchmark.tsdb.DBWrapper -- DataClientService-thread-1 insert one batch latency (device: d_19, sg: g_0) ,0.12, ms, throughput ,433328.13339573256, points/s
11:49:54.292 [DataClientService-thread-1] INFO cn.edu.tsinghua.iot.benchmark.tsdb.DBWrapper -- DataClientService-thread-1 insert one batch latency (device: d_0, sg: g_0) ,0.11, ms, throughput ,445018.02322994085, points/s
11:49:54.292 [DataClientService-thread-1] INFO cn.edu.tsinghua.iot.benchmark.tsdb.DBWrapper -- DataClientService-thread-1 insert one batch latency (device: d_1, sg: g_0) ,0.11, ms, throughput ,465107.6259046343, points/s
11:49:54.292 [DataClientService-thread-1] INFO cn.edu.tsinghua.iot.benchmark.tsdb.DBWrapper -- DataClientService-thread-1 insert one batch latency (device: d_2, sg: g_0) ,0.11, ms, throughput ,436749.88207753183, points/s
11:49:54.293 [DataClientService-thread-1] INFO cn.edu.tsinghua.iot.benchmark.tsdb.DBWrapper -- DataClientService-thread-1 insert one batch latency (device: d_3, sg: g_0) ,0.12, ms, throughput ,422247.3693988886, points/s
11:49:54.293 [DataClientService-thread-1] INFO cn.edu.tsinghua.iot.benchmark.tsdb.DBWrapper -- DataClientService-thread-1 insert one batch latency (device: d_4, sg: g_0) ,0.12, ms, throughput ,404370.4356687074, points/s
11:49:54.293 [DataClientService-thread-1] INFO cn.edu.tsinghua.iot.benchmark.tsdb.DBWrapper -- DataClientService-thread-1 insert one batch latency (device: d_5, sg: g_0) ,0.14, ms, throughput ,368734.2827011999, points/s
11:49:54.293 [DataClientService-thread-1] INFO cn.edu.tsinghua.iot.benchmark.tsdb.DBWrapper -- DataClientService-thread-1 insert one batch latency (device: d_6, sg: g_0) ,0.11, ms, throughput ,471751.5190398913, points/s
11:49:54.293 [DataClientService-thread-1] INFO cn.edu.tsinghua.iot.benchmark.tsdb.DBWrapper -- DataClientService-thread-1 insert one batch latency (device: d_7, sg: g_0) ,0.12, ms, throughput ,422715.01399186696, points/s
11:49:54.293 [DataClientService-thread-1] INFO cn.edu.tsinghua.iot.benchmark.tsdb.DBWrapper -- DataClientService-thread-1 insert one batch latency (device: d_8, sg: g_0) ,0.11, ms, throughput ,436102.2921536475, points/s
11:49:54.293 [DataClientService-thread-1] INFO cn.edu.tsinghua.iot.benchmark.tsdb.DBWrapper -- DataClientService-thread-1 insert one batch latency (device: d_9, sg: g_0) ,0.11, ms, throughput ,436627.8358977941, points/s
11:49:54.293 [DataClientService-thread-1] INFO cn.edu.tsinghua.iot.benchmark.tsdb.DBWrapper -- DataClientService-thread-1 insert one batch latency (device: d_10, sg: g_0) ,0.12, ms, throughput ,403147.7778494485, points/s
11:49:54.294 [DataClientService-thread-1] INFO cn.edu.tsinghua.iot.benchmark.tsdb.DBWrapper -- DataClientService-thread-1 insert one batch latency (device: d_11, sg: g_0) ,0.15, ms, throughput ,343990.1481221578, points/s
11:49:54.294 [DataClientService-thread-1] INFO cn.edu.tsinghua.iot.benchmark.tsdb.DBWrapper -- DataClientService-thread-1 insert one batch latency (device: d_12, sg: g_0) ,0.14, ms, throughput ,360181.243201579, points/s
11:49:54.294 [DataClientService-thread-1] INFO cn.edu.tsinghua.iot.benchmark.tsdb.DBWrapper -- DataClientService-thread-1 insert one batch latency (device: d_13, sg: g_0) ,0.13, ms, throughput ,388385.71361991024, points/s
11:49:54.294 [DataClientService-thread-1] INFO cn.edu.tsinghua.iot.benchmark.tsdb.DBWrapper -- DataClientService-thread-1 insert one batch latency (device: d_14, sg: g_0) ,0.11, ms, throughput ,457720.36947188224, points/s
11:49:54.294 [DataClientService-thread-1] INFO cn.edu.tsinghua.iot.benchmark.tsdb.DBWrapper -- DataClientService-thread-1 insert one batch latency (device: d_15, sg: g_0) ,0.13, ms, throughput ,371730.62911691674, points/s
11:49:54.294 [DataClientService-thread-1] INFO cn.edu.tsinghua.iot.benchmark.tsdb.DBWrapper -- DataClientService-thread-1 insert one batch latency (device: d_16, sg: g_0) ,0.14, ms, throughput ,366800.18193289026, points/s
11:49:54.295 [DataClientService-thread-1] INFO cn.edu.tsinghua.iot.benchmark.tsdb.DBWrapper -- DataClientService-thread-1 insert one batch latency (device: d_17, sg: g_0) ,0.13, ms, throughput ,393196.1340956096, points/s
11:49:54.295 [DataClientService-thread-1] INFO cn.edu.tsinghua.iot.benchmark.tsdb.DBWrapper -- DataClientService-thread-1 insert one batch latency (device: d_18, sg: g_0) ,0.14, ms, throughput ,356562.1701799926, points/s
11:49:54.295 [DataClientService-thread-1] INFO cn.edu.tsinghua.iot.benchmark.tsdb.DBWrapper -- DataClientService-thread-1 insert one batch latency (device: d_19, sg: g_0) ,0.12, ms, throughput ,427701.361801136, points/s
11:49:54.295 [DataClientService-thread-1] INFO cn.edu.tsinghua.iot.benchmark.tsdb.DBWrapper -- DataClientService-thread-1 insert one batch latency (device: d_0, sg: g_0) ,0.12, ms, throughput ,411590.38524860056, points/s
11:49:54.295 [DataClientService-thread-1] INFO cn.edu.tsinghua.iot.benchmark.tsdb.DBWrapper -- DataClientService-thread-1 insert one batch latency (device: d_1, sg: g_0) ,0.13, ms, throughput ,394122.84020683565, points/s
11:49:54.295 [DataClientService-thread-1] INFO cn.edu.tsinghua.iot.benchmark.tsdb.DBWrapper -- DataClientService-thread-1 insert one batch latency (device: d_2, sg: g_0) ,0.12, ms, throughput ,416531.2939961179, points/s
11:49:54.295 [DataClientService-thread-1] INFO cn.edu.tsinghua.iot.benchmark.tsdb.DBWrapper -- DataClientService-thread-1 insert one batch latency (device: d_3, sg: g_0) ,0.12, ms, throughput ,408927.7097594687, points/s
11:49:54.296 [DataClientService-thread-1] INFO cn.edu.tsinghua.iot.benchmark.tsdb.DBWrapper -- DataClientService-thread-1 insert one batch latency (device: d_4, sg: g_0) ,0.13, ms, throughput ,389089.918680207, points/s
11:49:54.296 [DataClientService-thread-1] INFO cn.edu.tsinghua.iot.benchmark.tsdb.DBWrapper -- DataClientService-thread-1 insert one batch latency (device: d_5, sg: g_0) ,0.11, ms, throughput ,444812.1558265944, points/s
11:49:54.296 [DataClientService-thread-1] INFO cn.edu.tsinghua.iot.benchmark.tsdb.DBWrapper -- DataClientService-thread-1 insert one batch latency (device: d_6, sg: g_0) ,0.11, ms, throughput ,466504.9449524165, points/s
11:49:54.296 [DataClientService-thread-1] INFO cn.edu.tsinghua.iot.benchmark.tsdb.DBWrapper -- DataClientService-thread-1 insert one batch latency (device: d_7, sg: g_0) ,0.12, ms, throughput ,428195.839649222, points/s
11:49:54.296 [DataClientService-thread-1] INFO cn.edu.tsinghua.iot.benchmark.tsdb.DBWrapper -- DataClientService-thread-1 insert one batch latency (device: d_8, sg: g_0) ,0.12, ms, throughput ,410108.3506262355, points/s
11:49:54.296 [DataClientService-thread-1] INFO cn.edu.tsinghua.iot.benchmark.tsdb.DBWrapper -- DataClientService-thread-1 insert one batch latency (device: d_9, sg: g_0) ,0.12, ms, throughput ,400994.4662763654, points/s
11:49:54.296 [DataClientService-thread-1] INFO cn.edu.tsinghua.iot.benchmark.tsdb.DBWrapper -- DataClientService-thread-1 insert one batch latency (device: d_10, sg: g_0) ,0.11, ms, throughput ,442885.4875283447, points/s
11:49:54.296 [DataClientService-thread-1] INFO cn.edu.tsinghua.iot.benchmark.tsdb.DBWrapper -- DataClientService-thread-1 insert one batch latency (device: d_11, sg: g_0) ,0.12, ms, throughput ,431633.5603725861, points/s
11:49:54.297 [DataClientService-thread-1] INFO cn.edu.tsinghua.iot.benchmark.tsdb.DBWrapper -- DataClientService-thread-1 insert one batch latency (device: d_12, sg: g_0) ,0.12, ms, throughput ,410566.3352027787, points/s
11:49:54.297 [DataClientService-thread-1] INFO cn.edu.tsinghua.iot.benchmark.tsdb.DBWrapper -- DataClientService-thread-1 insert one batch latency (device: d_13, sg: g_0) ,0.12, ms, throughput ,409658.0993502823, points/s
11:49:54.297 [DataClientService-thread-1] INFO cn.edu.tsinghua.iot.benchmark.tsdb.DBWrapper -- DataClientService-thread-1 insert one batch latency (device: d_14, sg: g_0) ,0.14, ms, throughput ,361386.5679840412, points/s
11:49:54.297 [DataClientService-thread-1] INFO cn.edu.tsinghua.iot.benchmark.tsdb.DBWrapper -- DataClientService-thread-1 insert one batch latency (device: d_15, sg: g_0) ,0.11, ms, throughput ,465207.15674689936, points/s
11:49:54.297 [DataClientService-thread-1] INFO cn.edu.tsinghua.iot.benchmark.tsdb.DBWrapper -- DataClientService-thread-1 insert one batch latency (device: d_16, sg: g_0) ,0.12, ms, throughput ,426661.2054032375, points/s
11:49:54.297 [DataClientService-thread-1] INFO cn.edu.tsinghua.iot.benchmark.tsdb.DBWrapper -- DataClientService-thread-1 insert one batch latency (device: d_17, sg: g_0) ,0.12, ms, throughput ,426657.56463862106, points/s
11:49:54.297 [DataClientService-thread-1] INFO cn.edu.tsinghua.iot.benchmark.tsdb.DBWrapper -- DataClientService-thread-1 insert one batch latency (device: d_18, sg: g_0) ,0.14, ms, throughput ,364232.38025860494, points/s
11:49:54.298 [DataClientService-thread-1] INFO cn.edu.tsinghua.iot.benchmark.tsdb.DBWrapper -- DataClientService-thread-1 insert one batch latency (device: d_19, sg: g_0) ,0.14, ms, throughput ,355704.7934777969, points/s
11:49:54.298 [DataClientService-thread-1] INFO cn.edu.tsinghua.iot.benchmark.tsdb.DBWrapper -- DataClientService-thread-1 insert one batch latency (device: d_0, sg: g_0) ,0.14, ms, throughput ,370071.57184199424, points/s
11:49:54.298 [DataClientService-thread-1] INFO cn.edu.tsinghua.iot.benchmark.tsdb.DBWrapper -- DataClientService-thread-1 insert one batch latency (device: d_1, sg: g_0) ,0.13, ms, throughput ,377763.33882349386, points/s
11:49:54.298 [DataClientService-thread-1] INFO cn.edu.tsinghua.iot.benchmark.tsdb.DBWrapper -- DataClientService-thread-1 insert one batch latency (device: d_2, sg: g_0) ,0.14, ms, throughput ,365486.3892868629, points/s
11:49:54.298 [DataClientService-thread-1] INFO cn.edu.tsinghua.iot.benchmark.tsdb.DBWrapper -- DataClientService-thread-1 insert one batch latency (device: d_3, sg: g_0) ,0.12, ms, throughput ,410978.0455528066, points/s
11:49:54.298 [DataClientService-thread-1] INFO cn.edu.tsinghua.iot.benchmark.tsdb.DBWrapper -- DataClientService-thread-1 insert one batch latency (device: d_4, sg: g_0) ,0.11, ms, throughput ,448281.7361055076, points/s
11:49:54.298 [DataClientService-thread-1] INFO cn.edu.tsinghua.iot.benchmark.tsdb.DBWrapper -- DataClientService-thread-1 insert one batch latency (device: d_5, sg: g_0) ,0.15, ms, throughput ,343048.46588726057, points/s
11:49:54.299 [DataClientService-thread-1] INFO cn.edu.tsinghua.iot.benchmark.tsdb.DBWrapper -- DataClientService-thread-1 insert one batch latency (device: d_6, sg: g_0) ,0.13, ms, throughput ,394773.2027949943, points/s
11:49:54.299 [DataClientService-thread-1] INFO cn.edu.tsinghua.iot.benchmark.tsdb.DBWrapper -- DataClientService-thread-1 insert one batch latency (device: d_7, sg: g_0) ,0.14, ms, throughput ,363959.2947924704, points/s
11:49:54.299 [DataClientService-thread-1] INFO cn.edu.tsinghua.iot.benchmark.tsdb.DBWrapper -- DataClientService-thread-1 insert one batch latency (device: d_8, sg: g_0) ,0.12, ms, throughput ,411126.7339270003, points/s
11:49:54.299 [DataClientService-thread-1] INFO cn.edu.tsinghua.iot.benchmark.tsdb.DBWrapper -- DataClientService-thread-1 insert one batch latency (device: d_9, sg: g_0) ,0.11, ms, throughput ,472210.41696179815, points/s
11:49:54.299 [DataClientService-thread-1] INFO cn.edu.tsinghua.iot.benchmark.tsdb.DBWrapper -- DataClientService-thread-1 insert one batch latency (device: d_10, sg: g_0) ,0.13, ms, throughput ,377281.6105397391, points/s
11:49:54.299 [DataClientService-thread-1] INFO cn.edu.tsinghua.iot.benchmark.tsdb.DBWrapper -- DataClientService-thread-1 insert one batch latency (device: d_11, sg: g_0) ,0.10, ms, throughput ,490821.6354176892, points/s
11:49:54.299 [DataClientService-thread-1] INFO cn.edu.tsinghua.iot.benchmark.tsdb.DBWrapper -- DataClientService-thread-1 insert one batch latency (device: d_12, sg: g_0) ,0.10, ms, throughput ,485870.8749562716, points/s
11:49:54.300 [DataClientService-thread-1] INFO cn.edu.tsinghua.iot.benchmark.tsdb.DBWrapper -- DataClientService-thread-1 insert one batch latency (device: d_13, sg: g_0) ,0.11, ms, throughput ,452410.89767370315, points/s
11:49:54.300 [DataClientService-thread-1] INFO cn.edu.tsinghua.iot.benchmark.tsdb.DBWrapper -- DataClientService-thread-1 insert one batch latency (device: d_14, sg: g_0) ,0.11, ms, throughput ,452984.7162956722, points/s
11:49:54.300 [DataClientService-thread-1] INFO cn.edu.tsinghua.iot.benchmark.tsdb.DBWrapper -- DataClientService-thread-1 insert one batch latency (device: d_15, sg: g_0) ,0.12, ms, throughput ,417686.51791457477, points/s
11:49:54.300 [DataClientService-thread-1] INFO cn.edu.tsinghua.iot.benchmark.tsdb.DBWrapper -- DataClientService-thread-1 insert one batch latency (device: d_16, sg: g_0) ,0.10, ms, throughput ,483502.88167717477, points/s
11:49:54.300 [DataClientService-thread-1] INFO cn.edu.tsinghua.iot.benchmark.tsdb.DBWrapper -- DataClientService-thread-1 insert one batch latency (device: d_17, sg: g_0) ,0.11, ms, throughput ,461165.2724103264, points/s
11:49:54.300 [DataClientService-thread-1] INFO cn.edu.tsinghua.iot.benchmark.tsdb.DBWrapper -- DataClientService-thread-1 insert one batch latency (device: d_18, sg: g_0) ,0.10, ms, throughput ,488333.7077225093, points/s
11:49:54.300 [DataClientService-thread-1] INFO cn.edu.tsinghua.iot.benchmark.tsdb.DBWrapper -- DataClientService-thread-1 insert one batch latency (device: d_19, sg: g_0) ,0.10, ms, throughput ,486395.51737891184, points/s
11:49:54.300 [DataClientService-thread-1] INFO cn.edu.tsinghua.iot.benchmark.tsdb.DBWrapper -- DataClientService-thread-1 insert one batch latency (device: d_0, sg: g_0) ,0.12, ms, throughput ,408680.371081777, points/s
11:49:54.300 [DataClientService-thread-1] INFO cn.edu.tsinghua.iot.benchmark.tsdb.DBWrapper -- DataClientService-thread-1 insert one batch latency (device: d_1, sg: g_0) ,0.10, ms, throughput ,483689.9740742174, points/s
11:49:54.301 [DataClientService-thread-1] INFO cn.edu.tsinghua.iot.benchmark.tsdb.DBWrapper -- DataClientService-thread-1 insert one batch latency (device: d_2, sg: g_0) ,0.10, ms, throughput ,515039.1429748661, points/s
11:49:54.301 [DataClientService-thread-1] INFO cn.edu.tsinghua.iot.benchmark.tsdb.DBWrapper -- DataClientService-thread-1 insert one batch latency (device: d_3, sg: g_0) ,0.10, ms, throughput ,521833.5142356183, points/s
11:49:54.301 [DataClientService-thread-1] INFO cn.edu.tsinghua.iot.benchmark.tsdb.DBWrapper -- DataClientService-thread-1 insert one batch latency (device: d_4, sg: g_0) ,0.11, ms, throughput ,474653.5029428517, points/s
11:49:54.301 [DataClientService-thread-1] INFO cn.edu.tsinghua.iot.benchmark.tsdb.DBWrapper -- DataClientService-thread-1 insert one batch latency (device: d_5, sg: g_0) ,0.10, ms, throughput ,506703.68981626927, points/s
11:49:54.301 [DataClientService-thread-1] INFO cn.edu.tsinghua.iot.benchmark.tsdb.DBWrapper -- DataClientService-thread-1 insert one batch latency (device: d_6, sg: g_0) ,0.09, ms, throughput ,533418.6803221849, points/s
11:49:54.301 [DataClientService-thread-1] INFO cn.edu.tsinghua.iot.benchmark.tsdb.DBWrapper -- DataClientService-thread-1 insert one batch latency (device: d_7, sg: g_0) ,0.10, ms, throughput ,506170.2149198733, points/s
11:49:54.301 [DataClientService-thread-1] INFO cn.edu.tsinghua.iot.benchmark.tsdb.DBWrapper -- DataClientService-thread-1 insert one batch latency (device: d_8, sg: g_0) ,0.10, ms, throughput ,500455.4144271287, points/s
11:49:54.301 [DataClientService-thread-1] INFO cn.edu.tsinghua.iot.benchmark.tsdb.DBWrapper -- DataClientService-thread-1 insert one batch latency (device: d_9, sg: g_0) ,0.10, ms, throughput ,480658.3096208567, points/s
11:49:54.301 [DataClientService-thread-1] INFO cn.edu.tsinghua.iot.benchmark.tsdb.DBWrapper -- DataClientService-thread-1 insert one batch latency (device: d_10, sg: g_0) ,0.14, ms, throughput ,365801.9109491828, points/s
11:49:54.302 [DataClientService-thread-1] INFO cn.edu.tsinghua.iot.benchmark.tsdb.DBWrapper -- DataClientService-thread-1 insert one batch latency (device: d_11, sg: g_0) ,0.12, ms, throughput ,431730.46203794045, points/s
11:49:54.302 [DataClientService-thread-1] INFO cn.edu.tsinghua.iot.benchmark.tsdb.DBWrapper -- DataClientService-thread-1 insert one batch latency (device: d_12, sg: g_0) ,0.12, ms, throughput ,422875.8943825166, points/s
11:49:54.302 [DataClientService-thread-1] INFO cn.edu.tsinghua.iot.benchmark.tsdb.DBWrapper -- DataClientService-thread-1 insert one batch latency (device: d_13, sg: g_0) ,0.11, ms, throughput ,470481.96172158764, points/s
11:49:54.302 [DataClientService-thread-1] INFO cn.edu.tsinghua.iot.benchmark.tsdb.DBWrapper -- DataClientService-thread-1 insert one batch latency (device: d_14, sg: g_0) ,0.10, ms, throughput ,506267.59279884974, points/s
11:49:54.302 [DataClientService-thread-1] INFO cn.edu.tsinghua.iot.benchmark.tsdb.DBWrapper -- DataClientService-thread-1 insert one batch latency (device: d_15, sg: g_0) ,0.10, ms, throughput ,478528.4293739891, points/s
11:49:54.302 [DataClientService-thread-1] INFO cn.edu.tsinghua.iot.benchmark.tsdb.DBWrapper -- DataClientService-thread-1 insert one batch latency (device: d_16, sg: g_0) ,0.13, ms, throughput ,370430.7368608218, points/s
11:49:54.302 [DataClientService-thread-1] INFO cn.edu.tsinghua.iot.benchmark.tsdb.DBWrapper -- DataClientService-thread-1 insert one batch latency (device: d_17, sg: g_0) ,0.13, ms, throughput ,381042.3795334517, points/s
11:49:54.303 [DataClientService-thread-1] INFO cn.edu.tsinghua.iot.benchmark.tsdb.DBWrapper -- DataClientService-thread-1 insert one batch latency (device: d_18, sg: g_0) ,0.95, ms, throughput ,52759.924405580314, points/s
11:49:54.304 [DataClientService-thread-1] INFO cn.edu.tsinghua.iot.benchmark.tsdb.DBWrapper -- DataClientService-thread-1 insert one batch latency (device: d_19, sg: g_0) ,0.26, ms, throughput ,191250.66459605948, points/s
11:49:54.304 [DataClientService-thread-1] INFO cn.edu.tsinghua.iot.benchmark.tsdb.DBWrapper -- DataClientService-thread-1 insert one batch latency (device: d_0, sg: g_0) ,0.15, ms, throughput ,344549.57034668577, points/s
11:49:54.304 [DataClientService-thread-1] INFO cn.edu.tsinghua.iot.benchmark.tsdb.DBWrapper -- DataClientService-thread-1 insert one batch latency (device: d_1, sg: g_0) ,0.11, ms, throughput ,435058.77644069714, points/s
11:49:54.304 [DataClientService-thread-1] INFO cn.edu.tsinghua.iot.benchmark.tsdb.DBWrapper -- DataClientService-thread-1 insert one batch latency (device: d_2, sg: g_0) ,0.11, ms, throughput ,459238.0322568794, points/s
11:49:54.304 [DataClientService-thread-1] INFO cn.edu.tsinghua.iot.benchmark.tsdb.DBWrapper -- DataClientService-thread-1 insert one batch latency (device: d_3, sg: g_0) ,0.12, ms, throughput ,415966.45646495064, points/s
11:49:54.304 [DataClientService-thread-1] INFO cn.edu.tsinghua.iot.benchmark.tsdb.DBWrapper -- DataClientService-thread-1 insert one batch latency (device: d_4, sg: g_0) ,0.14, ms, throughput ,368226.4740105755, points/s
11:49:54.305 [DataClientService-thread-1] INFO cn.edu.tsinghua.iot.benchmark.tsdb.DBWrapper -- DataClientService-thread-1 insert one batch latency (device: d_5, sg: g_0) ,0.15, ms, throughput ,339877.10044048075, points/s
11:49:54.305 [DataClientService-thread-1] INFO cn.edu.tsinghua.iot.benchmark.tsdb.DBWrapper -- DataClientService-thread-1 insert one batch latency (device: d_6, sg: g_0) ,0.12, ms, throughput ,408309.9235643823, points/s
11:49:54.305 [DataClientService-thread-1] INFO cn.edu.tsinghua.iot.benchmark.tsdb.DBWrapper -- DataClientService-thread-1 insert one batch latency (device: d_7, sg: g_0) ,0.17, ms, throughput ,301117.74908460205, points/s
11:49:54.305 [DataClientService-thread-1] INFO cn.edu.tsinghua.iot.benchmark.tsdb.DBWrapper -- DataClientService-thread-1 insert one batch latency (device: d_8, sg: g_0) ,0.12, ms, throughput ,409192.09113526257, points/s
11:49:54.305 [DataClientService-thread-1] INFO cn.edu.tsinghua.iot.benchmark.tsdb.DBWrapper -- DataClientService-thread-1 insert one batch latency (device: d_9, sg: g_0) ,0.19, ms, throughput ,263265.9723465422, points/s
11:49:54.305 [DataClientService-thread-1] INFO cn.edu.tsinghua.iot.benchmark.tsdb.DBWrapper -- DataClientService-thread-1 insert one batch latency (device: d_10, sg: g_0) ,0.13, ms, throughput ,373337.7138291756, points/s
11:49:54.306 [DataClientService-thread-1] INFO cn.edu.tsinghua.iot.benchmark.tsdb.DBWrapper -- DataClientService-thread-1 insert one batch latency (device: d_11, sg: g_0) ,0.12, ms, throughput ,400467.74632771075, points/s
11:49:54.306 [DataClientService-thread-1] INFO cn.edu.tsinghua.iot.benchmark.tsdb.DBWrapper -- DataClientService-thread-1 insert one batch latency (device: d_12, sg: g_0) ,0.11, ms, throughput ,471991.99501576455, points/s
11:49:54.306 [DataClientService-thread-1] INFO cn.edu.tsinghua.iot.benchmark.tsdb.DBWrapper -- DataClientService-thread-1 insert one batch latency (device: d_13, sg: g_0) ,0.12, ms, throughput ,428283.86654674716, points/s
11:49:54.306 [DataClientService-thread-1] INFO cn.edu.tsinghua.iot.benchmark.tsdb.DBWrapper -- DataClientService-thread-1 insert one batch latency (device: d_14, sg: g_0) ,0.17, ms, throughput ,288104.7318321156, points/s
11:49:54.306 [DataClientService-thread-1] INFO cn.edu.tsinghua.iot.benchmark.tsdb.DBWrapper -- DataClientService-thread-1 insert one batch latency (device: d_15, sg: g_0) ,0.14, ms, throughput ,355687.08073385357, points/s
11:49:54.306 [DataClientService-thread-1] INFO cn.edu.tsinghua.iot.benchmark.tsdb.DBWrapper -- DataClientService-thread-1 insert one batch latency (device: d_16, sg: g_0) ,0.10, ms, throughput ,508600.4333275692, points/s
11:49:54.306 [DataClientService-thread-1] INFO cn.edu.tsinghua.iot.benchmark.tsdb.DBWrapper -- DataClientService-thread-1 insert one batch latency (device: d_17, sg: g_0) ,0.11, ms, throughput ,441551.7896094033, points/s
11:49:54.306 [DataClientService-thread-1] INFO cn.edu.tsinghua.iot.benchmark.tsdb.DBWrapper -- DataClientService-thread-1 insert one batch latency (device: d_18, sg: g_0) ,0.12, ms, throughput ,404671.5281206245, points/s
11:49:54.307 [DataClientService-thread-1] INFO cn.edu.tsinghua.iot.benchmark.tsdb.DBWrapper -- DataClientService-thread-1 insert one batch latency (device: d_19, sg: g_0) ,0.12, ms, throughput ,422126.1650682156, points/s
11:49:54.307 [DataClientService-thread-1] INFO cn.edu.tsinghua.iot.benchmark.tsdb.DBWrapper -- DataClientService-thread-1 insert one batch latency (device: d_0, sg: g_0) ,0.12, ms, throughput ,429074.0581824423, points/s
11:49:54.307 [DataClientService-thread-1] INFO cn.edu.tsinghua.iot.benchmark.tsdb.DBWrapper -- DataClientService-thread-1 insert one batch latency (device: d_1, sg: g_0) ,0.10, ms, throughput ,487719.2297937923, points/s
11:49:54.307 [DataClientService-thread-1] INFO cn.edu.tsinghua.iot.benchmark.tsdb.DBWrapper -- DataClientService-thread-1 insert one batch latency (device: d_2, sg: g_0) ,0.10, ms, throughput ,505648.0891558711, points/s
11:49:54.307 [DataClientService-thread-1] INFO cn.edu.tsinghua.iot.benchmark.tsdb.DBWrapper -- DataClientService-thread-1 insert one batch latency (device: d_3, sg: g_0) ,0.10, ms, throughput ,515655.2947485665, points/s
11:49:54.307 [DataClientService-thread-1] INFO cn.edu.tsinghua.iot.benchmark.tsdb.DBWrapper -- DataClientService-thread-1 insert one batch latency (device: d_4, sg: g_0) ,0.10, ms, throughput ,501172.7442214783, points/s
11:49:54.307 [DataClientService-thread-1] INFO cn.edu.tsinghua.iot.benchmark.tsdb.DBWrapper -- DataClientService-thread-1 insert one batch latency (device: d_5, sg: g_0) ,0.11, ms, throughput ,456104.5026636503, points/s
11:49:54.307 [DataClientService-thread-1] INFO cn.edu.tsinghua.iot.benchmark.tsdb.DBWrapper -- DataClientService-thread-1 insert one batch latency (device: d_6, sg: g_0) ,0.13, ms, throughput ,398187.450724303, points/s
11:49:54.308 [DataClientService-thread-1] INFO cn.edu.tsinghua.iot.benchmark.tsdb.DBWrapper -- DataClientService-thread-1 insert one batch latency (device: d_7, sg: g_0) ,0.12, ms, throughput ,415911.0948443661, points/s
11:49:54.308 [DataClientService-thread-1] INFO cn.edu.tsinghua.iot.benchmark.tsdb.DBWrapper -- DataClientService-thread-1 insert one batch latency (device: d_8, sg: g_0) ,0.12, ms, throughput ,405035.4000939682, points/s
11:49:54.308 [DataClientService-thread-1] INFO cn.edu.tsinghua.iot.benchmark.tsdb.DBWrapper -- DataClientService-thread-1 insert one batch latency (device: d_9, sg: g_0) ,0.11, ms, throughput ,458429.6035500789, points/s
11:49:54.308 [DataClientService-thread-1] INFO cn.edu.tsinghua.iot.benchmark.tsdb.DBWrapper -- DataClientService-thread-1 insert one batch latency (device: d_10, sg: g_0) ,0.14, ms, throughput ,353586.7843403485, points/s
11:49:54.308 [DataClientService-thread-1] INFO cn.edu.tsinghua.iot.benchmark.tsdb.DBWrapper -- DataClientService-thread-1 insert one batch latency (device: d_11, sg: g_0) ,0.11, ms, throughput ,462205.4595708885, points/s
11:49:54.308 [DataClientService-thread-1] INFO cn.edu.tsinghua.iot.benchmark.tsdb.DBWrapper -- DataClientService-thread-1 insert one batch latency (device: d_12, sg: g_0) ,0.11, ms, throughput ,443411.7876589631, points/s
11:49:54.308 [DataClientService-thread-1] INFO cn.edu.tsinghua.iot.benchmark.tsdb.DBWrapper -- DataClientService-thread-1 insert one batch latency (device: d_13, sg: g_0) ,0.11, ms, throughput ,454442.1722335833, points/s
11:49:54.309 [DataClientService-thread-1] INFO cn.edu.tsinghua.iot.benchmark.tsdb.DBWrapper -- DataClientService-thread-1 insert one batch latency (device: d_14, sg: g_0) ,0.11, ms, throughput ,444424.6922359007, points/s
11:49:54.309 [DataClientService-thread-1] INFO cn.edu.tsinghua.iot.benchmark.tsdb.DBWrapper -- DataClientService-thread-1 insert one batch latency (device: d_15, sg: g_0) ,0.11, ms, throughput ,453889.3780807741, points/s
11:49:54.309 [DataClientService-thread-1] INFO cn.edu.tsinghua.iot.benchmark.tsdb.DBWrapper -- DataClientService-thread-1 insert one batch latency (device: d_16, sg: g_0) ,0.11, ms, throughput ,440812.1523094149, points/s
11:49:54.309 [DataClientService-thread-1] INFO cn.edu.tsinghua.iot.benchmark.tsdb.DBWrapper -- DataClientService-thread-1 insert one batch latency (device: d_17, sg: g_0) ,0.13, ms, throughput ,387047.83137100085, points/s
11:49:54.309 [DataClientService-thread-1] INFO cn.edu.tsinghua.iot.benchmark.tsdb.DBWrapper -- DataClientService-thread-1 insert one batch latency (device: d_18, sg: g_0) ,0.11, ms, throughput ,455913.19412783807, points/s
11:49:54.309 [DataClientService-thread-1] INFO cn.edu.tsinghua.iot.benchmark.tsdb.DBWrapper -- DataClientService-thread-1 insert one batch latency (device: d_19, sg: g_0) ,0.11, ms, throughput ,436646.90111694275, points/s
11:49:54.309 [DataClientService-thread-1] INFO cn.edu.tsinghua.iot.benchmark.tsdb.DBWrapper -- DataClientService-thread-1 insert one batch latency (device: d_0, sg: g_0) ,0.09, ms, throughput ,541905.5566995784, points/s
11:49:54.309 [DataClientService-thread-1] INFO cn.edu.tsinghua.iot.benchmark.tsdb.DBWrapper -- DataClientService-thread-1 insert one batch latency (device: d_1, sg: g_0) ,0.10, ms, throughput ,493018.85304094024, points/s
11:49:54.310 [DataClientService-thread-1] INFO cn.edu.tsinghua.iot.benchmark.tsdb.DBWrapper -- DataClientService-thread-1 insert one batch latency (device: d_2, sg: g_0) ,0.08, ms, throughput ,595642.2810716796, points/s
11:49:54.310 [DataClientService-thread-1] INFO cn.edu.tsinghua.iot.benchmark.tsdb.DBWrapper -- DataClientService-thread-1 insert one batch latency (device: d_3, sg: g_0) ,0.11, ms, throughput ,469968.9820471849, points/s
11:49:54.310 [DataClientService-thread-1] INFO cn.edu.tsinghua.iot.benchmark.tsdb.DBWrapper -- DataClientService-thread-1 insert one batch latency (device: d_4, sg: g_0) ,0.10, ms, throughput ,507572.9889958176, points/s
11:49:54.310 [DataClientService-thread-1] INFO cn.edu.tsinghua.iot.benchmark.tsdb.DBWrapper -- DataClientService-thread-1 insert one batch latency (device: d_5, sg: g_0) ,0.11, ms, throughput ,446883.43492483423, points/s
11:49:54.310 [DataClientService-thread-1] INFO cn.edu.tsinghua.iot.benchmark.tsdb.DBWrapper -- DataClientService-thread-1 insert one batch latency (device: d_6, sg: g_0) ,0.14, ms, throughput ,362321.4660975804, points/s
11:49:54.310 [DataClientService-thread-1] INFO cn.edu.tsinghua.iot.benchmark.tsdb.DBWrapper -- DataClientService-thread-1 insert one batch latency (device: d_7, sg: g_0) ,0.16, ms, throughput ,318840.94938081084, points/s
11:49:54.310 [DataClientService-thread-1] INFO cn.edu.tsinghua.iot.benchmark.tsdb.DBWrapper -- DataClientService-thread-1 insert one batch latency (device: d_8, sg: g_0) ,0.27, ms, throughput ,186980.89429222123, points/s
11:49:54.311 [DataClientService-thread-1] INFO cn.edu.tsinghua.iot.benchmark.tsdb.DBWrapper -- DataClientService-thread-1 insert one batch latency (device: d_9, sg: g_0) ,0.27, ms, throughput ,186162.19194811286, points/s
11:49:54.311 [DataClientService-thread-1] INFO cn.edu.tsinghua.iot.benchmark.tsdb.DBWrapper -- DataClientService-thread-1 insert one batch latency (device: d_10, sg: g_0) ,0.16, ms, throughput ,317444.19331081596, points/s
11:49:54.311 [DataClientService-thread-1] INFO cn.edu.tsinghua.iot.benchmark.tsdb.DBWrapper -- DataClientService-thread-1 insert one batch latency (device: d_11, sg: g_0) ,0.15, ms, throughput ,338157.7167590965, points/s
11:49:54.311 [DataClientService-thread-1] INFO cn.edu.tsinghua.iot.benchmark.tsdb.DBWrapper -- DataClientService-thread-1 insert one batch latency (device: d_12, sg: g_0) ,0.13, ms, throughput ,389301.9815470861, points/s
11:49:54.311 [DataClientService-thread-1] INFO cn.edu.tsinghua.iot.benchmark.tsdb.DBWrapper -- DataClientService-thread-1 insert one batch latency (device: d_13, sg: g_0) ,0.13, ms, throughput ,371827.382855783, points/s
11:49:54.312 [DataClientService-thread-1] INFO cn.edu.tsinghua.iot.benchmark.tsdb.DBWrapper -- DataClientService-thread-1 insert one batch latency (device: d_14, sg: g_0) ,0.13, ms, throughput ,386252.5009849439, points/s
11:49:54.312 [DataClientService-thread-1] INFO cn.edu.tsinghua.iot.benchmark.tsdb.DBWrapper -- DataClientService-thread-1 insert one batch latency (device: d_15, sg: g_0) ,0.18, ms, throughput ,270407.6665981634, points/s
11:49:54.312 [DataClientService-thread-1] INFO cn.edu.tsinghua.iot.benchmark.tsdb.DBWrapper -- DataClientService-thread-1 insert one batch latency (device: d_16, sg: g_0) ,0.12, ms, throughput ,405616.9839943538, points/s
11:49:54.312 [DataClientService-thread-1] INFO cn.edu.tsinghua.iot.benchmark.tsdb.DBWrapper -- DataClientService-thread-1 insert one batch latency (device: d_17, sg: g_0) ,0.12, ms, throughput ,407577.6843066289, points/s
11:49:54.312 [DataClientService-thread-1] INFO cn.edu.tsinghua.iot.benchmark.tsdb.DBWrapper -- DataClientService-thread-1 insert one batch latency (device: d_18, sg: g_0) ,0.12, ms, throughput ,424138.57455507864, points/s
11:49:54.312 [DataClientService-thread-1] INFO cn.edu.tsinghua.iot.benchmark.tsdb.DBWrapper -- DataClientService-thread-1 insert one batch latency (device: d_19, sg: g_0) ,0.12, ms, throughput ,421261.9322442308, points/s
11:49:54.312 [DataClientService-thread-1] INFO cn.edu.tsinghua.iot.benchmark.tsdb.DBWrapper -- DataClientService-thread-1 insert one batch latency (device: d_0, sg: g_0) ,0.18, ms, throughput ,277454.08134953666, points/s
11:49:54.313 [DataClientService-thread-1] INFO cn.edu.tsinghua.iot.benchmark.tsdb.DBWrapper -- DataClientService-thread-1 insert one batch latency (device: d_1, sg: g_0) ,0.13, ms, throughput ,379864.160576178, points/s
11:49:54.313 [DataClientService-thread-1] INFO cn.edu.tsinghua.iot.benchmark.tsdb.DBWrapper -- DataClientService-thread-1 insert one batch latency (device: d_2, sg: g_0) ,0.14, ms, throughput ,359342.5468762353, points/s
11:49:54.313 [DataClientService-thread-1] INFO cn.edu.tsinghua.iot.benchmark.tsdb.DBWrapper -- DataClientService-thread-1 insert one batch latency (device: d_3, sg: g_0) ,0.14, ms, throughput ,369688.5004695044, points/s
11:49:54.313 [DataClientService-thread-1] INFO cn.edu.tsinghua.iot.benchmark.tsdb.DBWrapper -- DataClientService-thread-1 insert one batch latency (device: d_4, sg: g_0) ,0.11, ms, throughput ,464904.36917126144, points/s
11:49:54.313 [DataClientService-thread-1] INFO cn.edu.tsinghua.iot.benchmark.tsdb.DBWrapper -- DataClientService-thread-1 insert one batch latency (device: d_5, sg: g_0) ,0.12, ms, throughput ,402476.03255226155, points/s
11:49:54.313 [DataClientService-thread-1] INFO cn.edu.tsinghua.iot.benchmark.tsdb.DBWrapper -- DataClientService-thread-1 insert one batch latency (device: d_6, sg: g_0) ,0.14, ms, throughput ,359043.22162301897, points/s
11:49:54.314 [DataClientService-thread-1] INFO cn.edu.tsinghua.iot.benchmark.tsdb.DBWrapper -- DataClientService-thread-1 insert one batch latency (device: d_7, sg: g_0) ,0.17, ms, throughput ,287120.3551104552, points/s
11:49:54.314 [DataClientService-thread-1] INFO cn.edu.tsinghua.iot.benchmark.tsdb.DBWrapper -- DataClientService-thread-1 insert one batch latency (device: d_8, sg: g_0) ,0.25, ms, throughput ,196110.73196369596, points/s
11:49:54.314 [DataClientService-thread-1] INFO cn.edu.tsinghua.iot.benchmark.tsdb.DBWrapper -- DataClientService-thread-1 insert one batch latency (device: d_9, sg: g_0) ,0.32, ms, throughput ,154826.08386000007, points/s
11:49:54.314 [DataClientService-thread-1] INFO cn.edu.tsinghua.iot.benchmark.tsdb.DBWrapper -- DataClientService-thread-1 insert one batch latency (device: d_10, sg: g_0) ,0.19, ms, throughput ,259262.13994970315, points/s
11:49:54.315 [DataClientService-thread-1] INFO cn.edu.tsinghua.iot.benchmark.tsdb.DBWrapper -- DataClientService-thread-1 insert one batch latency (device: d_11, sg: g_0) ,0.19, ms, throughput ,262752.70241154433, points/s
11:49:54.315 [DataClientService-thread-1] INFO cn.edu.tsinghua.iot.benchmark.tsdb.DBWrapper -- DataClientService-thread-1 insert one batch latency (device: d_12, sg: g_0) ,0.19, ms, throughput ,266422.2686389019, points/s
11:49:54.315 [DataClientService-thread-1] INFO cn.edu.tsinghua.iot.benchmark.tsdb.DBWrapper -- DataClientService-thread-1 insert one batch latency (device: d_13, sg: g_0) ,0.16, ms, throughput ,316892.9282174139, points/s
11:49:54.315 [DataClientService-thread-1] INFO cn.edu.tsinghua.iot.benchmark.tsdb.DBWrapper -- DataClientService-thread-1 insert one batch latency (device: d_14, sg: g_0) ,0.15, ms, throughput ,328891.11073105916, points/s
11:49:54.315 [DataClientService-thread-1] INFO cn.edu.tsinghua.iot.benchmark.tsdb.DBWrapper -- DataClientService-thread-1 insert one batch latency (device: d_15, sg: g_0) ,0.23, ms, throughput ,221501.6036716106, points/s
11:49:54.316 [DataClientService-thread-1] INFO cn.edu.tsinghua.iot.benchmark.tsdb.DBWrapper -- DataClientService-thread-1 insert one batch latency (device: d_16, sg: g_0) ,0.16, ms, throughput ,312298.9575460797, points/s
11:49:54.316 [DataClientService-thread-1] INFO cn.edu.tsinghua.iot.benchmark.tsdb.DBWrapper -- DataClientService-thread-1 insert one batch latency (device: d_17, sg: g_0) ,0.69, ms, throughput ,72104.811554075, points/s
11:49:54.317 [DataClientService-thread-1] INFO cn.edu.tsinghua.iot.benchmark.tsdb.DBWrapper -- DataClientService-thread-1 insert one batch latency (device: d_18, sg: g_0) ,0.24, ms, throughput ,212636.56583440714, points/s
11:49:54.317 [DataClientService-thread-1] INFO cn.edu.tsinghua.iot.benchmark.tsdb.DBWrapper -- DataClientService-thread-1 insert one batch latency (device: d_19, sg: g_0) ,0.21, ms, throughput ,235089.45153630956, points/s
11:49:54.317 [DataClientService-thread-1] INFO cn.edu.tsinghua.iot.benchmark.tsdb.DBWrapper -- DataClientService-thread-1 insert one batch latency (device: d_0, sg: g_0) ,0.19, ms, throughput ,258874.20784492398, points/s
11:49:54.318 [DataClientService-thread-1] INFO cn.edu.tsinghua.iot.benchmark.tsdb.DBWrapper -- DataClientService-thread-1 insert one batch latency (device: d_1, sg: g_0) ,0.40, ms, throughput ,125246.73607005802, points/s
11:49:54.318 [DataClientService-thread-1] INFO cn.edu.tsinghua.iot.benchmark.tsdb.DBWrapper -- DataClientService-thread-1 insert one batch latency (device: d_2, sg: g_0) ,0.30, ms, throughput ,167774.53786503547, points/s
11:49:54.318 [DataClientService-thread-1] INFO cn.edu.tsinghua.iot.benchmark.tsdb.DBWrapper -- DataClientService-thread-1 insert one batch latency (device: d_3, sg: g_0) ,0.30, ms, throughput ,166072.68004769608, points/s
11:49:54.319 [DataClientService-thread-1] INFO cn.edu.tsinghua.iot.benchmark.tsdb.DBWrapper -- DataClientService-thread-1 insert one batch latency (device: d_4, sg: g_0) ,0.28, ms, throughput ,178866.55839277664, points/s
11:49:54.319 [DataClientService-thread-1] INFO cn.edu.tsinghua.iot.benchmark.tsdb.DBWrapper -- DataClientService-thread-1 insert one batch latency (device: d_5, sg: g_0) ,0.35, ms, throughput ,141365.1348340656, points/s
11:49:54.319 [DataClientService-thread-1] INFO cn.edu.tsinghua.iot.benchmark.tsdb.DBWrapper -- DataClientService-thread-1 insert one batch latency (device: d_6, sg: g_0) ,0.26, ms, throughput ,189326.52767575183, points/s
11:49:54.320 [DataClientService-thread-1] INFO cn.edu.tsinghua.iot.benchmark.tsdb.DBWrapper -- DataClientService-thread-1 insert one batch latency (device: d_7, sg: g_0) ,0.26, ms, throughput ,195462.1507091367, points/s
11:49:54.320 [DataClientService-thread-1] INFO cn.edu.tsinghua.iot.benchmark.tsdb.DBWrapper -- DataClientService-thread-1 insert one batch latency (device: d_8, sg: g_0) ,0.24, ms, throughput ,207951.22296114225, points/s
11:49:54.320 [DataClientService-thread-1] INFO cn.edu.tsinghua.iot.benchmark.tsdb.DBWrapper -- DataClientService-thread-1 insert one batch latency (device: d_9, sg: g_0) ,0.29, ms, throughput ,171229.94469272785, points/s
11:49:54.321 [DataClientService-thread-1] INFO cn.edu.tsinghua.iot.benchmark.tsdb.DBWrapper -- DataClientService-thread-1 insert one batch latency (device: d_10, sg: g_0) ,0.34, ms, throughput ,145971.33706825328, points/s
11:49:54.321 [DataClientService-thread-1] INFO cn.edu.tsinghua.iot.benchmark.tsdb.DBWrapper -- DataClientService-thread-1 insert one batch latency (device: d_11, sg: g_0) ,0.27, ms, throughput ,184450.79774970026, points/s
11:49:54.321 [DataClientService-thread-1] INFO cn.edu.tsinghua.iot.benchmark.tsdb.DBWrapper -- DataClientService-thread-1 insert one batch latency (device: d_12, sg: g_0) ,0.29, ms, throughput ,169939.12780442045, points/s
11:49:54.323 [DataClientService-thread-1] INFO cn.edu.tsinghua.iot.benchmark.tsdb.DBWrapper -- DataClientService-thread-1 insert one batch latency (device: d_13, sg: g_0) ,2.05, ms, throughput ,24335.056742051805, points/s
11:49:54.324 [DataClientService-thread-1] INFO cn.edu.tsinghua.iot.benchmark.tsdb.DBWrapper -- DataClientService-thread-1 insert one batch latency (device: d_14, sg: g_0) ,0.35, ms, throughput ,143768.6360094427, points/s
11:49:54.324 [DataClientService-thread-1] INFO cn.edu.tsinghua.iot.benchmark.tsdb.DBWrapper -- DataClientService-thread-1 insert one batch latency (device: d_15, sg: g_0) ,0.24, ms, throughput ,211458.51395414735, points/s
11:49:54.324 [DataClientService-thread-1] INFO cn.edu.tsinghua.iot.benchmark.tsdb.DBWrapper -- DataClientService-thread-1 insert one batch latency (device: d_16, sg: g_0) ,0.23, ms, throughput ,218791.57039837568, points/s
11:49:54.325 [DataClientService-thread-1] INFO cn.edu.tsinghua.iot.benchmark.tsdb.DBWrapper -- DataClientService-thread-1 insert one batch latency (device: d_17, sg: g_0) ,0.24, ms, throughput ,207480.07153912866, points/s
11:49:54.325 [DataClientService-thread-1] INFO cn.edu.tsinghua.iot.benchmark.tsdb.DBWrapper -- DataClientService-thread-1 insert one batch latency (device: d_18, sg: g_0) ,0.21, ms, throughput ,242156.54936603416, points/s
11:49:54.325 [DataClientService-thread-1] INFO cn.edu.tsinghua.iot.benchmark.tsdb.DBWrapper -- DataClientService-thread-1 insert one batch latency (device: d_19, sg: g_0) ,0.18, ms, throughput ,273924.5721298183, points/s
11:49:54.325 [DataClientService-thread-1] INFO cn.edu.tsinghua.iot.benchmark.tsdb.DBWrapper -- DataClientService-thread-1 insert one batch latency (device: d_0, sg: g_0) ,0.24, ms, throughput ,204201.65321658444, points/s
11:49:54.326 [DataClientService-thread-1] INFO cn.edu.tsinghua.iot.benchmark.tsdb.DBWrapper -- DataClientService-thread-1 insert one batch latency (device: d_1, sg: g_0) ,0.21, ms, throughput ,241614.75976244436, points/s
11:49:54.326 [DataClientService-thread-1] INFO cn.edu.tsinghua.iot.benchmark.tsdb.DBWrapper -- DataClientService-thread-1 insert one batch latency (device: d_2, sg: g_0) ,0.24, ms, throughput ,208621.05654047875, points/s
11:49:54.326 [DataClientService-thread-1] INFO cn.edu.tsinghua.iot.benchmark.tsdb.DBWrapper -- DataClientService-thread-1 insert one batch latency (device: d_3, sg: g_0) ,0.21, ms, throughput ,242544.19155170073, points/s
11:49:54.326 [DataClientService-thread-1] INFO cn.edu.tsinghua.iot.benchmark.tsdb.DBWrapper -- DataClientService-thread-1 insert one batch latency (device: d_4, sg: g_0) ,0.25, ms, throughput ,197604.24612004063, points/s
11:49:54.327 [DataClientService-thread-1] INFO cn.edu.tsinghua.iot.benchmark.tsdb.DBWrapper -- DataClientService-thread-1 insert one batch latency (device: d_5, sg: g_0) ,0.24, ms, throughput ,210841.46829998525, points/s
11:49:54.327 [DataClientService-thread-1] INFO cn.edu.tsinghua.iot.benchmark.tsdb.DBWrapper -- DataClientService-thread-1 insert one batch latency (device: d_6, sg: g_0) ,0.21, ms, throughput ,236212.28870810775, points/s
11:49:54.327 [DataClientService-thread-1] INFO cn.edu.tsinghua.iot.benchmark.tsdb.DBWrapper -- DataClientService-thread-1 insert one batch latency (device: d_7, sg: g_0) ,0.21, ms, throughput ,238115.6480079245, points/s
11:49:54.327 [DataClientService-thread-1] INFO cn.edu.tsinghua.iot.benchmark.tsdb.DBWrapper -- DataClientService-thread-1 insert one batch latency (device: d_8, sg: g_0) ,0.22, ms, throughput ,226593.97531938422, points/s
11:49:54.328 [DataClientService-thread-1] INFO cn.edu.tsinghua.iot.benchmark.tsdb.DBWrapper -- DataClientService-thread-1 insert one batch latency (device: d_9, sg: g_0) ,0.22, ms, throughput ,228515.01800698342, points/s
11:49:54.328 [DataClientService-thread-1] INFO cn.edu.tsinghua.iot.benchmark.tsdb.DBWrapper -- DataClientService-thread-1 insert one batch latency (device: d_10, sg: g_0) ,0.25, ms, throughput ,197168.6580701132, points/s
11:49:54.328 [DataClientService-thread-1] INFO cn.edu.tsinghua.iot.benchmark.tsdb.DBWrapper -- DataClientService-thread-1 insert one batch latency (device: d_11, sg: g_0) ,0.21, ms, throughput ,238550.75644444866, points/s
11:49:54.328 [DataClientService-thread-1] INFO cn.edu.tsinghua.iot.benchmark.tsdb.DBWrapper -- DataClientService-thread-1 insert one batch latency (device: d_12, sg: g_0) ,0.21, ms, throughput ,239131.47448467166, points/s
11:49:54.329 [DataClientService-thread-1] INFO cn.edu.tsinghua.iot.benchmark.tsdb.DBWrapper -- DataClientService-thread-1 insert one batch latency (device: d_13, sg: g_0) ,0.23, ms, throughput ,218801.14476758943, points/s
11:49:54.329 [DataClientService-thread-1] INFO cn.edu.tsinghua.iot.benchmark.tsdb.DBWrapper -- DataClientService-thread-1 insert one batch latency (device: d_14, sg: g_0) ,0.21, ms, throughput ,238115.6480079245, points/s
11:49:54.329 [DataClientService-thread-1] INFO cn.edu.tsinghua.iot.benchmark.tsdb.DBWrapper -- DataClientService-thread-1 insert one batch latency (device: d_15, sg: g_0) ,0.25, ms, throughput ,199314.35860639397, points/s
11:49:54.330 [DataClientService-thread-1] INFO cn.edu.tsinghua.iot.benchmark.tsdb.DBWrapper -- DataClientService-thread-1 insert one batch latency (device: d_16, sg: g_0) ,0.28, ms, throughput ,180753.38008820766, points/s
11:49:54.330 [DataClientService-thread-1] INFO cn.edu.tsinghua.iot.benchmark.tsdb.DBWrapper -- DataClientService-thread-1 insert one batch latency (device: d_17, sg: g_0) ,0.22, ms, throughput ,225113.68240961686, points/s
11:49:54.330 [DataClientService-thread-1] INFO cn.edu.tsinghua.iot.benchmark.tsdb.DBWrapper -- DataClientService-thread-1 insert one batch latency (device: d_18, sg: g_0) ,0.24, ms, throughput ,205184.60458874848, points/s
11:49:54.330 [DataClientService-thread-1] INFO cn.edu.tsinghua.iot.benchmark.tsdb.DBWrapper -- DataClientService-thread-1 insert one batch latency (device: d_19, sg: g_0) ,0.23, ms, throughput ,221752.1077537842, points/s
11:49:54.331 [DataClientService-thread-1] INFO cn.edu.tsinghua.iot.benchmark.tsdb.DBWrapper -- DataClientService-thread-1 insert one batch latency (device: d_0, sg: g_0) ,0.24, ms, throughput ,204652.15273599463, points/s
11:49:54.331 [DataClientService-thread-1] INFO cn.edu.tsinghua.iot.benchmark.tsdb.DBWrapper -- DataClientService-thread-1 insert one batch latency (device: d_1, sg: g_0) ,0.19, ms, throughput ,265439.2754569537, points/s
11:49:54.331 [DataClientService-thread-1] INFO cn.edu.tsinghua.iot.benchmark.tsdb.DBWrapper -- DataClientService-thread-1 insert one batch latency (device: d_2, sg: g_0) ,0.27, ms, throughput ,183735.71454819388, points/s
11:49:54.331 [DataClientService-thread-1] INFO cn.edu.tsinghua.iot.benchmark.tsdb.DBWrapper -- DataClientService-thread-1 insert one batch latency (device: d_3, sg: g_0) ,0.20, ms, throughput ,250158.85087030265, points/s
11:49:54.332 [DataClientService-thread-1] INFO cn.edu.tsinghua.iot.benchmark.tsdb.DBWrapper -- DataClientService-thread-1 insert one batch latency (device: d_4, sg: g_0) ,0.23, ms, throughput ,221997.26499369528, points/s
11:49:54.332 [DataClientService-thread-1] INFO cn.edu.tsinghua.iot.benchmark.tsdb.DBWrapper -- DataClientService-thread-1 insert one batch latency (device: d_5, sg: g_0) ,0.19, ms, throughput ,260633.86155129274, points/s
11:49:54.332 [DataClientService-thread-1] INFO cn.edu.tsinghua.iot.benchmark.tsdb.DBWrapper -- DataClientService-thread-1 insert one batch latency (device: d_6, sg: g_0) ,0.18, ms, throughput ,285495.6775954412, points/s
11:49:54.332 [DataClientService-thread-1] INFO cn.edu.tsinghua.iot.benchmark.tsdb.DBWrapper -- DataClientService-thread-1 insert one batch latency (device: d_7, sg: g_0) ,0.20, ms, throughput ,255741.39430208175, points/s
11:49:54.332 [DataClientService-thread-1] INFO cn.edu.tsinghua.iot.benchmark.tsdb.DBWrapper -- DataClientService-thread-1 insert one batch latency (device: d_8, sg: g_0) ,0.23, ms, throughput ,216784.30828462914, points/s
11:49:54.333 [DataClientService-thread-1] INFO cn.edu.tsinghua.iot.benchmark.tsdb.DBWrapper -- DataClientService-thread-1 insert one batch latency (device: d_9, sg: g_0) ,0.23, ms, throughput ,220383.7321544273, points/s
11:49:54.333 [DataClientService-thread-1] INFO cn.edu.tsinghua.iot.benchmark.tsdb.DBWrapper -- DataClientService-thread-1 insert one batch latency (device: d_10, sg: g_0) ,0.24, ms, throughput ,206014.8083444238, points/s
11:49:54.333 [DataClientService-thread-1] INFO cn.edu.tsinghua.iot.benchmark.tsdb.DBWrapper -- DataClientService-thread-1 insert one batch latency (device: d_11, sg: g_0) ,0.21, ms, throughput ,238248.39777952494, points/s
11:49:54.333 [DataClientService-thread-1] INFO cn.edu.tsinghua.iot.benchmark.tsdb.DBWrapper -- DataClientService-thread-1 insert one batch latency (device: d_12, sg: g_0) ,0.21, ms, throughput ,236651.66295123557, points/s
11:49:54.334 [DataClientService-thread-1] INFO cn.edu.tsinghua.iot.benchmark.tsdb.DBWrapper -- DataClientService-thread-1 insert one batch latency (device: d_13, sg: g_0) ,0.22, ms, throughput ,229513.61474762685, points/s
11:49:54.334 [DataClientService-thread-1] INFO cn.edu.tsinghua.iot.benchmark.tsdb.DBWrapper -- DataClientService-thread-1 insert one batch latency (device: d_14, sg: g_0) ,0.20, ms, throughput ,246880.66282520353, points/s
11:49:54.334 [DataClientService-thread-1] INFO cn.edu.tsinghua.iot.benchmark.tsdb.DBWrapper -- DataClientService-thread-1 insert one batch latency (device: d_15, sg: g_0) ,0.19, ms, throughput ,266734.95081407507, points/s
11:49:54.334 [DataClientService-thread-1] INFO cn.edu.tsinghua.iot.benchmark.tsdb.DBWrapper -- DataClientService-thread-1 insert one batch latency (device: d_16, sg: g_0) ,0.19, ms, throughput ,266801.8462687762, points/s
11:49:54.335 [DataClientService-thread-1] INFO cn.edu.tsinghua.iot.benchmark.tsdb.DBWrapper -- DataClientService-thread-1 insert one batch latency (device: d_17, sg: g_0) ,0.25, ms, throughput ,203182.65307781083, points/s
11:49:54.335 [DataClientService-thread-1] INFO cn.edu.tsinghua.iot.benchmark.tsdb.DBWrapper -- DataClientService-thread-1 insert one batch latency (device: d_18, sg: g_0) ,0.21, ms, throughput ,233659.05405468555, points/s
11:49:54.335 [DataClientService-thread-1] INFO cn.edu.tsinghua.iot.benchmark.tsdb.DBWrapper -- DataClientService-thread-1 insert one batch latency (device: d_19, sg: g_0) ,0.19, ms, throughput ,260437.0133083314, points/s
11:49:54.335 [DataClientService-thread-1] INFO cn.edu.tsinghua.iot.benchmark.tsdb.DBWrapper -- DataClientService-thread-1 insert one batch latency (device: d_0, sg: g_0) ,0.24, ms, throughput ,205194.70925961644, points/s
11:49:54.336 [DataClientService-thread-1] INFO cn.edu.tsinghua.iot.benchmark.tsdb.DBWrapper -- DataClientService-thread-1 insert one batch latency (device: d_1, sg: g_0) ,0.19, ms, throughput ,264018.0377123365, points/s
11:49:54.336 [DataClientService-thread-1] INFO cn.edu.tsinghua.iot.benchmark.tsdb.DBWrapper -- DataClientService-thread-1 insert one batch latency (device: d_2, sg: g_0) ,0.22, ms, throughput ,224106.71065134375, points/s
11:49:54.336 [DataClientService-thread-1] INFO cn.edu.tsinghua.iot.benchmark.tsdb.DBWrapper -- DataClientService-thread-1 insert one batch latency (device: d_3, sg: g_0) ,0.21, ms, throughput ,242837.50771009087, points/s
11:49:54.336 [DataClientService-thread-1] INFO cn.edu.tsinghua.iot.benchmark.tsdb.DBWrapper -- DataClientService-thread-1 insert one batch latency (device: d_4, sg: g_0) ,0.20, ms, throughput ,249850.08994603239, points/s
11:49:54.337 [DataClientService-thread-1] INFO cn.edu.tsinghua.iot.benchmark.tsdb.DBWrapper -- DataClientService-thread-1 insert one batch latency (device: d_5, sg: g_0) ,0.23, ms, throughput ,221866.25014975973, points/s
11:49:54.337 [DataClientService-thread-1] INFO cn.edu.tsinghua.iot.benchmark.tsdb.DBWrapper -- DataClientService-thread-1 insert one batch latency (device: d_6, sg: g_0) ,0.27, ms, throughput ,183361.75440526614, points/s
11:49:54.337 [DataClientService-thread-1] INFO cn.edu.tsinghua.iot.benchmark.tsdb.DBWrapper -- DataClientService-thread-1 insert one batch latency (device: d_7, sg: g_0) ,0.22, ms, throughput ,228444.02207683027, points/s
11:49:54.337 [DataClientService-thread-1] INFO cn.edu.tsinghua.iot.benchmark.tsdb.DBWrapper -- DataClientService-thread-1 insert one batch latency (device: d_8, sg: g_0) ,0.16, ms, throughput ,310395.1330043145, points/s
11:49:54.338 [DataClientService-thread-1] INFO cn.edu.tsinghua.iot.benchmark.tsdb.DBWrapper -- DataClientService-thread-1 insert one batch latency (device: d_9, sg: g_0) ,0.18, ms, throughput ,275906.21395975084, points/s
11:49:54.338 [DataClientService-thread-1] INFO cn.edu.tsinghua.iot.benchmark.tsdb.DBWrapper -- DataClientService-thread-1 insert one batch latency (device: d_10, sg: g_0) ,0.17, ms, throughput ,301509.96188914083, points/s
11:49:54.338 [DataClientService-thread-1] INFO cn.edu.tsinghua.iot.benchmark.tsdb.DBWrapper -- DataClientService-thread-1 insert one batch latency (device: d_11, sg: g_0) ,0.17, ms, throughput ,299050.2165123567, points/s
11:49:54.338 [DataClientService-thread-1] INFO cn.edu.tsinghua.iot.benchmark.tsdb.DBWrapper -- DataClientService-thread-1 insert one batch latency (device: d_12, sg: g_0) ,0.16, ms, throughput ,311817.89834736515, points/s
11:49:54.338 [DataClientService-thread-1] INFO cn.edu.tsinghua.iot.benchmark.tsdb.DBWrapper -- DataClientService-thread-1 insert one batch latency (device: d_13, sg: g_0) ,0.16, ms, throughput ,306727.76683782076, points/s
11:49:54.338 [DataClientService-thread-1] INFO cn.edu.tsinghua.iot.benchmark.tsdb.DBWrapper -- DataClientService-thread-1 insert one batch latency (device: d_14, sg: g_0) ,0.16, ms, throughput ,308501.05507360835, points/s
11:49:54.339 [DataClientService-thread-1] INFO cn.edu.tsinghua.iot.benchmark.tsdb.DBWrapper -- DataClientService-thread-1 insert one batch latency (device: d_15, sg: g_0) ,0.20, ms, throughput ,255724.3904809153, points/s
11:49:54.339 [DataClientService-thread-1] INFO cn.edu.tsinghua.iot.benchmark.tsdb.DBWrapper -- DataClientService-thread-1 insert one batch latency (device: d_16, sg: g_0) ,0.19, ms, throughput ,263781.25148376956, points/s
11:49:54.339 [DataClientService-thread-1] INFO cn.edu.tsinghua.iot.benchmark.tsdb.DBWrapper -- DataClientService-thread-1 insert one batch latency (device: d_17, sg: g_0) ,0.21, ms, throughput ,235505.79579763458, points/s
11:49:54.339 [DataClientService-thread-1] INFO cn.edu.tsinghua.iot.benchmark.tsdb.DBWrapper -- DataClientService-thread-1 insert one batch latency (device: d_18, sg: g_0) ,0.17, ms, throughput ,289722.3880078109, points/s
11:49:54.340 [DataClientService-thread-1] INFO cn.edu.tsinghua.iot.benchmark.tsdb.DBWrapper -- DataClientService-thread-1 insert one batch latency (device: d_19, sg: g_0) ,0.18, ms, throughput ,277882.7557077118, points/s
11:49:54.340 [DataClientService-thread-1] INFO cn.edu.tsinghua.iot.benchmark.tsdb.DBWrapper -- DataClientService-thread-1 insert one batch latency (device: d_0, sg: g_0) ,0.18, ms, throughput ,279412.3399665823, points/s
11:49:54.340 [DataClientService-thread-1] INFO cn.edu.tsinghua.iot.benchmark.tsdb.DBWrapper -- DataClientService-thread-1 insert one batch latency (device: d_1, sg: g_0) ,0.15, ms, throughput ,324996.1000467994, points/s
11:49:54.340 [DataClientService-thread-1] INFO cn.edu.tsinghua.iot.benchmark.tsdb.DBWrapper -- DataClientService-thread-1 insert one batch latency (device: d_2, sg: g_0) ,0.17, ms, throughput ,302107.501933488, points/s
11:49:54.340 [DataClientService-thread-1] INFO cn.edu.tsinghua.iot.benchmark.tsdb.DBWrapper -- DataClientService-thread-1 insert one batch latency (device: d_3, sg: g_0) ,0.39, ms, throughput ,129292.8457096755, points/s
11:49:54.341 [DataClientService-thread-1] INFO cn.edu.tsinghua.iot.benchmark.tsdb.DBWrapper -- DataClientService-thread-1 insert one batch latency (device: d_4, sg: g_0) ,0.50, ms, throughput ,100780.24062290251, points/s
11:49:54.341 [DataClientService-thread-1] INFO cn.edu.tsinghua.iot.benchmark.tsdb.DBWrapper -- DataClientService-thread-1 insert one batch latency (device: d_5, sg: g_0) ,0.22, ms, throughput ,229452.52627231428, points/s
11:49:54.341 [DataClientService-thread-1] INFO cn.edu.tsinghua.iot.benchmark.tsdb.DBWrapper -- DataClientService-thread-1 insert one batch latency (device: d_6, sg: g_0) ,0.20, ms, throughput ,248688.16990375766, points/s
11:49:54.342 [DataClientService-thread-1] INFO cn.edu.tsinghua.iot.benchmark.tsdb.DBWrapper -- DataClientService-thread-1 insert one batch latency (device: d_7, sg: g_0) ,0.21, ms, throughput ,242881.15339402124, points/s
11:49:54.342 [DataClientService-thread-1] INFO cn.edu.tsinghua.iot.benchmark.tsdb.DBWrapper -- DataClientService-thread-1 insert one batch latency (device: d_8, sg: g_0) ,0.18, ms, throughput ,273653.2156989377, points/s
11:49:54.342 [DataClientService-thread-1] INFO cn.edu.tsinghua.iot.benchmark.tsdb.DBWrapper -- DataClientService-thread-1 insert one batch latency (device: d_9, sg: g_0) ,0.16, ms, throughput ,313515.00482813106, points/s
11:49:54.342 [DataClientService-thread-1] INFO cn.edu.tsinghua.iot.benchmark.tsdb.DBWrapper -- DataClientService-thread-1 insert one batch latency (device: d_10, sg: g_0) ,0.17, ms, throughput ,293497.8486607693, points/s
11:49:54.343 [DataClientService-thread-1] INFO cn.edu.tsinghua.iot.benchmark.tsdb.DBWrapper -- DataClientService-thread-1 insert one batch latency (device: d_11, sg: g_0) ,0.18, ms, throughput ,281124.7237949589, points/s
11:49:54.343 [DataClientService-thread-1] INFO cn.edu.tsinghua.iot.benchmark.tsdb.DBWrapper -- DataClientService-thread-1 insert one batch latency (device: d_12, sg: g_0) ,0.18, ms, throughput ,271399.88058405253, points/s
11:49:54.343 [DataClientService-thread-1] INFO cn.edu.tsinghua.iot.benchmark.tsdb.DBWrapper -- DataClientService-thread-1 insert one batch latency (device: d_13, sg: g_0) ,0.21, ms, throughput ,234527.07615094163, points/s
11:49:54.343 [DataClientService-thread-1] INFO cn.edu.tsinghua.iot.benchmark.tsdb.DBWrapper -- DataClientService-thread-1 insert one batch latency (device: d_14, sg: g_0) ,0.21, ms, throughput ,238358.56756035239, points/s
11:49:54.344 [DataClientService-thread-1] INFO cn.edu.tsinghua.iot.benchmark.tsdb.DBWrapper -- DataClientService-thread-1 insert one batch latency (device: d_15, sg: g_0) ,0.29, ms, throughput ,170663.60837480458, points/s
11:49:54.344 [DataClientService-thread-1] INFO cn.edu.tsinghua.iot.benchmark.tsdb.DBWrapper -- DataClientService-thread-1 insert one batch latency (device: d_16, sg: g_0) ,0.22, ms, throughput ,229437.78565004314, points/s
11:49:54.344 [DataClientService-thread-1] INFO cn.edu.tsinghua.iot.benchmark.tsdb.DBWrapper -- DataClientService-thread-1 insert one batch latency (device: d_17, sg: g_0) ,0.20, ms, throughput ,248597.90780000796, points/s
11:49:54.344 [DataClientService-thread-1] INFO cn.edu.tsinghua.iot.benchmark.tsdb.DBWrapper -- DataClientService-thread-1 insert one batch latency (device: d_18, sg: g_0) ,0.24, ms, throughput ,207627.40017274598, points/s
11:49:54.345 [DataClientService-thread-1] INFO cn.edu.tsinghua.iot.benchmark.tsdb.DBWrapper -- DataClientService-thread-1 insert one batch latency (device: d_19, sg: g_0) ,0.22, ms, throughput ,224275.5898448013, points/s
11:49:54.345 [DataClientService-thread-1] INFO cn.edu.tsinghua.iot.benchmark.tsdb.DBWrapper -- DataClientService-thread-1 insert one batch latency (device: d_0, sg: g_0) ,0.29, ms, throughput ,172044.1947127378, points/s
11:49:54.345 [DataClientService-thread-1] INFO cn.edu.tsinghua.iot.benchmark.tsdb.DBWrapper -- DataClientService-thread-1 insert one batch latency (device: d_1, sg: g_0) ,0.22, ms, throughput ,225096.45383046637, points/s
11:49:54.345 [DataClientService-thread-1] INFO cn.edu.tsinghua.iot.benchmark.tsdb.DBWrapper -- DataClientService-thread-1 insert one batch latency (device: d_2, sg: g_0) ,0.22, ms, throughput ,228086.58166640057, points/s
11:49:54.346 [DataClientService-thread-1] INFO cn.edu.tsinghua.iot.benchmark.tsdb.DBWrapper -- DataClientService-thread-1 insert one batch latency (device: d_3, sg: g_0) ,0.22, ms, throughput ,232254.58818938967, points/s
11:49:54.346 [DataClientService-thread-1] INFO cn.edu.tsinghua.iot.benchmark.tsdb.DBWrapper -- DataClientService-thread-1 insert one batch latency (device: d_4, sg: g_0) ,0.23, ms, throughput ,217199.602090329, points/s
11:49:54.346 [DataClientService-thread-1] INFO cn.edu.tsinghua.iot.benchmark.tsdb.DBWrapper -- DataClientService-thread-1 insert one batch latency (device: d_5, sg: g_0) ,0.24, ms, throughput ,207413.79882520824, points/s
11:49:54.346 [DataClientService-thread-1] INFO cn.edu.tsinghua.iot.benchmark.tsdb.DBWrapper -- DataClientService-thread-1 insert one batch latency (device: d_6, sg: g_0) ,0.19, ms, throughput ,266729.2591328098, points/s
11:49:54.348 [DataClientService-thread-1] INFO cn.edu.tsinghua.iot.benchmark.tsdb.DBWrapper -- DataClientService-thread-1 insert one batch latency (device: d_7, sg: g_0) ,1.45, ms, throughput ,34596.736974155545, points/s
11:49:54.348 [DataClientService-thread-1] INFO cn.edu.tsinghua.iot.benchmark.tsdb.DBWrapper -- DataClientService-thread-1 insert one batch latency (device: d_8, sg: g_0) ,0.17, ms, throughput ,297403.07633742166, points/s
11:49:54.348 [DataClientService-thread-1] INFO cn.edu.tsinghua.iot.benchmark.tsdb.DBWrapper -- DataClientService-thread-1 insert one batch latency (device: d_9, sg: g_0) ,0.12, ms, throughput ,400988.03451705, points/s
11:49:54.348 [DataClientService-thread-1] INFO cn.edu.tsinghua.iot.benchmark.tsdb.DBWrapper -- DataClientService-thread-1 insert one batch latency (device: d_10, sg: g_0) ,0.12, ms, throughput ,401561.27021860995, points/s
11:49:54.349 [DataClientService-thread-1] INFO cn.edu.tsinghua.iot.benchmark.tsdb.DBWrapper -- DataClientService-thread-1 insert one batch latency (device: d_11, sg: g_0) ,0.14, ms, throughput ,358963.3139493144, points/s
11:49:54.349 [DataClientService-thread-1] INFO cn.edu.tsinghua.iot.benchmark.tsdb.DBWrapper -- DataClientService-thread-1 insert one batch latency (device: d_12, sg: g_0) ,0.17, ms, throughput ,289549.5766785189, points/s
11:49:54.349 [DataClientService-thread-1] INFO cn.edu.tsinghua.iot.benchmark.tsdb.DBWrapper -- DataClientService-thread-1 insert one batch latency (device: d_13, sg: g_0) ,0.12, ms, throughput ,406580.0922123649, points/s
11:49:54.349 [DataClientService-thread-1] INFO cn.edu.tsinghua.iot.benchmark.tsdb.DBWrapper -- DataClientService-thread-1 insert one batch latency (device: d_14, sg: g_0) ,0.13, ms, throughput ,394455.53302776173, points/s
11:49:54.349 [DataClientService-thread-1] INFO cn.edu.tsinghua.iot.benchmark.tsdb.DBWrapper -- DataClientService-thread-1 insert one batch latency (device: d_15, sg: g_0) ,0.12, ms, throughput ,415482.54142360936, points/s
11:49:54.349 [DataClientService-thread-1] INFO cn.edu.tsinghua.iot.benchmark.tsdb.DBWrapper -- DataClientService-thread-1 insert one batch latency (device: d_16, sg: g_0) ,0.12, ms, throughput ,419787.08399099973, points/s
11:49:54.349 [DataClientService-thread-1] INFO cn.edu.tsinghua.iot.benchmark.tsdb.DBWrapper -- DataClientService-thread-1 insert one batch latency (device: d_17, sg: g_0) ,0.21, ms, throughput ,241915.1942095179, points/s
11:49:54.350 [DataClientService-thread-1] INFO cn.edu.tsinghua.iot.benchmark.tsdb.DBWrapper -- DataClientService-thread-1 insert one batch latency (device: d_18, sg: g_0) ,0.14, ms, throughput ,366606.5431935829, points/s
11:49:54.350 [DataClientService-thread-1] INFO cn.edu.tsinghua.iot.benchmark.tsdb.DBWrapper -- DataClientService-thread-1 insert one batch latency (device: d_19, sg: g_0) ,0.16, ms, throughput ,315814.073938391, points/s
11:49:54.350 [DataClientService-thread-1] INFO cn.edu.tsinghua.iot.benchmark.tsdb.DBWrapper -- DataClientService-thread-1 insert one batch latency (device: d_0, sg: g_0) ,0.13, ms, throughput ,383118.27627425134, points/s
11:49:54.350 [DataClientService-thread-1] INFO cn.edu.tsinghua.iot.benchmark.tsdb.DBWrapper -- DataClientService-thread-1 insert one batch latency (device: d_1, sg: g_0) ,0.13, ms, throughput ,380297.5447990507, points/s
11:49:54.350 [DataClientService-thread-1] INFO cn.edu.tsinghua.iot.benchmark.tsdb.DBWrapper -- DataClientService-thread-1 insert one batch latency (device: d_2, sg: g_0) ,0.14, ms, throughput ,356145.64932474785, points/s
11:49:54.350 [DataClientService-thread-1] INFO cn.edu.tsinghua.iot.benchmark.tsdb.DBWrapper -- DataClientService-thread-1 insert one batch latency (device: d_3, sg: g_0) ,0.13, ms, throughput ,380842.118091524, points/s
11:49:54.351 [DataClientService-thread-1] INFO cn.edu.tsinghua.iot.benchmark.tsdb.DBWrapper -- DataClientService-thread-1 insert one batch latency (device: d_4, sg: g_0) ,0.13, ms, throughput ,372717.1077152442, points/s
11:49:54.351 [DataClientService-thread-1] INFO cn.edu.tsinghua.iot.benchmark.tsdb.DBWrapper -- DataClientService-thread-1 insert one batch latency (device: d_5, sg: g_0) ,0.12, ms, throughput ,404645.328369684, points/s
11:49:54.351 [DataClientService-thread-1] INFO cn.edu.tsinghua.iot.benchmark.tsdb.DBWrapper -- DataClientService-thread-1 insert one batch latency (device: d_6, sg: g_0) ,0.12, ms, throughput ,411404.1222693051, points/s
11:49:54.351 [DataClientService-thread-1] INFO cn.edu.tsinghua.iot.benchmark.tsdb.DBWrapper -- DataClientService-thread-1 insert one batch latency (device: d_7, sg: g_0) ,0.14, ms, throughput ,368039.45382945053, points/s
11:49:54.351 [DataClientService-thread-1] INFO cn.edu.tsinghua.iot.benchmark.tsdb.DBWrapper -- DataClientService-thread-1 insert one batch latency (device: d_8, sg: g_0) ,0.11, ms, throughput ,448897.50772103714, points/s
11:49:54.351 [DataClientService-thread-1] INFO cn.edu.tsinghua.iot.benchmark.tsdb.DBWrapper -- DataClientService-thread-1 insert one batch latency (device: d_9, sg: g_0) ,0.12, ms, throughput ,430934.1791134822, points/s
11:49:54.351 [DataClientService-thread-1] INFO cn.edu.tsinghua.iot.benchmark.tsdb.DBWrapper -- DataClientService-thread-1 insert one batch latency (device: d_10, sg: g_0) ,0.13, ms, throughput ,386990.91345335206, points/s
11:49:54.352 [DataClientService-thread-1] INFO cn.edu.tsinghua.iot.benchmark.tsdb.DBWrapper -- DataClientService-thread-1 insert one batch latency (device: d_11, sg: g_0) ,0.12, ms, throughput ,424340.15106509376, points/s
11:49:54.352 [DataClientService-thread-1] INFO cn.edu.tsinghua.iot.benchmark.tsdb.DBWrapper -- DataClientService-thread-1 insert one batch latency (device: d_12, sg: g_0) ,0.12, ms, throughput ,400422.8465259314, points/s
11:49:54.352 [DataClientService-thread-1] INFO cn.edu.tsinghua.iot.benchmark.tsdb.DBWrapper -- DataClientService-thread-1 insert one batch latency (device: d_13, sg: g_0) ,0.13, ms, throughput ,396187.0953939288, points/s
11:49:54.352 [DataClientService-thread-1] INFO cn.edu.tsinghua.iot.benchmark.tsdb.DBWrapper -- DataClientService-thread-1 insert one batch latency (device: d_14, sg: g_0) ,0.12, ms, throughput ,424397.7795508174, points/s
11:49:54.352 [DataClientService-thread-1] INFO cn.edu.tsinghua.iot.benchmark.tsdb.DBWrapper -- DataClientService-thread-1 insert one batch latency (device: d_15, sg: g_0) ,0.12, ms, throughput ,403515.4263947511, points/s
11:49:54.352 [DataClientService-thread-1] INFO cn.edu.tsinghua.iot.benchmark.tsdb.DBWrapper -- DataClientService-thread-1 insert one batch latency (device: d_16, sg: g_0) ,0.13, ms, throughput ,388488.3142715067, points/s
11:49:54.352 [DataClientService-thread-1] INFO cn.edu.tsinghua.iot.benchmark.tsdb.DBWrapper -- DataClientService-thread-1 insert one batch latency (device: d_17, sg: g_0) ,0.12, ms, throughput ,400016.0006400256, points/s
11:49:54.353 [DataClientService-thread-1] INFO cn.edu.tsinghua.iot.benchmark.tsdb.DBWrapper -- DataClientService-thread-1 insert one batch latency (device: d_18, sg: g_0) ,0.16, ms, throughput ,317571.2153450411, points/s
11:49:54.353 [DataClientService-thread-1] INFO cn.edu.tsinghua.iot.benchmark.tsdb.DBWrapper -- DataClientService-thread-1 insert one batch latency (device: d_19, sg: g_0) ,0.12, ms, throughput ,416583.3499966673, points/s
11:49:54.907 [ShowWorkProgress-thread-1] INFO cn.edu.tsinghua.iot.benchmark.mode.BaseMode -- DataClientService-thread-1 100.00% workload is done.
11:49:57.363 [main] INFO cn.edu.tsinghua.iot.benchmark.mode.BaseMode -- All dataClients finished. The final test result is: 
----------------------Main Configurations----------------------
########### Test Mode ###########
BENCHMARK_WORK_MODE=testWithDefaultPath
IoTDB_DIALECT_MODE=TREE
########### Database Connection Information ###########
DOUBLE_WRITE=false
DBConfig=
  DB_SWITCH=IoTDB-200-SESSION_BY_TABLET
  HOST=[127.0.0.1]
########### Data Mode ###########
GROUP_NUMBER=1
IoTDB_TABLE_NUMBER=1
DEVICE_NUMBER=20
REAL_INSERT_RATE=1.0
SENSOR_NUMBER=5
IS_SENSOR_TS_ALIGNMENT=true
IS_OUT_OF_ORDER=true
OUT_OF_ORDER_RATIO=0.5
########### Data Amount ###########
OPERATION_PROPORTION=1:0:0:0:0:0:0:0:0:0:0:0:0
SCHEMA_CLIENT_NUMBER=1
DATA_CLIENT_NUMBER=1
LOOP=50
BATCH_SIZE_PER_WRITE=10
DEVICE_NUM_PER_WRITE=1
START_TIME=2022-01-01T00:00:00+08:00
POINT_STEP=1000
OP_MIN_INTERVAL=0
OP_MIN_INTERVAL_RANDOM=false
INTERVAL_BETWEEN_WRITE_BATCH=0
INSERT_DATATYPE_PROPORTION=1:1:1:1:1:1:0:0:0:0:0
ENCODINGS=RLE/TS_2DIFF/TS_2DIFF/GORILLA/GORILLA/DICTIONARY/PLAIN/PLAIN/TS_2DIFF/TS_2DIFF
COMPRESSOR=LZ4
########### Other Param ###########
IS_DELETE_DATA=true
CREATE_SCHEMA=true
BENCHMARK_CLUSTER=false
VECTOR=true

---------------------------------------------------------------

Create schema cost 0.24 second
Test elapsed time (not include schema creation): 1.45 second
----------------------------------------------------------Result Matrix----------------------------------------------------------
Operation                okOperation              okPoint                  failOperation            failPoint                throughput(point/s)      
INGESTION                1000                     50000                    0                        0                        34526.53                 
PRECISE_POINT            0                        0                        0                        0                        0.00                     
TIME_RANGE               0                        0                        0                        0                        0.00                     
VALUE_RANGE              0                        0                        0                        0                        0.00                     
AGG_RANGE                0                        0                        0                        0                        0.00                     
AGG_VALUE                0                        0                        0                        0                        0.00                     
AGG_RANGE_VALUE          0                        0                        0                        0                        0.00                     
GROUP_BY                 0                        0                        0                        0                        0.00                     
LATEST_POINT             0                        0                        0                        0                        0.00                     
RANGE_QUERY_DESC         0                        0                        0                        0                        0.00                     
VALUE_RANGE_QUERY_DESC   0                        0                        0                        0                        0.00                     
GROUP_BY_DESC            0                        0                        0                        0                        0.00                     
SET_OPERATION            0                        0                        0                        0                        0.00                     
---------------------------------------------------------------------------------------------------------------------------------

--------------------------------------------------------------------------Latency (ms) Matrix--------------------------------------------------------------------------
Operation                AVG         MIN         P10         P25         MEDIAN      P75         P90         P95         P99         P999        MAX         SLOWEST_THREAD
INGESTION                0.40        0.09        0.12        0.13        0.19        0.23        0.28        0.36        3.43        4.21        76.15       400.62      
PRECISE_POINT            0.00        0.00        0.00        0.00        0.00        0.00        0.00        0.00        0.00        0.00        0.00        0.00        
TIME_RANGE               0.00        0.00        0.00        0.00        0.00        0.00        0.00        0.00        0.00        0.00        0.00        0.00        
VALUE_RANGE              0.00        0.00        0.00        0.00        0.00        0.00        0.00        0.00        0.00        0.00        0.00        0.00        
AGG_RANGE                0.00        0.00        0.00        0.00        0.00        0.00        0.00        0.00        0.00        0.00        0.00        0.00        
AGG_VALUE                0.00        0.00        0.00        0.00        0.00        0.00        0.00        0.00        0.00        0.00        0.00        0.00        
AGG_RANGE_VALUE          0.00        0.00        0.00        0.00        0.00        0.00        0.00        0.00        0.00        0.00        0.00        0.00        
GROUP_BY                 0.00        0.00        0.00        0.00        0.00        0.00        0.00        0.00        0.00        0.00        0.00        0.00        
LATEST_POINT             0.00        0.00        0.00        0.00        0.00        0.00        0.00        0.00        0.00        0.00        0.00        0.00        
RANGE_QUERY_DESC         0.00        0.00        0.00        0.00        0.00        0.00        0.00        0.00        0.00        0.00        0.00        0.00        
VALUE_RANGE_QUERY_DESC   0.00        0.00        0.00        0.00        0.00        0.00        0.00        0.00        0.00        0.00        0.00        0.00        
GROUP_BY_DESC            0.00        0.00        0.00        0.00        0.00        0.00        0.00        0.00        0.00        0.00        0.00        0.00        
SET_OPERATION            0.00        0.00        0.00        0.00        0.00        0.00        0.00        0.00        0.00        0.00        0.00        0.00        
-----------------------------------------------------------------------------------------------------------------------------------------------------------------------


----------------------------------------------------------------------------SQL Statements Example---------------------------------------------------------------------
Operation                          SQL                                                                             
------------------------------------------------------------------------------------------------------------------------------------------------------------------------
