
Starting iot-benchmark

Using configuration file: /home/yikanji/WorkSpace/BigData/var/benchmarks/iotbench-ooo/configs/iotdb/ratio_0p0
Set MAX_HEAP_SIZE=1g
Set HEAP_NEWSIZE=512m
11:49:35.999 [main] INFO cn.edu.tsinghua.iot.benchmark.App -- Initial Heap Size: 538968064 bytes, Max Heap Size: 1073741824 bytes. 
11:49:36.009 [main] INFO cn.edu.tsinghua.iot.benchmark.conf.ConfigDescriptor -- Init SensorTypes: BOOLEAN:INT32:INT64:FLOAT:DOUBLE:TEXT:STRING:BLOB:TIMESTAMP:DATE:OBJECT= 1:1:1:1:1:1:0:0:0:0:0
11:49:36.095 [main] DEBUG org.apache.tsfile.common.conf.TSFileDescriptor -- not found iotdb-system.properties, use the default configs.
11:49:36.681 [main] WARN cn.edu.tsinghua.iot.benchmark.iotdb200.ModelStrategy.TreeStrategy -- Failed to execute statement:507: Template BenchmarkTemplate does not exist
11:49:36.681 [main] INFO cn.edu.tsinghua.iot.benchmark.tsdb.DBWrapper -- Waiting 1000ms for old data deletion.
11:49:38.694 [SchemaClientService-thread-1] INFO cn.edu.tsinghua.iot.benchmark.tsdb.DBWrapper -- Registering schema...
11:49:40.043 [main] INFO cn.edu.tsinghua.iot.benchmark.mode.BaseMode -- Registering schema successful!
11:49:40.043 [main] INFO cn.edu.tsinghua.iot.benchmark.schema.MetaDataSchema -- SCHEMA_CLIENT_DATA_SCHEMA has been cleared!
11:49:40.045 [main] INFO cn.edu.tsinghua.iot.benchmark.workload.GenerateDataWorkLoad -- Start Generating WorkLoad
11:49:40.062 [main] INFO cn.edu.tsinghua.iot.benchmark.workload.GenerateDataWorkLoad -- Finish 0.0 % WorkLoad Buffer
11:49:40.063 [main] INFO cn.edu.tsinghua.iot.benchmark.workload.GenerateDataWorkLoad -- Finish Generating WorkLoad
11:49:40.139 [DataClientService-thread-1] INFO cn.edu.tsinghua.iot.benchmark.tsdb.DBWrapper -- DataClientService-thread-1 insert one batch latency (device: d_0, sg: g_0) ,68.70, ms, throughput ,727.809792674938, points/s
11:49:40.192 [DataClientService-thread-1] INFO cn.edu.tsinghua.iot.benchmark.tsdb.DBWrapper -- DataClientService-thread-1 insert one batch latency (device: d_1, sg: g_0) ,52.55, ms, throughput ,951.5084101068994, points/s
11:49:40.197 [DataClientService-thread-1] INFO cn.edu.tsinghua.iot.benchmark.tsdb.DBWrapper -- DataClientService-thread-1 insert one batch latency (device: d_2, sg: g_0) ,5.21, ms, throughput ,9588.610265182606, points/s
11:49:40.202 [DataClientService-thread-1] INFO cn.edu.tsinghua.iot.benchmark.tsdb.DBWrapper -- DataClientService-thread-1 insert one batch latency (device: d_3, sg: g_0) ,3.99, ms, throughput ,12543.821841603643, points/s
11:49:40.206 [DataClientService-thread-1] INFO cn.edu.tsinghua.iot.benchmark.tsdb.DBWrapper -- DataClientService-thread-1 insert one batch latency (device: d_4, sg: g_0) ,4.03, ms, throughput ,12394.169287000623, points/s
11:49:40.210 [DataClientService-thread-1] INFO cn.edu.tsinghua.iot.benchmark.tsdb.DBWrapper -- DataClientService-thread-1 insert one batch latency (device: d_5, sg: g_0) ,4.10, ms, throughput ,12191.871776621501, points/s
11:49:40.215 [DataClientService-thread-1] INFO cn.edu.tsinghua.iot.benchmark.tsdb.DBWrapper -- DataClientService-thread-1 insert one batch latency (device: d_6, sg: g_0) ,4.66, ms, throughput ,10720.77714484692, points/s
11:49:40.219 [DataClientService-thread-1] INFO cn.edu.tsinghua.iot.benchmark.tsdb.DBWrapper -- DataClientService-thread-1 insert one batch latency (device: d_7, sg: g_0) ,4.02, ms, throughput ,12449.039855352117, points/s
11:49:40.224 [DataClientService-thread-1] INFO cn.edu.tsinghua.iot.benchmark.tsdb.DBWrapper -- DataClientService-thread-1 insert one batch latency (device: d_8, sg: g_0) ,4.68, ms, throughput ,10688.851591922734, points/s
11:49:40.231 [DataClientService-thread-1] INFO cn.edu.tsinghua.iot.benchmark.tsdb.DBWrapper -- DataClientService-thread-1 insert one batch latency (device: d_9, sg: g_0) ,6.90, ms, throughput ,7245.530449631536, points/s
11:49:40.235 [DataClientService-thread-1] INFO cn.edu.tsinghua.iot.benchmark.tsdb.DBWrapper -- DataClientService-thread-1 insert one batch latency (device: d_10, sg: g_0) ,4.23, ms, throughput ,11826.11821860816, points/s
11:49:40.240 [DataClientService-thread-1] INFO cn.edu.tsinghua.iot.benchmark.tsdb.DBWrapper -- DataClientService-thread-1 insert one batch latency (device: d_11, sg: g_0) ,4.75, ms, throughput ,10528.445860309845, points/s
11:49:40.244 [DataClientService-thread-1] INFO cn.edu.tsinghua.iot.benchmark.tsdb.DBWrapper -- DataClientService-thread-1 insert one batch latency (device: d_12, sg: g_0) ,3.66, ms, throughput ,13675.352065101239, points/s
11:49:40.248 [DataClientService-thread-1] INFO cn.edu.tsinghua.iot.benchmark.tsdb.DBWrapper -- DataClientService-thread-1 insert one batch latency (device: d_13, sg: g_0) ,3.49, ms, throughput ,14313.498831732226, points/s
11:49:40.252 [DataClientService-thread-1] INFO cn.edu.tsinghua.iot.benchmark.tsdb.DBWrapper -- DataClientService-thread-1 insert one batch latency (device: d_14, sg: g_0) ,3.61, ms, throughput ,13840.271092157936, points/s
11:49:40.255 [DataClientService-thread-1] INFO cn.edu.tsinghua.iot.benchmark.tsdb.DBWrapper -- DataClientService-thread-1 insert one batch latency (device: d_15, sg: g_0) ,3.57, ms, throughput ,14002.42914140745, points/s
11:49:40.259 [DataClientService-thread-1] INFO cn.edu.tsinghua.iot.benchmark.tsdb.DBWrapper -- DataClientService-thread-1 insert one batch latency (device: d_16, sg: g_0) ,3.57, ms, throughput ,13997.48605150515, points/s
11:49:40.263 [DataClientService-thread-1] INFO cn.edu.tsinghua.iot.benchmark.tsdb.DBWrapper -- DataClientService-thread-1 insert one batch latency (device: d_17, sg: g_0) ,3.77, ms, throughput ,13257.254369591039, points/s
11:49:40.267 [DataClientService-thread-1] INFO cn.edu.tsinghua.iot.benchmark.tsdb.DBWrapper -- DataClientService-thread-1 insert one batch latency (device: d_18, sg: g_0) ,4.17, ms, throughput ,11995.954004633317, points/s
11:49:40.271 [DataClientService-thread-1] INFO cn.edu.tsinghua.iot.benchmark.tsdb.DBWrapper -- DataClientService-thread-1 insert one batch latency (device: d_19, sg: g_0) ,3.89, ms, throughput ,12845.492362584062, points/s
11:49:40.272 [DataClientService-thread-1] INFO cn.edu.tsinghua.iot.benchmark.tsdb.DBWrapper -- DataClientService-thread-1 insert one batch latency (device: d_0, sg: g_0) ,0.57, ms, throughput ,87100.73025252244, points/s
11:49:40.273 [DataClientService-thread-1] INFO cn.edu.tsinghua.iot.benchmark.tsdb.DBWrapper -- DataClientService-thread-1 insert one batch latency (device: d_1, sg: g_0) ,0.42, ms, throughput ,119621.80370540498, points/s
11:49:40.273 [DataClientService-thread-1] INFO cn.edu.tsinghua.iot.benchmark.tsdb.DBWrapper -- DataClientService-thread-1 insert one batch latency (device: d_2, sg: g_0) ,0.37, ms, throughput ,133459.31893040365, points/s
11:49:40.273 [DataClientService-thread-1] INFO cn.edu.tsinghua.iot.benchmark.tsdb.DBWrapper -- DataClientService-thread-1 insert one batch latency (device: d_3, sg: g_0) ,0.39, ms, throughput ,127556.55219741672, points/s
11:49:40.274 [DataClientService-thread-1] INFO cn.edu.tsinghua.iot.benchmark.tsdb.DBWrapper -- DataClientService-thread-1 insert one batch latency (device: d_4, sg: g_0) ,0.39, ms, throughput ,129156.91531956004, points/s
11:49:40.274 [DataClientService-thread-1] INFO cn.edu.tsinghua.iot.benchmark.tsdb.DBWrapper -- DataClientService-thread-1 insert one batch latency (device: d_5, sg: g_0) ,0.40, ms, throughput ,126033.47449082475, points/s
11:49:40.275 [DataClientService-thread-1] INFO cn.edu.tsinghua.iot.benchmark.tsdb.DBWrapper -- DataClientService-thread-1 insert one batch latency (device: d_6, sg: g_0) ,0.35, ms, throughput ,143488.49222292373, points/s
11:49:40.275 [DataClientService-thread-1] INFO cn.edu.tsinghua.iot.benchmark.tsdb.DBWrapper -- DataClientService-thread-1 insert one batch latency (device: d_7, sg: g_0) ,0.36, ms, throughput ,137837.8750913176, points/s
11:49:40.276 [DataClientService-thread-1] INFO cn.edu.tsinghua.iot.benchmark.tsdb.DBWrapper -- DataClientService-thread-1 insert one batch latency (device: d_8, sg: g_0) ,0.34, ms, throughput ,147650.72924695173, points/s
11:49:40.276 [DataClientService-thread-1] INFO cn.edu.tsinghua.iot.benchmark.tsdb.DBWrapper -- DataClientService-thread-1 insert one batch latency (device: d_9, sg: g_0) ,0.32, ms, throughput ,156519.5070261607, points/s
11:49:40.276 [DataClientService-thread-1] INFO cn.edu.tsinghua.iot.benchmark.tsdb.DBWrapper -- DataClientService-thread-1 insert one batch latency (device: d_10, sg: g_0) ,0.35, ms, throughput ,143206.15671908966, points/s
11:49:40.277 [DataClientService-thread-1] INFO cn.edu.tsinghua.iot.benchmark.tsdb.DBWrapper -- DataClientService-thread-1 insert one batch latency (device: d_11, sg: g_0) ,0.32, ms, throughput ,154238.6318416401, points/s
11:49:40.277 [DataClientService-thread-1] INFO cn.edu.tsinghua.iot.benchmark.tsdb.DBWrapper -- DataClientService-thread-1 insert one batch latency (device: d_12, sg: g_0) ,0.28, ms, throughput ,177499.45862665118, points/s
11:49:40.278 [DataClientService-thread-1] INFO cn.edu.tsinghua.iot.benchmark.tsdb.DBWrapper -- DataClientService-thread-1 insert one batch latency (device: d_13, sg: g_0) ,0.34, ms, throughput ,147661.63042065845, points/s
11:49:40.278 [DataClientService-thread-1] INFO cn.edu.tsinghua.iot.benchmark.tsdb.DBWrapper -- DataClientService-thread-1 insert one batch latency (device: d_14, sg: g_0) ,0.27, ms, throughput ,185746.55254398478, points/s
11:49:40.278 [DataClientService-thread-1] INFO cn.edu.tsinghua.iot.benchmark.tsdb.DBWrapper -- DataClientService-thread-1 insert one batch latency (device: d_15, sg: g_0) ,0.29, ms, throughput ,171329.102646692, points/s
11:49:40.279 [DataClientService-thread-1] INFO cn.edu.tsinghua.iot.benchmark.tsdb.DBWrapper -- DataClientService-thread-1 insert one batch latency (device: d_16, sg: g_0) ,0.33, ms, throughput ,150508.11539758224, points/s
11:49:40.279 [DataClientService-thread-1] INFO cn.edu.tsinghua.iot.benchmark.tsdb.DBWrapper -- DataClientService-thread-1 insert one batch latency (device: d_17, sg: g_0) ,0.32, ms, throughput ,158012.83064184812, points/s
11:49:40.279 [DataClientService-thread-1] INFO cn.edu.tsinghua.iot.benchmark.tsdb.DBWrapper -- DataClientService-thread-1 insert one batch latency (device: d_18, sg: g_0) ,0.28, ms, throughput ,179826.35966710543, points/s
11:49:40.280 [DataClientService-thread-1] INFO cn.edu.tsinghua.iot.benchmark.tsdb.DBWrapper -- DataClientService-thread-1 insert one batch latency (device: d_19, sg: g_0) ,0.33, ms, throughput ,152745.9132830901, points/s
11:49:40.280 [DataClientService-thread-1] INFO cn.edu.tsinghua.iot.benchmark.tsdb.DBWrapper -- DataClientService-thread-1 insert one batch latency (device: d_0, sg: g_0) ,0.30, ms, throughput ,165453.34215751156, points/s
11:49:40.281 [DataClientService-thread-1] INFO cn.edu.tsinghua.iot.benchmark.tsdb.DBWrapper -- DataClientService-thread-1 insert one batch latency (device: d_1, sg: g_0) ,0.36, ms, throughput ,137533.7989310873, points/s
11:49:40.281 [DataClientService-thread-1] INFO cn.edu.tsinghua.iot.benchmark.tsdb.DBWrapper -- DataClientService-thread-1 insert one batch latency (device: d_2, sg: g_0) ,0.37, ms, throughput ,136768.96985611905, points/s
11:49:40.281 [DataClientService-thread-1] INFO cn.edu.tsinghua.iot.benchmark.tsdb.DBWrapper -- DataClientService-thread-1 insert one batch latency (device: d_3, sg: g_0) ,0.35, ms, throughput ,144356.80382487786, points/s
11:49:40.282 [DataClientService-thread-1] INFO cn.edu.tsinghua.iot.benchmark.tsdb.DBWrapper -- DataClientService-thread-1 insert one batch latency (device: d_4, sg: g_0) ,0.40, ms, throughput ,123765.13338168425, points/s
11:49:40.282 [DataClientService-thread-1] INFO cn.edu.tsinghua.iot.benchmark.tsdb.DBWrapper -- DataClientService-thread-1 insert one batch latency (device: d_5, sg: g_0) ,0.34, ms, throughput ,145463.85514127451, points/s
11:49:40.283 [DataClientService-thread-1] INFO cn.edu.tsinghua.iot.benchmark.tsdb.DBWrapper -- DataClientService-thread-1 insert one batch latency (device: d_6, sg: g_0) ,0.36, ms, throughput ,138259.80676809404, points/s
11:49:40.283 [DataClientService-thread-1] INFO cn.edu.tsinghua.iot.benchmark.tsdb.DBWrapper -- DataClientService-thread-1 insert one batch latency (device: d_7, sg: g_0) ,0.36, ms, throughput ,138886.1883241159, points/s
11:49:40.284 [DataClientService-thread-1] INFO cn.edu.tsinghua.iot.benchmark.tsdb.DBWrapper -- DataClientService-thread-1 insert one batch latency (device: d_8, sg: g_0) ,0.33, ms, throughput ,152428.3358179152, points/s
11:49:40.284 [DataClientService-thread-1] INFO cn.edu.tsinghua.iot.benchmark.tsdb.DBWrapper -- DataClientService-thread-1 insert one batch latency (device: d_9, sg: g_0) ,0.34, ms, throughput ,148739.58079236548, points/s
11:49:40.284 [DataClientService-thread-1] INFO cn.edu.tsinghua.iot.benchmark.tsdb.DBWrapper -- DataClientService-thread-1 insert one batch latency (device: d_10, sg: g_0) ,0.35, ms, throughput ,140992.81500614728, points/s
11:49:40.285 [DataClientService-thread-1] INFO cn.edu.tsinghua.iot.benchmark.tsdb.DBWrapper -- DataClientService-thread-1 insert one batch latency (device: d_11, sg: g_0) ,0.38, ms, throughput ,130014.32757889919, points/s
11:49:40.285 [DataClientService-thread-1] INFO cn.edu.tsinghua.iot.benchmark.tsdb.DBWrapper -- DataClientService-thread-1 insert one batch latency (device: d_12, sg: g_0) ,0.36, ms, throughput ,138447.7788822834, points/s
11:49:40.286 [DataClientService-thread-1] INFO cn.edu.tsinghua.iot.benchmark.tsdb.DBWrapper -- DataClientService-thread-1 insert one batch latency (device: d_13, sg: g_0) ,0.36, ms, throughput ,140182.8545154299, points/s
11:49:40.286 [DataClientService-thread-1] INFO cn.edu.tsinghua.iot.benchmark.tsdb.DBWrapper -- DataClientService-thread-1 insert one batch latency (device: d_14, sg: g_0) ,0.32, ms, throughput ,157338.5863442694, points/s
11:49:40.286 [DataClientService-thread-1] INFO cn.edu.tsinghua.iot.benchmark.tsdb.DBWrapper -- DataClientService-thread-1 insert one batch latency (device: d_15, sg: g_0) ,0.32, ms, throughput ,157128.9400081707, points/s
11:49:40.287 [DataClientService-thread-1] INFO cn.edu.tsinghua.iot.benchmark.tsdb.DBWrapper -- DataClientService-thread-1 insert one batch latency (device: d_16, sg: g_0) ,0.33, ms, throughput ,151665.43817661743, points/s
11:49:40.287 [DataClientService-thread-1] INFO cn.edu.tsinghua.iot.benchmark.tsdb.DBWrapper -- DataClientService-thread-1 insert one batch latency (device: d_17, sg: g_0) ,0.29, ms, throughput ,174146.24801908643, points/s
11:49:40.288 [DataClientService-thread-1] INFO cn.edu.tsinghua.iot.benchmark.tsdb.DBWrapper -- DataClientService-thread-1 insert one batch latency (device: d_18, sg: g_0) ,0.35, ms, throughput ,142036.17377273645, points/s
11:49:40.288 [DataClientService-thread-1] INFO cn.edu.tsinghua.iot.benchmark.tsdb.DBWrapper -- DataClientService-thread-1 insert one batch latency (device: d_19, sg: g_0) ,0.33, ms, throughput ,151939.66172153715, points/s
11:49:40.288 [DataClientService-thread-1] INFO cn.edu.tsinghua.iot.benchmark.tsdb.DBWrapper -- DataClientService-thread-1 insert one batch latency (device: d_0, sg: g_0) ,0.33, ms, throughput ,149825.75264966843, points/s
11:49:40.289 [DataClientService-thread-1] INFO cn.edu.tsinghua.iot.benchmark.tsdb.DBWrapper -- DataClientService-thread-1 insert one batch latency (device: d_1, sg: g_0) ,0.32, ms, throughput ,158644.03768113183, points/s
11:49:40.289 [DataClientService-thread-1] INFO cn.edu.tsinghua.iot.benchmark.tsdb.DBWrapper -- DataClientService-thread-1 insert one batch latency (device: d_2, sg: g_0) ,0.31, ms, throughput ,161236.75037003832, points/s
11:49:40.290 [DataClientService-thread-1] INFO cn.edu.tsinghua.iot.benchmark.tsdb.DBWrapper -- DataClientService-thread-1 insert one batch latency (device: d_3, sg: g_0) ,0.35, ms, throughput ,143060.28846676566, points/s
11:49:40.290 [DataClientService-thread-1] INFO cn.edu.tsinghua.iot.benchmark.tsdb.DBWrapper -- DataClientService-thread-1 insert one batch latency (device: d_4, sg: g_0) ,0.28, ms, throughput ,180936.52746616487, points/s
11:49:40.290 [DataClientService-thread-1] INFO cn.edu.tsinghua.iot.benchmark.tsdb.DBWrapper -- DataClientService-thread-1 insert one batch latency (device: d_5, sg: g_0) ,0.26, ms, throughput ,189957.3355824282, points/s
11:49:40.290 [DataClientService-thread-1] INFO cn.edu.tsinghua.iot.benchmark.tsdb.DBWrapper -- DataClientService-thread-1 insert one batch latency (device: d_6, sg: g_0) ,0.27, ms, throughput ,188236.00277083393, points/s
11:49:40.291 [DataClientService-thread-1] INFO cn.edu.tsinghua.iot.benchmark.tsdb.DBWrapper -- DataClientService-thread-1 insert one batch latency (device: d_7, sg: g_0) ,0.31, ms, throughput ,162921.64120744486, points/s
11:49:40.291 [DataClientService-thread-1] INFO cn.edu.tsinghua.iot.benchmark.tsdb.DBWrapper -- DataClientService-thread-1 insert one batch latency (device: d_8, sg: g_0) ,0.29, ms, throughput ,171182.4599604226, points/s
11:49:40.292 [DataClientService-thread-1] INFO cn.edu.tsinghua.iot.benchmark.tsdb.DBWrapper -- DataClientService-thread-1 insert one batch latency (device: d_9, sg: g_0) ,0.29, ms, throughput ,173489.42755428483, points/s
11:49:40.292 [DataClientService-thread-1] INFO cn.edu.tsinghua.iot.benchmark.tsdb.DBWrapper -- DataClientService-thread-1 insert one batch latency (device: d_10, sg: g_0) ,0.33, ms, throughput ,150814.5493812079, points/s
11:49:40.292 [DataClientService-thread-1] INFO cn.edu.tsinghua.iot.benchmark.tsdb.DBWrapper -- DataClientService-thread-1 insert one batch latency (device: d_11, sg: g_0) ,0.31, ms, throughput ,162569.37648141346, points/s
11:49:40.294 [DataClientService-thread-1] INFO cn.edu.tsinghua.iot.benchmark.tsdb.DBWrapper -- DataClientService-thread-1 insert one batch latency (device: d_12, sg: g_0) ,2.11, ms, throughput ,23682.416894846756, points/s
11:49:40.295 [DataClientService-thread-1] INFO cn.edu.tsinghua.iot.benchmark.tsdb.DBWrapper -- DataClientService-thread-1 insert one batch latency (device: d_13, sg: g_0) ,0.33, ms, throughput ,151568.8895760012, points/s
11:49:40.295 [DataClientService-thread-1] INFO cn.edu.tsinghua.iot.benchmark.tsdb.DBWrapper -- DataClientService-thread-1 insert one batch latency (device: d_14, sg: g_0) ,0.28, ms, throughput ,180244.48361757887, points/s
11:49:40.296 [DataClientService-thread-1] INFO cn.edu.tsinghua.iot.benchmark.tsdb.DBWrapper -- DataClientService-thread-1 insert one batch latency (device: d_15, sg: g_0) ,0.36, ms, throughput ,137747.49781670215, points/s
11:49:40.296 [DataClientService-thread-1] INFO cn.edu.tsinghua.iot.benchmark.tsdb.DBWrapper -- DataClientService-thread-1 insert one batch latency (device: d_16, sg: g_0) ,0.27, ms, throughput ,184304.61867374397, points/s
11:49:40.296 [DataClientService-thread-1] INFO cn.edu.tsinghua.iot.benchmark.tsdb.DBWrapper -- DataClientService-thread-1 insert one batch latency (device: d_17, sg: g_0) ,0.21, ms, throughput ,239156.6380316452, points/s
11:49:40.296 [DataClientService-thread-1] INFO cn.edu.tsinghua.iot.benchmark.tsdb.DBWrapper -- DataClientService-thread-1 insert one batch latency (device: d_18, sg: g_0) ,0.24, ms, throughput ,212684.50380705262, points/s
11:49:40.297 [DataClientService-thread-1] INFO cn.edu.tsinghua.iot.benchmark.tsdb.DBWrapper -- DataClientService-thread-1 insert one batch latency (device: d_19, sg: g_0) ,0.24, ms, throughput ,206489.55369347864, points/s
11:49:40.297 [DataClientService-thread-1] INFO cn.edu.tsinghua.iot.benchmark.tsdb.DBWrapper -- DataClientService-thread-1 insert one batch latency (device: d_0, sg: g_0) ,0.25, ms, throughput ,203670.9654818448, points/s
11:49:40.297 [DataClientService-thread-1] INFO cn.edu.tsinghua.iot.benchmark.tsdb.DBWrapper -- DataClientService-thread-1 insert one batch latency (device: d_1, sg: g_0) ,0.20, ms, throughput ,243975.03647426795, points/s
11:49:40.298 [DataClientService-thread-1] INFO cn.edu.tsinghua.iot.benchmark.tsdb.DBWrapper -- DataClientService-thread-1 insert one batch latency (device: d_2, sg: g_0) ,0.21, ms, throughput ,239609.34093054684, points/s
11:49:40.298 [DataClientService-thread-1] INFO cn.edu.tsinghua.iot.benchmark.tsdb.DBWrapper -- DataClientService-thread-1 insert one batch latency (device: d_3, sg: g_0) ,0.22, ms, throughput ,232528.93822636228, points/s
11:49:40.298 [DataClientService-thread-1] INFO cn.edu.tsinghua.iot.benchmark.tsdb.DBWrapper -- DataClientService-thread-1 insert one batch latency (device: d_4, sg: g_0) ,0.21, ms, throughput ,241363.99621541254, points/s
11:49:40.298 [DataClientService-thread-1] INFO cn.edu.tsinghua.iot.benchmark.tsdb.DBWrapper -- DataClientService-thread-1 insert one batch latency (device: d_5, sg: g_0) ,0.30, ms, throughput ,167943.03372296118, points/s
11:49:40.299 [DataClientService-thread-1] INFO cn.edu.tsinghua.iot.benchmark.tsdb.DBWrapper -- DataClientService-thread-1 insert one batch latency (device: d_6, sg: g_0) ,0.23, ms, throughput ,221383.9151302623, points/s
11:49:40.299 [DataClientService-thread-1] INFO cn.edu.tsinghua.iot.benchmark.tsdb.DBWrapper -- DataClientService-thread-1 insert one batch latency (device: d_7, sg: g_0) ,0.22, ms, throughput ,224525.35340290624, points/s
11:49:40.299 [DataClientService-thread-1] INFO cn.edu.tsinghua.iot.benchmark.tsdb.DBWrapper -- DataClientService-thread-1 insert one batch latency (device: d_8, sg: g_0) ,0.20, ms, throughput ,252303.53124022327, points/s
11:49:40.300 [DataClientService-thread-1] INFO cn.edu.tsinghua.iot.benchmark.tsdb.DBWrapper -- DataClientService-thread-1 insert one batch latency (device: d_9, sg: g_0) ,0.20, ms, throughput ,250791.24638233628, points/s
11:49:40.300 [DataClientService-thread-1] INFO cn.edu.tsinghua.iot.benchmark.tsdb.DBWrapper -- DataClientService-thread-1 insert one batch latency (device: d_10, sg: g_0) ,0.18, ms, throughput ,277851.8716102072, points/s
11:49:40.300 [DataClientService-thread-1] INFO cn.edu.tsinghua.iot.benchmark.tsdb.DBWrapper -- DataClientService-thread-1 insert one batch latency (device: d_11, sg: g_0) ,0.18, ms, throughput ,283871.5537993369, points/s
11:49:40.300 [DataClientService-thread-1] INFO cn.edu.tsinghua.iot.benchmark.tsdb.DBWrapper -- DataClientService-thread-1 insert one batch latency (device: d_12, sg: g_0) ,0.22, ms, throughput ,228370.98409624468, points/s
11:49:40.301 [DataClientService-thread-1] INFO cn.edu.tsinghua.iot.benchmark.tsdb.DBWrapper -- DataClientService-thread-1 insert one batch latency (device: d_13, sg: g_0) ,0.21, ms, throughput ,242197.60418129945, points/s
11:49:40.301 [DataClientService-thread-1] INFO cn.edu.tsinghua.iot.benchmark.tsdb.DBWrapper -- DataClientService-thread-1 insert one batch latency (device: d_14, sg: g_0) ,0.19, ms, throughput ,260997.11337192613, points/s
11:49:40.301 [DataClientService-thread-1] INFO cn.edu.tsinghua.iot.benchmark.tsdb.DBWrapper -- DataClientService-thread-1 insert one batch latency (device: d_15, sg: g_0) ,0.20, ms, throughput ,247439.00628495077, points/s
11:49:40.301 [DataClientService-thread-1] INFO cn.edu.tsinghua.iot.benchmark.tsdb.DBWrapper -- DataClientService-thread-1 insert one batch latency (device: d_16, sg: g_0) ,0.27, ms, throughput ,182581.03859397993, points/s
11:49:40.302 [DataClientService-thread-1] INFO cn.edu.tsinghua.iot.benchmark.tsdb.DBWrapper -- DataClientService-thread-1 insert one batch latency (device: d_17, sg: g_0) ,0.23, ms, throughput ,220880.25198019145, points/s
11:49:40.302 [DataClientService-thread-1] INFO cn.edu.tsinghua.iot.benchmark.tsdb.DBWrapper -- DataClientService-thread-1 insert one batch latency (device: d_18, sg: g_0) ,0.22, ms, throughput ,223000.24530026983, points/s
11:49:40.302 [DataClientService-thread-1] INFO cn.edu.tsinghua.iot.benchmark.tsdb.DBWrapper -- DataClientService-thread-1 insert one batch latency (device: d_19, sg: g_0) ,0.20, ms, throughput ,249428.80802961218, points/s
11:49:40.303 [DataClientService-thread-1] INFO cn.edu.tsinghua.iot.benchmark.tsdb.DBWrapper -- DataClientService-thread-1 insert one batch latency (device: d_0, sg: g_0) ,0.44, ms, throughput ,114364.13540713633, points/s
11:49:40.303 [DataClientService-thread-1] INFO cn.edu.tsinghua.iot.benchmark.tsdb.DBWrapper -- DataClientService-thread-1 insert one batch latency (device: d_1, sg: g_0) ,0.37, ms, throughput ,134211.97439235527, points/s
11:49:40.303 [DataClientService-thread-1] INFO cn.edu.tsinghua.iot.benchmark.tsdb.DBWrapper -- DataClientService-thread-1 insert one batch latency (device: d_2, sg: g_0) ,0.30, ms, throughput ,166450.28130097542, points/s
11:49:40.304 [DataClientService-thread-1] INFO cn.edu.tsinghua.iot.benchmark.tsdb.DBWrapper -- DataClientService-thread-1 insert one batch latency (device: d_3, sg: g_0) ,0.32, ms, throughput ,158353.12747426762, points/s
11:49:40.304 [DataClientService-thread-1] INFO cn.edu.tsinghua.iot.benchmark.tsdb.DBWrapper -- DataClientService-thread-1 insert one batch latency (device: d_4, sg: g_0) ,0.35, ms, throughput ,144073.95027719828, points/s
11:49:40.305 [DataClientService-thread-1] INFO cn.edu.tsinghua.iot.benchmark.tsdb.DBWrapper -- DataClientService-thread-1 insert one batch latency (device: d_5, sg: g_0) ,0.38, ms, throughput ,131425.04172745076, points/s
11:49:40.305 [DataClientService-thread-1] INFO cn.edu.tsinghua.iot.benchmark.tsdb.DBWrapper -- DataClientService-thread-1 insert one batch latency (device: d_6, sg: g_0) ,0.32, ms, throughput ,156234.37656234376, points/s
11:49:40.305 [DataClientService-thread-1] INFO cn.edu.tsinghua.iot.benchmark.tsdb.DBWrapper -- DataClientService-thread-1 insert one batch latency (device: d_7, sg: g_0) ,0.30, ms, throughput ,169347.43658785237, points/s
11:49:40.306 [DataClientService-thread-1] INFO cn.edu.tsinghua.iot.benchmark.tsdb.DBWrapper -- DataClientService-thread-1 insert one batch latency (device: d_8, sg: g_0) ,0.34, ms, throughput ,146751.07788666707, points/s
11:49:40.306 [DataClientService-thread-1] INFO cn.edu.tsinghua.iot.benchmark.tsdb.DBWrapper -- DataClientService-thread-1 insert one batch latency (device: d_9, sg: g_0) ,0.28, ms, throughput ,181006.6139816749, points/s
11:49:40.307 [DataClientService-thread-1] INFO cn.edu.tsinghua.iot.benchmark.tsdb.DBWrapper -- DataClientService-thread-1 insert one batch latency (device: d_10, sg: g_0) ,0.30, ms, throughput ,169090.29421711192, points/s
11:49:40.307 [DataClientService-thread-1] INFO cn.edu.tsinghua.iot.benchmark.tsdb.DBWrapper -- DataClientService-thread-1 insert one batch latency (device: d_11, sg: g_0) ,0.37, ms, throughput ,134710.61465759255, points/s
11:49:40.307 [DataClientService-thread-1] INFO cn.edu.tsinghua.iot.benchmark.tsdb.DBWrapper -- DataClientService-thread-1 insert one batch latency (device: d_12, sg: g_0) ,0.32, ms, throughput ,156801.74614424506, points/s
11:49:40.308 [DataClientService-thread-1] INFO cn.edu.tsinghua.iot.benchmark.tsdb.DBWrapper -- DataClientService-thread-1 insert one batch latency (device: d_13, sg: g_0) ,0.40, ms, throughput ,125357.58250409292, points/s
11:49:40.308 [DataClientService-thread-1] INFO cn.edu.tsinghua.iot.benchmark.tsdb.DBWrapper -- DataClientService-thread-1 insert one batch latency (device: d_14, sg: g_0) ,0.37, ms, throughput ,133504.57520179218, points/s
11:49:40.309 [DataClientService-thread-1] INFO cn.edu.tsinghua.iot.benchmark.tsdb.DBWrapper -- DataClientService-thread-1 insert one batch latency (device: d_15, sg: g_0) ,0.31, ms, throughput ,160943.515263883, points/s
11:49:40.309 [DataClientService-thread-1] INFO cn.edu.tsinghua.iot.benchmark.tsdb.DBWrapper -- DataClientService-thread-1 insert one batch latency (device: d_16, sg: g_0) ,0.26, ms, throughput ,191875.97137210506, points/s
11:49:40.309 [DataClientService-thread-1] INFO cn.edu.tsinghua.iot.benchmark.tsdb.DBWrapper -- DataClientService-thread-1 insert one batch latency (device: d_17, sg: g_0) ,0.28, ms, throughput ,178788.52892798398, points/s
11:49:40.310 [DataClientService-thread-1] INFO cn.edu.tsinghua.iot.benchmark.tsdb.DBWrapper -- DataClientService-thread-1 insert one batch latency (device: d_18, sg: g_0) ,0.26, ms, throughput ,193439.31228455695, points/s
11:49:40.310 [DataClientService-thread-1] INFO cn.edu.tsinghua.iot.benchmark.tsdb.DBWrapper -- DataClientService-thread-1 insert one batch latency (device: d_19, sg: g_0) ,0.23, ms, throughput ,212926.3317477419, points/s
11:49:40.310 [DataClientService-thread-1] INFO cn.edu.tsinghua.iot.benchmark.tsdb.DBWrapper -- DataClientService-thread-1 insert one batch latency (device: d_0, sg: g_0) ,0.26, ms, throughput ,190148.04927116254, points/s
11:49:40.311 [DataClientService-thread-1] INFO cn.edu.tsinghua.iot.benchmark.tsdb.DBWrapper -- DataClientService-thread-1 insert one batch latency (device: d_1, sg: g_0) ,0.26, ms, throughput ,189182.54223500256, points/s
11:49:40.311 [DataClientService-thread-1] INFO cn.edu.tsinghua.iot.benchmark.tsdb.DBWrapper -- DataClientService-thread-1 insert one batch latency (device: d_2, sg: g_0) ,0.26, ms, throughput ,191031.45523941974, points/s
11:49:40.311 [DataClientService-thread-1] INFO cn.edu.tsinghua.iot.benchmark.tsdb.DBWrapper -- DataClientService-thread-1 insert one batch latency (device: d_3, sg: g_0) ,0.30, ms, throughput ,168376.81383922708, points/s
11:49:40.312 [DataClientService-thread-1] INFO cn.edu.tsinghua.iot.benchmark.tsdb.DBWrapper -- DataClientService-thread-1 insert one batch latency (device: d_4, sg: g_0) ,0.26, ms, throughput ,189048.7821477454, points/s
11:49:40.312 [DataClientService-thread-1] INFO cn.edu.tsinghua.iot.benchmark.tsdb.DBWrapper -- DataClientService-thread-1 insert one batch latency (device: d_5, sg: g_0) ,0.28, ms, throughput ,179742.32140802947, points/s
11:49:40.312 [DataClientService-thread-1] INFO cn.edu.tsinghua.iot.benchmark.tsdb.DBWrapper -- DataClientService-thread-1 insert one batch latency (device: d_6, sg: g_0) ,0.25, ms, throughput ,196739.6308377567, points/s
11:49:40.313 [DataClientService-thread-1] INFO cn.edu.tsinghua.iot.benchmark.tsdb.DBWrapper -- DataClientService-thread-1 insert one batch latency (device: d_7, sg: g_0) ,0.69, ms, throughput ,72608.98608811827, points/s
11:49:40.313 [DataClientService-thread-1] INFO cn.edu.tsinghua.iot.benchmark.tsdb.DBWrapper -- DataClientService-thread-1 insert one batch latency (device: d_8, sg: g_0) ,0.35, ms, throughput ,142978.47030194194, points/s
11:49:40.314 [DataClientService-thread-1] INFO cn.edu.tsinghua.iot.benchmark.tsdb.DBWrapper -- DataClientService-thread-1 insert one batch latency (device: d_9, sg: g_0) ,0.28, ms, throughput ,176725.2805513829, points/s
11:49:40.314 [DataClientService-thread-1] INFO cn.edu.tsinghua.iot.benchmark.tsdb.DBWrapper -- DataClientService-thread-1 insert one batch latency (device: d_10, sg: g_0) ,0.28, ms, throughput ,180659.98706474493, points/s
11:49:40.315 [DataClientService-thread-1] INFO cn.edu.tsinghua.iot.benchmark.tsdb.DBWrapper -- DataClientService-thread-1 insert one batch latency (device: d_11, sg: g_0) ,0.38, ms, throughput ,133178.13641170156, points/s
11:49:40.315 [DataClientService-thread-1] INFO cn.edu.tsinghua.iot.benchmark.tsdb.DBWrapper -- DataClientService-thread-1 insert one batch latency (device: d_12, sg: g_0) ,0.29, ms, throughput ,173893.08357649384, points/s
11:49:40.315 [DataClientService-thread-1] INFO cn.edu.tsinghua.iot.benchmark.tsdb.DBWrapper -- DataClientService-thread-1 insert one batch latency (device: d_13, sg: g_0) ,0.28, ms, throughput ,178109.61578193685, points/s
11:49:40.316 [DataClientService-thread-1] INFO cn.edu.tsinghua.iot.benchmark.tsdb.DBWrapper -- DataClientService-thread-1 insert one batch latency (device: d_14, sg: g_0) ,0.27, ms, throughput ,182665.7509023688, points/s
11:49:40.316 [DataClientService-thread-1] INFO cn.edu.tsinghua.iot.benchmark.tsdb.DBWrapper -- DataClientService-thread-1 insert one batch latency (device: d_15, sg: g_0) ,0.25, ms, throughput ,198069.22123143595, points/s
11:49:40.316 [DataClientService-thread-1] INFO cn.edu.tsinghua.iot.benchmark.tsdb.DBWrapper -- DataClientService-thread-1 insert one batch latency (device: d_16, sg: g_0) ,0.26, ms, throughput ,193254.64004390745, points/s
11:49:40.317 [DataClientService-thread-1] INFO cn.edu.tsinghua.iot.benchmark.tsdb.DBWrapper -- DataClientService-thread-1 insert one batch latency (device: d_17, sg: g_0) ,0.27, ms, throughput ,182681.1009093865, points/s
11:49:40.317 [DataClientService-thread-1] INFO cn.edu.tsinghua.iot.benchmark.tsdb.DBWrapper -- DataClientService-thread-1 insert one batch latency (device: d_18, sg: g_0) ,0.24, ms, throughput ,208516.65422517297, points/s
11:49:40.317 [DataClientService-thread-1] INFO cn.edu.tsinghua.iot.benchmark.tsdb.DBWrapper -- DataClientService-thread-1 insert one batch latency (device: d_19, sg: g_0) ,0.23, ms, throughput ,220297.31325396756, points/s
11:49:40.317 [DataClientService-thread-1] INFO cn.edu.tsinghua.iot.benchmark.tsdb.DBWrapper -- DataClientService-thread-1 insert one batch latency (device: d_0, sg: g_0) ,0.24, ms, throughput ,204909.63485103069, points/s
11:49:40.318 [DataClientService-thread-1] INFO cn.edu.tsinghua.iot.benchmark.tsdb.DBWrapper -- DataClientService-thread-1 insert one batch latency (device: d_1, sg: g_0) ,0.27, ms, throughput ,185301.16999158735, points/s
11:49:40.318 [DataClientService-thread-1] INFO cn.edu.tsinghua.iot.benchmark.tsdb.DBWrapper -- DataClientService-thread-1 insert one batch latency (device: d_2, sg: g_0) ,0.28, ms, throughput ,175824.79410916608, points/s
11:49:40.318 [DataClientService-thread-1] INFO cn.edu.tsinghua.iot.benchmark.tsdb.DBWrapper -- DataClientService-thread-1 insert one batch latency (device: d_3, sg: g_0) ,0.32, ms, throughput ,155253.9488841899, points/s
11:49:40.319 [DataClientService-thread-1] INFO cn.edu.tsinghua.iot.benchmark.tsdb.DBWrapper -- DataClientService-thread-1 insert one batch latency (device: d_4, sg: g_0) ,0.32, ms, throughput ,156998.68749097257, points/s
11:49:40.319 [DataClientService-thread-1] INFO cn.edu.tsinghua.iot.benchmark.tsdb.DBWrapper -- DataClientService-thread-1 insert one batch latency (device: d_5, sg: g_0) ,0.28, ms, throughput ,176115.87015329127, points/s
11:49:40.320 [DataClientService-thread-1] INFO cn.edu.tsinghua.iot.benchmark.tsdb.DBWrapper -- DataClientService-thread-1 insert one batch latency (device: d_6, sg: g_0) ,0.32, ms, throughput ,156271.4873295078, points/s
11:49:40.320 [DataClientService-thread-1] INFO cn.edu.tsinghua.iot.benchmark.tsdb.DBWrapper -- DataClientService-thread-1 insert one batch latency (device: d_7, sg: g_0) ,0.32, ms, throughput ,158504.72978113667, points/s
11:49:40.320 [DataClientService-thread-1] INFO cn.edu.tsinghua.iot.benchmark.tsdb.DBWrapper -- DataClientService-thread-1 insert one batch latency (device: d_8, sg: g_0) ,0.31, ms, throughput ,163258.90903866626, points/s
11:49:40.321 [DataClientService-thread-1] INFO cn.edu.tsinghua.iot.benchmark.tsdb.DBWrapper -- DataClientService-thread-1 insert one batch latency (device: d_9, sg: g_0) ,0.29, ms, throughput ,174951.18861837548, points/s
11:49:40.321 [DataClientService-thread-1] INFO cn.edu.tsinghua.iot.benchmark.tsdb.DBWrapper -- DataClientService-thread-1 insert one batch latency (device: d_10, sg: g_0) ,0.28, ms, throughput ,177125.9542660786, points/s
11:49:40.321 [DataClientService-thread-1] INFO cn.edu.tsinghua.iot.benchmark.tsdb.DBWrapper -- DataClientService-thread-1 insert one batch latency (device: d_11, sg: g_0) ,0.27, ms, throughput ,187648.24211126787, points/s
11:49:40.322 [DataClientService-thread-1] INFO cn.edu.tsinghua.iot.benchmark.tsdb.DBWrapper -- DataClientService-thread-1 insert one batch latency (device: d_12, sg: g_0) ,0.28, ms, throughput ,177333.89134397812, points/s
11:49:40.322 [DataClientService-thread-1] INFO cn.edu.tsinghua.iot.benchmark.tsdb.DBWrapper -- DataClientService-thread-1 insert one batch latency (device: d_13, sg: g_0) ,0.25, ms, throughput ,202697.49830747588, points/s
11:49:40.322 [DataClientService-thread-1] INFO cn.edu.tsinghua.iot.benchmark.tsdb.DBWrapper -- DataClientService-thread-1 insert one batch latency (device: d_14, sg: g_0) ,0.23, ms, throughput ,217115.6618553836, points/s
11:49:40.322 [DataClientService-thread-1] INFO cn.edu.tsinghua.iot.benchmark.tsdb.DBWrapper -- DataClientService-thread-1 insert one batch latency (device: d_15, sg: g_0) ,0.23, ms, throughput ,220381.7894119773, points/s
11:49:40.323 [DataClientService-thread-1] INFO cn.edu.tsinghua.iot.benchmark.tsdb.DBWrapper -- DataClientService-thread-1 insert one batch latency (device: d_16, sg: g_0) ,0.23, ms, throughput ,216998.81952642178, points/s
11:49:40.323 [DataClientService-thread-1] INFO cn.edu.tsinghua.iot.benchmark.tsdb.DBWrapper -- DataClientService-thread-1 insert one batch latency (device: d_17, sg: g_0) ,0.25, ms, throughput ,200277.98584435196, points/s
11:49:40.323 [DataClientService-thread-1] INFO cn.edu.tsinghua.iot.benchmark.tsdb.DBWrapper -- DataClientService-thread-1 insert one batch latency (device: d_18, sg: g_0) ,0.24, ms, throughput ,204471.38014092168, points/s
11:49:40.324 [DataClientService-thread-1] INFO cn.edu.tsinghua.iot.benchmark.tsdb.DBWrapper -- DataClientService-thread-1 insert one batch latency (device: d_19, sg: g_0) ,0.25, ms, throughput ,199979.20216297504, points/s
11:49:40.324 [DataClientService-thread-1] INFO cn.edu.tsinghua.iot.benchmark.tsdb.DBWrapper -- DataClientService-thread-1 insert one batch latency (device: d_0, sg: g_0) ,0.23, ms, throughput ,215814.91712707182, points/s
11:49:40.324 [DataClientService-thread-1] INFO cn.edu.tsinghua.iot.benchmark.tsdb.DBWrapper -- DataClientService-thread-1 insert one batch latency (device: d_1, sg: g_0) ,0.25, ms, throughput ,203632.80931823736, points/s
11:49:40.326 [DataClientService-thread-1] INFO cn.edu.tsinghua.iot.benchmark.tsdb.DBWrapper -- DataClientService-thread-1 insert one batch latency (device: d_2, sg: g_0) ,1.89, ms, throughput ,26506.567001974738, points/s
11:49:40.327 [DataClientService-thread-1] INFO cn.edu.tsinghua.iot.benchmark.tsdb.DBWrapper -- DataClientService-thread-1 insert one batch latency (device: d_3, sg: g_0) ,0.44, ms, throughput ,113602.02484249079, points/s
11:49:40.327 [DataClientService-thread-1] INFO cn.edu.tsinghua.iot.benchmark.tsdb.DBWrapper -- DataClientService-thread-1 insert one batch latency (device: d_4, sg: g_0) ,0.20, ms, throughput ,253250.46977962143, points/s
11:49:40.327 [DataClientService-thread-1] INFO cn.edu.tsinghua.iot.benchmark.tsdb.DBWrapper -- DataClientService-thread-1 insert one batch latency (device: d_5, sg: g_0) ,0.17, ms, throughput ,299815.91302939993, points/s
11:49:40.327 [DataClientService-thread-1] INFO cn.edu.tsinghua.iot.benchmark.tsdb.DBWrapper -- DataClientService-thread-1 insert one batch latency (device: d_6, sg: g_0) ,0.17, ms, throughput ,290653.7383883831, points/s
11:49:40.328 [DataClientService-thread-1] INFO cn.edu.tsinghua.iot.benchmark.tsdb.DBWrapper -- DataClientService-thread-1 insert one batch latency (device: d_7, sg: g_0) ,0.20, ms, throughput ,255520.5208530297, points/s
11:49:40.328 [DataClientService-thread-1] INFO cn.edu.tsinghua.iot.benchmark.tsdb.DBWrapper -- DataClientService-thread-1 insert one batch latency (device: d_8, sg: g_0) ,0.18, ms, throughput ,282206.85762664035, points/s
11:49:40.328 [DataClientService-thread-1] INFO cn.edu.tsinghua.iot.benchmark.tsdb.DBWrapper -- DataClientService-thread-1 insert one batch latency (device: d_9, sg: g_0) ,0.19, ms, throughput ,261613.00111970367, points/s
11:49:40.328 [DataClientService-thread-1] INFO cn.edu.tsinghua.iot.benchmark.tsdb.DBWrapper -- DataClientService-thread-1 insert one batch latency (device: d_10, sg: g_0) ,0.17, ms, throughput ,288605.28609442007, points/s
11:49:40.329 [DataClientService-thread-1] INFO cn.edu.tsinghua.iot.benchmark.tsdb.DBWrapper -- DataClientService-thread-1 insert one batch latency (device: d_11, sg: g_0) ,0.17, ms, throughput ,291526.4910122383, points/s
11:49:40.329 [DataClientService-thread-1] INFO cn.edu.tsinghua.iot.benchmark.tsdb.DBWrapper -- DataClientService-thread-1 insert one batch latency (device: d_12, sg: g_0) ,0.23, ms, throughput ,219572.71150341435, points/s
11:49:40.329 [DataClientService-thread-1] INFO cn.edu.tsinghua.iot.benchmark.tsdb.DBWrapper -- DataClientService-thread-1 insert one batch latency (device: d_13, sg: g_0) ,0.26, ms, throughput ,189522.4413522805, points/s
11:49:40.330 [DataClientService-thread-1] INFO cn.edu.tsinghua.iot.benchmark.tsdb.DBWrapper -- DataClientService-thread-1 insert one batch latency (device: d_14, sg: g_0) ,0.33, ms, throughput ,149966.40752471448, points/s
11:49:40.330 [DataClientService-thread-1] INFO cn.edu.tsinghua.iot.benchmark.tsdb.DBWrapper -- DataClientService-thread-1 insert one batch latency (device: d_15, sg: g_0) ,0.30, ms, throughput ,166120.68335404305, points/s
11:49:40.331 [DataClientService-thread-1] INFO cn.edu.tsinghua.iot.benchmark.tsdb.DBWrapper -- DataClientService-thread-1 insert one batch latency (device: d_16, sg: g_0) ,0.36, ms, throughput ,140085.45212579673, points/s
11:49:40.331 [DataClientService-thread-1] INFO cn.edu.tsinghua.iot.benchmark.tsdb.DBWrapper -- DataClientService-thread-1 insert one batch latency (device: d_17, sg: g_0) ,0.24, ms, throughput ,209962.29077257725, points/s
11:49:40.331 [DataClientService-thread-1] INFO cn.edu.tsinghua.iot.benchmark.tsdb.DBWrapper -- DataClientService-thread-1 insert one batch latency (device: d_18, sg: g_0) ,0.19, ms, throughput ,256524.7058944247, points/s
11:49:40.331 [DataClientService-thread-1] INFO cn.edu.tsinghua.iot.benchmark.tsdb.DBWrapper -- DataClientService-thread-1 insert one batch latency (device: d_19, sg: g_0) ,0.21, ms, throughput ,237310.98180299392, points/s
11:49:40.332 [DataClientService-thread-1] INFO cn.edu.tsinghua.iot.benchmark.tsdb.DBWrapper -- DataClientService-thread-1 insert one batch latency (device: d_0, sg: g_0) ,0.20, ms, throughput ,243932.18685205514, points/s
11:49:40.332 [DataClientService-thread-1] INFO cn.edu.tsinghua.iot.benchmark.tsdb.DBWrapper -- DataClientService-thread-1 insert one batch latency (device: d_1, sg: g_0) ,0.22, ms, throughput ,226708.01820918804, points/s
11:49:40.332 [DataClientService-thread-1] INFO cn.edu.tsinghua.iot.benchmark.tsdb.DBWrapper -- DataClientService-thread-1 insert one batch latency (device: d_2, sg: g_0) ,0.32, ms, throughput ,156019.8706907312, points/s
11:49:40.333 [DataClientService-thread-1] INFO cn.edu.tsinghua.iot.benchmark.tsdb.DBWrapper -- DataClientService-thread-1 insert one batch latency (device: d_3, sg: g_0) ,0.21, ms, throughput ,234918.24844953956, points/s
11:49:40.333 [DataClientService-thread-1] INFO cn.edu.tsinghua.iot.benchmark.tsdb.DBWrapper -- DataClientService-thread-1 insert one batch latency (device: d_4, sg: g_0) ,0.18, ms, throughput ,280119.8913134822, points/s
11:49:40.333 [DataClientService-thread-1] INFO cn.edu.tsinghua.iot.benchmark.tsdb.DBWrapper -- DataClientService-thread-1 insert one batch latency (device: d_5, sg: g_0) ,0.19, ms, throughput ,267827.9687391195, points/s
11:49:40.334 [DataClientService-thread-1] INFO cn.edu.tsinghua.iot.benchmark.tsdb.DBWrapper -- DataClientService-thread-1 insert one batch latency (device: d_6, sg: g_0) ,0.28, ms, throughput ,179211.46953405015, points/s
11:49:40.334 [DataClientService-thread-1] INFO cn.edu.tsinghua.iot.benchmark.tsdb.DBWrapper -- DataClientService-thread-1 insert one batch latency (device: d_7, sg: g_0) ,0.33, ms, throughput ,151746.9104329036, points/s
11:49:40.334 [DataClientService-thread-1] INFO cn.edu.tsinghua.iot.benchmark.tsdb.DBWrapper -- DataClientService-thread-1 insert one batch latency (device: d_8, sg: g_0) ,0.34, ms, throughput ,144946.02210136945, points/s
11:49:40.335 [DataClientService-thread-1] INFO cn.edu.tsinghua.iot.benchmark.tsdb.DBWrapper -- DataClientService-thread-1 insert one batch latency (device: d_9, sg: g_0) ,0.25, ms, throughput ,201587.7047627111, points/s
11:49:40.335 [DataClientService-thread-1] INFO cn.edu.tsinghua.iot.benchmark.tsdb.DBWrapper -- DataClientService-thread-1 insert one batch latency (device: d_10, sg: g_0) ,0.26, ms, throughput ,190248.6168925552, points/s
11:49:40.336 [DataClientService-thread-1] INFO cn.edu.tsinghua.iot.benchmark.tsdb.DBWrapper -- DataClientService-thread-1 insert one batch latency (device: d_11, sg: g_0) ,0.33, ms, throughput ,151290.96581126755, points/s
11:49:40.336 [DataClientService-thread-1] INFO cn.edu.tsinghua.iot.benchmark.tsdb.DBWrapper -- DataClientService-thread-1 insert one batch latency (device: d_12, sg: g_0) ,0.52, ms, throughput ,97054.39899063425, points/s
11:49:40.337 [DataClientService-thread-1] INFO cn.edu.tsinghua.iot.benchmark.tsdb.DBWrapper -- DataClientService-thread-1 insert one batch latency (device: d_13, sg: g_0) ,0.42, ms, throughput ,117679.45528533738, points/s
11:49:40.337 [DataClientService-thread-1] INFO cn.edu.tsinghua.iot.benchmark.tsdb.DBWrapper -- DataClientService-thread-1 insert one batch latency (device: d_14, sg: g_0) ,0.35, ms, throughput ,141858.8617812366, points/s
11:49:40.337 [DataClientService-thread-1] INFO cn.edu.tsinghua.iot.benchmark.tsdb.DBWrapper -- DataClientService-thread-1 insert one batch latency (device: d_15, sg: g_0) ,0.24, ms, throughput ,206594.49632261795, points/s
11:49:40.338 [DataClientService-thread-1] INFO cn.edu.tsinghua.iot.benchmark.tsdb.DBWrapper -- DataClientService-thread-1 insert one batch latency (device: d_16, sg: g_0) ,0.21, ms, throughput ,237456.36739249164, points/s
11:49:40.338 [DataClientService-thread-1] INFO cn.edu.tsinghua.iot.benchmark.tsdb.DBWrapper -- DataClientService-thread-1 insert one batch latency (device: d_17, sg: g_0) ,0.23, ms, throughput ,220649.23831882933, points/s
11:49:40.338 [DataClientService-thread-1] INFO cn.edu.tsinghua.iot.benchmark.tsdb.DBWrapper -- DataClientService-thread-1 insert one batch latency (device: d_18, sg: g_0) ,0.23, ms, throughput ,214262.1454497148, points/s
11:49:40.339 [DataClientService-thread-1] INFO cn.edu.tsinghua.iot.benchmark.tsdb.DBWrapper -- DataClientService-thread-1 insert one batch latency (device: d_19, sg: g_0) ,0.25, ms, throughput ,201274.4699436834, points/s
11:49:40.339 [DataClientService-thread-1] INFO cn.edu.tsinghua.iot.benchmark.tsdb.DBWrapper -- DataClientService-thread-1 insert one batch latency (device: d_0, sg: g_0) ,0.22, ms, throughput ,224583.84613311535, points/s
11:49:40.339 [DataClientService-thread-1] INFO cn.edu.tsinghua.iot.benchmark.tsdb.DBWrapper -- DataClientService-thread-1 insert one batch latency (device: d_1, sg: g_0) ,0.20, ms, throughput ,248441.03252093116, points/s
11:49:40.339 [DataClientService-thread-1] INFO cn.edu.tsinghua.iot.benchmark.tsdb.DBWrapper -- DataClientService-thread-1 insert one batch latency (device: d_2, sg: g_0) ,0.20, ms, throughput ,245567.5065075389, points/s
11:49:40.340 [DataClientService-thread-1] INFO cn.edu.tsinghua.iot.benchmark.tsdb.DBWrapper -- DataClientService-thread-1 insert one batch latency (device: d_3, sg: g_0) ,0.20, ms, throughput ,253410.91086017797, points/s
11:49:40.340 [DataClientService-thread-1] INFO cn.edu.tsinghua.iot.benchmark.tsdb.DBWrapper -- DataClientService-thread-1 insert one batch latency (device: d_4, sg: g_0) ,0.20, ms, throughput ,254818.6201062084, points/s
11:49:40.340 [DataClientService-thread-1] INFO cn.edu.tsinghua.iot.benchmark.tsdb.DBWrapper -- DataClientService-thread-1 insert one batch latency (device: d_5, sg: g_0) ,0.23, ms, throughput ,213369.7484370666, points/s
11:49:40.340 [DataClientService-thread-1] INFO cn.edu.tsinghua.iot.benchmark.tsdb.DBWrapper -- DataClientService-thread-1 insert one batch latency (device: d_6, sg: g_0) ,0.23, ms, throughput ,221700.97858811947, points/s
11:49:40.341 [DataClientService-thread-1] INFO cn.edu.tsinghua.iot.benchmark.tsdb.DBWrapper -- DataClientService-thread-1 insert one batch latency (device: d_7, sg: g_0) ,0.24, ms, throughput ,211462.0911909122, points/s
11:49:40.341 [DataClientService-thread-1] INFO cn.edu.tsinghua.iot.benchmark.tsdb.DBWrapper -- DataClientService-thread-1 insert one batch latency (device: d_8, sg: g_0) ,0.27, ms, throughput ,181853.8913095662, points/s
11:49:40.341 [DataClientService-thread-1] INFO cn.edu.tsinghua.iot.benchmark.tsdb.DBWrapper -- DataClientService-thread-1 insert one batch latency (device: d_9, sg: g_0) ,0.26, ms, throughput ,190677.40053313403, points/s
11:49:40.342 [DataClientService-thread-1] INFO cn.edu.tsinghua.iot.benchmark.tsdb.DBWrapper -- DataClientService-thread-1 insert one batch latency (device: d_10, sg: g_0) ,0.26, ms, throughput ,190598.89986315, points/s
11:49:40.342 [DataClientService-thread-1] INFO cn.edu.tsinghua.iot.benchmark.tsdb.DBWrapper -- DataClientService-thread-1 insert one batch latency (device: d_11, sg: g_0) ,0.27, ms, throughput ,187171.28043872947, points/s
11:49:40.342 [DataClientService-thread-1] INFO cn.edu.tsinghua.iot.benchmark.tsdb.DBWrapper -- DataClientService-thread-1 insert one batch latency (device: d_12, sg: g_0) ,0.16, ms, throughput ,320053.25686194183, points/s
11:49:40.342 [DataClientService-thread-1] INFO cn.edu.tsinghua.iot.benchmark.tsdb.DBWrapper -- DataClientService-thread-1 insert one batch latency (device: d_13, sg: g_0) ,0.15, ms, throughput ,332922.7286346839, points/s
11:49:40.343 [DataClientService-thread-1] INFO cn.edu.tsinghua.iot.benchmark.tsdb.DBWrapper -- DataClientService-thread-1 insert one batch latency (device: d_14, sg: g_0) ,0.16, ms, throughput ,322563.99669694464, points/s
11:49:40.343 [DataClientService-thread-1] INFO cn.edu.tsinghua.iot.benchmark.tsdb.DBWrapper -- DataClientService-thread-1 insert one batch latency (device: d_15, sg: g_0) ,0.16, ms, throughput ,319631.7841846193, points/s
11:49:40.343 [DataClientService-thread-1] INFO cn.edu.tsinghua.iot.benchmark.tsdb.DBWrapper -- DataClientService-thread-1 insert one batch latency (device: d_16, sg: g_0) ,0.14, ms, throughput ,350973.248818975, points/s
11:49:40.343 [DataClientService-thread-1] INFO cn.edu.tsinghua.iot.benchmark.tsdb.DBWrapper -- DataClientService-thread-1 insert one batch latency (device: d_17, sg: g_0) ,0.14, ms, throughput ,347741.4194804743, points/s
11:49:40.343 [DataClientService-thread-1] INFO cn.edu.tsinghua.iot.benchmark.tsdb.DBWrapper -- DataClientService-thread-1 insert one batch latency (device: d_18, sg: g_0) ,0.16, ms, throughput ,318942.64135537867, points/s
11:49:40.344 [DataClientService-thread-1] INFO cn.edu.tsinghua.iot.benchmark.tsdb.DBWrapper -- DataClientService-thread-1 insert one batch latency (device: d_19, sg: g_0) ,0.17, ms, throughput ,287318.3429776524, points/s
11:49:40.344 [DataClientService-thread-1] INFO cn.edu.tsinghua.iot.benchmark.tsdb.DBWrapper -- DataClientService-thread-1 insert one batch latency (device: d_0, sg: g_0) ,0.18, ms, throughput ,278672.6265452397, points/s
11:49:40.344 [DataClientService-thread-1] INFO cn.edu.tsinghua.iot.benchmark.tsdb.DBWrapper -- DataClientService-thread-1 insert one batch latency (device: d_1, sg: g_0) ,0.32, ms, throughput ,157243.5828893823, points/s
11:49:40.344 [DataClientService-thread-1] INFO cn.edu.tsinghua.iot.benchmark.tsdb.DBWrapper -- DataClientService-thread-1 insert one batch latency (device: d_2, sg: g_0) ,0.16, ms, throughput ,310414.4032283098, points/s
11:49:40.345 [DataClientService-thread-1] INFO cn.edu.tsinghua.iot.benchmark.tsdb.DBWrapper -- DataClientService-thread-1 insert one batch latency (device: d_3, sg: g_0) ,0.13, ms, throughput ,380627.57875184604, points/s
11:49:40.345 [DataClientService-thread-1] INFO cn.edu.tsinghua.iot.benchmark.tsdb.DBWrapper -- DataClientService-thread-1 insert one batch latency (device: d_4, sg: g_0) ,0.21, ms, throughput ,239258.49008752077, points/s
11:49:40.345 [DataClientService-thread-1] INFO cn.edu.tsinghua.iot.benchmark.tsdb.DBWrapper -- DataClientService-thread-1 insert one batch latency (device: d_5, sg: g_0) ,0.19, ms, throughput ,267558.52842809365, points/s
11:49:40.345 [DataClientService-thread-1] INFO cn.edu.tsinghua.iot.benchmark.tsdb.DBWrapper -- DataClientService-thread-1 insert one batch latency (device: d_6, sg: g_0) ,0.18, ms, throughput ,282776.64038729086, points/s
11:49:40.346 [DataClientService-thread-1] INFO cn.edu.tsinghua.iot.benchmark.tsdb.DBWrapper -- DataClientService-thread-1 insert one batch latency (device: d_7, sg: g_0) ,0.20, ms, throughput ,248024.48497715694, points/s
11:49:40.346 [DataClientService-thread-1] INFO cn.edu.tsinghua.iot.benchmark.tsdb.DBWrapper -- DataClientService-thread-1 insert one batch latency (device: d_8, sg: g_0) ,0.17, ms, throughput ,288225.96915982134, points/s
11:49:40.346 [DataClientService-thread-1] INFO cn.edu.tsinghua.iot.benchmark.tsdb.DBWrapper -- DataClientService-thread-1 insert one batch latency (device: d_9, sg: g_0) ,0.15, ms, throughput ,338192.0254320403, points/s
11:49:40.346 [DataClientService-thread-1] INFO cn.edu.tsinghua.iot.benchmark.tsdb.DBWrapper -- DataClientService-thread-1 insert one batch latency (device: d_10, sg: g_0) ,0.14, ms, throughput ,349101.0647582475, points/s
11:49:40.346 [DataClientService-thread-1] INFO cn.edu.tsinghua.iot.benchmark.tsdb.DBWrapper -- DataClientService-thread-1 insert one batch latency (device: d_11, sg: g_0) ,0.15, ms, throughput ,341106.002101213, points/s
11:49:40.347 [DataClientService-thread-1] INFO cn.edu.tsinghua.iot.benchmark.tsdb.DBWrapper -- DataClientService-thread-1 insert one batch latency (device: d_12, sg: g_0) ,0.14, ms, throughput ,352858.15102328866, points/s
11:49:40.347 [DataClientService-thread-1] INFO cn.edu.tsinghua.iot.benchmark.tsdb.DBWrapper -- DataClientService-thread-1 insert one batch latency (device: d_13, sg: g_0) ,0.17, ms, throughput ,301074.23286285467, points/s
11:49:40.347 [DataClientService-thread-1] INFO cn.edu.tsinghua.iot.benchmark.tsdb.DBWrapper -- DataClientService-thread-1 insert one batch latency (device: d_14, sg: g_0) ,0.33, ms, throughput ,152983.32787692797, points/s
11:49:40.347 [DataClientService-thread-1] INFO cn.edu.tsinghua.iot.benchmark.tsdb.DBWrapper -- DataClientService-thread-1 insert one batch latency (device: d_15, sg: g_0) ,0.21, ms, throughput ,237319.99278547222, points/s
11:49:40.348 [DataClientService-thread-1] INFO cn.edu.tsinghua.iot.benchmark.tsdb.DBWrapper -- DataClientService-thread-1 insert one batch latency (device: d_16, sg: g_0) ,0.19, ms, throughput ,264411.76315051905, points/s
11:49:40.348 [DataClientService-thread-1] INFO cn.edu.tsinghua.iot.benchmark.tsdb.DBWrapper -- DataClientService-thread-1 insert one batch latency (device: d_17, sg: g_0) ,0.18, ms, throughput ,279122.2164536964, points/s
11:49:40.348 [DataClientService-thread-1] INFO cn.edu.tsinghua.iot.benchmark.tsdb.DBWrapper -- DataClientService-thread-1 insert one batch latency (device: d_18, sg: g_0) ,0.22, ms, throughput ,231094.18474593505, points/s
11:49:40.348 [DataClientService-thread-1] INFO cn.edu.tsinghua.iot.benchmark.tsdb.DBWrapper -- DataClientService-thread-1 insert one batch latency (device: d_19, sg: g_0) ,0.23, ms, throughput ,216329.40911785193, points/s
11:49:40.349 [DataClientService-thread-1] INFO cn.edu.tsinghua.iot.benchmark.tsdb.DBWrapper -- DataClientService-thread-1 insert one batch latency (device: d_0, sg: g_0) ,0.25, ms, throughput ,199085.00531556964, points/s
11:49:40.349 [DataClientService-thread-1] INFO cn.edu.tsinghua.iot.benchmark.tsdb.DBWrapper -- DataClientService-thread-1 insert one batch latency (device: d_1, sg: g_0) ,0.22, ms, throughput ,230168.66759961698, points/s
11:49:40.349 [DataClientService-thread-1] INFO cn.edu.tsinghua.iot.benchmark.tsdb.DBWrapper -- DataClientService-thread-1 insert one batch latency (device: d_2, sg: g_0) ,0.27, ms, throughput ,187239.97049098063, points/s
11:49:40.350 [DataClientService-thread-1] INFO cn.edu.tsinghua.iot.benchmark.tsdb.DBWrapper -- DataClientService-thread-1 insert one batch latency (device: d_3, sg: g_0) ,0.21, ms, throughput ,238401.75463691412, points/s
11:49:40.350 [DataClientService-thread-1] INFO cn.edu.tsinghua.iot.benchmark.tsdb.DBWrapper -- DataClientService-thread-1 insert one batch latency (device: d_4, sg: g_0) ,0.24, ms, throughput ,206768.78287623648, points/s
11:49:40.350 [DataClientService-thread-1] INFO cn.edu.tsinghua.iot.benchmark.tsdb.DBWrapper -- DataClientService-thread-1 insert one batch latency (device: d_5, sg: g_0) ,0.25, ms, throughput ,196349.47064182715, points/s
11:49:40.351 [DataClientService-thread-1] INFO cn.edu.tsinghua.iot.benchmark.tsdb.DBWrapper -- DataClientService-thread-1 insert one batch latency (device: d_6, sg: g_0) ,0.21, ms, throughput ,238841.3329257108, points/s
11:49:40.351 [DataClientService-thread-1] INFO cn.edu.tsinghua.iot.benchmark.tsdb.DBWrapper -- DataClientService-thread-1 insert one batch latency (device: d_7, sg: g_0) ,0.16, ms, throughput ,303309.71561681066, points/s
11:49:40.351 [DataClientService-thread-1] INFO cn.edu.tsinghua.iot.benchmark.tsdb.DBWrapper -- DataClientService-thread-1 insert one batch latency (device: d_8, sg: g_0) ,0.16, ms, throughput ,306897.20784920297, points/s
11:49:40.351 [DataClientService-thread-1] INFO cn.edu.tsinghua.iot.benchmark.tsdb.DBWrapper -- DataClientService-thread-1 insert one batch latency (device: d_9, sg: g_0) ,0.18, ms, throughput ,277460.2399476155, points/s
11:49:40.351 [DataClientService-thread-1] INFO cn.edu.tsinghua.iot.benchmark.tsdb.DBWrapper -- DataClientService-thread-1 insert one batch latency (device: d_10, sg: g_0) ,0.18, ms, throughput ,274929.20572952466, points/s
11:49:40.352 [DataClientService-thread-1] INFO cn.edu.tsinghua.iot.benchmark.tsdb.DBWrapper -- DataClientService-thread-1 insert one batch latency (device: d_11, sg: g_0) ,0.16, ms, throughput ,306729.64848782285, points/s
11:49:40.352 [DataClientService-thread-1] INFO cn.edu.tsinghua.iot.benchmark.tsdb.DBWrapper -- DataClientService-thread-1 insert one batch latency (device: d_12, sg: g_0) ,0.18, ms, throughput ,276690.99702833866, points/s
11:49:40.352 [DataClientService-thread-1] INFO cn.edu.tsinghua.iot.benchmark.tsdb.DBWrapper -- DataClientService-thread-1 insert one batch latency (device: d_13, sg: g_0) ,0.25, ms, throughput ,197508.2360934451, points/s
11:49:40.352 [DataClientService-thread-1] INFO cn.edu.tsinghua.iot.benchmark.tsdb.DBWrapper -- DataClientService-thread-1 insert one batch latency (device: d_14, sg: g_0) ,0.20, ms, throughput ,247136.91879575123, points/s
11:49:40.354 [DataClientService-thread-1] INFO cn.edu.tsinghua.iot.benchmark.tsdb.DBWrapper -- DataClientService-thread-1 insert one batch latency (device: d_15, sg: g_0) ,1.02, ms, throughput ,49212.695300581305, points/s
11:49:40.354 [DataClientService-thread-1] INFO cn.edu.tsinghua.iot.benchmark.tsdb.DBWrapper -- DataClientService-thread-1 insert one batch latency (device: d_16, sg: g_0) ,0.25, ms, throughput ,196357.95269344203, points/s
11:49:40.354 [DataClientService-thread-1] INFO cn.edu.tsinghua.iot.benchmark.tsdb.DBWrapper -- DataClientService-thread-1 insert one batch latency (device: d_17, sg: g_0) ,0.16, ms, throughput ,313483.5546527229, points/s
11:49:40.354 [DataClientService-thread-1] INFO cn.edu.tsinghua.iot.benchmark.tsdb.DBWrapper -- DataClientService-thread-1 insert one batch latency (device: d_18, sg: g_0) ,0.15, ms, throughput ,334077.21192522015, points/s
11:49:40.354 [DataClientService-thread-1] INFO cn.edu.tsinghua.iot.benchmark.tsdb.DBWrapper -- DataClientService-thread-1 insert one batch latency (device: d_19, sg: g_0) ,0.20, ms, throughput ,253446.87753446877, points/s
11:49:40.355 [DataClientService-thread-1] INFO cn.edu.tsinghua.iot.benchmark.tsdb.DBWrapper -- DataClientService-thread-1 insert one batch latency (device: d_0, sg: g_0) ,0.21, ms, throughput ,242929.53585882878, points/s
11:49:40.355 [DataClientService-thread-1] INFO cn.edu.tsinghua.iot.benchmark.tsdb.DBWrapper -- DataClientService-thread-1 insert one batch latency (device: d_1, sg: g_0) ,0.19, ms, throughput ,263005.62832044606, points/s
11:49:40.355 [DataClientService-thread-1] INFO cn.edu.tsinghua.iot.benchmark.tsdb.DBWrapper -- DataClientService-thread-1 insert one batch latency (device: d_2, sg: g_0) ,0.19, ms, throughput ,266012.6302796857, points/s
11:49:40.355 [DataClientService-thread-1] INFO cn.edu.tsinghua.iot.benchmark.tsdb.DBWrapper -- DataClientService-thread-1 insert one batch latency (device: d_3, sg: g_0) ,0.18, ms, throughput ,278339.09495259885, points/s
11:49:40.356 [DataClientService-thread-1] INFO cn.edu.tsinghua.iot.benchmark.tsdb.DBWrapper -- DataClientService-thread-1 insert one batch latency (device: d_4, sg: g_0) ,0.16, ms, throughput ,315161.1418918493, points/s
11:49:40.356 [DataClientService-thread-1] INFO cn.edu.tsinghua.iot.benchmark.tsdb.DBWrapper -- DataClientService-thread-1 insert one batch latency (device: d_5, sg: g_0) ,0.15, ms, throughput ,331521.0184325686, points/s
11:49:40.356 [DataClientService-thread-1] INFO cn.edu.tsinghua.iot.benchmark.tsdb.DBWrapper -- DataClientService-thread-1 insert one batch latency (device: d_6, sg: g_0) ,0.16, ms, throughput ,315163.1284352781, points/s
11:49:40.356 [DataClientService-thread-1] INFO cn.edu.tsinghua.iot.benchmark.tsdb.DBWrapper -- DataClientService-thread-1 insert one batch latency (device: d_7, sg: g_0) ,0.15, ms, throughput ,323762.9019516428, points/s
11:49:40.357 [DataClientService-thread-1] INFO cn.edu.tsinghua.iot.benchmark.tsdb.DBWrapper -- DataClientService-thread-1 insert one batch latency (device: d_8, sg: g_0) ,0.17, ms, throughput ,298313.3363960169, points/s
11:49:40.357 [DataClientService-thread-1] INFO cn.edu.tsinghua.iot.benchmark.tsdb.DBWrapper -- DataClientService-thread-1 insert one batch latency (device: d_9, sg: g_0) ,0.17, ms, throughput ,295454.14256253286, points/s
11:49:40.357 [DataClientService-thread-1] INFO cn.edu.tsinghua.iot.benchmark.tsdb.DBWrapper -- DataClientService-thread-1 insert one batch latency (device: d_10, sg: g_0) ,0.18, ms, throughput ,281545.7990551323, points/s
11:49:40.357 [DataClientService-thread-1] INFO cn.edu.tsinghua.iot.benchmark.tsdb.DBWrapper -- DataClientService-thread-1 insert one batch latency (device: d_11, sg: g_0) ,0.13, ms, throughput ,371890.9913126264, points/s
11:49:40.357 [DataClientService-thread-1] INFO cn.edu.tsinghua.iot.benchmark.tsdb.DBWrapper -- DataClientService-thread-1 insert one batch latency (device: d_12, sg: g_0) ,0.16, ms, throughput ,303953.215521067, points/s
11:49:40.358 [DataClientService-thread-1] INFO cn.edu.tsinghua.iot.benchmark.tsdb.DBWrapper -- DataClientService-thread-1 insert one batch latency (device: d_13, sg: g_0) ,0.15, ms, throughput ,325775.34532186604, points/s
11:49:40.358 [DataClientService-thread-1] INFO cn.edu.tsinghua.iot.benchmark.tsdb.DBWrapper -- DataClientService-thread-1 insert one batch latency (device: d_14, sg: g_0) ,0.15, ms, throughput ,329552.27028559, points/s
11:49:40.358 [DataClientService-thread-1] INFO cn.edu.tsinghua.iot.benchmark.tsdb.DBWrapper -- DataClientService-thread-1 insert one batch latency (device: d_15, sg: g_0) ,0.17, ms, throughput ,287908.9746985593, points/s
11:49:40.358 [DataClientService-thread-1] INFO cn.edu.tsinghua.iot.benchmark.tsdb.DBWrapper -- DataClientService-thread-1 insert one batch latency (device: d_16, sg: g_0) ,0.16, ms, throughput ,316489.7488970332, points/s
11:49:40.358 [DataClientService-thread-1] INFO cn.edu.tsinghua.iot.benchmark.tsdb.DBWrapper -- DataClientService-thread-1 insert one batch latency (device: d_17, sg: g_0) ,0.15, ms, throughput ,327533.80148831365, points/s
11:49:40.359 [DataClientService-thread-1] INFO cn.edu.tsinghua.iot.benchmark.tsdb.DBWrapper -- DataClientService-thread-1 insert one batch latency (device: d_18, sg: g_0) ,0.16, ms, throughput ,320716.35204392526, points/s
11:49:40.359 [DataClientService-thread-1] INFO cn.edu.tsinghua.iot.benchmark.tsdb.DBWrapper -- DataClientService-thread-1 insert one batch latency (device: d_19, sg: g_0) ,0.26, ms, throughput ,193408.6337614111, points/s
11:49:40.359 [DataClientService-thread-1] INFO cn.edu.tsinghua.iot.benchmark.tsdb.DBWrapper -- DataClientService-thread-1 insert one batch latency (device: d_0, sg: g_0) ,0.32, ms, throughput ,156907.04826460805, points/s
11:49:40.360 [DataClientService-thread-1] INFO cn.edu.tsinghua.iot.benchmark.tsdb.DBWrapper -- DataClientService-thread-1 insert one batch latency (device: d_1, sg: g_0) ,0.21, ms, throughput ,243892.92125185358, points/s
11:49:40.360 [DataClientService-thread-1] INFO cn.edu.tsinghua.iot.benchmark.tsdb.DBWrapper -- DataClientService-thread-1 insert one batch latency (device: d_2, sg: g_0) ,0.18, ms, throughput ,281823.5108445687, points/s
11:49:40.360 [DataClientService-thread-1] INFO cn.edu.tsinghua.iot.benchmark.tsdb.DBWrapper -- DataClientService-thread-1 insert one batch latency (device: d_3, sg: g_0) ,0.18, ms, throughput ,273711.6393137502, points/s
11:49:40.360 [DataClientService-thread-1] INFO cn.edu.tsinghua.iot.benchmark.tsdb.DBWrapper -- DataClientService-thread-1 insert one batch latency (device: d_4, sg: g_0) ,0.17, ms, throughput ,289472.46537909313, points/s
11:49:40.361 [DataClientService-thread-1] INFO cn.edu.tsinghua.iot.benchmark.tsdb.DBWrapper -- DataClientService-thread-1 insert one batch latency (device: d_5, sg: g_0) ,0.25, ms, throughput ,203937.62771593936, points/s
11:49:40.361 [DataClientService-thread-1] INFO cn.edu.tsinghua.iot.benchmark.tsdb.DBWrapper -- DataClientService-thread-1 insert one batch latency (device: d_6, sg: g_0) ,0.23, ms, throughput ,221135.2197641814, points/s
11:49:40.361 [DataClientService-thread-1] INFO cn.edu.tsinghua.iot.benchmark.tsdb.DBWrapper -- DataClientService-thread-1 insert one batch latency (device: d_7, sg: g_0) ,0.22, ms, throughput ,229744.56998708835, points/s
11:49:40.362 [DataClientService-thread-1] INFO cn.edu.tsinghua.iot.benchmark.tsdb.DBWrapper -- DataClientService-thread-1 insert one batch latency (device: d_8, sg: g_0) ,0.37, ms, throughput ,134949.12418018407, points/s
11:49:40.362 [DataClientService-thread-1] INFO cn.edu.tsinghua.iot.benchmark.tsdb.DBWrapper -- DataClientService-thread-1 insert one batch latency (device: d_9, sg: g_0) ,0.29, ms, throughput ,173558.681925946, points/s
11:49:40.362 [DataClientService-thread-1] INFO cn.edu.tsinghua.iot.benchmark.tsdb.DBWrapper -- DataClientService-thread-1 insert one batch latency (device: d_10, sg: g_0) ,0.25, ms, throughput ,203326.42023504534, points/s
11:49:40.362 [DataClientService-thread-1] INFO cn.edu.tsinghua.iot.benchmark.tsdb.DBWrapper -- DataClientService-thread-1 insert one batch latency (device: d_11, sg: g_0) ,0.24, ms, throughput ,210652.2636692254, points/s
11:49:40.363 [DataClientService-thread-1] INFO cn.edu.tsinghua.iot.benchmark.tsdb.DBWrapper -- DataClientService-thread-1 insert one batch latency (device: d_12, sg: g_0) ,0.27, ms, throughput ,182476.42404601327, points/s
11:49:40.363 [DataClientService-thread-1] INFO cn.edu.tsinghua.iot.benchmark.tsdb.DBWrapper -- DataClientService-thread-1 insert one batch latency (device: d_13, sg: g_0) ,0.29, ms, throughput ,170839.12762707868, points/s
11:49:40.363 [DataClientService-thread-1] INFO cn.edu.tsinghua.iot.benchmark.tsdb.DBWrapper -- DataClientService-thread-1 insert one batch latency (device: d_14, sg: g_0) ,0.35, ms, throughput ,142863.67376794366, points/s
11:49:40.364 [DataClientService-thread-1] INFO cn.edu.tsinghua.iot.benchmark.tsdb.DBWrapper -- DataClientService-thread-1 insert one batch latency (device: d_15, sg: g_0) ,0.30, ms, throughput ,164748.98844121097, points/s
11:49:40.364 [DataClientService-thread-1] INFO cn.edu.tsinghua.iot.benchmark.tsdb.DBWrapper -- DataClientService-thread-1 insert one batch latency (device: d_16, sg: g_0) ,0.33, ms, throughput ,151070.18116336127, points/s
11:49:40.365 [DataClientService-thread-1] INFO cn.edu.tsinghua.iot.benchmark.tsdb.DBWrapper -- DataClientService-thread-1 insert one batch latency (device: d_17, sg: g_0) ,0.39, ms, throughput ,129261.09189429546, points/s
11:49:40.365 [DataClientService-thread-1] INFO cn.edu.tsinghua.iot.benchmark.tsdb.DBWrapper -- DataClientService-thread-1 insert one batch latency (device: d_18, sg: g_0) ,0.30, ms, throughput ,168889.81965945056, points/s
11:49:40.365 [DataClientService-thread-1] INFO cn.edu.tsinghua.iot.benchmark.tsdb.DBWrapper -- DataClientService-thread-1 insert one batch latency (device: d_19, sg: g_0) ,0.36, ms, throughput ,140208.405774343, points/s
11:49:40.366 [DataClientService-thread-1] INFO cn.edu.tsinghua.iot.benchmark.tsdb.DBWrapper -- DataClientService-thread-1 insert one batch latency (device: d_0, sg: g_0) ,0.27, ms, throughput ,185991.8386781188, points/s
11:49:40.366 [DataClientService-thread-1] INFO cn.edu.tsinghua.iot.benchmark.tsdb.DBWrapper -- DataClientService-thread-1 insert one batch latency (device: d_1, sg: g_0) ,0.24, ms, throughput ,206138.81387726497, points/s
11:49:40.366 [DataClientService-thread-1] INFO cn.edu.tsinghua.iot.benchmark.tsdb.DBWrapper -- DataClientService-thread-1 insert one batch latency (device: d_2, sg: g_0) ,0.23, ms, throughput ,222031.76830540915, points/s
11:49:40.367 [DataClientService-thread-1] INFO cn.edu.tsinghua.iot.benchmark.tsdb.DBWrapper -- DataClientService-thread-1 insert one batch latency (device: d_3, sg: g_0) ,0.29, ms, throughput ,174477.44006699935, points/s
11:49:40.367 [DataClientService-thread-1] INFO cn.edu.tsinghua.iot.benchmark.tsdb.DBWrapper -- DataClientService-thread-1 insert one batch latency (device: d_4, sg: g_0) ,0.27, ms, throughput ,182421.83224488306, points/s
11:49:40.367 [DataClientService-thread-1] INFO cn.edu.tsinghua.iot.benchmark.tsdb.DBWrapper -- DataClientService-thread-1 insert one batch latency (device: d_5, sg: g_0) ,0.32, ms, throughput ,154662.7732891204, points/s
11:49:40.368 [DataClientService-thread-1] INFO cn.edu.tsinghua.iot.benchmark.tsdb.DBWrapper -- DataClientService-thread-1 insert one batch latency (device: d_6, sg: g_0) ,0.27, ms, throughput ,182100.27169360538, points/s
11:49:40.368 [DataClientService-thread-1] INFO cn.edu.tsinghua.iot.benchmark.tsdb.DBWrapper -- DataClientService-thread-1 insert one batch latency (device: d_7, sg: g_0) ,0.26, ms, throughput ,195192.79192057994, points/s
11:49:40.368 [DataClientService-thread-1] INFO cn.edu.tsinghua.iot.benchmark.tsdb.DBWrapper -- DataClientService-thread-1 insert one batch latency (device: d_8, sg: g_0) ,0.22, ms, throughput ,227837.14201089062, points/s
11:49:40.368 [DataClientService-thread-1] INFO cn.edu.tsinghua.iot.benchmark.tsdb.DBWrapper -- DataClientService-thread-1 insert one batch latency (device: d_9, sg: g_0) ,0.23, ms, throughput ,220793.44331790725, points/s
11:49:40.369 [DataClientService-thread-1] INFO cn.edu.tsinghua.iot.benchmark.tsdb.DBWrapper -- DataClientService-thread-1 insert one batch latency (device: d_10, sg: g_0) ,0.24, ms, throughput ,210186.47744278723, points/s
11:49:40.369 [DataClientService-thread-1] INFO cn.edu.tsinghua.iot.benchmark.tsdb.DBWrapper -- DataClientService-thread-1 insert one batch latency (device: d_11, sg: g_0) ,0.24, ms, throughput ,211432.58260671003, points/s
11:49:40.369 [DataClientService-thread-1] INFO cn.edu.tsinghua.iot.benchmark.tsdb.DBWrapper -- DataClientService-thread-1 insert one batch latency (device: d_12, sg: g_0) ,0.21, ms, throughput ,235813.46211892544, points/s
11:49:40.369 [DataClientService-thread-1] INFO cn.edu.tsinghua.iot.benchmark.tsdb.DBWrapper -- DataClientService-thread-1 insert one batch latency (device: d_13, sg: g_0) ,0.23, ms, throughput ,218603.12602470216, points/s
11:49:40.370 [DataClientService-thread-1] INFO cn.edu.tsinghua.iot.benchmark.tsdb.DBWrapper -- DataClientService-thread-1 insert one batch latency (device: d_14, sg: g_0) ,0.25, ms, throughput ,197563.64512827806, points/s
11:49:40.370 [DataClientService-thread-1] INFO cn.edu.tsinghua.iot.benchmark.tsdb.DBWrapper -- DataClientService-thread-1 insert one batch latency (device: d_15, sg: g_0) ,0.24, ms, throughput ,211947.03019821286, points/s
11:49:40.370 [DataClientService-thread-1] INFO cn.edu.tsinghua.iot.benchmark.tsdb.DBWrapper -- DataClientService-thread-1 insert one batch latency (device: d_16, sg: g_0) ,0.22, ms, throughput ,232236.24929167944, points/s
11:49:40.370 [DataClientService-thread-1] INFO cn.edu.tsinghua.iot.benchmark.tsdb.DBWrapper -- DataClientService-thread-1 insert one batch latency (device: d_17, sg: g_0) ,0.24, ms, throughput ,205171.97514957038, points/s
11:49:40.371 [DataClientService-thread-1] INFO cn.edu.tsinghua.iot.benchmark.tsdb.DBWrapper -- DataClientService-thread-1 insert one batch latency (device: d_18, sg: g_0) ,0.22, ms, throughput ,222932.6342165924, points/s
11:49:40.371 [DataClientService-thread-1] INFO cn.edu.tsinghua.iot.benchmark.tsdb.DBWrapper -- DataClientService-thread-1 insert one batch latency (device: d_19, sg: g_0) ,0.25, ms, throughput ,198812.69061166712, points/s
11:49:40.371 [DataClientService-thread-1] INFO cn.edu.tsinghua.iot.benchmark.tsdb.DBWrapper -- DataClientService-thread-1 insert one batch latency (device: d_0, sg: g_0) ,0.23, ms, throughput ,220157.63286513143, points/s
11:49:40.371 [DataClientService-thread-1] INFO cn.edu.tsinghua.iot.benchmark.tsdb.DBWrapper -- DataClientService-thread-1 insert one batch latency (device: d_1, sg: g_0) ,0.22, ms, throughput ,229178.03007732466, points/s
11:49:40.372 [DataClientService-thread-1] INFO cn.edu.tsinghua.iot.benchmark.tsdb.DBWrapper -- DataClientService-thread-1 insert one batch latency (device: d_2, sg: g_0) ,0.22, ms, throughput ,223407.77280323138, points/s
11:49:40.372 [DataClientService-thread-1] INFO cn.edu.tsinghua.iot.benchmark.tsdb.DBWrapper -- DataClientService-thread-1 insert one batch latency (device: d_3, sg: g_0) ,0.21, ms, throughput ,239935.88913042436, points/s
11:49:40.372 [DataClientService-thread-1] INFO cn.edu.tsinghua.iot.benchmark.tsdb.DBWrapper -- DataClientService-thread-1 insert one batch latency (device: d_4, sg: g_0) ,0.23, ms, throughput ,219970.69990277293, points/s
11:49:40.372 [DataClientService-thread-1] INFO cn.edu.tsinghua.iot.benchmark.tsdb.DBWrapper -- DataClientService-thread-1 insert one batch latency (device: d_5, sg: g_0) ,0.23, ms, throughput ,214225.42513035616, points/s
11:49:40.373 [DataClientService-thread-1] INFO cn.edu.tsinghua.iot.benchmark.tsdb.DBWrapper -- DataClientService-thread-1 insert one batch latency (device: d_6, sg: g_0) ,0.24, ms, throughput ,207572.23513782796, points/s
11:49:40.373 [DataClientService-thread-1] INFO cn.edu.tsinghua.iot.benchmark.tsdb.DBWrapper -- DataClientService-thread-1 insert one batch latency (device: d_7, sg: g_0) ,0.22, ms, throughput ,230603.90550774368, points/s
11:49:40.373 [DataClientService-thread-1] INFO cn.edu.tsinghua.iot.benchmark.tsdb.DBWrapper -- DataClientService-thread-1 insert one batch latency (device: d_8, sg: g_0) ,0.23, ms, throughput ,217560.62326767354, points/s
11:49:40.374 [DataClientService-thread-1] INFO cn.edu.tsinghua.iot.benchmark.tsdb.DBWrapper -- DataClientService-thread-1 insert one batch latency (device: d_9, sg: g_0) ,0.30, ms, throughput ,168401.199016537, points/s
11:49:40.374 [DataClientService-thread-1] INFO cn.edu.tsinghua.iot.benchmark.tsdb.DBWrapper -- DataClientService-thread-1 insert one batch latency (device: d_10, sg: g_0) ,0.21, ms, throughput ,241657.96697985538, points/s
11:49:40.374 [DataClientService-thread-1] INFO cn.edu.tsinghua.iot.benchmark.tsdb.DBWrapper -- DataClientService-thread-1 insert one batch latency (device: d_11, sg: g_0) ,0.17, ms, throughput ,291465.312713134, points/s
11:49:40.374 [DataClientService-thread-1] INFO cn.edu.tsinghua.iot.benchmark.tsdb.DBWrapper -- DataClientService-thread-1 insert one batch latency (device: d_12, sg: g_0) ,0.19, ms, throughput ,260264.8455067877, points/s
11:49:40.374 [DataClientService-thread-1] INFO cn.edu.tsinghua.iot.benchmark.tsdb.DBWrapper -- DataClientService-thread-1 insert one batch latency (device: d_13, sg: g_0) ,0.17, ms, throughput ,289972.7425621991, points/s
11:49:40.375 [DataClientService-thread-1] INFO cn.edu.tsinghua.iot.benchmark.tsdb.DBWrapper -- DataClientService-thread-1 insert one batch latency (device: d_14, sg: g_0) ,0.16, ms, throughput ,309247.1069933141, points/s
11:49:40.375 [DataClientService-thread-1] INFO cn.edu.tsinghua.iot.benchmark.tsdb.DBWrapper -- DataClientService-thread-1 insert one batch latency (device: d_15, sg: g_0) ,0.16, ms, throughput ,316287.54333139345, points/s
11:49:40.375 [DataClientService-thread-1] INFO cn.edu.tsinghua.iot.benchmark.tsdb.DBWrapper -- DataClientService-thread-1 insert one batch latency (device: d_16, sg: g_0) ,0.19, ms, throughput ,263030.5325842224, points/s
11:49:40.375 [DataClientService-thread-1] INFO cn.edu.tsinghua.iot.benchmark.tsdb.DBWrapper -- DataClientService-thread-1 insert one batch latency (device: d_17, sg: g_0) ,0.14, ms, throughput ,352308.6787719929, points/s
11:49:40.375 [DataClientService-thread-1] INFO cn.edu.tsinghua.iot.benchmark.tsdb.DBWrapper -- DataClientService-thread-1 insert one batch latency (device: d_18, sg: g_0) ,0.15, ms, throughput ,324751.2405497389, points/s
11:49:40.376 [DataClientService-thread-1] INFO cn.edu.tsinghua.iot.benchmark.tsdb.DBWrapper -- DataClientService-thread-1 insert one batch latency (device: d_19, sg: g_0) ,0.20, ms, throughput ,252167.37861923227, points/s
11:49:40.376 [DataClientService-thread-1] INFO cn.edu.tsinghua.iot.benchmark.tsdb.DBWrapper -- DataClientService-thread-1 insert one batch latency (device: d_0, sg: g_0) ,0.13, ms, throughput ,381106.275295929, points/s
11:49:40.376 [DataClientService-thread-1] INFO cn.edu.tsinghua.iot.benchmark.tsdb.DBWrapper -- DataClientService-thread-1 insert one batch latency (device: d_1, sg: g_0) ,0.18, ms, throughput ,285662.0503679327, points/s
11:49:40.376 [DataClientService-thread-1] INFO cn.edu.tsinghua.iot.benchmark.tsdb.DBWrapper -- DataClientService-thread-1 insert one batch latency (device: d_2, sg: g_0) ,0.13, ms, throughput ,380818.91299049475, points/s
11:49:40.376 [DataClientService-thread-1] INFO cn.edu.tsinghua.iot.benchmark.tsdb.DBWrapper -- DataClientService-thread-1 insert one batch latency (device: d_3, sg: g_0) ,0.19, ms, throughput ,259453.1764852397, points/s
11:49:40.377 [DataClientService-thread-1] INFO cn.edu.tsinghua.iot.benchmark.tsdb.DBWrapper -- DataClientService-thread-1 insert one batch latency (device: d_4, sg: g_0) ,0.14, ms, throughput ,363055.4748765611, points/s
11:49:40.377 [DataClientService-thread-1] INFO cn.edu.tsinghua.iot.benchmark.tsdb.DBWrapper -- DataClientService-thread-1 insert one batch latency (device: d_5, sg: g_0) ,0.18, ms, throughput ,279881.55412629375, points/s
11:49:40.377 [DataClientService-thread-1] INFO cn.edu.tsinghua.iot.benchmark.tsdb.DBWrapper -- DataClientService-thread-1 insert one batch latency (device: d_6, sg: g_0) ,0.15, ms, throughput ,331261.84261087334, points/s
11:49:40.377 [DataClientService-thread-1] INFO cn.edu.tsinghua.iot.benchmark.tsdb.DBWrapper -- DataClientService-thread-1 insert one batch latency (device: d_7, sg: g_0) ,0.15, ms, throughput ,339821.66159199656, points/s
11:49:40.378 [DataClientService-thread-1] INFO cn.edu.tsinghua.iot.benchmark.tsdb.DBWrapper -- DataClientService-thread-1 insert one batch latency (device: d_8, sg: g_0) ,1.00, ms, throughput ,50218.45025862502, points/s
11:49:40.378 [DataClientService-thread-1] INFO cn.edu.tsinghua.iot.benchmark.tsdb.DBWrapper -- DataClientService-thread-1 insert one batch latency (device: d_9, sg: g_0) ,0.20, ms, throughput ,247011.1649046537, points/s
11:49:40.379 [DataClientService-thread-1] INFO cn.edu.tsinghua.iot.benchmark.tsdb.DBWrapper -- DataClientService-thread-1 insert one batch latency (device: d_10, sg: g_0) ,0.13, ms, throughput ,377201.9161857342, points/s
11:49:40.379 [DataClientService-thread-1] INFO cn.edu.tsinghua.iot.benchmark.tsdb.DBWrapper -- DataClientService-thread-1 insert one batch latency (device: d_11, sg: g_0) ,0.14, ms, throughput ,356171.01907651976, points/s
11:49:40.379 [DataClientService-thread-1] INFO cn.edu.tsinghua.iot.benchmark.tsdb.DBWrapper -- DataClientService-thread-1 insert one batch latency (device: d_12, sg: g_0) ,0.20, ms, throughput ,253896.03465173082, points/s
11:49:40.379 [DataClientService-thread-1] INFO cn.edu.tsinghua.iot.benchmark.tsdb.DBWrapper -- DataClientService-thread-1 insert one batch latency (device: d_13, sg: g_0) ,0.16, ms, throughput ,307191.3494915983, points/s
11:49:40.379 [DataClientService-thread-1] INFO cn.edu.tsinghua.iot.benchmark.tsdb.DBWrapper -- DataClientService-thread-1 insert one batch latency (device: d_14, sg: g_0) ,0.19, ms, throughput ,258367.22250068467, points/s
11:49:40.380 [DataClientService-thread-1] INFO cn.edu.tsinghua.iot.benchmark.tsdb.DBWrapper -- DataClientService-thread-1 insert one batch latency (device: d_15, sg: g_0) ,0.21, ms, throughput ,238695.38649556984, points/s
11:49:40.380 [DataClientService-thread-1] INFO cn.edu.tsinghua.iot.benchmark.tsdb.DBWrapper -- DataClientService-thread-1 insert one batch latency (device: d_16, sg: g_0) ,0.17, ms, throughput ,296853.9419234948, points/s
11:49:40.380 [DataClientService-thread-1] INFO cn.edu.tsinghua.iot.benchmark.tsdb.DBWrapper -- DataClientService-thread-1 insert one batch latency (device: d_17, sg: g_0) ,0.17, ms, throughput ,286725.19683684764, points/s
11:49:40.380 [DataClientService-thread-1] INFO cn.edu.tsinghua.iot.benchmark.tsdb.DBWrapper -- DataClientService-thread-1 insert one batch latency (device: d_18, sg: g_0) ,0.15, ms, throughput ,342947.28900168044, points/s
11:49:40.380 [DataClientService-thread-1] INFO cn.edu.tsinghua.iot.benchmark.tsdb.DBWrapper -- DataClientService-thread-1 insert one batch latency (device: d_19, sg: g_0) ,0.17, ms, throughput ,291623.40919430286, points/s
11:49:40.381 [DataClientService-thread-1] INFO cn.edu.tsinghua.iot.benchmark.tsdb.DBWrapper -- DataClientService-thread-1 insert one batch latency (device: d_0, sg: g_0) ,0.19, ms, throughput ,264852.95364013896, points/s
11:49:40.381 [DataClientService-thread-1] INFO cn.edu.tsinghua.iot.benchmark.tsdb.DBWrapper -- DataClientService-thread-1 insert one batch latency (device: d_1, sg: g_0) ,0.15, ms, throughput ,335361.1504228904, points/s
11:49:40.381 [DataClientService-thread-1] INFO cn.edu.tsinghua.iot.benchmark.tsdb.DBWrapper -- DataClientService-thread-1 insert one batch latency (device: d_2, sg: g_0) ,0.15, ms, throughput ,334309.51712333347, points/s
11:49:40.381 [DataClientService-thread-1] INFO cn.edu.tsinghua.iot.benchmark.tsdb.DBWrapper -- DataClientService-thread-1 insert one batch latency (device: d_3, sg: g_0) ,0.14, ms, throughput ,351439.49617633823, points/s
11:49:40.381 [DataClientService-thread-1] INFO cn.edu.tsinghua.iot.benchmark.tsdb.DBWrapper -- DataClientService-thread-1 insert one batch latency (device: d_4, sg: g_0) ,0.15, ms, throughput ,324004.17317375046, points/s
11:49:40.382 [DataClientService-thread-1] INFO cn.edu.tsinghua.iot.benchmark.tsdb.DBWrapper -- DataClientService-thread-1 insert one batch latency (device: d_5, sg: g_0) ,0.15, ms, throughput ,333024.73041648074, points/s
11:49:40.382 [DataClientService-thread-1] INFO cn.edu.tsinghua.iot.benchmark.tsdb.DBWrapper -- DataClientService-thread-1 insert one batch latency (device: d_6, sg: g_0) ,0.15, ms, throughput ,334019.18606204743, points/s
11:49:40.382 [DataClientService-thread-1] INFO cn.edu.tsinghua.iot.benchmark.tsdb.DBWrapper -- DataClientService-thread-1 insert one batch latency (device: d_7, sg: g_0) ,0.15, ms, throughput ,343576.49387059535, points/s
11:49:40.382 [DataClientService-thread-1] INFO cn.edu.tsinghua.iot.benchmark.tsdb.DBWrapper -- DataClientService-thread-1 insert one batch latency (device: d_8, sg: g_0) ,0.14, ms, throughput ,352209.4096265876, points/s
11:49:40.382 [DataClientService-thread-1] INFO cn.edu.tsinghua.iot.benchmark.tsdb.DBWrapper -- DataClientService-thread-1 insert one batch latency (device: d_9, sg: g_0) ,0.15, ms, throughput ,340571.61539928615, points/s
11:49:40.382 [DataClientService-thread-1] INFO cn.edu.tsinghua.iot.benchmark.tsdb.DBWrapper -- DataClientService-thread-1 insert one batch latency (device: d_10, sg: g_0) ,0.20, ms, throughput ,244929.9500342902, points/s
11:49:40.383 [DataClientService-thread-1] INFO cn.edu.tsinghua.iot.benchmark.tsdb.DBWrapper -- DataClientService-thread-1 insert one batch latency (device: d_11, sg: g_0) ,0.16, ms, throughput ,318802.3234313332, points/s
11:49:40.383 [DataClientService-thread-1] INFO cn.edu.tsinghua.iot.benchmark.tsdb.DBWrapper -- DataClientService-thread-1 insert one batch latency (device: d_12, sg: g_0) ,0.16, ms, throughput ,316824.6565620723, points/s
11:49:40.383 [DataClientService-thread-1] INFO cn.edu.tsinghua.iot.benchmark.tsdb.DBWrapper -- DataClientService-thread-1 insert one batch latency (device: d_13, sg: g_0) ,0.15, ms, throughput ,337894.91468153405, points/s
11:49:40.383 [DataClientService-thread-1] INFO cn.edu.tsinghua.iot.benchmark.tsdb.DBWrapper -- DataClientService-thread-1 insert one batch latency (device: d_14, sg: g_0) ,0.15, ms, throughput ,332564.00194217375, points/s
11:49:40.383 [DataClientService-thread-1] INFO cn.edu.tsinghua.iot.benchmark.tsdb.DBWrapper -- DataClientService-thread-1 insert one batch latency (device: d_15, sg: g_0) ,0.16, ms, throughput ,311223.98167513194, points/s
11:49:40.384 [DataClientService-thread-1] INFO cn.edu.tsinghua.iot.benchmark.tsdb.DBWrapper -- DataClientService-thread-1 insert one batch latency (device: d_16, sg: g_0) ,0.16, ms, throughput ,321311.98108115053, points/s
11:49:40.384 [DataClientService-thread-1] INFO cn.edu.tsinghua.iot.benchmark.tsdb.DBWrapper -- DataClientService-thread-1 insert one batch latency (device: d_17, sg: g_0) ,0.15, ms, throughput ,339817.0425043157, points/s
11:49:40.384 [DataClientService-thread-1] INFO cn.edu.tsinghua.iot.benchmark.tsdb.DBWrapper -- DataClientService-thread-1 insert one batch latency (device: d_18, sg: g_0) ,0.14, ms, throughput ,362321.4660975804, points/s
11:49:40.384 [DataClientService-thread-1] INFO cn.edu.tsinghua.iot.benchmark.tsdb.DBWrapper -- DataClientService-thread-1 insert one batch latency (device: d_19, sg: g_0) ,0.15, ms, throughput ,344144.0449314465, points/s
11:49:40.384 [DataClientService-thread-1] INFO cn.edu.tsinghua.iot.benchmark.tsdb.DBWrapper -- DataClientService-thread-1 insert one batch latency (device: d_0, sg: g_0) ,0.20, ms, throughput ,244895.16038184054, points/s
11:49:40.385 [DataClientService-thread-1] INFO cn.edu.tsinghua.iot.benchmark.tsdb.DBWrapper -- DataClientService-thread-1 insert one batch latency (device: d_1, sg: g_0) ,0.21, ms, throughput ,233216.56957083486, points/s
11:49:40.385 [DataClientService-thread-1] INFO cn.edu.tsinghua.iot.benchmark.tsdb.DBWrapper -- DataClientService-thread-1 insert one batch latency (device: d_2, sg: g_0) ,0.41, ms, throughput ,122314.58332314045, points/s
11:49:40.385 [DataClientService-thread-1] INFO cn.edu.tsinghua.iot.benchmark.tsdb.DBWrapper -- DataClientService-thread-1 insert one batch latency (device: d_3, sg: g_0) ,0.26, ms, throughput ,195882.5488237253, points/s
11:49:40.386 [DataClientService-thread-1] INFO cn.edu.tsinghua.iot.benchmark.tsdb.DBWrapper -- DataClientService-thread-1 insert one batch latency (device: d_4, sg: g_0) ,0.20, ms, throughput ,252041.53644520618, points/s
11:49:40.386 [DataClientService-thread-1] INFO cn.edu.tsinghua.iot.benchmark.tsdb.DBWrapper -- DataClientService-thread-1 insert one batch latency (device: d_5, sg: g_0) ,0.18, ms, throughput ,276334.69658450317, points/s
11:49:40.386 [DataClientService-thread-1] INFO cn.edu.tsinghua.iot.benchmark.tsdb.DBWrapper -- DataClientService-thread-1 insert one batch latency (device: d_6, sg: g_0) ,0.17, ms, throughput ,286805.78659355035, points/s
11:49:40.386 [DataClientService-thread-1] INFO cn.edu.tsinghua.iot.benchmark.tsdb.DBWrapper -- DataClientService-thread-1 insert one batch latency (device: d_7, sg: g_0) ,0.21, ms, throughput ,236749.15007055126, points/s
11:49:40.387 [DataClientService-thread-1] INFO cn.edu.tsinghua.iot.benchmark.tsdb.DBWrapper -- DataClientService-thread-1 insert one batch latency (device: d_8, sg: g_0) ,0.20, ms, throughput ,248071.24606186897, points/s
11:49:40.387 [DataClientService-thread-1] INFO cn.edu.tsinghua.iot.benchmark.tsdb.DBWrapper -- DataClientService-thread-1 insert one batch latency (device: d_9, sg: g_0) ,0.15, ms, throughput ,323260.53506083763, points/s
11:49:40.387 [DataClientService-thread-1] INFO cn.edu.tsinghua.iot.benchmark.tsdb.DBWrapper -- DataClientService-thread-1 insert one batch latency (device: d_10, sg: g_0) ,0.16, ms, throughput ,303855.31625261315, points/s
11:49:40.387 [DataClientService-thread-1] INFO cn.edu.tsinghua.iot.benchmark.tsdb.DBWrapper -- DataClientService-thread-1 insert one batch latency (device: d_11, sg: g_0) ,0.15, ms, throughput ,327017.53468020953, points/s
11:49:40.387 [DataClientService-thread-1] INFO cn.edu.tsinghua.iot.benchmark.tsdb.DBWrapper -- DataClientService-thread-1 insert one batch latency (device: d_12, sg: g_0) ,0.15, ms, throughput ,329432.84840818046, points/s
11:49:40.388 [DataClientService-thread-1] INFO cn.edu.tsinghua.iot.benchmark.tsdb.DBWrapper -- DataClientService-thread-1 insert one batch latency (device: d_13, sg: g_0) ,0.15, ms, throughput ,324780.7729782397, points/s
11:49:40.388 [DataClientService-thread-1] INFO cn.edu.tsinghua.iot.benchmark.tsdb.DBWrapper -- DataClientService-thread-1 insert one batch latency (device: d_14, sg: g_0) ,0.15, ms, throughput ,343486.80323701963, points/s
11:49:40.388 [DataClientService-thread-1] INFO cn.edu.tsinghua.iot.benchmark.tsdb.DBWrapper -- DataClientService-thread-1 insert one batch latency (device: d_15, sg: g_0) ,0.17, ms, throughput ,301540.8738654525, points/s
11:49:40.388 [DataClientService-thread-1] INFO cn.edu.tsinghua.iot.benchmark.tsdb.DBWrapper -- DataClientService-thread-1 insert one batch latency (device: d_16, sg: g_0) ,0.16, ms, throughput ,308525.8020128223, points/s
11:49:40.388 [DataClientService-thread-1] INFO cn.edu.tsinghua.iot.benchmark.tsdb.DBWrapper -- DataClientService-thread-1 insert one batch latency (device: d_17, sg: g_0) ,0.15, ms, throughput ,344117.99117681466, points/s
11:49:40.389 [DataClientService-thread-1] INFO cn.edu.tsinghua.iot.benchmark.tsdb.DBWrapper -- DataClientService-thread-1 insert one batch latency (device: d_18, sg: g_0) ,0.15, ms, throughput ,340954.8098495026, points/s
11:49:40.389 [DataClientService-thread-1] INFO cn.edu.tsinghua.iot.benchmark.tsdb.DBWrapper -- DataClientService-thread-1 insert one batch latency (device: d_19, sg: g_0) ,0.18, ms, throughput ,280077.52545904706, points/s
11:49:40.389 [DataClientService-thread-1] INFO cn.edu.tsinghua.iot.benchmark.tsdb.DBWrapper -- DataClientService-thread-1 insert one batch latency (device: d_0, sg: g_0) ,0.16, ms, throughput ,306214.9383895544, points/s
11:49:40.389 [DataClientService-thread-1] INFO cn.edu.tsinghua.iot.benchmark.tsdb.DBWrapper -- DataClientService-thread-1 insert one batch latency (device: d_1, sg: g_0) ,0.14, ms, throughput ,348704.2151365526, points/s
11:49:40.389 [DataClientService-thread-1] INFO cn.edu.tsinghua.iot.benchmark.tsdb.DBWrapper -- DataClientService-thread-1 insert one batch latency (device: d_2, sg: g_0) ,0.14, ms, throughput ,347780.119497249, points/s
11:49:40.389 [DataClientService-thread-1] INFO cn.edu.tsinghua.iot.benchmark.tsdb.DBWrapper -- DataClientService-thread-1 insert one batch latency (device: d_3, sg: g_0) ,0.15, ms, throughput ,336476.01935410063, points/s
11:49:40.390 [DataClientService-thread-1] INFO cn.edu.tsinghua.iot.benchmark.tsdb.DBWrapper -- DataClientService-thread-1 insert one batch latency (device: d_4, sg: g_0) ,0.14, ms, throughput ,365264.78043934045, points/s
11:49:40.390 [DataClientService-thread-1] INFO cn.edu.tsinghua.iot.benchmark.tsdb.DBWrapper -- DataClientService-thread-1 insert one batch latency (device: d_5, sg: g_0) ,0.15, ms, throughput ,339045.11334278143, points/s
11:49:40.390 [DataClientService-thread-1] INFO cn.edu.tsinghua.iot.benchmark.tsdb.DBWrapper -- DataClientService-thread-1 insert one batch latency (device: d_6, sg: g_0) ,0.16, ms, throughput ,314887.2388797571, points/s
11:49:40.390 [DataClientService-thread-1] INFO cn.edu.tsinghua.iot.benchmark.tsdb.DBWrapper -- DataClientService-thread-1 insert one batch latency (device: d_7, sg: g_0) ,0.16, ms, throughput ,319034.21961039543, points/s
11:49:40.390 [DataClientService-thread-1] INFO cn.edu.tsinghua.iot.benchmark.tsdb.DBWrapper -- DataClientService-thread-1 insert one batch latency (device: d_8, sg: g_0) ,0.19, ms, throughput ,257005.98309928656, points/s
11:49:40.391 [DataClientService-thread-1] INFO cn.edu.tsinghua.iot.benchmark.tsdb.DBWrapper -- DataClientService-thread-1 insert one batch latency (device: d_9, sg: g_0) ,0.13, ms, throughput ,383485.577107445, points/s
11:49:40.391 [DataClientService-thread-1] INFO cn.edu.tsinghua.iot.benchmark.tsdb.DBWrapper -- DataClientService-thread-1 insert one batch latency (device: d_10, sg: g_0) ,0.19, ms, throughput ,270114.04214859515, points/s
11:49:40.391 [DataClientService-thread-1] INFO cn.edu.tsinghua.iot.benchmark.tsdb.DBWrapper -- DataClientService-thread-1 insert one batch latency (device: d_11, sg: g_0) ,0.12, ms, throughput ,406993.78113502427, points/s
11:49:40.392 [DataClientService-thread-1] INFO cn.edu.tsinghua.iot.benchmark.tsdb.DBWrapper -- DataClientService-thread-1 insert one batch latency (device: d_12, sg: g_0) ,0.14, ms, throughput ,370310.0235517175, points/s
11:49:40.392 [DataClientService-thread-1] INFO cn.edu.tsinghua.iot.benchmark.tsdb.DBWrapper -- DataClientService-thread-1 insert one batch latency (device: d_13, sg: g_0) ,0.12, ms, throughput ,415041.0890678177, points/s
11:49:40.392 [DataClientService-thread-1] INFO cn.edu.tsinghua.iot.benchmark.tsdb.DBWrapper -- DataClientService-thread-1 insert one batch latency (device: d_14, sg: g_0) ,0.15, ms, throughput ,337336.3918499528, points/s
11:49:40.392 [DataClientService-thread-1] INFO cn.edu.tsinghua.iot.benchmark.tsdb.DBWrapper -- DataClientService-thread-1 insert one batch latency (device: d_15, sg: g_0) ,0.14, ms, throughput ,357692.1701183961, points/s
11:49:40.392 [DataClientService-thread-1] INFO cn.edu.tsinghua.iot.benchmark.tsdb.DBWrapper -- DataClientService-thread-1 insert one batch latency (device: d_16, sg: g_0) ,0.13, ms, throughput ,378017.52489245404, points/s
11:49:40.392 [DataClientService-thread-1] INFO cn.edu.tsinghua.iot.benchmark.tsdb.DBWrapper -- DataClientService-thread-1 insert one batch latency (device: d_17, sg: g_0) ,0.14, ms, throughput ,368088.223385381, points/s
11:49:40.393 [DataClientService-thread-1] INFO cn.edu.tsinghua.iot.benchmark.tsdb.DBWrapper -- DataClientService-thread-1 insert one batch latency (device: d_18, sg: g_0) ,0.15, ms, throughput ,340759.62134790875, points/s
11:49:40.393 [DataClientService-thread-1] INFO cn.edu.tsinghua.iot.benchmark.tsdb.DBWrapper -- DataClientService-thread-1 insert one batch latency (device: d_19, sg: g_0) ,0.17, ms, throughput ,286664.3733516799, points/s
11:49:40.393 [DataClientService-thread-1] INFO cn.edu.tsinghua.iot.benchmark.tsdb.DBWrapper -- DataClientService-thread-1 insert one batch latency (device: d_0, sg: g_0) ,0.15, ms, throughput ,338861.29051933886, points/s
11:49:40.393 [DataClientService-thread-1] INFO cn.edu.tsinghua.iot.benchmark.tsdb.DBWrapper -- DataClientService-thread-1 insert one batch latency (device: d_1, sg: g_0) ,0.15, ms, throughput ,337447.94865392015, points/s
11:49:40.393 [DataClientService-thread-1] INFO cn.edu.tsinghua.iot.benchmark.tsdb.DBWrapper -- DataClientService-thread-1 insert one batch latency (device: d_2, sg: g_0) ,0.14, ms, throughput ,351674.3214443968, points/s
11:49:40.394 [DataClientService-thread-1] INFO cn.edu.tsinghua.iot.benchmark.tsdb.DBWrapper -- DataClientService-thread-1 insert one batch latency (device: d_3, sg: g_0) ,0.14, ms, throughput ,352977.7200463107, points/s
11:49:40.394 [DataClientService-thread-1] INFO cn.edu.tsinghua.iot.benchmark.tsdb.DBWrapper -- DataClientService-thread-1 insert one batch latency (device: d_4, sg: g_0) ,0.14, ms, throughput ,365609.3245002121, points/s
11:49:40.394 [DataClientService-thread-1] INFO cn.edu.tsinghua.iot.benchmark.tsdb.DBWrapper -- DataClientService-thread-1 insert one batch latency (device: d_5, sg: g_0) ,0.14, ms, throughput ,363366.8115289022, points/s
11:49:40.394 [DataClientService-thread-1] INFO cn.edu.tsinghua.iot.benchmark.tsdb.DBWrapper -- DataClientService-thread-1 insert one batch latency (device: d_6, sg: g_0) ,0.13, ms, throughput ,371013.4603683422, points/s
11:49:40.394 [DataClientService-thread-1] INFO cn.edu.tsinghua.iot.benchmark.tsdb.DBWrapper -- DataClientService-thread-1 insert one batch latency (device: d_7, sg: g_0) ,0.15, ms, throughput ,340729.4335713896, points/s
11:49:40.394 [DataClientService-thread-1] INFO cn.edu.tsinghua.iot.benchmark.tsdb.DBWrapper -- DataClientService-thread-1 insert one batch latency (device: d_8, sg: g_0) ,0.15, ms, throughput ,328510.79486471927, points/s
11:49:40.395 [DataClientService-thread-1] INFO cn.edu.tsinghua.iot.benchmark.tsdb.DBWrapper -- DataClientService-thread-1 insert one batch latency (device: d_9, sg: g_0) ,0.14, ms, throughput ,354255.6734046096, points/s
11:49:40.395 [DataClientService-thread-1] INFO cn.edu.tsinghua.iot.benchmark.tsdb.DBWrapper -- DataClientService-thread-1 insert one batch latency (device: d_10, sg: g_0) ,0.14, ms, throughput ,368362.11469322804, points/s
11:49:40.395 [DataClientService-thread-1] INFO cn.edu.tsinghua.iot.benchmark.tsdb.DBWrapper -- DataClientService-thread-1 insert one batch latency (device: d_11, sg: g_0) ,0.15, ms, throughput ,339178.5096496286, points/s
11:49:40.395 [DataClientService-thread-1] INFO cn.edu.tsinghua.iot.benchmark.tsdb.DBWrapper -- DataClientService-thread-1 insert one batch latency (device: d_12, sg: g_0) ,0.13, ms, throughput ,371819.0877046864, points/s
11:49:40.395 [DataClientService-thread-1] INFO cn.edu.tsinghua.iot.benchmark.tsdb.DBWrapper -- DataClientService-thread-1 insert one batch latency (device: d_13, sg: g_0) ,0.16, ms, throughput ,307601.44695720647, points/s
11:49:40.396 [DataClientService-thread-1] INFO cn.edu.tsinghua.iot.benchmark.tsdb.DBWrapper -- DataClientService-thread-1 insert one batch latency (device: d_14, sg: g_0) ,0.14, ms, throughput ,356788.61701596266, points/s
11:49:40.396 [DataClientService-thread-1] INFO cn.edu.tsinghua.iot.benchmark.tsdb.DBWrapper -- DataClientService-thread-1 insert one batch latency (device: d_15, sg: g_0) ,0.15, ms, throughput ,340685.32259493193, points/s
11:49:40.396 [DataClientService-thread-1] INFO cn.edu.tsinghua.iot.benchmark.tsdb.DBWrapper -- DataClientService-thread-1 insert one batch latency (device: d_16, sg: g_0) ,0.16, ms, throughput ,305332.32370111626, points/s
11:49:40.396 [DataClientService-thread-1] INFO cn.edu.tsinghua.iot.benchmark.tsdb.DBWrapper -- DataClientService-thread-1 insert one batch latency (device: d_17, sg: g_0) ,0.14, ms, throughput ,356613.0320666438, points/s
11:49:40.396 [DataClientService-thread-1] INFO cn.edu.tsinghua.iot.benchmark.tsdb.DBWrapper -- DataClientService-thread-1 insert one batch latency (device: d_18, sg: g_0) ,0.18, ms, throughput ,273268.8418866481, points/s
11:49:40.397 [DataClientService-thread-1] INFO cn.edu.tsinghua.iot.benchmark.tsdb.DBWrapper -- DataClientService-thread-1 insert one batch latency (device: d_19, sg: g_0) ,0.15, ms, throughput ,331397.96919324476, points/s
11:49:40.397 [DataClientService-thread-1] INFO cn.edu.tsinghua.iot.benchmark.tsdb.DBWrapper -- DataClientService-thread-1 insert one batch latency (device: d_0, sg: g_0) ,0.14, ms, throughput ,356470.65533565276, points/s
11:49:40.398 [DataClientService-thread-1] INFO cn.edu.tsinghua.iot.benchmark.tsdb.DBWrapper -- DataClientService-thread-1 insert one batch latency (device: d_1, sg: g_0) ,1.06, ms, throughput ,47340.14652722153, points/s
11:49:40.398 [DataClientService-thread-1] INFO cn.edu.tsinghua.iot.benchmark.tsdb.DBWrapper -- DataClientService-thread-1 insert one batch latency (device: d_2, sg: g_0) ,0.26, ms, throughput ,195535.53271700535, points/s
11:49:40.398 [DataClientService-thread-1] INFO cn.edu.tsinghua.iot.benchmark.tsdb.DBWrapper -- DataClientService-thread-1 insert one batch latency (device: d_3, sg: g_0) ,0.18, ms, throughput ,284423.8142371184, points/s
11:49:40.399 [DataClientService-thread-1] INFO cn.edu.tsinghua.iot.benchmark.tsdb.DBWrapper -- DataClientService-thread-1 insert one batch latency (device: d_4, sg: g_0) ,0.14, ms, throughput ,345115.5792074766, points/s
11:49:40.399 [DataClientService-thread-1] INFO cn.edu.tsinghua.iot.benchmark.tsdb.DBWrapper -- DataClientService-thread-1 insert one batch latency (device: d_5, sg: g_0) ,0.13, ms, throughput ,379031.95239358675, points/s
11:49:40.399 [DataClientService-thread-1] INFO cn.edu.tsinghua.iot.benchmark.tsdb.DBWrapper -- DataClientService-thread-1 insert one batch latency (device: d_6, sg: g_0) ,0.13, ms, throughput ,386324.125941665, points/s
11:49:40.399 [DataClientService-thread-1] INFO cn.edu.tsinghua.iot.benchmark.tsdb.DBWrapper -- DataClientService-thread-1 insert one batch latency (device: d_7, sg: g_0) ,0.12, ms, throughput ,430244.464904959, points/s
11:49:40.399 [DataClientService-thread-1] INFO cn.edu.tsinghua.iot.benchmark.tsdb.DBWrapper -- DataClientService-thread-1 insert one batch latency (device: d_8, sg: g_0) ,0.20, ms, throughput ,251493.8736092389, points/s
11:49:40.399 [DataClientService-thread-1] INFO cn.edu.tsinghua.iot.benchmark.tsdb.DBWrapper -- DataClientService-thread-1 insert one batch latency (device: d_9, sg: g_0) ,0.18, ms, throughput ,281003.0685535086, points/s
11:49:40.400 [DataClientService-thread-1] INFO cn.edu.tsinghua.iot.benchmark.tsdb.DBWrapper -- DataClientService-thread-1 insert one batch latency (device: d_10, sg: g_0) ,0.18, ms, throughput ,278000.1779201139, points/s
11:49:40.400 [DataClientService-thread-1] INFO cn.edu.tsinghua.iot.benchmark.tsdb.DBWrapper -- DataClientService-thread-1 insert one batch latency (device: d_11, sg: g_0) ,0.15, ms, throughput ,327548.82115179265, points/s
11:49:40.400 [DataClientService-thread-1] INFO cn.edu.tsinghua.iot.benchmark.tsdb.DBWrapper -- DataClientService-thread-1 insert one batch latency (device: d_12, sg: g_0) ,0.15, ms, throughput ,333377.78370449395, points/s
11:49:40.400 [DataClientService-thread-1] INFO cn.edu.tsinghua.iot.benchmark.tsdb.DBWrapper -- DataClientService-thread-1 insert one batch latency (device: d_13, sg: g_0) ,0.13, ms, throughput ,383423.8213551732, points/s
11:49:40.400 [DataClientService-thread-1] INFO cn.edu.tsinghua.iot.benchmark.tsdb.DBWrapper -- DataClientService-thread-1 insert one batch latency (device: d_14, sg: g_0) ,0.14, ms, throughput ,353054.9847833302, points/s
11:49:40.401 [DataClientService-thread-1] INFO cn.edu.tsinghua.iot.benchmark.tsdb.DBWrapper -- DataClientService-thread-1 insert one batch latency (device: d_15, sg: g_0) ,0.14, ms, throughput ,363620.4965601501, points/s
11:49:40.401 [DataClientService-thread-1] INFO cn.edu.tsinghua.iot.benchmark.tsdb.DBWrapper -- DataClientService-thread-1 insert one batch latency (device: d_16, sg: g_0) ,0.16, ms, throughput ,311629.3854045261, points/s
11:49:40.401 [DataClientService-thread-1] INFO cn.edu.tsinghua.iot.benchmark.tsdb.DBWrapper -- DataClientService-thread-1 insert one batch latency (device: d_17, sg: g_0) ,0.13, ms, throughput ,377475.2942419919, points/s
11:49:40.401 [DataClientService-thread-1] INFO cn.edu.tsinghua.iot.benchmark.tsdb.DBWrapper -- DataClientService-thread-1 insert one batch latency (device: d_18, sg: g_0) ,0.18, ms, throughput ,276894.79105519067, points/s
11:49:40.401 [DataClientService-thread-1] INFO cn.edu.tsinghua.iot.benchmark.tsdb.DBWrapper -- DataClientService-thread-1 insert one batch latency (device: d_19, sg: g_0) ,0.18, ms, throughput ,270999.7723601912, points/s
11:49:40.402 [DataClientService-thread-1] INFO cn.edu.tsinghua.iot.benchmark.tsdb.DBWrapper -- DataClientService-thread-1 insert one batch latency (device: d_0, sg: g_0) ,0.14, ms, throughput ,358559.1658479566, points/s
11:49:40.402 [DataClientService-thread-1] INFO cn.edu.tsinghua.iot.benchmark.tsdb.DBWrapper -- DataClientService-thread-1 insert one batch latency (device: d_1, sg: g_0) ,0.15, ms, throughput ,343095.5452474405, points/s
11:49:40.402 [DataClientService-thread-1] INFO cn.edu.tsinghua.iot.benchmark.tsdb.DBWrapper -- DataClientService-thread-1 insert one batch latency (device: d_2, sg: g_0) ,0.18, ms, throughput ,281322.4405284361, points/s
11:49:40.402 [DataClientService-thread-1] INFO cn.edu.tsinghua.iot.benchmark.tsdb.DBWrapper -- DataClientService-thread-1 insert one batch latency (device: d_3, sg: g_0) ,0.19, ms, throughput ,264816.48217785073, points/s
11:49:40.402 [DataClientService-thread-1] INFO cn.edu.tsinghua.iot.benchmark.tsdb.DBWrapper -- DataClientService-thread-1 insert one batch latency (device: d_4, sg: g_0) ,0.17, ms, throughput ,301591.8015284673, points/s
11:49:40.403 [DataClientService-thread-1] INFO cn.edu.tsinghua.iot.benchmark.tsdb.DBWrapper -- DataClientService-thread-1 insert one batch latency (device: d_5, sg: g_0) ,0.18, ms, throughput ,272605.839217076, points/s
11:49:40.403 [DataClientService-thread-1] INFO cn.edu.tsinghua.iot.benchmark.tsdb.DBWrapper -- DataClientService-thread-1 insert one batch latency (device: d_6, sg: g_0) ,0.19, ms, throughput ,266723.5676944415, points/s
11:49:40.403 [DataClientService-thread-1] INFO cn.edu.tsinghua.iot.benchmark.tsdb.DBWrapper -- DataClientService-thread-1 insert one batch latency (device: d_7, sg: g_0) ,0.13, ms, throughput ,371697.467996848, points/s
11:49:40.403 [DataClientService-thread-1] INFO cn.edu.tsinghua.iot.benchmark.tsdb.DBWrapper -- DataClientService-thread-1 insert one batch latency (device: d_8, sg: g_0) ,0.18, ms, throughput ,284131.2686461145, points/s
11:49:40.403 [DataClientService-thread-1] INFO cn.edu.tsinghua.iot.benchmark.tsdb.DBWrapper -- DataClientService-thread-1 insert one batch latency (device: d_9, sg: g_0) ,0.16, ms, throughput ,314182.84184664104, points/s
11:49:40.404 [DataClientService-thread-1] INFO cn.edu.tsinghua.iot.benchmark.tsdb.DBWrapper -- DataClientService-thread-1 insert one batch latency (device: d_10, sg: g_0) ,0.13, ms, throughput ,388331.41756500665, points/s
11:49:40.404 [DataClientService-thread-1] INFO cn.edu.tsinghua.iot.benchmark.tsdb.DBWrapper -- DataClientService-thread-1 insert one batch latency (device: d_11, sg: g_0) ,0.15, ms, throughput ,328672.7536860649, points/s
11:49:40.404 [DataClientService-thread-1] INFO cn.edu.tsinghua.iot.benchmark.tsdb.DBWrapper -- DataClientService-thread-1 insert one batch latency (device: d_12, sg: g_0) ,0.14, ms, throughput ,348884.2681105824, points/s
11:49:40.404 [DataClientService-thread-1] INFO cn.edu.tsinghua.iot.benchmark.tsdb.DBWrapper -- DataClientService-thread-1 insert one batch latency (device: d_13, sg: g_0) ,0.16, ms, throughput ,316702.2428852841, points/s
11:49:40.404 [DataClientService-thread-1] INFO cn.edu.tsinghua.iot.benchmark.tsdb.DBWrapper -- DataClientService-thread-1 insert one batch latency (device: d_14, sg: g_0) ,0.15, ms, throughput ,332696.7735066905, points/s
11:49:40.405 [DataClientService-thread-1] INFO cn.edu.tsinghua.iot.benchmark.tsdb.DBWrapper -- DataClientService-thread-1 insert one batch latency (device: d_15, sg: g_0) ,0.16, ms, throughput ,310308.44659591635, points/s
11:49:40.405 [DataClientService-thread-1] INFO cn.edu.tsinghua.iot.benchmark.tsdb.DBWrapper -- DataClientService-thread-1 insert one batch latency (device: d_16, sg: g_0) ,0.16, ms, throughput ,322424.6332419797, points/s
11:49:40.405 [DataClientService-thread-1] INFO cn.edu.tsinghua.iot.benchmark.tsdb.DBWrapper -- DataClientService-thread-1 insert one batch latency (device: d_17, sg: g_0) ,0.14, ms, throughput ,361577.3450098711, points/s
11:49:40.405 [DataClientService-thread-1] INFO cn.edu.tsinghua.iot.benchmark.tsdb.DBWrapper -- DataClientService-thread-1 insert one batch latency (device: d_18, sg: g_0) ,0.13, ms, throughput ,372095.7923407802, points/s
11:49:40.405 [DataClientService-thread-1] INFO cn.edu.tsinghua.iot.benchmark.tsdb.DBWrapper -- DataClientService-thread-1 insert one batch latency (device: d_19, sg: g_0) ,0.13, ms, throughput ,378446.70335076714, points/s
11:49:40.406 [DataClientService-thread-1] INFO cn.edu.tsinghua.iot.benchmark.tsdb.DBWrapper -- DataClientService-thread-1 insert one batch latency (device: d_0, sg: g_0) ,0.19, ms, throughput ,269305.1388806601, points/s
11:49:40.406 [DataClientService-thread-1] INFO cn.edu.tsinghua.iot.benchmark.tsdb.DBWrapper -- DataClientService-thread-1 insert one batch latency (device: d_1, sg: g_0) ,0.16, ms, throughput ,317379.7130887393, points/s
11:49:40.406 [DataClientService-thread-1] INFO cn.edu.tsinghua.iot.benchmark.tsdb.DBWrapper -- DataClientService-thread-1 insert one batch latency (device: d_2, sg: g_0) ,0.14, ms, throughput ,345444.6217726836, points/s
11:49:40.406 [DataClientService-thread-1] INFO cn.edu.tsinghua.iot.benchmark.tsdb.DBWrapper -- DataClientService-thread-1 insert one batch latency (device: d_3, sg: g_0) ,0.15, ms, throughput ,333938.8758281684, points/s
11:49:40.406 [DataClientService-thread-1] INFO cn.edu.tsinghua.iot.benchmark.tsdb.DBWrapper -- DataClientService-thread-1 insert one batch latency (device: d_4, sg: g_0) ,0.14, ms, throughput ,350459.10142286395, points/s
11:49:40.406 [DataClientService-thread-1] INFO cn.edu.tsinghua.iot.benchmark.tsdb.DBWrapper -- DataClientService-thread-1 insert one batch latency (device: d_5, sg: g_0) ,0.14, ms, throughput ,346529.16389443335, points/s
11:49:40.407 [DataClientService-thread-1] INFO cn.edu.tsinghua.iot.benchmark.tsdb.DBWrapper -- DataClientService-thread-1 insert one batch latency (device: d_6, sg: g_0) ,0.16, ms, throughput ,321940.91740283824, points/s
11:49:40.407 [DataClientService-thread-1] INFO cn.edu.tsinghua.iot.benchmark.tsdb.DBWrapper -- DataClientService-thread-1 insert one batch latency (device: d_7, sg: g_0) ,0.14, ms, throughput ,357201.5402530416, points/s
11:49:40.407 [DataClientService-thread-1] INFO cn.edu.tsinghua.iot.benchmark.tsdb.DBWrapper -- DataClientService-thread-1 insert one batch latency (device: d_8, sg: g_0) ,0.13, ms, throughput ,384287.2624144, points/s
11:49:40.407 [DataClientService-thread-1] INFO cn.edu.tsinghua.iot.benchmark.tsdb.DBWrapper -- DataClientService-thread-1 insert one batch latency (device: d_9, sg: g_0) ,0.13, ms, throughput ,372126.25499579497, points/s
11:49:40.407 [DataClientService-thread-1] INFO cn.edu.tsinghua.iot.benchmark.tsdb.DBWrapper -- DataClientService-thread-1 insert one batch latency (device: d_10, sg: g_0) ,0.14, ms, throughput ,360456.4820889174, points/s
11:49:40.408 [DataClientService-thread-1] INFO cn.edu.tsinghua.iot.benchmark.tsdb.DBWrapper -- DataClientService-thread-1 insert one batch latency (device: d_11, sg: g_0) ,0.16, ms, throughput ,309962.18461347715, points/s
11:49:40.408 [DataClientService-thread-1] INFO cn.edu.tsinghua.iot.benchmark.tsdb.DBWrapper -- DataClientService-thread-1 insert one batch latency (device: d_12, sg: g_0) ,0.15, ms, throughput ,327372.9629217382, points/s
11:49:40.408 [DataClientService-thread-1] INFO cn.edu.tsinghua.iot.benchmark.tsdb.DBWrapper -- DataClientService-thread-1 insert one batch latency (device: d_13, sg: g_0) ,0.14, ms, throughput ,345537.7258089038, points/s
11:49:40.408 [DataClientService-thread-1] INFO cn.edu.tsinghua.iot.benchmark.tsdb.DBWrapper -- DataClientService-thread-1 insert one batch latency (device: d_14, sg: g_0) ,0.17, ms, throughput ,294917.393638042, points/s
11:49:40.408 [DataClientService-thread-1] INFO cn.edu.tsinghua.iot.benchmark.tsdb.DBWrapper -- DataClientService-thread-1 insert one batch latency (device: d_15, sg: g_0) ,0.15, ms, throughput ,329046.94841860037, points/s
11:49:40.408 [DataClientService-thread-1] INFO cn.edu.tsinghua.iot.benchmark.tsdb.DBWrapper -- DataClientService-thread-1 insert one batch latency (device: d_16, sg: g_0) ,0.16, ms, throughput ,318252.41235328565, points/s
11:49:40.409 [DataClientService-thread-1] INFO cn.edu.tsinghua.iot.benchmark.tsdb.DBWrapper -- DataClientService-thread-1 insert one batch latency (device: d_17, sg: g_0) ,0.13, ms, throughput ,379109.54749484407, points/s
11:49:40.409 [DataClientService-thread-1] INFO cn.edu.tsinghua.iot.benchmark.tsdb.DBWrapper -- DataClientService-thread-1 insert one batch latency (device: d_18, sg: g_0) ,0.14, ms, throughput ,369918.24806717713, points/s
11:49:40.409 [DataClientService-thread-1] INFO cn.edu.tsinghua.iot.benchmark.tsdb.DBWrapper -- DataClientService-thread-1 insert one batch latency (device: d_19, sg: g_0) ,0.13, ms, throughput ,387362.6799299648, points/s
11:49:40.409 [DataClientService-thread-1] INFO cn.edu.tsinghua.iot.benchmark.tsdb.DBWrapper -- DataClientService-thread-1 insert one batch latency (device: d_0, sg: g_0) ,0.16, ms, throughput ,311757.6271503482, points/s
11:49:40.409 [DataClientService-thread-1] INFO cn.edu.tsinghua.iot.benchmark.tsdb.DBWrapper -- DataClientService-thread-1 insert one batch latency (device: d_1, sg: g_0) ,0.16, ms, throughput ,321250.0481875072, points/s
11:49:40.410 [DataClientService-thread-1] INFO cn.edu.tsinghua.iot.benchmark.tsdb.DBWrapper -- DataClientService-thread-1 insert one batch latency (device: d_2, sg: g_0) ,0.15, ms, throughput ,335179.0526499256, points/s
11:49:40.410 [DataClientService-thread-1] INFO cn.edu.tsinghua.iot.benchmark.tsdb.DBWrapper -- DataClientService-thread-1 insert one batch latency (device: d_3, sg: g_0) ,0.13, ms, throughput ,392689.6887541527, points/s
11:49:40.410 [DataClientService-thread-1] INFO cn.edu.tsinghua.iot.benchmark.tsdb.DBWrapper -- DataClientService-thread-1 insert one batch latency (device: d_4, sg: g_0) ,0.15, ms, throughput ,333992.41169240634, points/s
11:49:40.410 [DataClientService-thread-1] INFO cn.edu.tsinghua.iot.benchmark.tsdb.DBWrapper -- DataClientService-thread-1 insert one batch latency (device: d_5, sg: g_0) ,0.14, ms, throughput ,367809.3276445491, points/s
11:49:40.410 [DataClientService-thread-1] INFO cn.edu.tsinghua.iot.benchmark.tsdb.DBWrapper -- DataClientService-thread-1 insert one batch latency (device: d_6, sg: g_0) ,0.16, ms, throughput ,307984.181932416, points/s
11:49:40.410 [DataClientService-thread-1] INFO cn.edu.tsinghua.iot.benchmark.tsdb.DBWrapper -- DataClientService-thread-1 insert one batch latency (device: d_7, sg: g_0) ,0.18, ms, throughput ,276061.59486304584, points/s
11:49:40.411 [DataClientService-thread-1] INFO cn.edu.tsinghua.iot.benchmark.tsdb.DBWrapper -- DataClientService-thread-1 insert one batch latency (device: d_8, sg: g_0) ,0.16, ms, throughput ,321076.7630325058, points/s
11:49:40.411 [DataClientService-thread-1] INFO cn.edu.tsinghua.iot.benchmark.tsdb.DBWrapper -- DataClientService-thread-1 insert one batch latency (device: d_9, sg: g_0) ,0.12, ms, throughput ,405646.6006814863, points/s
11:49:40.411 [DataClientService-thread-1] INFO cn.edu.tsinghua.iot.benchmark.tsdb.DBWrapper -- DataClientService-thread-1 insert one batch latency (device: d_10, sg: g_0) ,0.14, ms, throughput ,366611.9192867198, points/s
11:49:40.412 [DataClientService-thread-1] INFO cn.edu.tsinghua.iot.benchmark.tsdb.DBWrapper -- DataClientService-thread-1 insert one batch latency (device: d_11, sg: g_0) ,0.42, ms, throughput ,119436.35594900546, points/s
11:49:40.412 [DataClientService-thread-1] INFO cn.edu.tsinghua.iot.benchmark.tsdb.DBWrapper -- DataClientService-thread-1 insert one batch latency (device: d_12, sg: g_0) ,0.24, ms, throughput ,210281.06166702416, points/s
11:49:40.412 [DataClientService-thread-1] INFO cn.edu.tsinghua.iot.benchmark.tsdb.DBWrapper -- DataClientService-thread-1 insert one batch latency (device: d_13, sg: g_0) ,0.19, ms, throughput ,265931.9852354562, points/s
11:49:40.412 [DataClientService-thread-1] INFO cn.edu.tsinghua.iot.benchmark.tsdb.DBWrapper -- DataClientService-thread-1 insert one batch latency (device: d_14, sg: g_0) ,0.16, ms, throughput ,305758.03532116825, points/s
11:49:40.413 [DataClientService-thread-1] INFO cn.edu.tsinghua.iot.benchmark.tsdb.DBWrapper -- DataClientService-thread-1 insert one batch latency (device: d_15, sg: g_0) ,0.17, ms, throughput ,299180.8428522705, points/s
11:49:40.413 [DataClientService-thread-1] INFO cn.edu.tsinghua.iot.benchmark.tsdb.DBWrapper -- DataClientService-thread-1 insert one batch latency (device: d_16, sg: g_0) ,0.15, ms, throughput ,331283.79094667657, points/s
11:49:40.413 [DataClientService-thread-1] INFO cn.edu.tsinghua.iot.benchmark.tsdb.DBWrapper -- DataClientService-thread-1 insert one batch latency (device: d_17, sg: g_0) ,0.14, ms, throughput ,369931.9325244155, points/s
11:49:40.413 [DataClientService-thread-1] INFO cn.edu.tsinghua.iot.benchmark.tsdb.DBWrapper -- DataClientService-thread-1 insert one batch latency (device: d_18, sg: g_0) ,0.14, ms, throughput ,359355.4600468599, points/s
11:49:40.413 [DataClientService-thread-1] INFO cn.edu.tsinghua.iot.benchmark.tsdb.DBWrapper -- DataClientService-thread-1 insert one batch latency (device: d_19, sg: g_0) ,0.16, ms, throughput ,304733.1147381124, points/s
11:49:40.414 [DataClientService-thread-1] INFO cn.edu.tsinghua.iot.benchmark.tsdb.DBWrapper -- DataClientService-thread-1 insert one batch latency (device: d_0, sg: g_0) ,0.15, ms, throughput ,333460.04815163097, points/s
11:49:40.414 [DataClientService-thread-1] INFO cn.edu.tsinghua.iot.benchmark.tsdb.DBWrapper -- DataClientService-thread-1 insert one batch latency (device: d_1, sg: g_0) ,0.12, ms, throughput ,428177.5052665833, points/s
11:49:40.414 [DataClientService-thread-1] INFO cn.edu.tsinghua.iot.benchmark.tsdb.DBWrapper -- DataClientService-thread-1 insert one batch latency (device: d_2, sg: g_0) ,0.13, ms, throughput ,395870.2812262478, points/s
11:49:40.414 [DataClientService-thread-1] INFO cn.edu.tsinghua.iot.benchmark.tsdb.DBWrapper -- DataClientService-thread-1 insert one batch latency (device: d_3, sg: g_0) ,0.13, ms, throughput ,381795.96823457547, points/s
11:49:40.414 [DataClientService-thread-1] INFO cn.edu.tsinghua.iot.benchmark.tsdb.DBWrapper -- DataClientService-thread-1 insert one batch latency (device: d_4, sg: g_0) ,0.13, ms, throughput ,380955.28346882644, points/s
11:49:40.414 [DataClientService-thread-1] INFO cn.edu.tsinghua.iot.benchmark.tsdb.DBWrapper -- DataClientService-thread-1 insert one batch latency (device: d_5, sg: g_0) ,0.16, ms, throughput ,310192.9400086854, points/s
11:49:40.415 [DataClientService-thread-1] INFO cn.edu.tsinghua.iot.benchmark.tsdb.DBWrapper -- DataClientService-thread-1 insert one batch latency (device: d_6, sg: g_0) ,0.13, ms, throughput ,382257.1520313145, points/s
11:49:40.415 [DataClientService-thread-1] INFO cn.edu.tsinghua.iot.benchmark.tsdb.DBWrapper -- DataClientService-thread-1 insert one batch latency (device: d_7, sg: g_0) ,0.12, ms, throughput ,427354.07994940126, points/s
11:49:40.415 [DataClientService-thread-1] INFO cn.edu.tsinghua.iot.benchmark.tsdb.DBWrapper -- DataClientService-thread-1 insert one batch latency (device: d_8, sg: g_0) ,0.15, ms, throughput ,340985.0375765512, points/s
11:49:40.415 [DataClientService-thread-1] INFO cn.edu.tsinghua.iot.benchmark.tsdb.DBWrapper -- DataClientService-thread-1 insert one batch latency (device: d_9, sg: g_0) ,0.13, ms, throughput ,394011.0323089046, points/s
11:49:40.415 [DataClientService-thread-1] INFO cn.edu.tsinghua.iot.benchmark.tsdb.DBWrapper -- DataClientService-thread-1 insert one batch latency (device: d_10, sg: g_0) ,0.14, ms, throughput ,358191.8475535497, points/s
11:49:40.415 [DataClientService-thread-1] INFO cn.edu.tsinghua.iot.benchmark.tsdb.DBWrapper -- DataClientService-thread-1 insert one batch latency (device: d_11, sg: g_0) ,0.13, ms, throughput ,375826.819001804, points/s
11:49:40.416 [DataClientService-thread-1] INFO cn.edu.tsinghua.iot.benchmark.tsdb.DBWrapper -- DataClientService-thread-1 insert one batch latency (device: d_12, sg: g_0) ,0.15, ms, throughput ,326428.28696963564, points/s
11:49:40.416 [DataClientService-thread-1] INFO cn.edu.tsinghua.iot.benchmark.tsdb.DBWrapper -- DataClientService-thread-1 insert one batch latency (device: d_13, sg: g_0) ,0.12, ms, throughput ,409305.9807789911, points/s
11:49:40.417 [DataClientService-thread-1] INFO cn.edu.tsinghua.iot.benchmark.tsdb.DBWrapper -- DataClientService-thread-1 insert one batch latency (device: d_14, sg: g_0) ,1.01, ms, throughput ,49381.54552385919, points/s
11:49:40.417 [DataClientService-thread-1] INFO cn.edu.tsinghua.iot.benchmark.tsdb.DBWrapper -- DataClientService-thread-1 insert one batch latency (device: d_15, sg: g_0) ,0.21, ms, throughput ,233427.79378054987, points/s
11:49:40.417 [DataClientService-thread-1] INFO cn.edu.tsinghua.iot.benchmark.tsdb.DBWrapper -- DataClientService-thread-1 insert one batch latency (device: d_16, sg: g_0) ,0.17, ms, throughput ,301673.68560775183, points/s
11:49:40.417 [DataClientService-thread-1] INFO cn.edu.tsinghua.iot.benchmark.tsdb.DBWrapper -- DataClientService-thread-1 insert one batch latency (device: d_17, sg: g_0) ,0.16, ms, throughput ,307446.35061181826, points/s
11:49:40.418 [DataClientService-thread-1] INFO cn.edu.tsinghua.iot.benchmark.tsdb.DBWrapper -- DataClientService-thread-1 insert one batch latency (device: d_18, sg: g_0) ,0.15, ms, throughput ,337570.974297346, points/s
11:49:40.418 [DataClientService-thread-1] INFO cn.edu.tsinghua.iot.benchmark.tsdb.DBWrapper -- DataClientService-thread-1 insert one batch latency (device: d_19, sg: g_0) ,0.13, ms, throughput ,374296.3229129237, points/s
11:49:40.418 [DataClientService-thread-1] INFO cn.edu.tsinghua.iot.benchmark.tsdb.DBWrapper -- DataClientService-thread-1 insert one batch latency (device: d_0, sg: g_0) ,0.17, ms, throughput ,286690.6722322882, points/s
11:49:40.418 [DataClientService-thread-1] INFO cn.edu.tsinghua.iot.benchmark.tsdb.DBWrapper -- DataClientService-thread-1 insert one batch latency (device: d_1, sg: g_0) ,0.15, ms, throughput ,327705.5369127517, points/s
11:49:40.418 [DataClientService-thread-1] INFO cn.edu.tsinghua.iot.benchmark.tsdb.DBWrapper -- DataClientService-thread-1 insert one batch latency (device: d_2, sg: g_0) ,0.15, ms, throughput ,327077.4323113254, points/s
11:49:40.418 [DataClientService-thread-1] INFO cn.edu.tsinghua.iot.benchmark.tsdb.DBWrapper -- DataClientService-thread-1 insert one batch latency (device: d_3, sg: g_0) ,0.15, ms, throughput ,342163.4309411547, points/s
11:49:40.419 [DataClientService-thread-1] INFO cn.edu.tsinghua.iot.benchmark.tsdb.DBWrapper -- DataClientService-thread-1 insert one batch latency (device: d_4, sg: g_0) ,0.14, ms, throughput ,362605.2461727016, points/s
11:49:40.419 [DataClientService-thread-1] INFO cn.edu.tsinghua.iot.benchmark.tsdb.DBWrapper -- DataClientService-thread-1 insert one batch latency (device: d_5, sg: g_0) ,0.15, ms, throughput ,333233.363324336, points/s
11:49:40.419 [DataClientService-thread-1] INFO cn.edu.tsinghua.iot.benchmark.tsdb.DBWrapper -- DataClientService-thread-1 insert one batch latency (device: d_6, sg: g_0) ,0.15, ms, throughput ,322834.74734952673, points/s
11:49:40.419 [DataClientService-thread-1] INFO cn.edu.tsinghua.iot.benchmark.tsdb.DBWrapper -- DataClientService-thread-1 insert one batch latency (device: d_7, sg: g_0) ,0.14, ms, throughput ,359048.3781784758, points/s
11:49:40.419 [DataClientService-thread-1] INFO cn.edu.tsinghua.iot.benchmark.tsdb.DBWrapper -- DataClientService-thread-1 insert one batch latency (device: d_8, sg: g_0) ,0.14, ms, throughput ,363742.1795431398, points/s
11:49:40.420 [DataClientService-thread-1] INFO cn.edu.tsinghua.iot.benchmark.tsdb.DBWrapper -- DataClientService-thread-1 insert one batch latency (device: d_9, sg: g_0) ,0.14, ms, throughput ,354826.347985296, points/s
11:49:40.420 [DataClientService-thread-1] INFO cn.edu.tsinghua.iot.benchmark.tsdb.DBWrapper -- DataClientService-thread-1 insert one batch latency (device: d_10, sg: g_0) ,0.17, ms, throughput ,289256.4374020144, points/s
11:49:40.420 [DataClientService-thread-1] INFO cn.edu.tsinghua.iot.benchmark.tsdb.DBWrapper -- DataClientService-thread-1 insert one batch latency (device: d_11, sg: g_0) ,0.15, ms, throughput ,326776.02771060716, points/s
11:49:40.420 [DataClientService-thread-1] INFO cn.edu.tsinghua.iot.benchmark.tsdb.DBWrapper -- DataClientService-thread-1 insert one batch latency (device: d_12, sg: g_0) ,0.18, ms, throughput ,284955.4899524694, points/s
11:49:40.421 [DataClientService-thread-1] INFO cn.edu.tsinghua.iot.benchmark.tsdb.DBWrapper -- DataClientService-thread-1 insert one batch latency (device: d_13, sg: g_0) ,0.16, ms, throughput ,321049.96179505455, points/s
11:49:40.421 [DataClientService-thread-1] INFO cn.edu.tsinghua.iot.benchmark.tsdb.DBWrapper -- DataClientService-thread-1 insert one batch latency (device: d_14, sg: g_0) ,0.15, ms, throughput ,334412.3705824126, points/s
11:49:40.421 [DataClientService-thread-1] INFO cn.edu.tsinghua.iot.benchmark.tsdb.DBWrapper -- DataClientService-thread-1 insert one batch latency (device: d_15, sg: g_0) ,0.15, ms, throughput ,333237.80516252003, points/s
11:49:40.421 [DataClientService-thread-1] INFO cn.edu.tsinghua.iot.benchmark.tsdb.DBWrapper -- DataClientService-thread-1 insert one batch latency (device: d_16, sg: g_0) ,0.14, ms, throughput ,348728.535758624, points/s
11:49:40.421 [DataClientService-thread-1] INFO cn.edu.tsinghua.iot.benchmark.tsdb.DBWrapper -- DataClientService-thread-1 insert one batch latency (device: d_17, sg: g_0) ,0.14, ms, throughput ,356501.1550637424, points/s
11:49:40.421 [DataClientService-thread-1] INFO cn.edu.tsinghua.iot.benchmark.tsdb.DBWrapper -- DataClientService-thread-1 insert one batch latency (device: d_18, sg: g_0) ,0.14, ms, throughput ,351632.27702997316, points/s
11:49:40.422 [DataClientService-thread-1] INFO cn.edu.tsinghua.iot.benchmark.tsdb.DBWrapper -- DataClientService-thread-1 insert one batch latency (device: d_19, sg: g_0) ,0.14, ms, throughput ,358996.8192881811, points/s
11:49:40.422 [DataClientService-thread-1] INFO cn.edu.tsinghua.iot.benchmark.tsdb.DBWrapper -- DataClientService-thread-1 insert one batch latency (device: d_0, sg: g_0) ,0.15, ms, throughput ,337830.98991236667, points/s
11:49:40.422 [DataClientService-thread-1] INFO cn.edu.tsinghua.iot.benchmark.tsdb.DBWrapper -- DataClientService-thread-1 insert one batch latency (device: d_1, sg: g_0) ,0.15, ms, throughput ,340499.71738523454, points/s
11:49:40.422 [DataClientService-thread-1] INFO cn.edu.tsinghua.iot.benchmark.tsdb.DBWrapper -- DataClientService-thread-1 insert one batch latency (device: d_2, sg: g_0) ,0.16, ms, throughput ,309574.52077864186, points/s
11:49:40.422 [DataClientService-thread-1] INFO cn.edu.tsinghua.iot.benchmark.tsdb.DBWrapper -- DataClientService-thread-1 insert one batch latency (device: d_3, sg: g_0) ,0.14, ms, throughput ,355151.4721028519, points/s
11:49:40.422 [DataClientService-thread-1] INFO cn.edu.tsinghua.iot.benchmark.tsdb.DBWrapper -- DataClientService-thread-1 insert one batch latency (device: d_4, sg: g_0) ,0.15, ms, throughput ,343112.026076514, points/s
11:49:40.423 [DataClientService-thread-1] INFO cn.edu.tsinghua.iot.benchmark.tsdb.DBWrapper -- DataClientService-thread-1 insert one batch latency (device: d_5, sg: g_0) ,0.18, ms, throughput ,280553.70078386704, points/s
11:49:40.423 [DataClientService-thread-1] INFO cn.edu.tsinghua.iot.benchmark.tsdb.DBWrapper -- DataClientService-thread-1 insert one batch latency (device: d_6, sg: g_0) ,0.15, ms, throughput ,333851.9166438534, points/s
11:49:40.423 [DataClientService-thread-1] INFO cn.edu.tsinghua.iot.benchmark.tsdb.DBWrapper -- DataClientService-thread-1 insert one batch latency (device: d_7, sg: g_0) ,0.14, ms, throughput ,347838.1856760235, points/s
11:49:40.423 [DataClientService-thread-1] INFO cn.edu.tsinghua.iot.benchmark.tsdb.DBWrapper -- DataClientService-thread-1 insert one batch latency (device: d_8, sg: g_0) ,0.15, ms, throughput ,336134.4537815126, points/s
11:49:40.423 [DataClientService-thread-1] INFO cn.edu.tsinghua.iot.benchmark.tsdb.DBWrapper -- DataClientService-thread-1 insert one batch latency (device: d_9, sg: g_0) ,0.20, ms, throughput ,244582.49767646627, points/s
11:49:40.424 [DataClientService-thread-1] INFO cn.edu.tsinghua.iot.benchmark.tsdb.DBWrapper -- DataClientService-thread-1 insert one batch latency (device: d_10, sg: g_0) ,0.14, ms, throughput ,357646.11632082285, points/s
11:49:40.424 [DataClientService-thread-1] INFO cn.edu.tsinghua.iot.benchmark.tsdb.DBWrapper -- DataClientService-thread-1 insert one batch latency (device: d_11, sg: g_0) ,0.13, ms, throughput ,381353.3467569711, points/s
11:49:40.424 [DataClientService-thread-1] INFO cn.edu.tsinghua.iot.benchmark.tsdb.DBWrapper -- DataClientService-thread-1 insert one batch latency (device: d_12, sg: g_0) ,0.13, ms, throughput ,375107.8435050077, points/s
11:49:40.424 [DataClientService-thread-1] INFO cn.edu.tsinghua.iot.benchmark.tsdb.DBWrapper -- DataClientService-thread-1 insert one batch latency (device: d_13, sg: g_0) ,0.14, ms, throughput ,352514.84087480087, points/s
11:49:40.424 [DataClientService-thread-1] INFO cn.edu.tsinghua.iot.benchmark.tsdb.DBWrapper -- DataClientService-thread-1 insert one batch latency (device: d_14, sg: g_0) ,0.13, ms, throughput ,372575.4651604683, points/s
11:49:40.424 [DataClientService-thread-1] INFO cn.edu.tsinghua.iot.benchmark.tsdb.DBWrapper -- DataClientService-thread-1 insert one batch latency (device: d_15, sg: g_0) ,0.14, ms, throughput ,353035.04225829453, points/s
11:49:40.425 [DataClientService-thread-1] INFO cn.edu.tsinghua.iot.benchmark.tsdb.DBWrapper -- DataClientService-thread-1 insert one batch latency (device: d_16, sg: g_0) ,0.16, ms, throughput ,322293.69980275625, points/s
11:49:40.425 [DataClientService-thread-1] INFO cn.edu.tsinghua.iot.benchmark.tsdb.DBWrapper -- DataClientService-thread-1 insert one batch latency (device: d_17, sg: g_0) ,0.13, ms, throughput ,377669.17690779583, points/s
11:49:40.425 [DataClientService-thread-1] INFO cn.edu.tsinghua.iot.benchmark.tsdb.DBWrapper -- DataClientService-thread-1 insert one batch latency (device: d_18, sg: g_0) ,0.15, ms, throughput ,344051.6903259545, points/s
11:49:40.425 [DataClientService-thread-1] INFO cn.edu.tsinghua.iot.benchmark.tsdb.DBWrapper -- DataClientService-thread-1 insert one batch latency (device: d_19, sg: g_0) ,0.19, ms, throughput ,266036.6917805304, points/s
11:49:40.425 [DataClientService-thread-1] INFO cn.edu.tsinghua.iot.benchmark.tsdb.DBWrapper -- DataClientService-thread-1 insert one batch latency (device: d_0, sg: g_0) ,0.16, ms, throughput ,313946.11428894347, points/s
11:49:40.426 [DataClientService-thread-1] INFO cn.edu.tsinghua.iot.benchmark.tsdb.DBWrapper -- DataClientService-thread-1 insert one batch latency (device: d_1, sg: g_0) ,0.16, ms, throughput ,316085.59597939125, points/s
11:49:40.426 [DataClientService-thread-1] INFO cn.edu.tsinghua.iot.benchmark.tsdb.DBWrapper -- DataClientService-thread-1 insert one batch latency (device: d_2, sg: g_0) ,0.15, ms, throughput ,339960.2926378199, points/s
11:49:40.426 [DataClientService-thread-1] INFO cn.edu.tsinghua.iot.benchmark.tsdb.DBWrapper -- DataClientService-thread-1 insert one batch latency (device: d_3, sg: g_0) ,0.12, ms, throughput ,433850.77268822613, points/s
11:49:40.426 [DataClientService-thread-1] INFO cn.edu.tsinghua.iot.benchmark.tsdb.DBWrapper -- DataClientService-thread-1 insert one batch latency (device: d_4, sg: g_0) ,0.11, ms, throughput ,443793.5472418231, points/s
11:49:40.426 [DataClientService-thread-1] INFO cn.edu.tsinghua.iot.benchmark.tsdb.DBWrapper -- DataClientService-thread-1 insert one batch latency (device: d_5, sg: g_0) ,0.11, ms, throughput ,454500.00454500003, points/s
11:49:40.426 [DataClientService-thread-1] INFO cn.edu.tsinghua.iot.benchmark.tsdb.DBWrapper -- DataClientService-thread-1 insert one batch latency (device: d_6, sg: g_0) ,0.11, ms, throughput ,436509.6686891615, points/s
11:49:40.426 [DataClientService-thread-1] INFO cn.edu.tsinghua.iot.benchmark.tsdb.DBWrapper -- DataClientService-thread-1 insert one batch latency (device: d_7, sg: g_0) ,0.13, ms, throughput ,370620.1958357115, points/s
11:49:40.427 [DataClientService-thread-1] INFO cn.edu.tsinghua.iot.benchmark.tsdb.DBWrapper -- DataClientService-thread-1 insert one batch latency (device: d_8, sg: g_0) ,0.12, ms, throughput ,414913.656468089, points/s
11:49:40.427 [DataClientService-thread-1] INFO cn.edu.tsinghua.iot.benchmark.tsdb.DBWrapper -- DataClientService-thread-1 insert one batch latency (device: d_9, sg: g_0) ,0.11, ms, throughput ,440726.6701337165, points/s
11:49:40.427 [DataClientService-thread-1] INFO cn.edu.tsinghua.iot.benchmark.tsdb.DBWrapper -- DataClientService-thread-1 insert one batch latency (device: d_10, sg: g_0) ,0.13, ms, throughput ,380874.0297234093, points/s
11:49:40.427 [DataClientService-thread-1] INFO cn.edu.tsinghua.iot.benchmark.tsdb.DBWrapper -- DataClientService-thread-1 insert one batch latency (device: d_11, sg: g_0) ,0.12, ms, throughput ,414058.10063268075, points/s
11:49:40.427 [DataClientService-thread-1] INFO cn.edu.tsinghua.iot.benchmark.tsdb.DBWrapper -- DataClientService-thread-1 insert one batch latency (device: d_12, sg: g_0) ,0.11, ms, throughput ,455713.7388577991, points/s
11:49:40.427 [DataClientService-thread-1] INFO cn.edu.tsinghua.iot.benchmark.tsdb.DBWrapper -- DataClientService-thread-1 insert one batch latency (device: d_13, sg: g_0) ,0.14, ms, throughput ,351884.69442333136, points/s
11:49:40.428 [DataClientService-thread-1] INFO cn.edu.tsinghua.iot.benchmark.tsdb.DBWrapper -- DataClientService-thread-1 insert one batch latency (device: d_14, sg: g_0) ,0.12, ms, throughput ,429723.08644309605, points/s
11:49:40.428 [DataClientService-thread-1] INFO cn.edu.tsinghua.iot.benchmark.tsdb.DBWrapper -- DataClientService-thread-1 insert one batch latency (device: d_15, sg: g_0) ,0.12, ms, throughput ,433752.91698836675, points/s
11:49:40.428 [DataClientService-thread-1] INFO cn.edu.tsinghua.iot.benchmark.tsdb.DBWrapper -- DataClientService-thread-1 insert one batch latency (device: d_16, sg: g_0) ,0.11, ms, throughput ,435119.3532385933, points/s
11:49:40.428 [DataClientService-thread-1] INFO cn.edu.tsinghua.iot.benchmark.tsdb.DBWrapper -- DataClientService-thread-1 insert one batch latency (device: d_17, sg: g_0) ,0.14, ms, throughput ,368055.70891210093, points/s
11:49:40.428 [DataClientService-thread-1] INFO cn.edu.tsinghua.iot.benchmark.tsdb.DBWrapper -- DataClientService-thread-1 insert one batch latency (device: d_18, sg: g_0) ,0.10, ms, throughput ,480676.7929244376, points/s
11:49:40.428 [DataClientService-thread-1] INFO cn.edu.tsinghua.iot.benchmark.tsdb.DBWrapper -- DataClientService-thread-1 insert one batch latency (device: d_19, sg: g_0) ,0.14, ms, throughput ,349931.7633061553, points/s
11:49:40.428 [DataClientService-thread-1] INFO cn.edu.tsinghua.iot.benchmark.tsdb.DBWrapper -- DataClientService-thread-1 insert one batch latency (device: d_0, sg: g_0) ,0.14, ms, throughput ,346298.7588652482, points/s
11:49:40.429 [DataClientService-thread-1] INFO cn.edu.tsinghua.iot.benchmark.tsdb.DBWrapper -- DataClientService-thread-1 insert one batch latency (device: d_1, sg: g_0) ,0.16, ms, throughput ,305765.5145422079, points/s
11:49:40.429 [DataClientService-thread-1] INFO cn.edu.tsinghua.iot.benchmark.tsdb.DBWrapper -- DataClientService-thread-1 insert one batch latency (device: d_2, sg: g_0) ,0.13, ms, throughput ,395892.2223014007, points/s
11:49:40.429 [DataClientService-thread-1] INFO cn.edu.tsinghua.iot.benchmark.tsdb.DBWrapper -- DataClientService-thread-1 insert one batch latency (device: d_3, sg: g_0) ,0.10, ms, throughput ,476576.2760329791, points/s
11:49:40.429 [DataClientService-thread-1] INFO cn.edu.tsinghua.iot.benchmark.tsdb.DBWrapper -- DataClientService-thread-1 insert one batch latency (device: d_4, sg: g_0) ,0.12, ms, throughput ,410004.1000410004, points/s
11:49:40.429 [DataClientService-thread-1] INFO cn.edu.tsinghua.iot.benchmark.tsdb.DBWrapper -- DataClientService-thread-1 insert one batch latency (device: d_5, sg: g_0) ,0.13, ms, throughput ,399118.7458092532, points/s
11:49:40.429 [DataClientService-thread-1] INFO cn.edu.tsinghua.iot.benchmark.tsdb.DBWrapper -- DataClientService-thread-1 insert one batch latency (device: d_6, sg: g_0) ,0.15, ms, throughput ,324991.87520311994, points/s
11:49:40.430 [DataClientService-thread-1] INFO cn.edu.tsinghua.iot.benchmark.tsdb.DBWrapper -- DataClientService-thread-1 insert one batch latency (device: d_7, sg: g_0) ,0.13, ms, throughput ,389687.3148985254, points/s
11:49:40.430 [DataClientService-thread-1] INFO cn.edu.tsinghua.iot.benchmark.tsdb.DBWrapper -- DataClientService-thread-1 insert one batch latency (device: d_8, sg: g_0) ,0.13, ms, throughput ,370771.35272220324, points/s
11:49:40.430 [DataClientService-thread-1] INFO cn.edu.tsinghua.iot.benchmark.tsdb.DBWrapper -- DataClientService-thread-1 insert one batch latency (device: d_9, sg: g_0) ,0.13, ms, throughput ,382330.2262630279, points/s
11:49:40.430 [DataClientService-thread-1] INFO cn.edu.tsinghua.iot.benchmark.tsdb.DBWrapper -- DataClientService-thread-1 insert one batch latency (device: d_10, sg: g_0) ,0.17, ms, throughput ,286178.7128826209, points/s
11:49:40.430 [DataClientService-thread-1] INFO cn.edu.tsinghua.iot.benchmark.tsdb.DBWrapper -- DataClientService-thread-1 insert one batch latency (device: d_11, sg: g_0) ,0.19, ms, throughput ,261469.3531771141, points/s
11:49:40.431 [DataClientService-thread-1] INFO cn.edu.tsinghua.iot.benchmark.tsdb.DBWrapper -- DataClientService-thread-1 insert one batch latency (device: d_12, sg: g_0) ,0.18, ms, throughput ,279452.9429189419, points/s
11:49:40.431 [DataClientService-thread-1] INFO cn.edu.tsinghua.iot.benchmark.tsdb.DBWrapper -- DataClientService-thread-1 insert one batch latency (device: d_13, sg: g_0) ,0.14, ms, throughput ,361451.8799112274, points/s
11:49:40.431 [DataClientService-thread-1] INFO cn.edu.tsinghua.iot.benchmark.tsdb.DBWrapper -- DataClientService-thread-1 insert one batch latency (device: d_14, sg: g_0) ,0.16, ms, throughput ,303731.6470152291, points/s
11:49:40.431 [DataClientService-thread-1] INFO cn.edu.tsinghua.iot.benchmark.tsdb.DBWrapper -- DataClientService-thread-1 insert one batch latency (device: d_15, sg: g_0) ,0.16, ms, throughput ,305395.7317892525, points/s
11:49:40.431 [DataClientService-thread-1] INFO cn.edu.tsinghua.iot.benchmark.tsdb.DBWrapper -- DataClientService-thread-1 insert one batch latency (device: d_16, sg: g_0) ,0.17, ms, throughput ,286209.83760453813, points/s
11:49:40.432 [DataClientService-thread-1] INFO cn.edu.tsinghua.iot.benchmark.tsdb.DBWrapper -- DataClientService-thread-1 insert one batch latency (device: d_17, sg: g_0) ,0.17, ms, throughput ,288653.60412890115, points/s
11:49:40.432 [DataClientService-thread-1] INFO cn.edu.tsinghua.iot.benchmark.tsdb.DBWrapper -- DataClientService-thread-1 insert one batch latency (device: d_18, sg: g_0) ,0.12, ms, throughput ,419013.1402520783, points/s
11:49:40.432 [DataClientService-thread-1] INFO cn.edu.tsinghua.iot.benchmark.tsdb.DBWrapper -- DataClientService-thread-1 insert one batch latency (device: d_19, sg: g_0) ,0.14, ms, throughput ,359940.1059663672, points/s
11:49:40.432 [DataClientService-thread-1] INFO cn.edu.tsinghua.iot.benchmark.tsdb.DBWrapper -- DataClientService-thread-1 insert one batch latency (device: d_0, sg: g_0) ,0.13, ms, throughput ,393964.46440531063, points/s
11:49:40.432 [DataClientService-thread-1] INFO cn.edu.tsinghua.iot.benchmark.tsdb.DBWrapper -- DataClientService-thread-1 insert one batch latency (device: d_1, sg: g_0) ,0.13, ms, throughput ,374369.18791835755, points/s
11:49:40.432 [DataClientService-thread-1] INFO cn.edu.tsinghua.iot.benchmark.tsdb.DBWrapper -- DataClientService-thread-1 insert one batch latency (device: d_2, sg: g_0) ,0.14, ms, throughput ,362161.3791105317, points/s
11:49:40.433 [DataClientService-thread-1] INFO cn.edu.tsinghua.iot.benchmark.tsdb.DBWrapper -- DataClientService-thread-1 insert one batch latency (device: d_3, sg: g_0) ,0.11, ms, throughput ,447247.1935238606, points/s
11:49:40.433 [DataClientService-thread-1] INFO cn.edu.tsinghua.iot.benchmark.tsdb.DBWrapper -- DataClientService-thread-1 insert one batch latency (device: d_4, sg: g_0) ,0.13, ms, throughput ,373516.206868216, points/s
11:49:40.433 [DataClientService-thread-1] INFO cn.edu.tsinghua.iot.benchmark.tsdb.DBWrapper -- DataClientService-thread-1 insert one batch latency (device: d_5, sg: g_0) ,0.11, ms, throughput ,464960.57134355005, points/s
11:49:40.433 [DataClientService-thread-1] INFO cn.edu.tsinghua.iot.benchmark.tsdb.DBWrapper -- DataClientService-thread-1 insert one batch latency (device: d_6, sg: g_0) ,0.10, ms, throughput ,485177.81767017615, points/s
11:49:40.434 [DataClientService-thread-1] INFO cn.edu.tsinghua.iot.benchmark.tsdb.DBWrapper -- DataClientService-thread-1 insert one batch latency (device: d_7, sg: g_0) ,1.06, ms, throughput ,47001.58113318933, points/s
11:49:40.434 [DataClientService-thread-1] INFO cn.edu.tsinghua.iot.benchmark.tsdb.DBWrapper -- DataClientService-thread-1 insert one batch latency (device: d_8, sg: g_0) ,0.30, ms, throughput ,169192.71388496927, points/s
11:49:40.435 [DataClientService-thread-1] INFO cn.edu.tsinghua.iot.benchmark.tsdb.DBWrapper -- DataClientService-thread-1 insert one batch latency (device: d_9, sg: g_0) ,0.14, ms, throughput ,359712.2302158273, points/s
11:49:40.435 [DataClientService-thread-1] INFO cn.edu.tsinghua.iot.benchmark.tsdb.DBWrapper -- DataClientService-thread-1 insert one batch latency (device: d_10, sg: g_0) ,0.12, ms, throughput ,416475.7819332806, points/s
11:49:40.435 [DataClientService-thread-1] INFO cn.edu.tsinghua.iot.benchmark.tsdb.DBWrapper -- DataClientService-thread-1 insert one batch latency (device: d_11, sg: g_0) ,0.13, ms, throughput ,389693.3892413449, points/s
11:49:40.435 [DataClientService-thread-1] INFO cn.edu.tsinghua.iot.benchmark.tsdb.DBWrapper -- DataClientService-thread-1 insert one batch latency (device: d_12, sg: g_0) ,0.11, ms, throughput ,453490.05949789577, points/s
11:49:40.435 [DataClientService-thread-1] INFO cn.edu.tsinghua.iot.benchmark.tsdb.DBWrapper -- DataClientService-thread-1 insert one batch latency (device: d_13, sg: g_0) ,0.11, ms, throughput ,440683.94147717254, points/s
11:49:40.435 [DataClientService-thread-1] INFO cn.edu.tsinghua.iot.benchmark.tsdb.DBWrapper -- DataClientService-thread-1 insert one batch latency (device: d_14, sg: g_0) ,0.12, ms, throughput ,428540.81851296336, points/s
11:49:40.436 [DataClientService-thread-1] INFO cn.edu.tsinghua.iot.benchmark.tsdb.DBWrapper -- DataClientService-thread-1 insert one batch latency (device: d_15, sg: g_0) ,0.10, ms, throughput ,494598.97914770705, points/s
11:49:40.436 [DataClientService-thread-1] INFO cn.edu.tsinghua.iot.benchmark.tsdb.DBWrapper -- DataClientService-thread-1 insert one batch latency (device: d_16, sg: g_0) ,0.12, ms, throughput ,400326.6665599129, points/s
11:49:40.436 [DataClientService-thread-1] INFO cn.edu.tsinghua.iot.benchmark.tsdb.DBWrapper -- DataClientService-thread-1 insert one batch latency (device: d_17, sg: g_0) ,0.13, ms, throughput ,388968.843595628, points/s
11:49:40.436 [DataClientService-thread-1] INFO cn.edu.tsinghua.iot.benchmark.tsdb.DBWrapper -- DataClientService-thread-1 insert one batch latency (device: d_18, sg: g_0) ,0.11, ms, throughput ,439344.1470572729, points/s
11:49:40.436 [DataClientService-thread-1] INFO cn.edu.tsinghua.iot.benchmark.tsdb.DBWrapper -- DataClientService-thread-1 insert one batch latency (device: d_19, sg: g_0) ,0.15, ms, throughput ,344250.6695675523, points/s
11:49:40.437 [DataClientService-thread-1] INFO cn.edu.tsinghua.iot.benchmark.tsdb.DBWrapper -- DataClientService-thread-1 insert one batch latency (device: d_0, sg: g_0) ,0.28, ms, throughput ,179444.94090878093, points/s
11:49:40.437 [DataClientService-thread-1] INFO cn.edu.tsinghua.iot.benchmark.tsdb.DBWrapper -- DataClientService-thread-1 insert one batch latency (device: d_1, sg: g_0) ,0.24, ms, throughput ,205951.16485978846, points/s
11:49:40.437 [DataClientService-thread-1] INFO cn.edu.tsinghua.iot.benchmark.tsdb.DBWrapper -- DataClientService-thread-1 insert one batch latency (device: d_2, sg: g_0) ,0.17, ms, throughput ,300594.57607146935, points/s
11:49:40.438 [DataClientService-thread-1] INFO cn.edu.tsinghua.iot.benchmark.tsdb.DBWrapper -- DataClientService-thread-1 insert one batch latency (device: d_3, sg: g_0) ,0.25, ms, throughput ,200143.30260466496, points/s
11:49:40.438 [DataClientService-thread-1] INFO cn.edu.tsinghua.iot.benchmark.tsdb.DBWrapper -- DataClientService-thread-1 insert one batch latency (device: d_4, sg: g_0) ,0.14, ms, throughput ,348891.57147741626, points/s
11:49:40.438 [DataClientService-thread-1] INFO cn.edu.tsinghua.iot.benchmark.tsdb.DBWrapper -- DataClientService-thread-1 insert one batch latency (device: d_5, sg: g_0) ,0.13, ms, throughput ,391815.75256051595, points/s
11:49:40.438 [DataClientService-thread-1] INFO cn.edu.tsinghua.iot.benchmark.tsdb.DBWrapper -- DataClientService-thread-1 insert one batch latency (device: d_6, sg: g_0) ,0.12, ms, throughput ,434193.615617076, points/s
11:49:40.438 [DataClientService-thread-1] INFO cn.edu.tsinghua.iot.benchmark.tsdb.DBWrapper -- DataClientService-thread-1 insert one batch latency (device: d_7, sg: g_0) ,0.14, ms, throughput ,359994.52808317315, points/s
11:49:40.438 [DataClientService-thread-1] INFO cn.edu.tsinghua.iot.benchmark.tsdb.DBWrapper -- DataClientService-thread-1 insert one batch latency (device: d_8, sg: g_0) ,0.13, ms, throughput ,376500.35391033266, points/s
11:49:40.439 [DataClientService-thread-1] INFO cn.edu.tsinghua.iot.benchmark.tsdb.DBWrapper -- DataClientService-thread-1 insert one batch latency (device: d_9, sg: g_0) ,0.15, ms, throughput ,336505.4581185307, points/s
11:49:40.439 [DataClientService-thread-1] INFO cn.edu.tsinghua.iot.benchmark.tsdb.DBWrapper -- DataClientService-thread-1 insert one batch latency (device: d_10, sg: g_0) ,0.14, ms, throughput ,367042.5182053089, points/s
11:49:40.439 [DataClientService-thread-1] INFO cn.edu.tsinghua.iot.benchmark.tsdb.DBWrapper -- DataClientService-thread-1 insert one batch latency (device: d_11, sg: g_0) ,0.15, ms, throughput ,326145.09543005493, points/s
11:49:40.439 [DataClientService-thread-1] INFO cn.edu.tsinghua.iot.benchmark.tsdb.DBWrapper -- DataClientService-thread-1 insert one batch latency (device: d_12, sg: g_0) ,0.14, ms, throughput ,365328.8324821171, points/s
11:49:40.439 [DataClientService-thread-1] INFO cn.edu.tsinghua.iot.benchmark.tsdb.DBWrapper -- DataClientService-thread-1 insert one batch latency (device: d_13, sg: g_0) ,0.13, ms, throughput ,393548.9456823745, points/s
11:49:40.439 [DataClientService-thread-1] INFO cn.edu.tsinghua.iot.benchmark.tsdb.DBWrapper -- DataClientService-thread-1 insert one batch latency (device: d_14, sg: g_0) ,0.12, ms, throughput ,426613.88030920975, points/s
11:49:40.440 [DataClientService-thread-1] INFO cn.edu.tsinghua.iot.benchmark.tsdb.DBWrapper -- DataClientService-thread-1 insert one batch latency (device: d_15, sg: g_0) ,0.13, ms, throughput ,371617.35304391774, points/s
11:49:40.440 [DataClientService-thread-1] INFO cn.edu.tsinghua.iot.benchmark.tsdb.DBWrapper -- DataClientService-thread-1 insert one batch latency (device: d_16, sg: g_0) ,0.11, ms, throughput ,457774.84801875043, points/s
11:49:40.440 [DataClientService-thread-1] INFO cn.edu.tsinghua.iot.benchmark.tsdb.DBWrapper -- DataClientService-thread-1 insert one batch latency (device: d_17, sg: g_0) ,0.10, ms, throughput ,524614.9326394426, points/s
11:49:40.440 [DataClientService-thread-1] INFO cn.edu.tsinghua.iot.benchmark.tsdb.DBWrapper -- DataClientService-thread-1 insert one batch latency (device: d_18, sg: g_0) ,0.10, ms, throughput ,485804.7842055149, points/s
11:49:40.440 [DataClientService-thread-1] INFO cn.edu.tsinghua.iot.benchmark.tsdb.DBWrapper -- DataClientService-thread-1 insert one batch latency (device: d_19, sg: g_0) ,0.10, ms, throughput ,509663.2145478268, points/s
11:49:40.440 [DataClientService-thread-1] INFO cn.edu.tsinghua.iot.benchmark.tsdb.DBWrapper -- DataClientService-thread-1 insert one batch latency (device: d_0, sg: g_0) ,0.12, ms, throughput ,401919.56785608066, points/s
11:49:40.440 [DataClientService-thread-1] INFO cn.edu.tsinghua.iot.benchmark.tsdb.DBWrapper -- DataClientService-thread-1 insert one batch latency (device: d_1, sg: g_0) ,0.16, ms, throughput ,305380.8098699078, points/s
11:49:40.440 [DataClientService-thread-1] INFO cn.edu.tsinghua.iot.benchmark.tsdb.DBWrapper -- DataClientService-thread-1 insert one batch latency (device: d_2, sg: g_0) ,0.13, ms, throughput ,386425.6401140728, points/s
11:49:40.441 [DataClientService-thread-1] INFO cn.edu.tsinghua.iot.benchmark.tsdb.DBWrapper -- DataClientService-thread-1 insert one batch latency (device: d_3, sg: g_0) ,0.13, ms, throughput ,398254.05422627204, points/s
11:49:40.441 [DataClientService-thread-1] INFO cn.edu.tsinghua.iot.benchmark.tsdb.DBWrapper -- DataClientService-thread-1 insert one batch latency (device: d_4, sg: g_0) ,0.14, ms, throughput ,363813.6401009947, points/s
11:49:40.441 [DataClientService-thread-1] INFO cn.edu.tsinghua.iot.benchmark.tsdb.DBWrapper -- DataClientService-thread-1 insert one batch latency (device: d_5, sg: g_0) ,0.13, ms, throughput ,382669.65659225016, points/s
11:49:40.441 [DataClientService-thread-1] INFO cn.edu.tsinghua.iot.benchmark.tsdb.DBWrapper -- DataClientService-thread-1 insert one batch latency (device: d_6, sg: g_0) ,0.13, ms, throughput ,372079.178449174, points/s
11:49:40.441 [DataClientService-thread-1] INFO cn.edu.tsinghua.iot.benchmark.tsdb.DBWrapper -- DataClientService-thread-1 insert one batch latency (device: d_7, sg: g_0) ,0.20, ms, throughput ,255704.77349671166, points/s
11:49:40.441 [DataClientService-thread-1] INFO cn.edu.tsinghua.iot.benchmark.tsdb.DBWrapper -- DataClientService-thread-1 insert one batch latency (device: d_8, sg: g_0) ,0.14, ms, throughput ,365368.8764176312, points/s
11:49:40.442 [DataClientService-thread-1] INFO cn.edu.tsinghua.iot.benchmark.tsdb.DBWrapper -- DataClientService-thread-1 insert one batch latency (device: d_9, sg: g_0) ,0.11, ms, throughput ,441559.58846646355, points/s
11:49:40.442 [DataClientService-thread-1] INFO cn.edu.tsinghua.iot.benchmark.tsdb.DBWrapper -- DataClientService-thread-1 insert one batch latency (device: d_10, sg: g_0) ,0.11, ms, throughput ,447359.2384156325, points/s
11:49:40.442 [DataClientService-thread-1] INFO cn.edu.tsinghua.iot.benchmark.tsdb.DBWrapper -- DataClientService-thread-1 insert one batch latency (device: d_11, sg: g_0) ,0.11, ms, throughput ,443077.79559935135, points/s
11:49:40.442 [DataClientService-thread-1] INFO cn.edu.tsinghua.iot.benchmark.tsdb.DBWrapper -- DataClientService-thread-1 insert one batch latency (device: d_12, sg: g_0) ,0.12, ms, throughput ,418511.60532681574, points/s
11:49:40.442 [DataClientService-thread-1] INFO cn.edu.tsinghua.iot.benchmark.tsdb.DBWrapper -- DataClientService-thread-1 insert one batch latency (device: d_13, sg: g_0) ,0.12, ms, throughput ,420178.65996621764, points/s
11:49:40.442 [DataClientService-thread-1] INFO cn.edu.tsinghua.iot.benchmark.tsdb.DBWrapper -- DataClientService-thread-1 insert one batch latency (device: d_14, sg: g_0) ,0.12, ms, throughput ,414676.22080679407, points/s
11:49:40.442 [DataClientService-thread-1] INFO cn.edu.tsinghua.iot.benchmark.tsdb.DBWrapper -- DataClientService-thread-1 insert one batch latency (device: d_15, sg: g_0) ,0.12, ms, throughput ,409624.5381483332, points/s
11:49:40.443 [DataClientService-thread-1] INFO cn.edu.tsinghua.iot.benchmark.tsdb.DBWrapper -- DataClientService-thread-1 insert one batch latency (device: d_16, sg: g_0) ,0.20, ms, throughput ,247430.43493321852, points/s
11:49:40.443 [DataClientService-thread-1] INFO cn.edu.tsinghua.iot.benchmark.tsdb.DBWrapper -- DataClientService-thread-1 insert one batch latency (device: d_17, sg: g_0) ,0.13, ms, throughput ,377051.1583011583, points/s
11:49:40.443 [DataClientService-thread-1] INFO cn.edu.tsinghua.iot.benchmark.tsdb.DBWrapper -- DataClientService-thread-1 insert one batch latency (device: d_18, sg: g_0) ,0.16, ms, throughput ,320800.71859360964, points/s
11:49:40.443 [DataClientService-thread-1] INFO cn.edu.tsinghua.iot.benchmark.tsdb.DBWrapper -- DataClientService-thread-1 insert one batch latency (device: d_19, sg: g_0) ,0.17, ms, throughput ,292336.1163731612, points/s
11:49:40.443 [DataClientService-thread-1] INFO cn.edu.tsinghua.iot.benchmark.tsdb.DBWrapper -- DataClientService-thread-1 insert one batch latency (device: d_0, sg: g_0) ,0.17, ms, throughput ,292366.8853570969, points/s
11:49:40.444 [DataClientService-thread-1] INFO cn.edu.tsinghua.iot.benchmark.tsdb.DBWrapper -- DataClientService-thread-1 insert one batch latency (device: d_1, sg: g_0) ,0.15, ms, throughput ,325349.26243322203, points/s
11:49:40.444 [DataClientService-thread-1] INFO cn.edu.tsinghua.iot.benchmark.tsdb.DBWrapper -- DataClientService-thread-1 insert one batch latency (device: d_2, sg: g_0) ,0.15, ms, throughput ,333491.1858279586, points/s
11:49:40.444 [DataClientService-thread-1] INFO cn.edu.tsinghua.iot.benchmark.tsdb.DBWrapper -- DataClientService-thread-1 insert one batch latency (device: d_3, sg: g_0) ,0.16, ms, throughput ,317196.4905380287, points/s
11:49:40.444 [DataClientService-thread-1] INFO cn.edu.tsinghua.iot.benchmark.tsdb.DBWrapper -- DataClientService-thread-1 insert one batch latency (device: d_4, sg: g_0) ,0.13, ms, throughput ,386356.96292518586, points/s
11:49:40.444 [DataClientService-thread-1] INFO cn.edu.tsinghua.iot.benchmark.tsdb.DBWrapper -- DataClientService-thread-1 insert one batch latency (device: d_5, sg: g_0) ,0.13, ms, throughput ,373949.20274029975, points/s
11:49:40.444 [DataClientService-thread-1] INFO cn.edu.tsinghua.iot.benchmark.tsdb.DBWrapper -- DataClientService-thread-1 insert one batch latency (device: d_6, sg: g_0) ,0.13, ms, throughput ,397829.4425613851, points/s
11:49:40.445 [DataClientService-thread-1] INFO cn.edu.tsinghua.iot.benchmark.tsdb.DBWrapper -- DataClientService-thread-1 insert one batch latency (device: d_7, sg: g_0) ,0.11, ms, throughput ,444061.56469532935, points/s
11:49:40.445 [DataClientService-thread-1] INFO cn.edu.tsinghua.iot.benchmark.tsdb.DBWrapper -- DataClientService-thread-1 insert one batch latency (device: d_8, sg: g_0) ,0.18, ms, throughput ,281263.88740444055, points/s
11:49:40.445 [DataClientService-thread-1] INFO cn.edu.tsinghua.iot.benchmark.tsdb.DBWrapper -- DataClientService-thread-1 insert one batch latency (device: d_9, sg: g_0) ,0.13, ms, throughput ,374464.5157424882, points/s
11:49:40.445 [DataClientService-thread-1] INFO cn.edu.tsinghua.iot.benchmark.tsdb.DBWrapper -- DataClientService-thread-1 insert one batch latency (device: d_10, sg: g_0) ,0.11, ms, throughput ,444760.71873332147, points/s
11:49:40.445 [DataClientService-thread-1] INFO cn.edu.tsinghua.iot.benchmark.tsdb.DBWrapper -- DataClientService-thread-1 insert one batch latency (device: d_11, sg: g_0) ,0.12, ms, throughput ,422275.8981808354, points/s
11:49:40.445 [DataClientService-thread-1] INFO cn.edu.tsinghua.iot.benchmark.tsdb.DBWrapper -- DataClientService-thread-1 insert one batch latency (device: d_12, sg: g_0) ,0.12, ms, throughput ,413021.7497253405, points/s
11:49:40.446 [DataClientService-thread-1] INFO cn.edu.tsinghua.iot.benchmark.tsdb.DBWrapper -- DataClientService-thread-1 insert one batch latency (device: d_13, sg: g_0) ,0.12, ms, throughput ,433249.2829724367, points/s
11:49:40.446 [DataClientService-thread-1] INFO cn.edu.tsinghua.iot.benchmark.tsdb.DBWrapper -- DataClientService-thread-1 insert one batch latency (device: d_14, sg: g_0) ,0.12, ms, throughput ,430388.8994095064, points/s
11:49:40.446 [DataClientService-thread-1] INFO cn.edu.tsinghua.iot.benchmark.tsdb.DBWrapper -- DataClientService-thread-1 insert one batch latency (device: d_15, sg: g_0) ,0.10, ms, throughput ,479436.9492468045, points/s
11:49:40.446 [DataClientService-thread-1] INFO cn.edu.tsinghua.iot.benchmark.tsdb.DBWrapper -- DataClientService-thread-1 insert one batch latency (device: d_16, sg: g_0) ,0.22, ms, throughput ,228657.14233449797, points/s
11:49:40.446 [DataClientService-thread-1] INFO cn.edu.tsinghua.iot.benchmark.tsdb.DBWrapper -- DataClientService-thread-1 insert one batch latency (device: d_17, sg: g_0) ,0.17, ms, throughput ,297150.32835111284, points/s
11:49:40.446 [DataClientService-thread-1] INFO cn.edu.tsinghua.iot.benchmark.tsdb.DBWrapper -- DataClientService-thread-1 insert one batch latency (device: d_18, sg: g_0) ,0.18, ms, throughput ,276327.0607090552, points/s
11:49:40.447 [DataClientService-thread-1] INFO cn.edu.tsinghua.iot.benchmark.tsdb.DBWrapper -- DataClientService-thread-1 insert one batch latency (device: d_19, sg: g_0) ,0.18, ms, throughput ,281818.74545567273, points/s
11:49:40.447 [DataClientService-thread-1] INFO cn.edu.tsinghua.iot.benchmark.tsdb.DBWrapper -- DataClientService-thread-1 insert one batch latency (device: d_0, sg: g_0) ,0.16, ms, throughput ,311942.4029547184, points/s
11:49:40.447 [DataClientService-thread-1] INFO cn.edu.tsinghua.iot.benchmark.tsdb.DBWrapper -- DataClientService-thread-1 insert one batch latency (device: d_1, sg: g_0) ,0.14, ms, throughput ,349961.1543118714, points/s
11:49:40.447 [DataClientService-thread-1] INFO cn.edu.tsinghua.iot.benchmark.tsdb.DBWrapper -- DataClientService-thread-1 insert one batch latency (device: d_2, sg: g_0) ,0.14, ms, throughput ,350059.1599980397, points/s
11:49:40.447 [DataClientService-thread-1] INFO cn.edu.tsinghua.iot.benchmark.tsdb.DBWrapper -- DataClientService-thread-1 insert one batch latency (device: d_3, sg: g_0) ,0.16, ms, throughput ,306038.7567481546, points/s
11:49:40.448 [DataClientService-thread-1] INFO cn.edu.tsinghua.iot.benchmark.tsdb.DBWrapper -- DataClientService-thread-1 insert one batch latency (device: d_4, sg: g_0) ,0.23, ms, throughput ,220102.39163258747, points/s
11:49:40.448 [DataClientService-thread-1] INFO cn.edu.tsinghua.iot.benchmark.tsdb.DBWrapper -- DataClientService-thread-1 insert one batch latency (device: d_5, sg: g_0) ,0.16, ms, throughput ,308443.9619010018, points/s
11:49:40.448 [DataClientService-thread-1] INFO cn.edu.tsinghua.iot.benchmark.tsdb.DBWrapper -- DataClientService-thread-1 insert one batch latency (device: d_6, sg: g_0) ,0.19, ms, throughput ,263985.97706489835, points/s
11:49:40.448 [DataClientService-thread-1] INFO cn.edu.tsinghua.iot.benchmark.tsdb.DBWrapper -- DataClientService-thread-1 insert one batch latency (device: d_7, sg: g_0) ,0.17, ms, throughput ,298842.88036721817, points/s
11:49:40.449 [DataClientService-thread-1] INFO cn.edu.tsinghua.iot.benchmark.tsdb.DBWrapper -- DataClientService-thread-1 insert one batch latency (device: d_8, sg: g_0) ,0.15, ms, throughput ,322916.0611990519, points/s
11:49:40.449 [DataClientService-thread-1] INFO cn.edu.tsinghua.iot.benchmark.tsdb.DBWrapper -- DataClientService-thread-1 insert one batch latency (device: d_9, sg: g_0) ,0.16, ms, throughput ,304197.31454610714, points/s
11:49:40.449 [DataClientService-thread-1] INFO cn.edu.tsinghua.iot.benchmark.tsdb.DBWrapper -- DataClientService-thread-1 insert one batch latency (device: d_10, sg: g_0) ,0.16, ms, throughput ,305390.13589861046, points/s
11:49:40.449 [DataClientService-thread-1] INFO cn.edu.tsinghua.iot.benchmark.tsdb.DBWrapper -- DataClientService-thread-1 insert one batch latency (device: d_11, sg: g_0) ,0.16, ms, throughput ,314088.10799605504, points/s
11:49:40.449 [DataClientService-thread-1] INFO cn.edu.tsinghua.iot.benchmark.tsdb.DBWrapper -- DataClientService-thread-1 insert one batch latency (device: d_12, sg: g_0) ,0.15, ms, throughput ,333417.79917579115, points/s
11:49:40.450 [DataClientService-thread-1] INFO cn.edu.tsinghua.iot.benchmark.tsdb.DBWrapper -- DataClientService-thread-1 insert one batch latency (device: d_13, sg: g_0) ,0.18, ms, throughput ,284746.14880833734, points/s
11:49:40.450 [DataClientService-thread-1] INFO cn.edu.tsinghua.iot.benchmark.tsdb.DBWrapper -- DataClientService-thread-1 insert one batch latency (device: d_14, sg: g_0) ,0.16, ms, throughput ,310262.23363987246, points/s
11:49:40.450 [DataClientService-thread-1] INFO cn.edu.tsinghua.iot.benchmark.tsdb.DBWrapper -- DataClientService-thread-1 insert one batch latency (device: d_15, sg: g_0) ,0.15, ms, throughput ,340938.5356008019, points/s
11:49:40.450 [DataClientService-thread-1] INFO cn.edu.tsinghua.iot.benchmark.tsdb.DBWrapper -- DataClientService-thread-1 insert one batch latency (device: d_16, sg: g_0) ,0.23, ms, throughput ,217966.54649444402, points/s
11:49:40.450 [DataClientService-thread-1] INFO cn.edu.tsinghua.iot.benchmark.tsdb.DBWrapper -- DataClientService-thread-1 insert one batch latency (device: d_17, sg: g_0) ,0.18, ms, throughput ,281221.17482957995, points/s
11:49:40.451 [DataClientService-thread-1] INFO cn.edu.tsinghua.iot.benchmark.tsdb.DBWrapper -- DataClientService-thread-1 insert one batch latency (device: d_18, sg: g_0) ,0.19, ms, throughput ,263510.16622221284, points/s
11:49:40.451 [DataClientService-thread-1] INFO cn.edu.tsinghua.iot.benchmark.tsdb.DBWrapper -- DataClientService-thread-1 insert one batch latency (device: d_19, sg: g_0) ,0.16, ms, throughput ,307453.9126584925, points/s
11:49:40.452 [DataClientService-thread-1] INFO cn.edu.tsinghua.iot.benchmark.tsdb.DBWrapper -- DataClientService-thread-1 insert one batch latency (device: d_0, sg: g_0) ,1.01, ms, throughput ,49517.84474571101, points/s
11:49:40.452 [DataClientService-thread-1] INFO cn.edu.tsinghua.iot.benchmark.tsdb.DBWrapper -- DataClientService-thread-1 insert one batch latency (device: d_1, sg: g_0) ,0.22, ms, throughput ,223516.63187257762, points/s
11:49:40.452 [DataClientService-thread-1] INFO cn.edu.tsinghua.iot.benchmark.tsdb.DBWrapper -- DataClientService-thread-1 insert one batch latency (device: d_2, sg: g_0) ,0.15, ms, throughput ,340110.6039684105, points/s
11:49:40.452 [DataClientService-thread-1] INFO cn.edu.tsinghua.iot.benchmark.tsdb.DBWrapper -- DataClientService-thread-1 insert one batch latency (device: d_3, sg: g_0) ,0.14, ms, throughput ,352100.2781592198, points/s
11:49:40.453 [DataClientService-thread-1] INFO cn.edu.tsinghua.iot.benchmark.tsdb.DBWrapper -- DataClientService-thread-1 insert one batch latency (device: d_4, sg: g_0) ,0.13, ms, throughput ,378739.1017823462, points/s
11:49:40.453 [DataClientService-thread-1] INFO cn.edu.tsinghua.iot.benchmark.tsdb.DBWrapper -- DataClientService-thread-1 insert one batch latency (device: d_5, sg: g_0) ,0.14, ms, throughput ,361420.52724026516, points/s
11:49:40.453 [DataClientService-thread-1] INFO cn.edu.tsinghua.iot.benchmark.tsdb.DBWrapper -- DataClientService-thread-1 insert one batch latency (device: d_6, sg: g_0) ,0.15, ms, throughput ,344056.4252537416, points/s
11:49:40.453 [DataClientService-thread-1] INFO cn.edu.tsinghua.iot.benchmark.tsdb.DBWrapper -- DataClientService-thread-1 insert one batch latency (device: d_7, sg: g_0) ,0.14, ms, throughput ,368164.1128349373, points/s
11:49:40.453 [DataClientService-thread-1] INFO cn.edu.tsinghua.iot.benchmark.tsdb.DBWrapper -- DataClientService-thread-1 insert one batch latency (device: d_8, sg: g_0) ,0.14, ms, throughput ,354235.595009529, points/s
11:49:40.453 [DataClientService-thread-1] INFO cn.edu.tsinghua.iot.benchmark.tsdb.DBWrapper -- DataClientService-thread-1 insert one batch latency (device: d_9, sg: g_0) ,0.16, ms, throughput ,307688.5207566676, points/s
11:49:40.454 [DataClientService-thread-1] INFO cn.edu.tsinghua.iot.benchmark.tsdb.DBWrapper -- DataClientService-thread-1 insert one batch latency (device: d_10, sg: g_0) ,0.17, ms, throughput ,289500.9582481718, points/s
11:49:40.454 [DataClientService-thread-1] INFO cn.edu.tsinghua.iot.benchmark.tsdb.DBWrapper -- DataClientService-thread-1 insert one batch latency (device: d_11, sg: g_0) ,0.16, ms, throughput ,320926.32173505606, points/s
11:49:40.454 [DataClientService-thread-1] INFO cn.edu.tsinghua.iot.benchmark.tsdb.DBWrapper -- DataClientService-thread-1 insert one batch latency (device: d_12, sg: g_0) ,0.15, ms, throughput ,344302.8212173171, points/s
11:49:40.454 [DataClientService-thread-1] INFO cn.edu.tsinghua.iot.benchmark.tsdb.DBWrapper -- DataClientService-thread-1 insert one batch latency (device: d_13, sg: g_0) ,0.13, ms, throughput ,379075.0568612586, points/s
11:49:40.454 [DataClientService-thread-1] INFO cn.edu.tsinghua.iot.benchmark.tsdb.DBWrapper -- DataClientService-thread-1 insert one batch latency (device: d_14, sg: g_0) ,0.17, ms, throughput ,298288.4210400721, points/s
11:49:40.455 [DataClientService-thread-1] INFO cn.edu.tsinghua.iot.benchmark.tsdb.DBWrapper -- DataClientService-thread-1 insert one batch latency (device: d_15, sg: g_0) ,0.14, ms, throughput ,369767.78583049844, points/s
11:49:40.455 [DataClientService-thread-1] INFO cn.edu.tsinghua.iot.benchmark.tsdb.DBWrapper -- DataClientService-thread-1 insert one batch latency (device: d_16, sg: g_0) ,0.14, ms, throughput ,357214.3000028577, points/s
11:49:40.455 [DataClientService-thread-1] INFO cn.edu.tsinghua.iot.benchmark.tsdb.DBWrapper -- DataClientService-thread-1 insert one batch latency (device: d_17, sg: g_0) ,0.13, ms, throughput ,395325.66928635805, points/s
11:49:40.455 [DataClientService-thread-1] INFO cn.edu.tsinghua.iot.benchmark.tsdb.DBWrapper -- DataClientService-thread-1 insert one batch latency (device: d_18, sg: g_0) ,0.14, ms, throughput ,364314.6512780158, points/s
11:49:40.455 [DataClientService-thread-1] INFO cn.edu.tsinghua.iot.benchmark.tsdb.DBWrapper -- DataClientService-thread-1 insert one batch latency (device: d_19, sg: g_0) ,0.13, ms, throughput ,395156.9563430594, points/s
11:49:40.455 [DataClientService-thread-1] INFO cn.edu.tsinghua.iot.benchmark.tsdb.DBWrapper -- DataClientService-thread-1 insert one batch latency (device: d_0, sg: g_0) ,0.13, ms, throughput ,386954.97391923476, points/s
11:49:40.455 [DataClientService-thread-1] INFO cn.edu.tsinghua.iot.benchmark.tsdb.DBWrapper -- DataClientService-thread-1 insert one batch latency (device: d_1, sg: g_0) ,0.14, ms, throughput ,355535.32954569696, points/s
11:49:40.456 [DataClientService-thread-1] INFO cn.edu.tsinghua.iot.benchmark.tsdb.DBWrapper -- DataClientService-thread-1 insert one batch latency (device: d_2, sg: g_0) ,0.13, ms, throughput ,376630.8114134201, points/s
11:49:40.456 [DataClientService-thread-1] INFO cn.edu.tsinghua.iot.benchmark.tsdb.DBWrapper -- DataClientService-thread-1 insert one batch latency (device: d_3, sg: g_0) ,0.14, ms, throughput ,348738.2649573842, points/s
11:49:40.456 [DataClientService-thread-1] INFO cn.edu.tsinghua.iot.benchmark.tsdb.DBWrapper -- DataClientService-thread-1 insert one batch latency (device: d_4, sg: g_0) ,0.12, ms, throughput ,402249.3785247102, points/s
11:49:40.456 [DataClientService-thread-1] INFO cn.edu.tsinghua.iot.benchmark.tsdb.DBWrapper -- DataClientService-thread-1 insert one batch latency (device: d_5, sg: g_0) ,0.14, ms, throughput ,353884.5911571318, points/s
11:49:40.456 [DataClientService-thread-1] INFO cn.edu.tsinghua.iot.benchmark.tsdb.DBWrapper -- DataClientService-thread-1 insert one batch latency (device: d_6, sg: g_0) ,0.14, ms, throughput ,355725.03877402924, points/s
11:49:40.456 [DataClientService-thread-1] INFO cn.edu.tsinghua.iot.benchmark.tsdb.DBWrapper -- DataClientService-thread-1 insert one batch latency (device: d_7, sg: g_0) ,0.18, ms, throughput ,276330.1150085939, points/s
11:49:40.457 [DataClientService-thread-1] INFO cn.edu.tsinghua.iot.benchmark.tsdb.DBWrapper -- DataClientService-thread-1 insert one batch latency (device: d_8, sg: g_0) ,0.17, ms, throughput ,296639.07923229807, points/s
11:49:40.457 [DataClientService-thread-1] INFO cn.edu.tsinghua.iot.benchmark.tsdb.DBWrapper -- DataClientService-thread-1 insert one batch latency (device: d_9, sg: g_0) ,0.15, ms, throughput ,334202.25920727226, points/s
11:49:40.457 [DataClientService-thread-1] INFO cn.edu.tsinghua.iot.benchmark.tsdb.DBWrapper -- DataClientService-thread-1 insert one batch latency (device: d_10, sg: g_0) ,0.14, ms, throughput ,357025.5487482684, points/s
11:49:40.457 [DataClientService-thread-1] INFO cn.edu.tsinghua.iot.benchmark.tsdb.DBWrapper -- DataClientService-thread-1 insert one batch latency (device: d_11, sg: g_0) ,0.16, ms, throughput ,321357.4137155344, points/s
11:49:40.457 [DataClientService-thread-1] INFO cn.edu.tsinghua.iot.benchmark.tsdb.DBWrapper -- DataClientService-thread-1 insert one batch latency (device: d_12, sg: g_0) ,0.14, ms, throughput ,348767.45581116335, points/s
11:49:40.457 [DataClientService-thread-1] INFO cn.edu.tsinghua.iot.benchmark.tsdb.DBWrapper -- DataClientService-thread-1 insert one batch latency (device: d_13, sg: g_0) ,0.16, ms, throughput ,314817.8463940764, points/s
11:49:40.458 [DataClientService-thread-1] INFO cn.edu.tsinghua.iot.benchmark.tsdb.DBWrapper -- DataClientService-thread-1 insert one batch latency (device: d_14, sg: g_0) ,0.15, ms, throughput ,344654.07070922916, points/s
11:49:40.458 [DataClientService-thread-1] INFO cn.edu.tsinghua.iot.benchmark.tsdb.DBWrapper -- DataClientService-thread-1 insert one batch latency (device: d_15, sg: g_0) ,0.13, ms, throughput ,390256.0860436618, points/s
11:49:40.458 [DataClientService-thread-1] INFO cn.edu.tsinghua.iot.benchmark.tsdb.DBWrapper -- DataClientService-thread-1 insert one batch latency (device: d_16, sg: g_0) ,0.13, ms, throughput ,386987.9182371926, points/s
11:49:40.458 [DataClientService-thread-1] INFO cn.edu.tsinghua.iot.benchmark.tsdb.DBWrapper -- DataClientService-thread-1 insert one batch latency (device: d_17, sg: g_0) ,0.13, ms, throughput ,397008.14660716837, points/s
11:49:40.458 [DataClientService-thread-1] INFO cn.edu.tsinghua.iot.benchmark.tsdb.DBWrapper -- DataClientService-thread-1 insert one batch latency (device: d_18, sg: g_0) ,0.12, ms, throughput ,418841.15030533524, points/s
11:49:40.458 [DataClientService-thread-1] INFO cn.edu.tsinghua.iot.benchmark.tsdb.DBWrapper -- DataClientService-thread-1 insert one batch latency (device: d_19, sg: g_0) ,0.13, ms, throughput ,371968.45707484003, points/s
11:49:40.458 [DataClientService-thread-1] INFO cn.edu.tsinghua.iot.benchmark.tsdb.DBWrapper -- DataClientService-thread-1 insert one batch latency (device: d_0, sg: g_0) ,0.14, ms, throughput ,356506.23885918, points/s
11:49:40.459 [DataClientService-thread-1] INFO cn.edu.tsinghua.iot.benchmark.tsdb.DBWrapper -- DataClientService-thread-1 insert one batch latency (device: d_1, sg: g_0) ,0.14, ms, throughput ,346277.1741012376, points/s
11:49:40.459 [DataClientService-thread-1] INFO cn.edu.tsinghua.iot.benchmark.tsdb.DBWrapper -- DataClientService-thread-1 insert one batch latency (device: d_2, sg: g_0) ,0.12, ms, throughput ,414058.10063268075, points/s
11:49:40.459 [DataClientService-thread-1] INFO cn.edu.tsinghua.iot.benchmark.tsdb.DBWrapper -- DataClientService-thread-1 insert one batch latency (device: d_3, sg: g_0) ,0.12, ms, throughput ,412038.10528397665, points/s
11:49:40.459 [DataClientService-thread-1] INFO cn.edu.tsinghua.iot.benchmark.tsdb.DBWrapper -- DataClientService-thread-1 insert one batch latency (device: d_4, sg: g_0) ,0.13, ms, throughput ,382496.9400244798, points/s
11:49:40.459 [DataClientService-thread-1] INFO cn.edu.tsinghua.iot.benchmark.tsdb.DBWrapper -- DataClientService-thread-1 insert one batch latency (device: d_5, sg: g_0) ,0.14, ms, throughput ,355340.77180015633, points/s
11:49:40.459 [DataClientService-thread-1] INFO cn.edu.tsinghua.iot.benchmark.tsdb.DBWrapper -- DataClientService-thread-1 insert one batch latency (device: d_6, sg: g_0) ,0.14, ms, throughput ,360246.120149286, points/s
11:49:40.459 [DataClientService-thread-1] INFO cn.edu.tsinghua.iot.benchmark.tsdb.DBWrapper -- DataClientService-thread-1 insert one batch latency (device: d_7, sg: g_0) ,0.12, ms, throughput ,426075.841499787, points/s
11:49:40.460 [DataClientService-thread-1] INFO cn.edu.tsinghua.iot.benchmark.tsdb.DBWrapper -- DataClientService-thread-1 insert one batch latency (device: d_8, sg: g_0) ,0.12, ms, throughput ,422850.8605015011, points/s
11:49:40.460 [DataClientService-thread-1] INFO cn.edu.tsinghua.iot.benchmark.tsdb.DBWrapper -- DataClientService-thread-1 insert one batch latency (device: d_9, sg: g_0) ,0.12, ms, throughput ,426821.4605830381, points/s
11:49:40.460 [DataClientService-thread-1] INFO cn.edu.tsinghua.iot.benchmark.tsdb.DBWrapper -- DataClientService-thread-1 insert one batch latency (device: d_10, sg: g_0) ,0.14, ms, throughput ,357339.39380945236, points/s
11:49:40.460 [DataClientService-thread-1] INFO cn.edu.tsinghua.iot.benchmark.tsdb.DBWrapper -- DataClientService-thread-1 insert one batch latency (device: d_11, sg: g_0) ,0.14, ms, throughput ,362129.9032388899, points/s
11:49:40.460 [DataClientService-thread-1] INFO cn.edu.tsinghua.iot.benchmark.tsdb.DBWrapper -- DataClientService-thread-1 insert one batch latency (device: d_12, sg: g_0) ,0.13, ms, throughput ,395166.3255064056, points/s
11:49:40.460 [DataClientService-thread-1] INFO cn.edu.tsinghua.iot.benchmark.tsdb.DBWrapper -- DataClientService-thread-1 insert one batch latency (device: d_13, sg: g_0) ,0.13, ms, throughput ,397614.31411530817, points/s
11:49:40.460 [DataClientService-thread-1] INFO cn.edu.tsinghua.iot.benchmark.tsdb.DBWrapper -- DataClientService-thread-1 insert one batch latency (device: d_14, sg: g_0) ,0.13, ms, throughput ,398374.6315034658, points/s
11:49:40.461 [DataClientService-thread-1] INFO cn.edu.tsinghua.iot.benchmark.tsdb.DBWrapper -- DataClientService-thread-1 insert one batch latency (device: d_15, sg: g_0) ,0.12, ms, throughput ,413927.8440982168, points/s
11:49:40.461 [DataClientService-thread-1] INFO cn.edu.tsinghua.iot.benchmark.tsdb.DBWrapper -- DataClientService-thread-1 insert one batch latency (device: d_16, sg: g_0) ,0.13, ms, throughput ,384443.8635070507, points/s
11:49:40.461 [DataClientService-thread-1] INFO cn.edu.tsinghua.iot.benchmark.tsdb.DBWrapper -- DataClientService-thread-1 insert one batch latency (device: d_17, sg: g_0) ,0.11, ms, throughput ,443325.29436799546, points/s
11:49:40.461 [DataClientService-thread-1] INFO cn.edu.tsinghua.iot.benchmark.tsdb.DBWrapper -- DataClientService-thread-1 insert one batch latency (device: d_18, sg: g_0) ,0.13, ms, throughput ,385368.33505464526, points/s
11:49:40.461 [DataClientService-thread-1] INFO cn.edu.tsinghua.iot.benchmark.tsdb.DBWrapper -- DataClientService-thread-1 insert one batch latency (device: d_19, sg: g_0) ,0.12, ms, throughput ,424088.2103477523, points/s
11:49:40.461 [DataClientService-thread-1] INFO cn.edu.tsinghua.iot.benchmark.tsdb.DBWrapper -- DataClientService-thread-1 insert one batch latency (device: d_0, sg: g_0) ,0.12, ms, throughput ,417861.05284270877, points/s
11:49:40.461 [DataClientService-thread-1] INFO cn.edu.tsinghua.iot.benchmark.tsdb.DBWrapper -- DataClientService-thread-1 insert one batch latency (device: d_1, sg: g_0) ,0.13, ms, throughput ,395403.82592741965, points/s
11:49:40.462 [DataClientService-thread-1] INFO cn.edu.tsinghua.iot.benchmark.tsdb.DBWrapper -- DataClientService-thread-1 insert one batch latency (device: d_2, sg: g_0) ,0.12, ms, throughput ,422729.30951394583, points/s
11:49:40.462 [DataClientService-thread-1] INFO cn.edu.tsinghua.iot.benchmark.tsdb.DBWrapper -- DataClientService-thread-1 insert one batch latency (device: d_3, sg: g_0) ,0.12, ms, throughput ,423879.68598992866, points/s
11:49:40.462 [DataClientService-thread-1] INFO cn.edu.tsinghua.iot.benchmark.tsdb.DBWrapper -- DataClientService-thread-1 insert one batch latency (device: d_4, sg: g_0) ,0.14, ms, throughput ,358066.15630303853, points/s
11:49:40.462 [DataClientService-thread-1] INFO cn.edu.tsinghua.iot.benchmark.tsdb.DBWrapper -- DataClientService-thread-1 insert one batch latency (device: d_5, sg: g_0) ,0.13, ms, throughput ,392961.27759570576, points/s
11:49:40.462 [DataClientService-thread-1] INFO cn.edu.tsinghua.iot.benchmark.tsdb.DBWrapper -- DataClientService-thread-1 insert one batch latency (device: d_6, sg: g_0) ,0.12, ms, throughput ,414277.6654624996, points/s
11:49:40.462 [DataClientService-thread-1] INFO cn.edu.tsinghua.iot.benchmark.tsdb.DBWrapper -- DataClientService-thread-1 insert one batch latency (device: d_7, sg: g_0) ,0.11, ms, throughput ,435946.396031144, points/s
11:49:40.462 [DataClientService-thread-1] INFO cn.edu.tsinghua.iot.benchmark.tsdb.DBWrapper -- DataClientService-thread-1 insert one batch latency (device: d_8, sg: g_0) ,0.14, ms, throughput ,366520.54714187275, points/s
11:49:40.463 [DataClientService-thread-1] INFO cn.edu.tsinghua.iot.benchmark.tsdb.DBWrapper -- DataClientService-thread-1 insert one batch latency (device: d_9, sg: g_0) ,0.15, ms, throughput ,335046.5379641232, points/s
11:49:40.463 [DataClientService-thread-1] INFO cn.edu.tsinghua.iot.benchmark.tsdb.DBWrapper -- DataClientService-thread-1 insert one batch latency (device: d_10, sg: g_0) ,0.17, ms, throughput ,285719.1837574358, points/s
11:49:40.463 [DataClientService-thread-1] INFO cn.edu.tsinghua.iot.benchmark.tsdb.DBWrapper -- DataClientService-thread-1 insert one batch latency (device: d_11, sg: g_0) ,0.17, ms, throughput ,291200.50319446955, points/s
11:49:40.463 [DataClientService-thread-1] INFO cn.edu.tsinghua.iot.benchmark.tsdb.DBWrapper -- DataClientService-thread-1 insert one batch latency (device: d_12, sg: g_0) ,0.13, ms, throughput ,393360.08181889704, points/s
11:49:40.463 [DataClientService-thread-1] INFO cn.edu.tsinghua.iot.benchmark.tsdb.DBWrapper -- DataClientService-thread-1 insert one batch latency (device: d_13, sg: g_0) ,0.15, ms, throughput ,329595.7178924331, points/s
11:49:40.463 [DataClientService-thread-1] INFO cn.edu.tsinghua.iot.benchmark.tsdb.DBWrapper -- DataClientService-thread-1 insert one batch latency (device: d_14, sg: g_0) ,0.17, ms, throughput ,289604.92096681707, points/s
11:49:40.464 [DataClientService-thread-1] INFO cn.edu.tsinghua.iot.benchmark.tsdb.DBWrapper -- DataClientService-thread-1 insert one batch latency (device: d_15, sg: g_0) ,0.17, ms, throughput ,289713.99434478284, points/s
11:49:40.464 [DataClientService-thread-1] INFO cn.edu.tsinghua.iot.benchmark.tsdb.DBWrapper -- DataClientService-thread-1 insert one batch latency (device: d_16, sg: g_0) ,0.14, ms, throughput ,346138.1368076372, points/s
11:49:40.464 [DataClientService-thread-1] INFO cn.edu.tsinghua.iot.benchmark.tsdb.DBWrapper -- DataClientService-thread-1 insert one batch latency (device: d_17, sg: g_0) ,0.11, ms, throughput ,436681.22270742356, points/s
11:49:40.464 [DataClientService-thread-1] INFO cn.edu.tsinghua.iot.benchmark.tsdb.DBWrapper -- DataClientService-thread-1 insert one batch latency (device: d_18, sg: g_0) ,0.16, ms, throughput ,307257.4202666994, points/s
11:49:40.464 [DataClientService-thread-1] INFO cn.edu.tsinghua.iot.benchmark.tsdb.DBWrapper -- DataClientService-thread-1 insert one batch latency (device: d_19, sg: g_0) ,0.14, ms, throughput ,363773.9363250102, points/s
11:49:40.464 [DataClientService-thread-1] INFO cn.edu.tsinghua.iot.benchmark.tsdb.DBWrapper -- DataClientService-thread-1 insert one batch latency (device: d_0, sg: g_0) ,0.17, ms, throughput ,291648.9246904146, points/s
11:49:40.465 [DataClientService-thread-1] INFO cn.edu.tsinghua.iot.benchmark.tsdb.DBWrapper -- DataClientService-thread-1 insert one batch latency (device: d_1, sg: g_0) ,0.15, ms, throughput ,328361.93365775497, points/s
11:49:40.465 [DataClientService-thread-1] INFO cn.edu.tsinghua.iot.benchmark.tsdb.DBWrapper -- DataClientService-thread-1 insert one batch latency (device: d_2, sg: g_0) ,0.13, ms, throughput ,387386.6893933525, points/s
11:49:40.465 [DataClientService-thread-1] INFO cn.edu.tsinghua.iot.benchmark.tsdb.DBWrapper -- DataClientService-thread-1 insert one batch latency (device: d_3, sg: g_0) ,0.13, ms, throughput ,382543.763006488, points/s
11:49:40.465 [DataClientService-thread-1] INFO cn.edu.tsinghua.iot.benchmark.tsdb.DBWrapper -- DataClientService-thread-1 insert one batch latency (device: d_4, sg: g_0) ,0.13, ms, throughput ,375403.5588257377, points/s
11:49:40.465 [DataClientService-thread-1] INFO cn.edu.tsinghua.iot.benchmark.tsdb.DBWrapper -- DataClientService-thread-1 insert one batch latency (device: d_5, sg: g_0) ,0.14, ms, throughput ,359973.79390780354, points/s
11:49:40.466 [DataClientService-thread-1] INFO cn.edu.tsinghua.iot.benchmark.tsdb.DBWrapper -- DataClientService-thread-1 insert one batch latency (device: d_6, sg: g_0) ,0.39, ms, throughput ,126725.36585613122, points/s
11:49:40.466 [DataClientService-thread-1] INFO cn.edu.tsinghua.iot.benchmark.tsdb.DBWrapper -- DataClientService-thread-1 insert one batch latency (device: d_7, sg: g_0) ,0.15, ms, throughput ,338551.541086615, points/s
11:49:40.466 [DataClientService-thread-1] INFO cn.edu.tsinghua.iot.benchmark.tsdb.DBWrapper -- DataClientService-thread-1 insert one batch latency (device: d_8, sg: g_0) ,0.13, ms, throughput ,393558.23874816997, points/s
11:49:40.466 [DataClientService-thread-1] INFO cn.edu.tsinghua.iot.benchmark.tsdb.DBWrapper -- DataClientService-thread-1 insert one batch latency (device: d_9, sg: g_0) ,0.12, ms, throughput ,401293.7711180847, points/s
11:49:40.466 [DataClientService-thread-1] INFO cn.edu.tsinghua.iot.benchmark.tsdb.DBWrapper -- DataClientService-thread-1 insert one batch latency (device: d_10, sg: g_0) ,0.14, ms, throughput ,356974.5691316951, points/s
11:49:40.466 [DataClientService-thread-1] INFO cn.edu.tsinghua.iot.benchmark.tsdb.DBWrapper -- DataClientService-thread-1 insert one batch latency (device: d_11, sg: g_0) ,0.15, ms, throughput ,340548.41917423817, points/s
11:49:40.467 [DataClientService-thread-1] INFO cn.edu.tsinghua.iot.benchmark.tsdb.DBWrapper -- DataClientService-thread-1 insert one batch latency (device: d_12, sg: g_0) ,0.13, ms, throughput ,391221.0007433199, points/s
11:49:40.468 [DataClientService-thread-1] INFO cn.edu.tsinghua.iot.benchmark.tsdb.DBWrapper -- DataClientService-thread-1 insert one batch latency (device: d_13, sg: g_0) ,1.17, ms, throughput ,42805.76371047209, points/s
11:49:40.468 [DataClientService-thread-1] INFO cn.edu.tsinghua.iot.benchmark.tsdb.DBWrapper -- DataClientService-thread-1 insert one batch latency (device: d_14, sg: g_0) ,0.26, ms, throughput ,189702.92521910687, points/s
11:49:40.468 [DataClientService-thread-1] INFO cn.edu.tsinghua.iot.benchmark.tsdb.DBWrapper -- DataClientService-thread-1 insert one batch latency (device: d_15, sg: g_0) ,0.16, ms, throughput ,307859.0251951826, points/s
11:49:40.468 [DataClientService-thread-1] INFO cn.edu.tsinghua.iot.benchmark.tsdb.DBWrapper -- DataClientService-thread-1 insert one batch latency (device: d_16, sg: g_0) ,0.21, ms, throughput ,233949.86922202312, points/s
11:49:40.469 [DataClientService-thread-1] INFO cn.edu.tsinghua.iot.benchmark.tsdb.DBWrapper -- DataClientService-thread-1 insert one batch latency (device: d_17, sg: g_0) ,0.13, ms, throughput ,373809.41700683325, points/s
11:49:40.469 [DataClientService-thread-1] INFO cn.edu.tsinghua.iot.benchmark.tsdb.DBWrapper -- DataClientService-thread-1 insert one batch latency (device: d_18, sg: g_0) ,0.15, ms, throughput ,324614.1960280207, points/s
11:49:40.469 [DataClientService-thread-1] INFO cn.edu.tsinghua.iot.benchmark.tsdb.DBWrapper -- DataClientService-thread-1 insert one batch latency (device: d_19, sg: g_0) ,0.13, ms, throughput ,381411.52778201574, points/s
11:49:40.469 [DataClientService-thread-1] INFO cn.edu.tsinghua.iot.benchmark.tsdb.DBWrapper -- DataClientService-thread-1 insert one batch latency (device: d_0, sg: g_0) ,0.14, ms, throughput ,354849.0117455023, points/s
11:49:40.469 [DataClientService-thread-1] INFO cn.edu.tsinghua.iot.benchmark.tsdb.DBWrapper -- DataClientService-thread-1 insert one batch latency (device: d_1, sg: g_0) ,0.19, ms, throughput ,257107.74357102087, points/s
11:49:40.469 [DataClientService-thread-1] INFO cn.edu.tsinghua.iot.benchmark.tsdb.DBWrapper -- DataClientService-thread-1 insert one batch latency (device: d_2, sg: g_0) ,0.16, ms, throughput ,307004.61734944495, points/s
11:49:40.470 [DataClientService-thread-1] INFO cn.edu.tsinghua.iot.benchmark.tsdb.DBWrapper -- DataClientService-thread-1 insert one batch latency (device: d_3, sg: g_0) ,0.16, ms, throughput ,315690.4465757057, points/s
11:49:40.470 [DataClientService-thread-1] INFO cn.edu.tsinghua.iot.benchmark.tsdb.DBWrapper -- DataClientService-thread-1 insert one batch latency (device: d_4, sg: g_0) ,0.15, ms, throughput ,330043.8958381465, points/s
11:49:40.470 [DataClientService-thread-1] INFO cn.edu.tsinghua.iot.benchmark.tsdb.DBWrapper -- DataClientService-thread-1 insert one batch latency (device: d_5, sg: g_0) ,0.15, ms, throughput ,330403.7533866385, points/s
11:49:40.470 [DataClientService-thread-1] INFO cn.edu.tsinghua.iot.benchmark.tsdb.DBWrapper -- DataClientService-thread-1 insert one batch latency (device: d_6, sg: g_0) ,0.16, ms, throughput ,319117.7033737124, points/s
11:49:40.470 [DataClientService-thread-1] INFO cn.edu.tsinghua.iot.benchmark.tsdb.DBWrapper -- DataClientService-thread-1 insert one batch latency (device: d_7, sg: g_0) ,0.15, ms, throughput ,335264.45660336874, points/s
11:49:40.470 [DataClientService-thread-1] INFO cn.edu.tsinghua.iot.benchmark.tsdb.DBWrapper -- DataClientService-thread-1 insert one batch latency (device: d_8, sg: g_0) ,0.15, ms, throughput ,323878.24768912874, points/s
11:49:40.471 [DataClientService-thread-1] INFO cn.edu.tsinghua.iot.benchmark.tsdb.DBWrapper -- DataClientService-thread-1 insert one batch latency (device: d_9, sg: g_0) ,0.15, ms, throughput ,324054.57078972104, points/s
11:49:40.471 [DataClientService-thread-1] INFO cn.edu.tsinghua.iot.benchmark.tsdb.DBWrapper -- DataClientService-thread-1 insert one batch latency (device: d_10, sg: g_0) ,0.15, ms, throughput ,336997.62079679716, points/s
11:49:40.471 [DataClientService-thread-1] INFO cn.edu.tsinghua.iot.benchmark.tsdb.DBWrapper -- DataClientService-thread-1 insert one batch latency (device: d_11, sg: g_0) ,0.14, ms, throughput ,354037.4429999717, points/s
11:49:40.471 [DataClientService-thread-1] INFO cn.edu.tsinghua.iot.benchmark.tsdb.DBWrapper -- DataClientService-thread-1 insert one batch latency (device: d_12, sg: g_0) ,0.15, ms, throughput ,331756.3846516226, points/s
11:49:40.471 [DataClientService-thread-1] INFO cn.edu.tsinghua.iot.benchmark.tsdb.DBWrapper -- DataClientService-thread-1 insert one batch latency (device: d_13, sg: g_0) ,0.16, ms, throughput ,305888.97453780175, points/s
11:49:40.471 [DataClientService-thread-1] INFO cn.edu.tsinghua.iot.benchmark.tsdb.DBWrapper -- DataClientService-thread-1 insert one batch latency (device: d_14, sg: g_0) ,0.14, ms, throughput ,363588.7665614683, points/s
11:49:40.472 [DataClientService-thread-1] INFO cn.edu.tsinghua.iot.benchmark.tsdb.DBWrapper -- DataClientService-thread-1 insert one batch latency (device: d_15, sg: g_0) ,0.12, ms, throughput ,414782.8611721764, points/s
11:49:40.472 [DataClientService-thread-1] INFO cn.edu.tsinghua.iot.benchmark.tsdb.DBWrapper -- DataClientService-thread-1 insert one batch latency (device: d_16, sg: g_0) ,0.11, ms, throughput ,443435.3825960481, points/s
11:49:40.472 [DataClientService-thread-1] INFO cn.edu.tsinghua.iot.benchmark.tsdb.DBWrapper -- DataClientService-thread-1 insert one batch latency (device: d_17, sg: g_0) ,0.13, ms, throughput ,396055.28931838885, points/s
11:49:40.472 [DataClientService-thread-1] INFO cn.edu.tsinghua.iot.benchmark.tsdb.DBWrapper -- DataClientService-thread-1 insert one batch latency (device: d_18, sg: g_0) ,0.11, ms, throughput ,452414.9912231492, points/s
11:49:40.472 [DataClientService-thread-1] INFO cn.edu.tsinghua.iot.benchmark.tsdb.DBWrapper -- DataClientService-thread-1 insert one batch latency (device: d_19, sg: g_0) ,0.13, ms, throughput ,375347.1961564447, points/s
11:49:40.472 [DataClientService-thread-1] INFO cn.edu.tsinghua.iot.benchmark.tsdb.DBWrapper -- DataClientService-thread-1 insert one batch latency (device: d_0, sg: g_0) ,0.14, ms, throughput ,356862.4652059096, points/s
11:49:40.472 [DataClientService-thread-1] INFO cn.edu.tsinghua.iot.benchmark.tsdb.DBWrapper -- DataClientService-thread-1 insert one batch latency (device: d_1, sg: g_0) ,0.16, ms, throughput ,318587.0029246287, points/s
11:49:40.473 [DataClientService-thread-1] INFO cn.edu.tsinghua.iot.benchmark.tsdb.DBWrapper -- DataClientService-thread-1 insert one batch latency (device: d_2, sg: g_0) ,0.12, ms, throughput ,408697.0737289521, points/s
11:49:40.473 [DataClientService-thread-1] INFO cn.edu.tsinghua.iot.benchmark.tsdb.DBWrapper -- DataClientService-thread-1 insert one batch latency (device: d_3, sg: g_0) ,0.20, ms, throughput ,251501.46373851894, points/s
11:49:40.473 [DataClientService-thread-1] INFO cn.edu.tsinghua.iot.benchmark.tsdb.DBWrapper -- DataClientService-thread-1 insert one batch latency (device: d_4, sg: g_0) ,0.12, ms, throughput ,412571.89065194613, points/s
11:49:40.473 [DataClientService-thread-1] INFO cn.edu.tsinghua.iot.benchmark.tsdb.DBWrapper -- DataClientService-thread-1 insert one batch latency (device: d_5, sg: g_0) ,0.14, ms, throughput ,369058.1635665781, points/s
11:49:40.473 [DataClientService-thread-1] INFO cn.edu.tsinghua.iot.benchmark.tsdb.DBWrapper -- DataClientService-thread-1 insert one batch latency (device: d_6, sg: g_0) ,0.13, ms, throughput ,389617.4735644544, points/s
11:49:40.473 [DataClientService-thread-1] INFO cn.edu.tsinghua.iot.benchmark.tsdb.DBWrapper -- DataClientService-thread-1 insert one batch latency (device: d_7, sg: g_0) ,0.14, ms, throughput ,347809.1501631225, points/s
11:49:40.473 [DataClientService-thread-1] INFO cn.edu.tsinghua.iot.benchmark.tsdb.DBWrapper -- DataClientService-thread-1 insert one batch latency (device: d_8, sg: g_0) ,0.12, ms, throughput ,405153.5531966615, points/s
11:49:40.474 [DataClientService-thread-1] INFO cn.edu.tsinghua.iot.benchmark.tsdb.DBWrapper -- DataClientService-thread-1 insert one batch latency (device: d_9, sg: g_0) ,0.12, ms, throughput ,431756.5583821218, points/s
11:49:40.474 [DataClientService-thread-1] INFO cn.edu.tsinghua.iot.benchmark.tsdb.DBWrapper -- DataClientService-thread-1 insert one batch latency (device: d_10, sg: g_0) ,0.19, ms, throughput ,267242.4851413178, points/s
11:49:40.474 [DataClientService-thread-1] INFO cn.edu.tsinghua.iot.benchmark.tsdb.DBWrapper -- DataClientService-thread-1 insert one batch latency (device: d_11, sg: g_0) ,0.12, ms, throughput ,432892.93691884127, points/s
11:49:40.474 [DataClientService-thread-1] INFO cn.edu.tsinghua.iot.benchmark.tsdb.DBWrapper -- DataClientService-thread-1 insert one batch latency (device: d_12, sg: g_0) ,0.15, ms, throughput ,335689.8762647116, points/s
11:49:40.474 [DataClientService-thread-1] INFO cn.edu.tsinghua.iot.benchmark.tsdb.DBWrapper -- DataClientService-thread-1 insert one batch latency (device: d_13, sg: g_0) ,0.13, ms, throughput ,398949.9636955533, points/s
11:49:40.474 [DataClientService-thread-1] INFO cn.edu.tsinghua.iot.benchmark.tsdb.DBWrapper -- DataClientService-thread-1 insert one batch latency (device: d_14, sg: g_0) ,0.11, ms, throughput ,444061.56469532935, points/s
11:49:40.474 [DataClientService-thread-1] INFO cn.edu.tsinghua.iot.benchmark.tsdb.DBWrapper -- DataClientService-thread-1 insert one batch latency (device: d_15, sg: g_0) ,0.10, ms, throughput ,477824.1798147954, points/s
11:49:40.475 [DataClientService-thread-1] INFO cn.edu.tsinghua.iot.benchmark.tsdb.DBWrapper -- DataClientService-thread-1 insert one batch latency (device: d_16, sg: g_0) ,0.12, ms, throughput ,421010.0874016941, points/s
11:49:40.475 [DataClientService-thread-1] INFO cn.edu.tsinghua.iot.benchmark.tsdb.DBWrapper -- DataClientService-thread-1 insert one batch latency (device: d_17, sg: g_0) ,0.12, ms, throughput ,420822.2867483062, points/s
11:49:40.475 [DataClientService-thread-1] INFO cn.edu.tsinghua.iot.benchmark.tsdb.DBWrapper -- DataClientService-thread-1 insert one batch latency (device: d_18, sg: g_0) ,0.11, ms, throughput ,456112.8240681615, points/s
11:49:40.475 [DataClientService-thread-1] INFO cn.edu.tsinghua.iot.benchmark.tsdb.DBWrapper -- DataClientService-thread-1 insert one batch latency (device: d_19, sg: g_0) ,0.11, ms, throughput ,473502.7841963711, points/s
11:49:40.475 [DataClientService-thread-1] INFO cn.edu.tsinghua.iot.benchmark.tsdb.DBWrapper -- DataClientService-thread-1 insert one batch latency (device: d_0, sg: g_0) ,0.14, ms, throughput ,345925.00345925003, points/s
11:49:40.475 [DataClientService-thread-1] INFO cn.edu.tsinghua.iot.benchmark.tsdb.DBWrapper -- DataClientService-thread-1 insert one batch latency (device: d_1, sg: g_0) ,0.14, ms, throughput ,351256.79681901843, points/s
11:49:40.475 [DataClientService-thread-1] INFO cn.edu.tsinghua.iot.benchmark.tsdb.DBWrapper -- DataClientService-thread-1 insert one batch latency (device: d_2, sg: g_0) ,0.13, ms, throughput ,384858.14128912083, points/s
11:49:40.476 [DataClientService-thread-1] INFO cn.edu.tsinghua.iot.benchmark.tsdb.DBWrapper -- DataClientService-thread-1 insert one batch latency (device: d_3, sg: g_0) ,0.16, ms, throughput ,310885.3392691707, points/s
11:49:40.476 [DataClientService-thread-1] INFO cn.edu.tsinghua.iot.benchmark.tsdb.DBWrapper -- DataClientService-thread-1 insert one batch latency (device: d_4, sg: g_0) ,0.16, ms, throughput ,305647.7592962766, points/s
11:49:40.476 [DataClientService-thread-1] INFO cn.edu.tsinghua.iot.benchmark.tsdb.DBWrapper -- DataClientService-thread-1 insert one batch latency (device: d_5, sg: g_0) ,0.13, ms, throughput ,384384.75376312673, points/s
11:49:40.476 [DataClientService-thread-1] INFO cn.edu.tsinghua.iot.benchmark.tsdb.DBWrapper -- DataClientService-thread-1 insert one batch latency (device: d_6, sg: g_0) ,0.11, ms, throughput ,440598.5090146455, points/s
11:49:40.476 [DataClientService-thread-1] INFO cn.edu.tsinghua.iot.benchmark.tsdb.DBWrapper -- DataClientService-thread-1 insert one batch latency (device: d_7, sg: g_0) ,0.11, ms, throughput ,448394.3000116583, points/s
11:49:40.476 [DataClientService-thread-1] INFO cn.edu.tsinghua.iot.benchmark.tsdb.DBWrapper -- DataClientService-thread-1 insert one batch latency (device: d_8, sg: g_0) ,0.17, ms, throughput ,302592.0030985421, points/s
11:49:40.477 [DataClientService-thread-1] INFO cn.edu.tsinghua.iot.benchmark.tsdb.DBWrapper -- DataClientService-thread-1 insert one batch latency (device: d_9, sg: g_0) ,0.15, ms, throughput ,325741.3873977172, points/s
11:49:40.477 [DataClientService-thread-1] INFO cn.edu.tsinghua.iot.benchmark.tsdb.DBWrapper -- DataClientService-thread-1 insert one batch latency (device: d_10, sg: g_0) ,0.12, ms, throughput ,400112.0313687832, points/s
11:49:40.477 [DataClientService-thread-1] INFO cn.edu.tsinghua.iot.benchmark.tsdb.DBWrapper -- DataClientService-thread-1 insert one batch latency (device: d_11, sg: g_0) ,0.12, ms, throughput ,414222.7524273453, points/s
11:49:40.477 [DataClientService-thread-1] INFO cn.edu.tsinghua.iot.benchmark.tsdb.DBWrapper -- DataClientService-thread-1 insert one batch latency (device: d_12, sg: g_0) ,0.13, ms, throughput ,372625.4443558424, points/s
11:49:40.477 [DataClientService-thread-1] INFO cn.edu.tsinghua.iot.benchmark.tsdb.DBWrapper -- DataClientService-thread-1 insert one batch latency (device: d_13, sg: g_0) ,0.14, ms, throughput ,360126.76462114666, points/s
11:49:40.477 [DataClientService-thread-1] INFO cn.edu.tsinghua.iot.benchmark.tsdb.DBWrapper -- DataClientService-thread-1 insert one batch latency (device: d_14, sg: g_0) ,0.13, ms, throughput ,379336.76759553596, points/s
11:49:40.477 [DataClientService-thread-1] INFO cn.edu.tsinghua.iot.benchmark.tsdb.DBWrapper -- DataClientService-thread-1 insert one batch latency (device: d_15, sg: g_0) ,0.14, ms, throughput ,361985.7088042164, points/s
11:49:40.478 [DataClientService-thread-1] INFO cn.edu.tsinghua.iot.benchmark.tsdb.DBWrapper -- DataClientService-thread-1 insert one batch latency (device: d_16, sg: g_0) ,0.12, ms, throughput ,433091.66818248754, points/s
11:49:40.478 [DataClientService-thread-1] INFO cn.edu.tsinghua.iot.benchmark.tsdb.DBWrapper -- DataClientService-thread-1 insert one batch latency (device: d_17, sg: g_0) ,0.11, ms, throughput ,465562.3527659059, points/s
11:49:40.478 [DataClientService-thread-1] INFO cn.edu.tsinghua.iot.benchmark.tsdb.DBWrapper -- DataClientService-thread-1 insert one batch latency (device: d_18, sg: g_0) ,0.10, ms, throughput ,480376.61526636884, points/s
11:49:40.478 [DataClientService-thread-1] INFO cn.edu.tsinghua.iot.benchmark.tsdb.DBWrapper -- DataClientService-thread-1 insert one batch latency (device: d_19, sg: g_0) ,0.10, ms, throughput ,485913.37136415316, points/s
11:49:40.478 [DataClientService-thread-1] INFO cn.edu.tsinghua.iot.benchmark.tsdb.DBWrapper -- DataClientService-thread-1 insert one batch latency (device: d_0, sg: g_0) ,0.15, ms, throughput ,328336.0585226191, points/s
11:49:40.478 [DataClientService-thread-1] INFO cn.edu.tsinghua.iot.benchmark.tsdb.DBWrapper -- DataClientService-thread-1 insert one batch latency (device: d_1, sg: g_0) ,0.11, ms, throughput ,437242.57343489025, points/s
11:49:40.478 [DataClientService-thread-1] INFO cn.edu.tsinghua.iot.benchmark.tsdb.DBWrapper -- DataClientService-thread-1 insert one batch latency (device: d_2, sg: g_0) ,0.11, ms, throughput ,458669.30860188423, points/s
11:49:40.478 [DataClientService-thread-1] INFO cn.edu.tsinghua.iot.benchmark.tsdb.DBWrapper -- DataClientService-thread-1 insert one batch latency (device: d_3, sg: g_0) ,0.14, ms, throughput ,353641.8032902833, points/s
11:49:40.479 [DataClientService-thread-1] INFO cn.edu.tsinghua.iot.benchmark.tsdb.DBWrapper -- DataClientService-thread-1 insert one batch latency (device: d_4, sg: g_0) ,0.11, ms, throughput ,438300.44618985424, points/s
11:49:40.479 [DataClientService-thread-1] INFO cn.edu.tsinghua.iot.benchmark.tsdb.DBWrapper -- DataClientService-thread-1 insert one batch latency (device: d_5, sg: g_0) ,0.11, ms, throughput ,437215.8097236796, points/s
11:49:40.479 [DataClientService-thread-1] INFO cn.edu.tsinghua.iot.benchmark.tsdb.DBWrapper -- DataClientService-thread-1 insert one batch latency (device: d_6, sg: g_0) ,0.11, ms, throughput ,455286.32957266824, points/s
11:49:40.479 [DataClientService-thread-1] INFO cn.edu.tsinghua.iot.benchmark.tsdb.DBWrapper -- DataClientService-thread-1 insert one batch latency (device: d_7, sg: g_0) ,0.11, ms, throughput ,460778.5314066647, points/s
11:49:40.479 [DataClientService-thread-1] INFO cn.edu.tsinghua.iot.benchmark.tsdb.DBWrapper -- DataClientService-thread-1 insert one batch latency (device: d_8, sg: g_0) ,0.10, ms, throughput ,491289.4382596563, points/s
11:49:40.479 [DataClientService-thread-1] INFO cn.edu.tsinghua.iot.benchmark.tsdb.DBWrapper -- DataClientService-thread-1 insert one batch latency (device: d_9, sg: g_0) ,0.10, ms, throughput ,519728.90940085653, points/s
11:49:40.479 [DataClientService-thread-1] INFO cn.edu.tsinghua.iot.benchmark.tsdb.DBWrapper -- DataClientService-thread-1 insert one batch latency (device: d_10, sg: g_0) ,0.10, ms, throughput ,503367.52876745426, points/s
11:49:40.479 [DataClientService-thread-1] INFO cn.edu.tsinghua.iot.benchmark.tsdb.DBWrapper -- DataClientService-thread-1 insert one batch latency (device: d_11, sg: g_0) ,0.10, ms, throughput ,497883.9930296241, points/s
11:49:40.479 [DataClientService-thread-1] INFO cn.edu.tsinghua.iot.benchmark.tsdb.DBWrapper -- DataClientService-thread-1 insert one batch latency (device: d_12, sg: g_0) ,0.13, ms, throughput ,385418.83464761154, points/s
11:49:40.480 [DataClientService-thread-1] INFO cn.edu.tsinghua.iot.benchmark.tsdb.DBWrapper -- DataClientService-thread-1 insert one batch latency (device: d_13, sg: g_0) ,0.13, ms, throughput ,393146.6672957014, points/s
11:49:40.480 [DataClientService-thread-1] INFO cn.edu.tsinghua.iot.benchmark.tsdb.DBWrapper -- DataClientService-thread-1 insert one batch latency (device: d_14, sg: g_0) ,0.12, ms, throughput ,428559.18402331363, points/s
11:49:40.480 [DataClientService-thread-1] INFO cn.edu.tsinghua.iot.benchmark.tsdb.DBWrapper -- DataClientService-thread-1 insert one batch latency (device: d_15, sg: g_0) ,0.12, ms, throughput ,403398.2266613956, points/s
11:49:40.480 [DataClientService-thread-1] INFO cn.edu.tsinghua.iot.benchmark.tsdb.DBWrapper -- DataClientService-thread-1 insert one batch latency (device: d_16, sg: g_0) ,0.12, ms, throughput ,430274.08459188504, points/s
11:49:40.480 [DataClientService-thread-1] INFO cn.edu.tsinghua.iot.benchmark.tsdb.DBWrapper -- DataClientService-thread-1 insert one batch latency (device: d_17, sg: g_0) ,0.11, ms, throughput ,469382.19914947945, points/s
11:49:40.480 [DataClientService-thread-1] INFO cn.edu.tsinghua.iot.benchmark.tsdb.DBWrapper -- DataClientService-thread-1 insert one batch latency (device: d_18, sg: g_0) ,0.12, ms, throughput ,433956.2051397773, points/s
11:49:40.480 [DataClientService-thread-1] INFO cn.edu.tsinghua.iot.benchmark.tsdb.DBWrapper -- DataClientService-thread-1 insert one batch latency (device: d_19, sg: g_0) ,0.11, ms, throughput ,447687.6930653176, points/s
11:49:40.481 [DataClientService-thread-1] INFO cn.edu.tsinghua.iot.benchmark.tsdb.DBWrapper -- DataClientService-thread-1 insert one batch latency (device: d_0, sg: g_0) ,0.11, ms, throughput ,464006.9786649591, points/s
11:49:40.481 [DataClientService-thread-1] INFO cn.edu.tsinghua.iot.benchmark.tsdb.DBWrapper -- DataClientService-thread-1 insert one batch latency (device: d_1, sg: g_0) ,0.10, ms, throughput ,480261.2621265969, points/s
11:49:40.481 [DataClientService-thread-1] INFO cn.edu.tsinghua.iot.benchmark.tsdb.DBWrapper -- DataClientService-thread-1 insert one batch latency (device: d_2, sg: g_0) ,0.10, ms, throughput ,483362.6573345449, points/s
11:49:40.481 [DataClientService-thread-1] INFO cn.edu.tsinghua.iot.benchmark.tsdb.DBWrapper -- DataClientService-thread-1 insert one batch latency (device: d_3, sg: g_0) ,0.11, ms, throughput ,466971.13184462936, points/s
11:49:40.481 [DataClientService-thread-1] INFO cn.edu.tsinghua.iot.benchmark.tsdb.DBWrapper -- DataClientService-thread-1 insert one batch latency (device: d_4, sg: g_0) ,0.09, ms, throughput ,526726.0813686451, points/s
11:49:40.481 [DataClientService-thread-1] INFO cn.edu.tsinghua.iot.benchmark.tsdb.DBWrapper -- DataClientService-thread-1 insert one batch latency (device: d_5, sg: g_0) ,0.10, ms, throughput ,513689.8340781836, points/s
11:49:40.481 [DataClientService-thread-1] INFO cn.edu.tsinghua.iot.benchmark.tsdb.DBWrapper -- DataClientService-thread-1 insert one batch latency (device: d_6, sg: g_0) ,0.10, ms, throughput ,498241.2085338754, points/s
11:49:40.482 [DataClientService-thread-1] INFO cn.edu.tsinghua.iot.benchmark.tsdb.DBWrapper -- DataClientService-thread-1 insert one batch latency (device: d_7, sg: g_0) ,0.97, ms, throughput ,51303.783038353686, points/s
11:49:40.482 [DataClientService-thread-1] INFO cn.edu.tsinghua.iot.benchmark.tsdb.DBWrapper -- DataClientService-thread-1 insert one batch latency (device: d_8, sg: g_0) ,0.14, ms, throughput ,365038.1099786817, points/s
11:49:40.483 [DataClientService-thread-1] INFO cn.edu.tsinghua.iot.benchmark.tsdb.DBWrapper -- DataClientService-thread-1 insert one batch latency (device: d_9, sg: g_0) ,0.10, ms, throughput ,496914.16304747516, points/s
11:49:40.483 [DataClientService-thread-1] INFO cn.edu.tsinghua.iot.benchmark.tsdb.DBWrapper -- DataClientService-thread-1 insert one batch latency (device: d_10, sg: g_0) ,0.13, ms, throughput ,399007.2699124578, points/s
11:49:40.483 [DataClientService-thread-1] INFO cn.edu.tsinghua.iot.benchmark.tsdb.DBWrapper -- DataClientService-thread-1 insert one batch latency (device: d_11, sg: g_0) ,0.10, ms, throughput ,515049.7538062177, points/s
11:49:40.483 [DataClientService-thread-1] INFO cn.edu.tsinghua.iot.benchmark.tsdb.DBWrapper -- DataClientService-thread-1 insert one batch latency (device: d_12, sg: g_0) ,0.10, ms, throughput ,512557.66273705795, points/s
11:49:40.483 [DataClientService-thread-1] INFO cn.edu.tsinghua.iot.benchmark.tsdb.DBWrapper -- DataClientService-thread-1 insert one batch latency (device: d_13, sg: g_0) ,0.09, ms, throughput ,543667.3625608907, points/s
11:49:40.483 [DataClientService-thread-1] INFO cn.edu.tsinghua.iot.benchmark.tsdb.DBWrapper -- DataClientService-thread-1 insert one batch latency (device: d_14, sg: g_0) ,0.09, ms, throughput ,531536.0328276654, points/s
11:49:40.483 [DataClientService-thread-1] INFO cn.edu.tsinghua.iot.benchmark.tsdb.DBWrapper -- DataClientService-thread-1 insert one batch latency (device: d_15, sg: g_0) ,0.10, ms, throughput ,521083.0189465786, points/s
11:49:40.483 [DataClientService-thread-1] INFO cn.edu.tsinghua.iot.benchmark.tsdb.DBWrapper -- DataClientService-thread-1 insert one batch latency (device: d_16, sg: g_0) ,0.09, ms, throughput ,530757.3907966668, points/s
11:49:40.483 [DataClientService-thread-1] INFO cn.edu.tsinghua.iot.benchmark.tsdb.DBWrapper -- DataClientService-thread-1 insert one batch latency (device: d_17, sg: g_0) ,0.13, ms, throughput ,387852.46092386456, points/s
11:49:40.484 [DataClientService-thread-1] INFO cn.edu.tsinghua.iot.benchmark.tsdb.DBWrapper -- DataClientService-thread-1 insert one batch latency (device: d_18, sg: g_0) ,0.13, ms, throughput ,380063.39457421494, points/s
11:49:40.484 [DataClientService-thread-1] INFO cn.edu.tsinghua.iot.benchmark.tsdb.DBWrapper -- DataClientService-thread-1 insert one batch latency (device: d_19, sg: g_0) ,0.12, ms, throughput ,427972.26739707263, points/s
11:49:40.484 [DataClientService-thread-1] INFO cn.edu.tsinghua.iot.benchmark.tsdb.DBWrapper -- DataClientService-thread-1 insert one batch latency (device: d_0, sg: g_0) ,0.17, ms, throughput ,295971.82348240446, points/s
11:49:40.484 [DataClientService-thread-1] INFO cn.edu.tsinghua.iot.benchmark.tsdb.DBWrapper -- DataClientService-thread-1 insert one batch latency (device: d_1, sg: g_0) ,0.13, ms, throughput ,388246.9872033793, points/s
11:49:40.484 [DataClientService-thread-1] INFO cn.edu.tsinghua.iot.benchmark.tsdb.DBWrapper -- DataClientService-thread-1 insert one batch latency (device: d_2, sg: g_0) ,0.11, ms, throughput ,439205.2142443035, points/s
11:49:40.484 [DataClientService-thread-1] INFO cn.edu.tsinghua.iot.benchmark.tsdb.DBWrapper -- DataClientService-thread-1 insert one batch latency (device: d_3, sg: g_0) ,0.17, ms, throughput ,300469.93497830606, points/s
11:49:40.485 [DataClientService-thread-1] INFO cn.edu.tsinghua.iot.benchmark.tsdb.DBWrapper -- DataClientService-thread-1 insert one batch latency (device: d_4, sg: g_0) ,0.13, ms, throughput ,378851.02062464954, points/s
11:49:40.485 [DataClientService-thread-1] INFO cn.edu.tsinghua.iot.benchmark.tsdb.DBWrapper -- DataClientService-thread-1 insert one batch latency (device: d_5, sg: g_0) ,0.41, ms, throughput ,122780.43665634491, points/s
11:49:40.485 [DataClientService-thread-1] INFO cn.edu.tsinghua.iot.benchmark.tsdb.DBWrapper -- DataClientService-thread-1 insert one batch latency (device: d_6, sg: g_0) ,0.12, ms, throughput ,401274.4476457228, points/s
11:49:40.485 [DataClientService-thread-1] INFO cn.edu.tsinghua.iot.benchmark.tsdb.DBWrapper -- DataClientService-thread-1 insert one batch latency (device: d_7, sg: g_0) ,0.14, ms, throughput ,359130.9032142216, points/s
11:49:40.485 [DataClientService-thread-1] INFO cn.edu.tsinghua.iot.benchmark.tsdb.DBWrapper -- DataClientService-thread-1 insert one batch latency (device: d_8, sg: g_0) ,0.16, ms, throughput ,319548.0312645794, points/s
11:49:40.486 [DataClientService-thread-1] INFO cn.edu.tsinghua.iot.benchmark.tsdb.DBWrapper -- DataClientService-thread-1 insert one batch latency (device: d_9, sg: g_0) ,0.15, ms, throughput ,339823.97118292726, points/s
11:49:40.486 [DataClientService-thread-1] INFO cn.edu.tsinghua.iot.benchmark.tsdb.DBWrapper -- DataClientService-thread-1 insert one batch latency (device: d_10, sg: g_0) ,0.13, ms, throughput ,384689.36333910364, points/s
11:49:40.486 [DataClientService-thread-1] INFO cn.edu.tsinghua.iot.benchmark.tsdb.DBWrapper -- DataClientService-thread-1 insert one batch latency (device: d_11, sg: g_0) ,0.12, ms, throughput ,420390.62697058107, points/s
11:49:40.486 [DataClientService-thread-1] INFO cn.edu.tsinghua.iot.benchmark.tsdb.DBWrapper -- DataClientService-thread-1 insert one batch latency (device: d_12, sg: g_0) ,0.12, ms, throughput ,422161.8061770715, points/s
11:49:40.486 [DataClientService-thread-1] INFO cn.edu.tsinghua.iot.benchmark.tsdb.DBWrapper -- DataClientService-thread-1 insert one batch latency (device: d_13, sg: g_0) ,0.13, ms, throughput ,370837.3507379663, points/s
11:49:40.486 [DataClientService-thread-1] INFO cn.edu.tsinghua.iot.benchmark.tsdb.DBWrapper -- DataClientService-thread-1 insert one batch latency (device: d_14, sg: g_0) ,0.14, ms, throughput ,350675.4008219832, points/s
11:49:40.486 [DataClientService-thread-1] INFO cn.edu.tsinghua.iot.benchmark.tsdb.DBWrapper -- DataClientService-thread-1 insert one batch latency (device: d_15, sg: g_0) ,0.15, ms, throughput ,340706.21584420186, points/s
11:49:40.487 [DataClientService-thread-1] INFO cn.edu.tsinghua.iot.benchmark.tsdb.DBWrapper -- DataClientService-thread-1 insert one batch latency (device: d_16, sg: g_0) ,0.12, ms, throughput ,410071.3524153203, points/s
11:49:40.487 [DataClientService-thread-1] INFO cn.edu.tsinghua.iot.benchmark.tsdb.DBWrapper -- DataClientService-thread-1 insert one batch latency (device: d_17, sg: g_0) ,0.12, ms, throughput ,427317.5567691374, points/s
11:49:40.487 [DataClientService-thread-1] INFO cn.edu.tsinghua.iot.benchmark.tsdb.DBWrapper -- DataClientService-thread-1 insert one batch latency (device: d_18, sg: g_0) ,0.12, ms, throughput ,411356.7367892784, points/s
11:49:40.487 [DataClientService-thread-1] INFO cn.edu.tsinghua.iot.benchmark.tsdb.DBWrapper -- DataClientService-thread-1 insert one batch latency (device: d_19, sg: g_0) ,0.13, ms, throughput ,394545.7988763335, points/s
11:49:40.487 [DataClientService-thread-1] INFO cn.edu.tsinghua.iot.benchmark.tsdb.DBWrapper -- DataClientService-thread-1 insert one batch latency (device: d_0, sg: g_0) ,0.12, ms, throughput ,411407.5073641944, points/s
11:49:40.487 [DataClientService-thread-1] INFO cn.edu.tsinghua.iot.benchmark.tsdb.DBWrapper -- DataClientService-thread-1 insert one batch latency (device: d_1, sg: g_0) ,0.12, ms, throughput ,427683.06973800133, points/s
11:49:40.487 [DataClientService-thread-1] INFO cn.edu.tsinghua.iot.benchmark.tsdb.DBWrapper -- DataClientService-thread-1 insert one batch latency (device: d_2, sg: g_0) ,0.13, ms, throughput ,385124.93452876114, points/s
11:49:40.487 [DataClientService-thread-1] INFO cn.edu.tsinghua.iot.benchmark.tsdb.DBWrapper -- DataClientService-thread-1 insert one batch latency (device: d_3, sg: g_0) ,0.14, ms, throughput ,365545.1740726119, points/s
11:49:40.488 [DataClientService-thread-1] INFO cn.edu.tsinghua.iot.benchmark.tsdb.DBWrapper -- DataClientService-thread-1 insert one batch latency (device: d_4, sg: g_0) ,0.12, ms, throughput ,405350.62829347386, points/s
11:49:40.488 [DataClientService-thread-1] INFO cn.edu.tsinghua.iot.benchmark.tsdb.DBWrapper -- DataClientService-thread-1 insert one batch latency (device: d_5, sg: g_0) ,0.12, ms, throughput ,413636.7772731409, points/s
11:49:40.488 [DataClientService-thread-1] INFO cn.edu.tsinghua.iot.benchmark.tsdb.DBWrapper -- DataClientService-thread-1 insert one batch latency (device: d_6, sg: g_0) ,0.15, ms, throughput ,343041.4050975953, points/s
11:49:40.488 [DataClientService-thread-1] INFO cn.edu.tsinghua.iot.benchmark.tsdb.DBWrapper -- DataClientService-thread-1 insert one batch latency (device: d_7, sg: g_0) ,0.14, ms, throughput ,365946.48398618185, points/s
11:49:40.488 [DataClientService-thread-1] INFO cn.edu.tsinghua.iot.benchmark.tsdb.DBWrapper -- DataClientService-thread-1 insert one batch latency (device: d_8, sg: g_0) ,0.14, ms, throughput ,366096.53233364574, points/s
11:49:40.488 [DataClientService-thread-1] INFO cn.edu.tsinghua.iot.benchmark.tsdb.DBWrapper -- DataClientService-thread-1 insert one batch latency (device: d_9, sg: g_0) ,0.14, ms, throughput ,357375.1509910013, points/s
11:49:40.489 [DataClientService-thread-1] INFO cn.edu.tsinghua.iot.benchmark.tsdb.DBWrapper -- DataClientService-thread-1 insert one batch latency (device: d_10, sg: g_0) ,0.12, ms, throughput ,414037.52836157073, points/s
11:49:40.489 [DataClientService-thread-1] INFO cn.edu.tsinghua.iot.benchmark.tsdb.DBWrapper -- DataClientService-thread-1 insert one batch latency (device: d_11, sg: g_0) ,0.11, ms, throughput ,439120.35410665354, points/s
11:49:40.489 [DataClientService-thread-1] INFO cn.edu.tsinghua.iot.benchmark.tsdb.DBWrapper -- DataClientService-thread-1 insert one batch latency (device: d_12, sg: g_0) ,0.11, ms, throughput ,451793.6206740761, points/s
11:49:40.489 [DataClientService-thread-1] INFO cn.edu.tsinghua.iot.benchmark.tsdb.DBWrapper -- DataClientService-thread-1 insert one batch latency (device: d_13, sg: g_0) ,0.14, ms, throughput ,357932.8661116321, points/s
11:49:40.489 [DataClientService-thread-1] INFO cn.edu.tsinghua.iot.benchmark.tsdb.DBWrapper -- DataClientService-thread-1 insert one batch latency (device: d_14, sg: g_0) ,0.17, ms, throughput ,295515.26040804747, points/s
11:49:40.489 [DataClientService-thread-1] INFO cn.edu.tsinghua.iot.benchmark.tsdb.DBWrapper -- DataClientService-thread-1 insert one batch latency (device: d_15, sg: g_0) ,0.18, ms, throughput ,272775.38038526796, points/s
11:49:40.490 [DataClientService-thread-1] INFO cn.edu.tsinghua.iot.benchmark.tsdb.DBWrapper -- DataClientService-thread-1 insert one batch latency (device: d_16, sg: g_0) ,0.17, ms, throughput ,289690.4946754887, points/s
11:49:40.490 [DataClientService-thread-1] INFO cn.edu.tsinghua.iot.benchmark.tsdb.DBWrapper -- DataClientService-thread-1 insert one batch latency (device: d_17, sg: g_0) ,0.20, ms, throughput ,250998.97592417823, points/s
11:49:40.490 [DataClientService-thread-1] INFO cn.edu.tsinghua.iot.benchmark.tsdb.DBWrapper -- DataClientService-thread-1 insert one batch latency (device: d_18, sg: g_0) ,0.16, ms, throughput ,306526.56359200086, points/s
11:49:40.490 [DataClientService-thread-1] INFO cn.edu.tsinghua.iot.benchmark.tsdb.DBWrapper -- DataClientService-thread-1 insert one batch latency (device: d_19, sg: g_0) ,0.17, ms, throughput ,298267.06833298533, points/s
11:49:40.490 [DataClientService-thread-1] INFO cn.edu.tsinghua.iot.benchmark.tsdb.DBWrapper -- DataClientService-thread-1 insert one batch latency (device: d_0, sg: g_0) ,0.16, ms, throughput ,310995.5589834177, points/s
11:49:40.491 [DataClientService-thread-1] INFO cn.edu.tsinghua.iot.benchmark.tsdb.DBWrapper -- DataClientService-thread-1 insert one batch latency (device: d_1, sg: g_0) ,0.15, ms, throughput ,339390.31923053425, points/s
11:49:40.491 [DataClientService-thread-1] INFO cn.edu.tsinghua.iot.benchmark.tsdb.DBWrapper -- DataClientService-thread-1 insert one batch latency (device: d_2, sg: g_0) ,0.17, ms, throughput ,301322.80712327117, points/s
11:49:40.491 [DataClientService-thread-1] INFO cn.edu.tsinghua.iot.benchmark.tsdb.DBWrapper -- DataClientService-thread-1 insert one batch latency (device: d_3, sg: g_0) ,0.13, ms, throughput ,393986.1947237369, points/s
11:49:40.491 [DataClientService-thread-1] INFO cn.edu.tsinghua.iot.benchmark.tsdb.DBWrapper -- DataClientService-thread-1 insert one batch latency (device: d_4, sg: g_0) ,0.15, ms, throughput ,339295.8931625092, points/s
11:49:40.491 [DataClientService-thread-1] INFO cn.edu.tsinghua.iot.benchmark.tsdb.DBWrapper -- DataClientService-thread-1 insert one batch latency (device: d_5, sg: g_0) ,0.12, ms, throughput ,406272.8528479727, points/s
11:49:40.491 [DataClientService-thread-1] INFO cn.edu.tsinghua.iot.benchmark.tsdb.DBWrapper -- DataClientService-thread-1 insert one batch latency (device: d_6, sg: g_0) ,0.17, ms, throughput ,289020.6823200268, points/s
11:49:40.491 [DataClientService-thread-1] INFO cn.edu.tsinghua.iot.benchmark.tsdb.DBWrapper -- DataClientService-thread-1 insert one batch latency (device: d_7, sg: g_0) ,0.12, ms, throughput ,425231.5385727529, points/s
11:49:40.492 [DataClientService-thread-1] INFO cn.edu.tsinghua.iot.benchmark.tsdb.DBWrapper -- DataClientService-thread-1 insert one batch latency (device: d_8, sg: g_0) ,0.11, ms, throughput ,469465.93555171636, points/s
11:49:40.492 [DataClientService-thread-1] INFO cn.edu.tsinghua.iot.benchmark.tsdb.DBWrapper -- DataClientService-thread-1 insert one batch latency (device: d_9, sg: g_0) ,0.10, ms, throughput ,505801.54370631144, points/s
11:49:40.492 [DataClientService-thread-1] INFO cn.edu.tsinghua.iot.benchmark.tsdb.DBWrapper -- DataClientService-thread-1 insert one batch latency (device: d_10, sg: g_0) ,0.11, ms, throughput ,475904.93323053786, points/s
11:49:40.492 [DataClientService-thread-1] INFO cn.edu.tsinghua.iot.benchmark.tsdb.DBWrapper -- DataClientService-thread-1 insert one batch latency (device: d_11, sg: g_0) ,0.11, ms, throughput ,452100.004521, points/s
11:49:40.492 [DataClientService-thread-1] INFO cn.edu.tsinghua.iot.benchmark.tsdb.DBWrapper -- DataClientService-thread-1 insert one batch latency (device: d_12, sg: g_0) ,0.10, ms, throughput ,484688.68445797265, points/s
11:49:40.492 [DataClientService-thread-1] INFO cn.edu.tsinghua.iot.benchmark.tsdb.DBWrapper -- DataClientService-thread-1 insert one batch latency (device: d_13, sg: g_0) ,0.11, ms, throughput ,461731.67848699767, points/s
11:49:40.492 [DataClientService-thread-1] INFO cn.edu.tsinghua.iot.benchmark.tsdb.DBWrapper -- DataClientService-thread-1 insert one batch latency (device: d_14, sg: g_0) ,0.12, ms, throughput ,430648.3842072625, points/s
11:49:40.493 [DataClientService-thread-1] INFO cn.edu.tsinghua.iot.benchmark.tsdb.DBWrapper -- DataClientService-thread-1 insert one batch latency (device: d_15, sg: g_0) ,0.14, ms, throughput ,350645.8897288806, points/s
11:49:40.493 [DataClientService-thread-1] INFO cn.edu.tsinghua.iot.benchmark.tsdb.DBWrapper -- DataClientService-thread-1 insert one batch latency (device: d_16, sg: g_0) ,0.11, ms, throughput ,475547.35500561143, points/s
11:49:40.493 [DataClientService-thread-1] INFO cn.edu.tsinghua.iot.benchmark.tsdb.DBWrapper -- DataClientService-thread-1 insert one batch latency (device: d_17, sg: g_0) ,0.10, ms, throughput ,524972.9638923595, points/s
11:49:40.493 [DataClientService-thread-1] INFO cn.edu.tsinghua.iot.benchmark.tsdb.DBWrapper -- DataClientService-thread-1 insert one batch latency (device: d_18, sg: g_0) ,0.10, ms, throughput ,516491.57602239505, points/s
11:49:40.493 [DataClientService-thread-1] INFO cn.edu.tsinghua.iot.benchmark.tsdb.DBWrapper -- DataClientService-thread-1 insert one batch latency (device: d_19, sg: g_0) ,0.11, ms, throughput ,440959.88146998384, points/s
11:49:40.493 [DataClientService-thread-1] INFO cn.edu.tsinghua.iot.benchmark.tsdb.DBWrapper -- DataClientService-thread-1 insert one batch latency (device: d_0, sg: g_0) ,0.11, ms, throughput ,454959.0536851683, points/s
11:49:40.493 [DataClientService-thread-1] INFO cn.edu.tsinghua.iot.benchmark.tsdb.DBWrapper -- DataClientService-thread-1 insert one batch latency (device: d_1, sg: g_0) ,0.11, ms, throughput ,468590.3863996326, points/s
11:49:40.493 [DataClientService-thread-1] INFO cn.edu.tsinghua.iot.benchmark.tsdb.DBWrapper -- DataClientService-thread-1 insert one batch latency (device: d_2, sg: g_0) ,0.11, ms, throughput ,442231.3223601001, points/s
11:49:40.494 [DataClientService-thread-1] INFO cn.edu.tsinghua.iot.benchmark.tsdb.DBWrapper -- DataClientService-thread-1 insert one batch latency (device: d_3, sg: g_0) ,0.10, ms, throughput ,477162.9797873762, points/s
11:49:40.494 [DataClientService-thread-1] INFO cn.edu.tsinghua.iot.benchmark.tsdb.DBWrapper -- DataClientService-thread-1 insert one batch latency (device: d_4, sg: g_0) ,0.19, ms, throughput ,268263.37024637306, points/s
11:49:40.497 [DataClientService-thread-1] INFO cn.edu.tsinghua.iot.benchmark.tsdb.DBWrapper -- DataClientService-thread-1 insert one batch latency (device: d_5, sg: g_0) ,2.68, ms, throughput ,18648.47073215761, points/s
11:49:40.497 [DataClientService-thread-1] INFO cn.edu.tsinghua.iot.benchmark.tsdb.DBWrapper -- DataClientService-thread-1 insert one batch latency (device: d_6, sg: g_0) ,0.27, ms, throughput ,182515.7237295993, points/s
11:49:40.497 [DataClientService-thread-1] INFO cn.edu.tsinghua.iot.benchmark.tsdb.DBWrapper -- DataClientService-thread-1 insert one batch latency (device: d_7, sg: g_0) ,0.18, ms, throughput ,285292.0534751425, points/s
11:49:40.497 [DataClientService-thread-1] INFO cn.edu.tsinghua.iot.benchmark.tsdb.DBWrapper -- DataClientService-thread-1 insert one batch latency (device: d_8, sg: g_0) ,0.19, ms, throughput ,265971.5942337359, points/s
11:49:40.497 [DataClientService-thread-1] INFO cn.edu.tsinghua.iot.benchmark.tsdb.DBWrapper -- DataClientService-thread-1 insert one batch latency (device: d_9, sg: g_0) ,0.15, ms, throughput ,334959.0010182754, points/s
11:49:40.498 [DataClientService-thread-1] INFO cn.edu.tsinghua.iot.benchmark.tsdb.DBWrapper -- DataClientService-thread-1 insert one batch latency (device: d_10, sg: g_0) ,0.17, ms, throughput ,291982.7379805306, points/s
11:49:40.498 [DataClientService-thread-1] INFO cn.edu.tsinghua.iot.benchmark.tsdb.DBWrapper -- DataClientService-thread-1 insert one batch latency (device: d_11, sg: g_0) ,0.12, ms, throughput ,407790.42834306596, points/s
11:49:40.498 [DataClientService-thread-1] INFO cn.edu.tsinghua.iot.benchmark.tsdb.DBWrapper -- DataClientService-thread-1 insert one batch latency (device: d_12, sg: g_0) ,0.13, ms, throughput ,382003.0713046933, points/s
11:49:40.498 [DataClientService-thread-1] INFO cn.edu.tsinghua.iot.benchmark.tsdb.DBWrapper -- DataClientService-thread-1 insert one batch latency (device: d_13, sg: g_0) ,0.14, ms, throughput ,354037.4429999717, points/s
11:49:40.498 [DataClientService-thread-1] INFO cn.edu.tsinghua.iot.benchmark.tsdb.DBWrapper -- DataClientService-thread-1 insert one batch latency (device: d_14, sg: g_0) ,0.26, ms, throughput ,194218.50358527357, points/s
11:49:40.499 [DataClientService-thread-1] INFO cn.edu.tsinghua.iot.benchmark.tsdb.DBWrapper -- DataClientService-thread-1 insert one batch latency (device: d_15, sg: g_0) ,0.22, ms, throughput ,228208.3816374408, points/s
11:49:40.499 [DataClientService-thread-1] INFO cn.edu.tsinghua.iot.benchmark.tsdb.DBWrapper -- DataClientService-thread-1 insert one batch latency (device: d_16, sg: g_0) ,0.24, ms, throughput ,207342.4094017342, points/s
11:49:40.499 [DataClientService-thread-1] INFO cn.edu.tsinghua.iot.benchmark.tsdb.DBWrapper -- DataClientService-thread-1 insert one batch latency (device: d_17, sg: g_0) ,0.23, ms, throughput ,218168.17275428592, points/s
11:49:40.500 [DataClientService-thread-1] INFO cn.edu.tsinghua.iot.benchmark.tsdb.DBWrapper -- DataClientService-thread-1 insert one batch latency (device: d_18, sg: g_0) ,0.31, ms, throughput ,159456.06347626974, points/s
11:49:40.500 [DataClientService-thread-1] INFO cn.edu.tsinghua.iot.benchmark.tsdb.DBWrapper -- DataClientService-thread-1 insert one batch latency (device: d_19, sg: g_0) ,0.27, ms, throughput ,187641.20000300228, points/s
11:49:41.069 [ShowWorkProgress-thread-1] INFO cn.edu.tsinghua.iot.benchmark.mode.BaseMode -- DataClientService-thread-1 100.00% workload is done.
11:49:43.510 [main] INFO cn.edu.tsinghua.iot.benchmark.mode.BaseMode -- All dataClients finished. The final test result is: 
----------------------Main Configurations----------------------
########### Test Mode ###########
BENCHMARK_WORK_MODE=testWithDefaultPath
IoTDB_DIALECT_MODE=TREE
########### Database Connection Information ###########
DOUBLE_WRITE=false
DBConfig=
  DB_SWITCH=IoTDB-200-SESSION_BY_TABLET
  HOST=[127.0.0.1]
########### Data Mode ###########
GROUP_NUMBER=1
IoTDB_TABLE_NUMBER=1
DEVICE_NUMBER=20
REAL_INSERT_RATE=1.0
SENSOR_NUMBER=5
IS_SENSOR_TS_ALIGNMENT=true
IS_OUT_OF_ORDER=false
OUT_OF_ORDER_RATIO=0.0
########### Data Amount ###########
OPERATION_PROPORTION=1:0:0:0:0:0:0:0:0:0:0:0:0
SCHEMA_CLIENT_NUMBER=1
DATA_CLIENT_NUMBER=1
LOOP=50
BATCH_SIZE_PER_WRITE=10
DEVICE_NUM_PER_WRITE=1
START_TIME=2022-01-01T00:00:00+08:00
POINT_STEP=1000
OP_MIN_INTERVAL=0
OP_MIN_INTERVAL_RANDOM=false
INTERVAL_BETWEEN_WRITE_BATCH=0
INSERT_DATATYPE_PROPORTION=1:1:1:1:1:1:0:0:0:0:0
ENCODINGS=RLE/TS_2DIFF/TS_2DIFF/GORILLA/GORILLA/DICTIONARY/PLAIN/PLAIN/TS_2DIFF/TS_2DIFF
COMPRESSOR=LZ4
########### Other Param ###########
IS_DELETE_DATA=true
CREATE_SCHEMA=true
BENCHMARK_CLUSTER=false
VECTOR=true

---------------------------------------------------------------

Create schema cost 0.35 second
Test elapsed time (not include schema creation): 1.43 second
----------------------------------------------------------Result Matrix----------------------------------------------------------
Operation                okOperation              okPoint                  failOperation            failPoint                throughput(point/s)      
INGESTION                1000                     50000                    0                        0                        34875.23                 
PRECISE_POINT            0                        0                        0                        0                        0.00                     
TIME_RANGE               0                        0                        0                        0                        0.00                     
VALUE_RANGE              0                        0                        0                        0                        0.00                     
AGG_RANGE                0                        0                        0                        0                        0.00                     
AGG_VALUE                0                        0                        0                        0                        0.00                     
AGG_RANGE_VALUE          0                        0                        0                        0                        0.00                     
GROUP_BY                 0                        0                        0                        0                        0.00                     
LATEST_POINT             0                        0                        0                        0                        0.00                     
RANGE_QUERY_DESC         0                        0                        0                        0                        0.00                     
VALUE_RANGE_QUERY_DESC   0                        0                        0                        0                        0.00                     
GROUP_BY_DESC            0                        0                        0                        0                        0.00                     
SET_OPERATION            0                        0                        0                        0                        0.00                     
---------------------------------------------------------------------------------------------------------------------------------

--------------------------------------------------------------------------Latency (ms) Matrix--------------------------------------------------------------------------
Operation                AVG         MIN         P10         P25         MEDIAN      P75         P90         P95         P99         P999        MAX         SLOWEST_THREAD
INGESTION                0.39        0.09        0.12        0.13        0.16        0.22        0.32        0.37        4.02        6.90        68.70       389.42      
PRECISE_POINT            0.00        0.00        0.00        0.00        0.00        0.00        0.00        0.00        0.00        0.00        0.00        0.00        
TIME_RANGE               0.00        0.00        0.00        0.00        0.00        0.00        0.00        0.00        0.00        0.00        0.00        0.00        
VALUE_RANGE              0.00        0.00        0.00        0.00        0.00        0.00        0.00        0.00        0.00        0.00        0.00        0.00        
AGG_RANGE                0.00        0.00        0.00        0.00        0.00        0.00        0.00        0.00        0.00        0.00        0.00        0.00        
AGG_VALUE                0.00        0.00        0.00        0.00        0.00        0.00        0.00        0.00        0.00        0.00        0.00        0.00        
AGG_RANGE_VALUE          0.00        0.00        0.00        0.00        0.00        0.00        0.00        0.00        0.00        0.00        0.00        0.00        
GROUP_BY                 0.00        0.00        0.00        0.00        0.00        0.00        0.00        0.00        0.00        0.00        0.00        0.00        
LATEST_POINT             0.00        0.00        0.00        0.00        0.00        0.00        0.00        0.00        0.00        0.00        0.00        0.00        
RANGE_QUERY_DESC         0.00        0.00        0.00        0.00        0.00        0.00        0.00        0.00        0.00        0.00        0.00        0.00        
VALUE_RANGE_QUERY_DESC   0.00        0.00        0.00        0.00        0.00        0.00        0.00        0.00        0.00        0.00        0.00        0.00        
GROUP_BY_DESC            0.00        0.00        0.00        0.00        0.00        0.00        0.00        0.00        0.00        0.00        0.00        0.00        
SET_OPERATION            0.00        0.00        0.00        0.00        0.00        0.00        0.00        0.00        0.00        0.00        0.00        0.00        
-----------------------------------------------------------------------------------------------------------------------------------------------------------------------


----------------------------------------------------------------------------SQL Statements Example---------------------------------------------------------------------
Operation                          SQL                                                                             
------------------------------------------------------------------------------------------------------------------------------------------------------------------------
