
Starting iot-benchmark

Using configuration file: /home/yikanji/WorkSpace/BigData/var/benchmarks/iotbench-ooo/configs/iotdb/ratio_0p3
Set MAX_HEAP_SIZE=1g
Set HEAP_NEWSIZE=512m
11:49:43.583 [main] INFO cn.edu.tsinghua.iot.benchmark.App -- Initial Heap Size: 538968064 bytes, Max Heap Size: 1073741824 bytes. 
11:49:43.593 [main] INFO cn.edu.tsinghua.iot.benchmark.conf.ConfigDescriptor -- Init SensorTypes: BOOLEAN:INT32:INT64:FLOAT:DOUBLE:TEXT:STRING:BLOB:TIMESTAMP:DATE:OBJECT= 1:1:1:1:1:1:0:0:0:0:0
11:49:43.681 [main] DEBUG org.apache.tsfile.common.conf.TSFileDescriptor -- not found iotdb-system.properties, use the default configs.
11:49:43.720 [main] WARN cn.edu.tsinghua.iot.benchmark.iotdb200.ModelStrategy.TreeStrategy -- Failed to execute statement:508: Path [root.iotbench_ooo_iotdb_r0p3.**] does not exist
11:49:43.720 [main] INFO cn.edu.tsinghua.iot.benchmark.tsdb.DBWrapper -- Waiting 1000ms for old data deletion.
11:49:45.740 [SchemaClientService-thread-1] INFO cn.edu.tsinghua.iot.benchmark.tsdb.DBWrapper -- Registering schema...
11:49:46.920 [main] INFO cn.edu.tsinghua.iot.benchmark.mode.BaseMode -- Registering schema successful!
11:49:46.921 [main] INFO cn.edu.tsinghua.iot.benchmark.schema.MetaDataSchema -- SCHEMA_CLIENT_DATA_SCHEMA has been cleared!
11:49:46.922 [main] INFO cn.edu.tsinghua.iot.benchmark.workload.GenerateDataWorkLoad -- Start Generating WorkLoad
11:49:46.935 [main] INFO cn.edu.tsinghua.iot.benchmark.workload.GenerateDataWorkLoad -- Finish 0.0 % WorkLoad Buffer
11:49:46.935 [main] INFO cn.edu.tsinghua.iot.benchmark.workload.GenerateDataWorkLoad -- Finish Generating WorkLoad
11:49:47.019 [DataClientService-thread-1] INFO cn.edu.tsinghua.iot.benchmark.tsdb.DBWrapper -- DataClientService-thread-1 insert one batch latency (device: d_0, sg: g_0) ,75.02, ms, throughput ,666.4695249811773, points/s
11:49:47.070 [DataClientService-thread-1] INFO cn.edu.tsinghua.iot.benchmark.tsdb.DBWrapper -- DataClientService-thread-1 insert one batch latency (device: d_1, sg: g_0) ,50.43, ms, throughput ,991.4279552702606, points/s
11:49:47.074 [DataClientService-thread-1] INFO cn.edu.tsinghua.iot.benchmark.tsdb.DBWrapper -- DataClientService-thread-1 insert one batch latency (device: d_2, sg: g_0) ,3.61, ms, throughput ,13844.996404454432, points/s
11:49:47.078 [DataClientService-thread-1] INFO cn.edu.tsinghua.iot.benchmark.tsdb.DBWrapper -- DataClientService-thread-1 insert one batch latency (device: d_3, sg: g_0) ,3.14, ms, throughput ,15922.811306087704, points/s
11:49:47.081 [DataClientService-thread-1] INFO cn.edu.tsinghua.iot.benchmark.tsdb.DBWrapper -- DataClientService-thread-1 insert one batch latency (device: d_4, sg: g_0) ,3.09, ms, throughput ,16176.910695364506, points/s
11:49:47.084 [DataClientService-thread-1] INFO cn.edu.tsinghua.iot.benchmark.tsdb.DBWrapper -- DataClientService-thread-1 insert one batch latency (device: d_5, sg: g_0) ,3.06, ms, throughput ,16342.908207441187, points/s
11:49:47.088 [DataClientService-thread-1] INFO cn.edu.tsinghua.iot.benchmark.tsdb.DBWrapper -- DataClientService-thread-1 insert one batch latency (device: d_6, sg: g_0) ,3.95, ms, throughput ,12642.957076402148, points/s
11:49:47.091 [DataClientService-thread-1] INFO cn.edu.tsinghua.iot.benchmark.tsdb.DBWrapper -- DataClientService-thread-1 insert one batch latency (device: d_7, sg: g_0) ,2.95, ms, throughput ,16948.876764039094, points/s
11:49:47.094 [DataClientService-thread-1] INFO cn.edu.tsinghua.iot.benchmark.tsdb.DBWrapper -- DataClientService-thread-1 insert one batch latency (device: d_8, sg: g_0) ,2.61, ms, throughput ,19146.465868744082, points/s
11:49:47.097 [DataClientService-thread-1] INFO cn.edu.tsinghua.iot.benchmark.tsdb.DBWrapper -- DataClientService-thread-1 insert one batch latency (device: d_9, sg: g_0) ,2.60, ms, throughput ,19210.339773279567, points/s
11:49:47.103 [DataClientService-thread-1] INFO cn.edu.tsinghua.iot.benchmark.tsdb.DBWrapper -- DataClientService-thread-1 insert one batch latency (device: d_10, sg: g_0) ,5.68, ms, throughput ,8804.706503032958, points/s
11:49:47.106 [DataClientService-thread-1] INFO cn.edu.tsinghua.iot.benchmark.tsdb.DBWrapper -- DataClientService-thread-1 insert one batch latency (device: d_11, sg: g_0) ,3.41, ms, throughput ,14651.473674525132, points/s
11:49:47.110 [DataClientService-thread-1] INFO cn.edu.tsinghua.iot.benchmark.tsdb.DBWrapper -- DataClientService-thread-1 insert one batch latency (device: d_12, sg: g_0) ,3.53, ms, throughput ,14147.753478225191, points/s
11:49:47.115 [DataClientService-thread-1] INFO cn.edu.tsinghua.iot.benchmark.tsdb.DBWrapper -- DataClientService-thread-1 insert one batch latency (device: d_13, sg: g_0) ,4.48, ms, throughput ,11149.510023632502, points/s
11:49:47.119 [DataClientService-thread-1] INFO cn.edu.tsinghua.iot.benchmark.tsdb.DBWrapper -- DataClientService-thread-1 insert one batch latency (device: d_14, sg: g_0) ,4.07, ms, throughput ,12282.46525781877, points/s
11:49:47.122 [DataClientService-thread-1] INFO cn.edu.tsinghua.iot.benchmark.tsdb.DBWrapper -- DataClientService-thread-1 insert one batch latency (device: d_15, sg: g_0) ,3.32, ms, throughput ,15050.10480892989, points/s
11:49:47.127 [DataClientService-thread-1] INFO cn.edu.tsinghua.iot.benchmark.tsdb.DBWrapper -- DataClientService-thread-1 insert one batch latency (device: d_16, sg: g_0) ,5.02, ms, throughput ,9950.256676821236, points/s
11:49:47.131 [DataClientService-thread-1] INFO cn.edu.tsinghua.iot.benchmark.tsdb.DBWrapper -- DataClientService-thread-1 insert one batch latency (device: d_17, sg: g_0) ,3.75, ms, throughput ,13337.622712797769, points/s
11:49:47.135 [DataClientService-thread-1] INFO cn.edu.tsinghua.iot.benchmark.tsdb.DBWrapper -- DataClientService-thread-1 insert one batch latency (device: d_18, sg: g_0) ,3.69, ms, throughput ,13550.31911001504, points/s
11:49:47.139 [DataClientService-thread-1] INFO cn.edu.tsinghua.iot.benchmark.tsdb.DBWrapper -- DataClientService-thread-1 insert one batch latency (device: d_19, sg: g_0) ,3.37, ms, throughput ,14832.627151954628, points/s
11:49:47.139 [DataClientService-thread-1] INFO cn.edu.tsinghua.iot.benchmark.tsdb.DBWrapper -- DataClientService-thread-1 insert one batch latency (device: d_0, sg: g_0) ,0.43, ms, throughput ,115551.09785098067, points/s
11:49:47.140 [DataClientService-thread-1] INFO cn.edu.tsinghua.iot.benchmark.tsdb.DBWrapper -- DataClientService-thread-1 insert one batch latency (device: d_1, sg: g_0) ,0.39, ms, throughput ,127906.02488539621, points/s
11:49:47.140 [DataClientService-thread-1] INFO cn.edu.tsinghua.iot.benchmark.tsdb.DBWrapper -- DataClientService-thread-1 insert one batch latency (device: d_2, sg: g_0) ,0.32, ms, throughput ,154527.97883584801, points/s
11:49:47.140 [DataClientService-thread-1] INFO cn.edu.tsinghua.iot.benchmark.tsdb.DBWrapper -- DataClientService-thread-1 insert one batch latency (device: d_3, sg: g_0) ,0.31, ms, throughput ,162767.83447162303, points/s
11:49:47.141 [DataClientService-thread-1] INFO cn.edu.tsinghua.iot.benchmark.tsdb.DBWrapper -- DataClientService-thread-1 insert one batch latency (device: d_4, sg: g_0) ,0.32, ms, throughput ,154525.11342143323, points/s
11:49:47.141 [DataClientService-thread-1] INFO cn.edu.tsinghua.iot.benchmark.tsdb.DBWrapper -- DataClientService-thread-1 insert one batch latency (device: d_5, sg: g_0) ,0.31, ms, throughput ,162292.34694208758, points/s
11:49:47.141 [DataClientService-thread-1] INFO cn.edu.tsinghua.iot.benchmark.tsdb.DBWrapper -- DataClientService-thread-1 insert one batch latency (device: d_6, sg: g_0) ,0.32, ms, throughput ,154333.372431121, points/s
11:49:47.142 [DataClientService-thread-1] INFO cn.edu.tsinghua.iot.benchmark.tsdb.DBWrapper -- DataClientService-thread-1 insert one batch latency (device: d_7, sg: g_0) ,0.30, ms, throughput ,165940.95157179268, points/s
11:49:47.142 [DataClientService-thread-1] INFO cn.edu.tsinghua.iot.benchmark.tsdb.DBWrapper -- DataClientService-thread-1 insert one batch latency (device: d_8, sg: g_0) ,0.33, ms, throughput ,153143.10917265966, points/s
11:49:47.143 [DataClientService-thread-1] INFO cn.edu.tsinghua.iot.benchmark.tsdb.DBWrapper -- DataClientService-thread-1 insert one batch latency (device: d_9, sg: g_0) ,0.29, ms, throughput ,173396.1721061046, points/s
11:49:47.143 [DataClientService-thread-1] INFO cn.edu.tsinghua.iot.benchmark.tsdb.DBWrapper -- DataClientService-thread-1 insert one batch latency (device: d_10, sg: g_0) ,0.29, ms, throughput ,174139.57635323866, points/s
11:49:47.143 [DataClientService-thread-1] INFO cn.edu.tsinghua.iot.benchmark.tsdb.DBWrapper -- DataClientService-thread-1 insert one batch latency (device: d_11, sg: g_0) ,0.29, ms, throughput ,171255.1633431748, points/s
11:49:47.144 [DataClientService-thread-1] INFO cn.edu.tsinghua.iot.benchmark.tsdb.DBWrapper -- DataClientService-thread-1 insert one batch latency (device: d_12, sg: g_0) ,0.29, ms, throughput ,174266.4254819338, points/s
11:49:47.144 [DataClientService-thread-1] INFO cn.edu.tsinghua.iot.benchmark.tsdb.DBWrapper -- DataClientService-thread-1 insert one batch latency (device: d_13, sg: g_0) ,0.28, ms, throughput ,181527.73743828054, points/s
11:49:47.144 [DataClientService-thread-1] INFO cn.edu.tsinghua.iot.benchmark.tsdb.DBWrapper -- DataClientService-thread-1 insert one batch latency (device: d_14, sg: g_0) ,0.28, ms, throughput ,180386.89380984337, points/s
11:49:47.145 [DataClientService-thread-1] INFO cn.edu.tsinghua.iot.benchmark.tsdb.DBWrapper -- DataClientService-thread-1 insert one batch latency (device: d_15, sg: g_0) ,0.34, ms, throughput ,148966.0268079262, points/s
11:49:47.145 [DataClientService-thread-1] INFO cn.edu.tsinghua.iot.benchmark.tsdb.DBWrapper -- DataClientService-thread-1 insert one batch latency (device: d_16, sg: g_0) ,0.44, ms, throughput ,112803.15848843768, points/s
11:49:47.146 [DataClientService-thread-1] INFO cn.edu.tsinghua.iot.benchmark.tsdb.DBWrapper -- DataClientService-thread-1 insert one batch latency (device: d_17, sg: g_0) ,0.37, ms, throughput ,134609.79313166993, points/s
11:49:47.146 [DataClientService-thread-1] INFO cn.edu.tsinghua.iot.benchmark.tsdb.DBWrapper -- DataClientService-thread-1 insert one batch latency (device: d_18, sg: g_0) ,0.40, ms, throughput ,123926.79396426943, points/s
11:49:47.147 [DataClientService-thread-1] INFO cn.edu.tsinghua.iot.benchmark.tsdb.DBWrapper -- DataClientService-thread-1 insert one batch latency (device: d_19, sg: g_0) ,0.38, ms, throughput ,132295.78161670736, points/s
11:49:47.147 [DataClientService-thread-1] INFO cn.edu.tsinghua.iot.benchmark.tsdb.DBWrapper -- DataClientService-thread-1 insert one batch latency (device: d_0, sg: g_0) ,0.36, ms, throughput ,138396.04519461252, points/s
11:49:47.147 [DataClientService-thread-1] INFO cn.edu.tsinghua.iot.benchmark.tsdb.DBWrapper -- DataClientService-thread-1 insert one batch latency (device: d_1, sg: g_0) ,0.32, ms, throughput ,154047.60070861896, points/s
11:49:47.148 [DataClientService-thread-1] INFO cn.edu.tsinghua.iot.benchmark.tsdb.DBWrapper -- DataClientService-thread-1 insert one batch latency (device: d_2, sg: g_0) ,0.37, ms, throughput ,135346.5684231042, points/s
11:49:47.148 [DataClientService-thread-1] INFO cn.edu.tsinghua.iot.benchmark.tsdb.DBWrapper -- DataClientService-thread-1 insert one batch latency (device: d_3, sg: g_0) ,0.35, ms, throughput ,141264.08756113204, points/s
11:49:47.149 [DataClientService-thread-1] INFO cn.edu.tsinghua.iot.benchmark.tsdb.DBWrapper -- DataClientService-thread-1 insert one batch latency (device: d_4, sg: g_0) ,0.32, ms, throughput ,154892.27242452872, points/s
11:49:47.149 [DataClientService-thread-1] INFO cn.edu.tsinghua.iot.benchmark.tsdb.DBWrapper -- DataClientService-thread-1 insert one batch latency (device: d_5, sg: g_0) ,0.32, ms, throughput ,157552.26796489736, points/s
11:49:47.149 [DataClientService-thread-1] INFO cn.edu.tsinghua.iot.benchmark.tsdb.DBWrapper -- DataClientService-thread-1 insert one batch latency (device: d_6, sg: g_0) ,0.35, ms, throughput ,142209.07578321648, points/s
11:49:47.150 [DataClientService-thread-1] INFO cn.edu.tsinghua.iot.benchmark.tsdb.DBWrapper -- DataClientService-thread-1 insert one batch latency (device: d_7, sg: g_0) ,0.35, ms, throughput ,143576.66706868133, points/s
11:49:47.150 [DataClientService-thread-1] INFO cn.edu.tsinghua.iot.benchmark.tsdb.DBWrapper -- DataClientService-thread-1 insert one batch latency (device: d_8, sg: g_0) ,0.39, ms, throughput ,129708.07899740843, points/s
11:49:47.151 [DataClientService-thread-1] INFO cn.edu.tsinghua.iot.benchmark.tsdb.DBWrapper -- DataClientService-thread-1 insert one batch latency (device: d_9, sg: g_0) ,0.31, ms, throughput ,159043.70202844337, points/s
11:49:47.151 [DataClientService-thread-1] INFO cn.edu.tsinghua.iot.benchmark.tsdb.DBWrapper -- DataClientService-thread-1 insert one batch latency (device: d_10, sg: g_0) ,0.32, ms, throughput ,154333.372431121, points/s
11:49:47.151 [DataClientService-thread-1] INFO cn.edu.tsinghua.iot.benchmark.tsdb.DBWrapper -- DataClientService-thread-1 insert one batch latency (device: d_11, sg: g_0) ,0.34, ms, throughput ,146132.60072189505, points/s
11:49:47.152 [DataClientService-thread-1] INFO cn.edu.tsinghua.iot.benchmark.tsdb.DBWrapper -- DataClientService-thread-1 insert one batch latency (device: d_12, sg: g_0) ,0.30, ms, throughput ,165276.68970623723, points/s
11:49:47.152 [DataClientService-thread-1] INFO cn.edu.tsinghua.iot.benchmark.tsdb.DBWrapper -- DataClientService-thread-1 insert one batch latency (device: d_13, sg: g_0) ,0.33, ms, throughput ,150335.2476021528, points/s
11:49:47.153 [DataClientService-thread-1] INFO cn.edu.tsinghua.iot.benchmark.tsdb.DBWrapper -- DataClientService-thread-1 insert one batch latency (device: d_14, sg: g_0) ,0.34, ms, throughput ,146764.86214376497, points/s
11:49:47.153 [DataClientService-thread-1] INFO cn.edu.tsinghua.iot.benchmark.tsdb.DBWrapper -- DataClientService-thread-1 insert one batch latency (device: d_15, sg: g_0) ,0.33, ms, throughput ,152244.07770537728, points/s
11:49:47.153 [DataClientService-thread-1] INFO cn.edu.tsinghua.iot.benchmark.tsdb.DBWrapper -- DataClientService-thread-1 insert one batch latency (device: d_16, sg: g_0) ,0.34, ms, throughput ,146745.47877179904, points/s
11:49:47.154 [DataClientService-thread-1] INFO cn.edu.tsinghua.iot.benchmark.tsdb.DBWrapper -- DataClientService-thread-1 insert one batch latency (device: d_17, sg: g_0) ,0.33, ms, throughput ,153409.99742271204, points/s
11:49:47.154 [DataClientService-thread-1] INFO cn.edu.tsinghua.iot.benchmark.tsdb.DBWrapper -- DataClientService-thread-1 insert one batch latency (device: d_18, sg: g_0) ,0.34, ms, throughput ,148694.0204186629, points/s
11:49:47.155 [DataClientService-thread-1] INFO cn.edu.tsinghua.iot.benchmark.tsdb.DBWrapper -- DataClientService-thread-1 insert one batch latency (device: d_19, sg: g_0) ,0.35, ms, throughput ,143961.9479779105, points/s
11:49:47.159 [DataClientService-thread-1] INFO cn.edu.tsinghua.iot.benchmark.tsdb.DBWrapper -- DataClientService-thread-1 insert one batch latency (device: d_0, sg: g_0) ,4.65, ms, throughput ,10745.732332404186, points/s
11:49:47.160 [DataClientService-thread-1] INFO cn.edu.tsinghua.iot.benchmark.tsdb.DBWrapper -- DataClientService-thread-1 insert one batch latency (device: d_1, sg: g_0) ,0.44, ms, throughput ,112395.66872051019, points/s
11:49:47.160 [DataClientService-thread-1] INFO cn.edu.tsinghua.iot.benchmark.tsdb.DBWrapper -- DataClientService-thread-1 insert one batch latency (device: d_2, sg: g_0) ,0.37, ms, throughput ,134810.86036291084, points/s
11:49:47.161 [DataClientService-thread-1] INFO cn.edu.tsinghua.iot.benchmark.tsdb.DBWrapper -- DataClientService-thread-1 insert one batch latency (device: d_3, sg: g_0) ,0.41, ms, throughput ,121172.75842514189, points/s
11:49:47.161 [DataClientService-thread-1] INFO cn.edu.tsinghua.iot.benchmark.tsdb.DBWrapper -- DataClientService-thread-1 insert one batch latency (device: d_4, sg: g_0) ,0.34, ms, throughput ,147378.28764115158, points/s
11:49:47.162 [DataClientService-thread-1] INFO cn.edu.tsinghua.iot.benchmark.tsdb.DBWrapper -- DataClientService-thread-1 insert one batch latency (device: d_5, sg: g_0) ,0.37, ms, throughput ,136711.7542032029, points/s
11:49:47.162 [DataClientService-thread-1] INFO cn.edu.tsinghua.iot.benchmark.tsdb.DBWrapper -- DataClientService-thread-1 insert one batch latency (device: d_6, sg: g_0) ,0.34, ms, throughput ,147378.72204962536, points/s
11:49:47.162 [DataClientService-thread-1] INFO cn.edu.tsinghua.iot.benchmark.tsdb.DBWrapper -- DataClientService-thread-1 insert one batch latency (device: d_7, sg: g_0) ,0.35, ms, throughput ,143786.82740116812, points/s
11:49:47.163 [DataClientService-thread-1] INFO cn.edu.tsinghua.iot.benchmark.tsdb.DBWrapper -- DataClientService-thread-1 insert one batch latency (device: d_8, sg: g_0) ,0.35, ms, throughput ,144094.71057136433, points/s
11:49:47.163 [DataClientService-thread-1] INFO cn.edu.tsinghua.iot.benchmark.tsdb.DBWrapper -- DataClientService-thread-1 insert one batch latency (device: d_9, sg: g_0) ,0.33, ms, throughput ,151858.4436331829, points/s
11:49:47.165 [DataClientService-thread-1] INFO cn.edu.tsinghua.iot.benchmark.tsdb.DBWrapper -- DataClientService-thread-1 insert one batch latency (device: d_10, sg: g_0) ,2.21, ms, throughput ,22578.184867468313, points/s
11:49:47.166 [DataClientService-thread-1] INFO cn.edu.tsinghua.iot.benchmark.tsdb.DBWrapper -- DataClientService-thread-1 insert one batch latency (device: d_11, sg: g_0) ,0.51, ms, throughput ,98071.13687984717, points/s
11:49:47.167 [DataClientService-thread-1] INFO cn.edu.tsinghua.iot.benchmark.tsdb.DBWrapper -- DataClientService-thread-1 insert one batch latency (device: d_12, sg: g_0) ,0.46, ms, throughput ,108712.66806978484, points/s
11:49:47.167 [DataClientService-thread-1] INFO cn.edu.tsinghua.iot.benchmark.tsdb.DBWrapper -- DataClientService-thread-1 insert one batch latency (device: d_13, sg: g_0) ,0.39, ms, throughput ,128436.31356955341, points/s
11:49:47.167 [DataClientService-thread-1] INFO cn.edu.tsinghua.iot.benchmark.tsdb.DBWrapper -- DataClientService-thread-1 insert one batch latency (device: d_14, sg: g_0) ,0.39, ms, throughput ,128944.74202025463, points/s
11:49:47.168 [DataClientService-thread-1] INFO cn.edu.tsinghua.iot.benchmark.tsdb.DBWrapper -- DataClientService-thread-1 insert one batch latency (device: d_15, sg: g_0) ,0.36, ms, throughput ,140629.1749286307, points/s
11:49:47.168 [DataClientService-thread-1] INFO cn.edu.tsinghua.iot.benchmark.tsdb.DBWrapper -- DataClientService-thread-1 insert one batch latency (device: d_16, sg: g_0) ,0.35, ms, throughput ,144521.61898898456, points/s
11:49:47.169 [DataClientService-thread-1] INFO cn.edu.tsinghua.iot.benchmark.tsdb.DBWrapper -- DataClientService-thread-1 insert one batch latency (device: d_17, sg: g_0) ,0.28, ms, throughput ,175548.85349043785, points/s
11:49:47.169 [DataClientService-thread-1] INFO cn.edu.tsinghua.iot.benchmark.tsdb.DBWrapper -- DataClientService-thread-1 insert one batch latency (device: d_18, sg: g_0) ,0.27, ms, throughput ,182818.0302454149, points/s
11:49:47.169 [DataClientService-thread-1] INFO cn.edu.tsinghua.iot.benchmark.tsdb.DBWrapper -- DataClientService-thread-1 insert one batch latency (device: d_19, sg: g_0) ,0.27, ms, throughput ,183618.3089488219, points/s
11:49:47.170 [DataClientService-thread-1] INFO cn.edu.tsinghua.iot.benchmark.tsdb.DBWrapper -- DataClientService-thread-1 insert one batch latency (device: d_0, sg: g_0) ,0.35, ms, throughput ,144474.0134591991, points/s
11:49:47.170 [DataClientService-thread-1] INFO cn.edu.tsinghua.iot.benchmark.tsdb.DBWrapper -- DataClientService-thread-1 insert one batch latency (device: d_1, sg: g_0) ,0.31, ms, throughput ,163750.27428170943, points/s
11:49:47.170 [DataClientService-thread-1] INFO cn.edu.tsinghua.iot.benchmark.tsdb.DBWrapper -- DataClientService-thread-1 insert one batch latency (device: d_2, sg: g_0) ,0.33, ms, throughput ,150225.48845817574, points/s
11:49:47.171 [DataClientService-thread-1] INFO cn.edu.tsinghua.iot.benchmark.tsdb.DBWrapper -- DataClientService-thread-1 insert one batch latency (device: d_3, sg: g_0) ,0.72, ms, throughput ,69410.51041712941, points/s
11:49:47.172 [DataClientService-thread-1] INFO cn.edu.tsinghua.iot.benchmark.tsdb.DBWrapper -- DataClientService-thread-1 insert one batch latency (device: d_4, sg: g_0) ,0.44, ms, throughput ,113271.83427877558, points/s
11:49:47.172 [DataClientService-thread-1] INFO cn.edu.tsinghua.iot.benchmark.tsdb.DBWrapper -- DataClientService-thread-1 insert one batch latency (device: d_5, sg: g_0) ,0.47, ms, throughput ,107128.08877061948, points/s
11:49:47.173 [DataClientService-thread-1] INFO cn.edu.tsinghua.iot.benchmark.tsdb.DBWrapper -- DataClientService-thread-1 insert one batch latency (device: d_6, sg: g_0) ,0.40, ms, throughput ,125222.58314153408, points/s
11:49:47.173 [DataClientService-thread-1] INFO cn.edu.tsinghua.iot.benchmark.tsdb.DBWrapper -- DataClientService-thread-1 insert one batch latency (device: d_7, sg: g_0) ,0.36, ms, throughput ,138266.68878933688, points/s
11:49:47.174 [DataClientService-thread-1] INFO cn.edu.tsinghua.iot.benchmark.tsdb.DBWrapper -- DataClientService-thread-1 insert one batch latency (device: d_8, sg: g_0) ,0.36, ms, throughput ,138115.82392994766, points/s
11:49:47.174 [DataClientService-thread-1] INFO cn.edu.tsinghua.iot.benchmark.tsdb.DBWrapper -- DataClientService-thread-1 insert one batch latency (device: d_9, sg: g_0) ,0.33, ms, throughput ,152251.95872144896, points/s
11:49:47.174 [DataClientService-thread-1] INFO cn.edu.tsinghua.iot.benchmark.tsdb.DBWrapper -- DataClientService-thread-1 insert one batch latency (device: d_10, sg: g_0) ,0.31, ms, throughput ,159246.82621075364, points/s
11:49:47.175 [DataClientService-thread-1] INFO cn.edu.tsinghua.iot.benchmark.tsdb.DBWrapper -- DataClientService-thread-1 insert one batch latency (device: d_11, sg: g_0) ,0.26, ms, throughput ,188924.49065957317, points/s
11:49:47.175 [DataClientService-thread-1] INFO cn.edu.tsinghua.iot.benchmark.tsdb.DBWrapper -- DataClientService-thread-1 insert one batch latency (device: d_12, sg: g_0) ,0.27, ms, throughput ,184911.24260355032, points/s
11:49:47.175 [DataClientService-thread-1] INFO cn.edu.tsinghua.iot.benchmark.tsdb.DBWrapper -- DataClientService-thread-1 insert one batch latency (device: d_13, sg: g_0) ,0.26, ms, throughput ,190615.6121811001, points/s
11:49:47.176 [DataClientService-thread-1] INFO cn.edu.tsinghua.iot.benchmark.tsdb.DBWrapper -- DataClientService-thread-1 insert one batch latency (device: d_14, sg: g_0) ,0.37, ms, throughput ,133371.3886362242, points/s
11:49:47.176 [DataClientService-thread-1] INFO cn.edu.tsinghua.iot.benchmark.tsdb.DBWrapper -- DataClientService-thread-1 insert one batch latency (device: d_15, sg: g_0) ,0.31, ms, throughput ,161755.238443397, points/s
11:49:47.176 [DataClientService-thread-1] INFO cn.edu.tsinghua.iot.benchmark.tsdb.DBWrapper -- DataClientService-thread-1 insert one batch latency (device: d_16, sg: g_0) ,0.33, ms, throughput ,152917.35734339734, points/s
11:49:47.177 [DataClientService-thread-1] INFO cn.edu.tsinghua.iot.benchmark.tsdb.DBWrapper -- DataClientService-thread-1 insert one batch latency (device: d_17, sg: g_0) ,0.34, ms, throughput ,146805.36837871087, points/s
11:49:47.177 [DataClientService-thread-1] INFO cn.edu.tsinghua.iot.benchmark.tsdb.DBWrapper -- DataClientService-thread-1 insert one batch latency (device: d_18, sg: g_0) ,0.32, ms, throughput ,158604.7854235858, points/s
11:49:47.179 [DataClientService-thread-1] INFO cn.edu.tsinghua.iot.benchmark.tsdb.DBWrapper -- DataClientService-thread-1 insert one batch latency (device: d_19, sg: g_0) ,2.12, ms, throughput ,23635.53252509266, points/s
11:49:47.180 [DataClientService-thread-1] INFO cn.edu.tsinghua.iot.benchmark.tsdb.DBWrapper -- DataClientService-thread-1 insert one batch latency (device: d_0, sg: g_0) ,0.38, ms, throughput ,130315.23254753248, points/s
11:49:47.180 [DataClientService-thread-1] INFO cn.edu.tsinghua.iot.benchmark.tsdb.DBWrapper -- DataClientService-thread-1 insert one batch latency (device: d_1, sg: g_0) ,0.40, ms, throughput ,124468.82927108565, points/s
11:49:47.181 [DataClientService-thread-1] INFO cn.edu.tsinghua.iot.benchmark.tsdb.DBWrapper -- DataClientService-thread-1 insert one batch latency (device: d_2, sg: g_0) ,0.40, ms, throughput ,125305.11796223806, points/s
11:49:47.181 [DataClientService-thread-1] INFO cn.edu.tsinghua.iot.benchmark.tsdb.DBWrapper -- DataClientService-thread-1 insert one batch latency (device: d_3, sg: g_0) ,0.31, ms, throughput ,161044.08098584742, points/s
11:49:47.182 [DataClientService-thread-1] INFO cn.edu.tsinghua.iot.benchmark.tsdb.DBWrapper -- DataClientService-thread-1 insert one batch latency (device: d_4, sg: g_0) ,0.32, ms, throughput ,154062.78983062337, points/s
11:49:47.182 [DataClientService-thread-1] INFO cn.edu.tsinghua.iot.benchmark.tsdb.DBWrapper -- DataClientService-thread-1 insert one batch latency (device: d_5, sg: g_0) ,0.34, ms, throughput ,148841.41839918078, points/s
11:49:47.182 [DataClientService-thread-1] INFO cn.edu.tsinghua.iot.benchmark.tsdb.DBWrapper -- DataClientService-thread-1 insert one batch latency (device: d_6, sg: g_0) ,0.30, ms, throughput ,169295.83092086774, points/s
11:49:47.183 [DataClientService-thread-1] INFO cn.edu.tsinghua.iot.benchmark.tsdb.DBWrapper -- DataClientService-thread-1 insert one batch latency (device: d_7, sg: g_0) ,0.32, ms, throughput ,155425.2746364603, points/s
11:49:47.183 [DataClientService-thread-1] INFO cn.edu.tsinghua.iot.benchmark.tsdb.DBWrapper -- DataClientService-thread-1 insert one batch latency (device: d_8, sg: g_0) ,0.33, ms, throughput ,153766.66830684445, points/s
11:49:47.184 [DataClientService-thread-1] INFO cn.edu.tsinghua.iot.benchmark.tsdb.DBWrapper -- DataClientService-thread-1 insert one batch latency (device: d_9, sg: g_0) ,0.45, ms, throughput ,112070.93641991635, points/s
11:49:47.184 [DataClientService-thread-1] INFO cn.edu.tsinghua.iot.benchmark.tsdb.DBWrapper -- DataClientService-thread-1 insert one batch latency (device: d_10, sg: g_0) ,0.31, ms, throughput ,163580.98403776757, points/s
11:49:47.184 [DataClientService-thread-1] INFO cn.edu.tsinghua.iot.benchmark.tsdb.DBWrapper -- DataClientService-thread-1 insert one batch latency (device: d_11, sg: g_0) ,0.31, ms, throughput ,159586.86153286372, points/s
11:49:47.185 [DataClientService-thread-1] INFO cn.edu.tsinghua.iot.benchmark.tsdb.DBWrapper -- DataClientService-thread-1 insert one batch latency (device: d_12, sg: g_0) ,0.33, ms, throughput ,150613.75103546953, points/s
11:49:47.185 [DataClientService-thread-1] INFO cn.edu.tsinghua.iot.benchmark.tsdb.DBWrapper -- DataClientService-thread-1 insert one batch latency (device: d_13, sg: g_0) ,0.36, ms, throughput ,137975.5672865449, points/s
11:49:47.185 [DataClientService-thread-1] INFO cn.edu.tsinghua.iot.benchmark.tsdb.DBWrapper -- DataClientService-thread-1 insert one batch latency (device: d_14, sg: g_0) ,0.32, ms, throughput ,155699.21403036758, points/s
11:49:47.186 [DataClientService-thread-1] INFO cn.edu.tsinghua.iot.benchmark.tsdb.DBWrapper -- DataClientService-thread-1 insert one batch latency (device: d_15, sg: g_0) ,0.31, ms, throughput ,163335.17357628897, points/s
11:49:47.186 [DataClientService-thread-1] INFO cn.edu.tsinghua.iot.benchmark.tsdb.DBWrapper -- DataClientService-thread-1 insert one batch latency (device: d_16, sg: g_0) ,0.32, ms, throughput ,157192.66476149156, points/s
11:49:47.187 [DataClientService-thread-1] INFO cn.edu.tsinghua.iot.benchmark.tsdb.DBWrapper -- DataClientService-thread-1 insert one batch latency (device: d_17, sg: g_0) ,0.49, ms, throughput ,102631.04958721792, points/s
11:49:47.187 [DataClientService-thread-1] INFO cn.edu.tsinghua.iot.benchmark.tsdb.DBWrapper -- DataClientService-thread-1 insert one batch latency (device: d_18, sg: g_0) ,0.36, ms, throughput ,137281.9276579154, points/s
11:49:47.187 [DataClientService-thread-1] INFO cn.edu.tsinghua.iot.benchmark.tsdb.DBWrapper -- DataClientService-thread-1 insert one batch latency (device: d_19, sg: g_0) ,0.30, ms, throughput ,165850.13118745378, points/s
11:49:47.188 [DataClientService-thread-1] INFO cn.edu.tsinghua.iot.benchmark.tsdb.DBWrapper -- DataClientService-thread-1 insert one batch latency (device: d_0, sg: g_0) ,0.38, ms, throughput ,132439.45530300823, points/s
11:49:47.188 [DataClientService-thread-1] INFO cn.edu.tsinghua.iot.benchmark.tsdb.DBWrapper -- DataClientService-thread-1 insert one batch latency (device: d_1, sg: g_0) ,0.32, ms, throughput ,157990.86180855302, points/s
11:49:47.189 [DataClientService-thread-1] INFO cn.edu.tsinghua.iot.benchmark.tsdb.DBWrapper -- DataClientService-thread-1 insert one batch latency (device: d_2, sg: g_0) ,0.32, ms, throughput ,157646.65079690382, points/s
11:49:47.189 [DataClientService-thread-1] INFO cn.edu.tsinghua.iot.benchmark.tsdb.DBWrapper -- DataClientService-thread-1 insert one batch latency (device: d_3, sg: g_0) ,0.29, ms, throughput ,169884.27483198442, points/s
11:49:47.189 [DataClientService-thread-1] INFO cn.edu.tsinghua.iot.benchmark.tsdb.DBWrapper -- DataClientService-thread-1 insert one batch latency (device: d_4, sg: g_0) ,0.32, ms, throughput ,154922.02774343672, points/s
11:49:47.190 [DataClientService-thread-1] INFO cn.edu.tsinghua.iot.benchmark.tsdb.DBWrapper -- DataClientService-thread-1 insert one batch latency (device: d_5, sg: g_0) ,0.35, ms, throughput ,141732.59594588084, points/s
11:49:47.190 [DataClientService-thread-1] INFO cn.edu.tsinghua.iot.benchmark.tsdb.DBWrapper -- DataClientService-thread-1 insert one batch latency (device: d_6, sg: g_0) ,0.32, ms, throughput ,154433.9532312216, points/s
11:49:47.191 [DataClientService-thread-1] INFO cn.edu.tsinghua.iot.benchmark.tsdb.DBWrapper -- DataClientService-thread-1 insert one batch latency (device: d_7, sg: g_0) ,0.97, ms, throughput ,51546.33861202205, points/s
11:49:47.192 [DataClientService-thread-1] INFO cn.edu.tsinghua.iot.benchmark.tsdb.DBWrapper -- DataClientService-thread-1 insert one batch latency (device: d_8, sg: g_0) ,0.43, ms, throughput ,117071.8915071367, points/s
11:49:47.192 [DataClientService-thread-1] INFO cn.edu.tsinghua.iot.benchmark.tsdb.DBWrapper -- DataClientService-thread-1 insert one batch latency (device: d_9, sg: g_0) ,0.32, ms, throughput ,154317.65363094007, points/s
11:49:47.192 [DataClientService-thread-1] INFO cn.edu.tsinghua.iot.benchmark.tsdb.DBWrapper -- DataClientService-thread-1 insert one batch latency (device: d_10, sg: g_0) ,0.35, ms, throughput ,143735.9857413902, points/s
11:49:47.193 [DataClientService-thread-1] INFO cn.edu.tsinghua.iot.benchmark.tsdb.DBWrapper -- DataClientService-thread-1 insert one batch latency (device: d_11, sg: g_0) ,0.31, ms, throughput ,162659.81326653436, points/s
11:49:47.193 [DataClientService-thread-1] INFO cn.edu.tsinghua.iot.benchmark.tsdb.DBWrapper -- DataClientService-thread-1 insert one batch latency (device: d_12, sg: g_0) ,0.43, ms, throughput ,116845.08911774948, points/s
11:49:47.194 [DataClientService-thread-1] INFO cn.edu.tsinghua.iot.benchmark.tsdb.DBWrapper -- DataClientService-thread-1 insert one batch latency (device: d_13, sg: g_0) ,0.34, ms, throughput ,148261.9254479734, points/s
11:49:47.194 [DataClientService-thread-1] INFO cn.edu.tsinghua.iot.benchmark.tsdb.DBWrapper -- DataClientService-thread-1 insert one batch latency (device: d_14, sg: g_0) ,0.33, ms, throughput ,150578.82500331273, points/s
11:49:47.194 [DataClientService-thread-1] INFO cn.edu.tsinghua.iot.benchmark.tsdb.DBWrapper -- DataClientService-thread-1 insert one batch latency (device: d_15, sg: g_0) ,0.31, ms, throughput ,159735.22289453002, points/s
11:49:47.195 [DataClientService-thread-1] INFO cn.edu.tsinghua.iot.benchmark.tsdb.DBWrapper -- DataClientService-thread-1 insert one batch latency (device: d_16, sg: g_0) ,0.29, ms, throughput ,173200.96161173887, points/s
11:49:47.195 [DataClientService-thread-1] INFO cn.edu.tsinghua.iot.benchmark.tsdb.DBWrapper -- DataClientService-thread-1 insert one batch latency (device: d_17, sg: g_0) ,0.26, ms, throughput ,195957.01486921828, points/s
11:49:47.195 [DataClientService-thread-1] INFO cn.edu.tsinghua.iot.benchmark.tsdb.DBWrapper -- DataClientService-thread-1 insert one batch latency (device: d_18, sg: g_0) ,0.28, ms, throughput ,181426.9593204472, points/s
11:49:47.196 [DataClientService-thread-1] INFO cn.edu.tsinghua.iot.benchmark.tsdb.DBWrapper -- DataClientService-thread-1 insert one batch latency (device: d_19, sg: g_0) ,0.28, ms, throughput ,177687.4335893217, points/s
11:49:47.196 [DataClientService-thread-1] INFO cn.edu.tsinghua.iot.benchmark.tsdb.DBWrapper -- DataClientService-thread-1 insert one batch latency (device: d_0, sg: g_0) ,0.31, ms, throughput ,163194.4331114977, points/s
11:49:47.196 [DataClientService-thread-1] INFO cn.edu.tsinghua.iot.benchmark.tsdb.DBWrapper -- DataClientService-thread-1 insert one batch latency (device: d_1, sg: g_0) ,0.27, ms, throughput ,183762.72556874563, points/s
11:49:47.197 [DataClientService-thread-1] INFO cn.edu.tsinghua.iot.benchmark.tsdb.DBWrapper -- DataClientService-thread-1 insert one batch latency (device: d_2, sg: g_0) ,0.29, ms, throughput ,173534.58717857054, points/s
11:49:47.197 [DataClientService-thread-1] INFO cn.edu.tsinghua.iot.benchmark.tsdb.DBWrapper -- DataClientService-thread-1 insert one batch latency (device: d_3, sg: g_0) ,0.29, ms, throughput ,171421.91046290772, points/s
11:49:47.197 [DataClientService-thread-1] INFO cn.edu.tsinghua.iot.benchmark.tsdb.DBWrapper -- DataClientService-thread-1 insert one batch latency (device: d_4, sg: g_0) ,0.27, ms, throughput ,184218.379836193, points/s
11:49:47.198 [DataClientService-thread-1] INFO cn.edu.tsinghua.iot.benchmark.tsdb.DBWrapper -- DataClientService-thread-1 insert one batch latency (device: d_5, sg: g_0) ,0.24, ms, throughput ,205826.53762714934, points/s
11:49:47.198 [DataClientService-thread-1] INFO cn.edu.tsinghua.iot.benchmark.tsdb.DBWrapper -- DataClientService-thread-1 insert one batch latency (device: d_6, sg: g_0) ,0.34, ms, throughput ,147039.7948500782, points/s
11:49:47.198 [DataClientService-thread-1] INFO cn.edu.tsinghua.iot.benchmark.tsdb.DBWrapper -- DataClientService-thread-1 insert one batch latency (device: d_7, sg: g_0) ,0.27, ms, throughput ,182589.70632271635, points/s
11:49:47.199 [DataClientService-thread-1] INFO cn.edu.tsinghua.iot.benchmark.tsdb.DBWrapper -- DataClientService-thread-1 insert one batch latency (device: d_8, sg: g_0) ,0.32, ms, throughput ,154307.1762095368, points/s
11:49:47.199 [DataClientService-thread-1] INFO cn.edu.tsinghua.iot.benchmark.tsdb.DBWrapper -- DataClientService-thread-1 insert one batch latency (device: d_9, sg: g_0) ,0.30, ms, throughput ,163998.41249536703, points/s
11:49:47.199 [DataClientService-thread-1] INFO cn.edu.tsinghua.iot.benchmark.tsdb.DBWrapper -- DataClientService-thread-1 insert one batch latency (device: d_10, sg: g_0) ,0.34, ms, throughput ,145593.4680946474, points/s
11:49:47.200 [DataClientService-thread-1] INFO cn.edu.tsinghua.iot.benchmark.tsdb.DBWrapper -- DataClientService-thread-1 insert one batch latency (device: d_11, sg: g_0) ,0.29, ms, throughput ,174953.6372861192, points/s
11:49:47.200 [DataClientService-thread-1] INFO cn.edu.tsinghua.iot.benchmark.tsdb.DBWrapper -- DataClientService-thread-1 insert one batch latency (device: d_12, sg: g_0) ,0.29, ms, throughput ,169724.53707632513, points/s
11:49:47.200 [DataClientService-thread-1] INFO cn.edu.tsinghua.iot.benchmark.tsdb.DBWrapper -- DataClientService-thread-1 insert one batch latency (device: d_13, sg: g_0) ,0.28, ms, throughput ,176095.40144468666, points/s
11:49:47.201 [DataClientService-thread-1] INFO cn.edu.tsinghua.iot.benchmark.tsdb.DBWrapper -- DataClientService-thread-1 insert one batch latency (device: d_14, sg: g_0) ,0.30, ms, throughput ,166667.22222407407, points/s
11:49:47.201 [DataClientService-thread-1] INFO cn.edu.tsinghua.iot.benchmark.tsdb.DBWrapper -- DataClientService-thread-1 insert one batch latency (device: d_15, sg: g_0) ,0.37, ms, throughput ,133412.31342287967, points/s
11:49:47.202 [DataClientService-thread-1] INFO cn.edu.tsinghua.iot.benchmark.tsdb.DBWrapper -- DataClientService-thread-1 insert one batch latency (device: d_16, sg: g_0) ,0.35, ms, throughput ,142678.59079209444, points/s
11:49:47.202 [DataClientService-thread-1] INFO cn.edu.tsinghua.iot.benchmark.tsdb.DBWrapper -- DataClientService-thread-1 insert one batch latency (device: d_17, sg: g_0) ,0.30, ms, throughput ,167201.1530191512, points/s
11:49:47.202 [DataClientService-thread-1] INFO cn.edu.tsinghua.iot.benchmark.tsdb.DBWrapper -- DataClientService-thread-1 insert one batch latency (device: d_18, sg: g_0) ,0.34, ms, throughput ,149200.73168038815, points/s
11:49:47.203 [DataClientService-thread-1] INFO cn.edu.tsinghua.iot.benchmark.tsdb.DBWrapper -- DataClientService-thread-1 insert one batch latency (device: d_19, sg: g_0) ,0.31, ms, throughput ,160251.7876086908, points/s
11:49:47.203 [DataClientService-thread-1] INFO cn.edu.tsinghua.iot.benchmark.tsdb.DBWrapper -- DataClientService-thread-1 insert one batch latency (device: d_0, sg: g_0) ,0.31, ms, throughput ,163065.63391765187, points/s
11:49:47.203 [DataClientService-thread-1] INFO cn.edu.tsinghua.iot.benchmark.tsdb.DBWrapper -- DataClientService-thread-1 insert one batch latency (device: d_1, sg: g_0) ,0.30, ms, throughput ,168835.07177178902, points/s
11:49:47.204 [DataClientService-thread-1] INFO cn.edu.tsinghua.iot.benchmark.tsdb.DBWrapper -- DataClientService-thread-1 insert one batch latency (device: d_2, sg: g_0) ,0.27, ms, throughput ,185415.23742421152, points/s
11:49:47.204 [DataClientService-thread-1] INFO cn.edu.tsinghua.iot.benchmark.tsdb.DBWrapper -- DataClientService-thread-1 insert one batch latency (device: d_3, sg: g_0) ,0.28, ms, throughput ,179905.94517186418, points/s
11:49:47.204 [DataClientService-thread-1] INFO cn.edu.tsinghua.iot.benchmark.tsdb.DBWrapper -- DataClientService-thread-1 insert one batch latency (device: d_4, sg: g_0) ,0.30, ms, throughput ,169156.65259283315, points/s
11:49:47.205 [DataClientService-thread-1] INFO cn.edu.tsinghua.iot.benchmark.tsdb.DBWrapper -- DataClientService-thread-1 insert one batch latency (device: d_5, sg: g_0) ,0.31, ms, throughput ,162133.94209224122, points/s
11:49:47.205 [DataClientService-thread-1] INFO cn.edu.tsinghua.iot.benchmark.tsdb.DBWrapper -- DataClientService-thread-1 insert one batch latency (device: d_6, sg: g_0) ,0.27, ms, throughput ,182191.17684568773, points/s
11:49:47.205 [DataClientService-thread-1] INFO cn.edu.tsinghua.iot.benchmark.tsdb.DBWrapper -- DataClientService-thread-1 insert one batch latency (device: d_7, sg: g_0) ,0.35, ms, throughput ,143726.48275425934, points/s
11:49:47.206 [DataClientService-thread-1] INFO cn.edu.tsinghua.iot.benchmark.tsdb.DBWrapper -- DataClientService-thread-1 insert one batch latency (device: d_8, sg: g_0) ,0.38, ms, throughput ,131996.47305424, points/s
11:49:47.206 [DataClientService-thread-1] INFO cn.edu.tsinghua.iot.benchmark.tsdb.DBWrapper -- DataClientService-thread-1 insert one batch latency (device: d_9, sg: g_0) ,0.37, ms, throughput ,134635.16562818075, points/s
11:49:47.207 [DataClientService-thread-1] INFO cn.edu.tsinghua.iot.benchmark.tsdb.DBWrapper -- DataClientService-thread-1 insert one batch latency (device: d_10, sg: g_0) ,0.33, ms, throughput ,152321.99651487274, points/s
11:49:47.207 [DataClientService-thread-1] INFO cn.edu.tsinghua.iot.benchmark.tsdb.DBWrapper -- DataClientService-thread-1 insert one batch latency (device: d_11, sg: g_0) ,0.27, ms, throughput ,184745.90048846818, points/s
11:49:47.207 [DataClientService-thread-1] INFO cn.edu.tsinghua.iot.benchmark.tsdb.DBWrapper -- DataClientService-thread-1 insert one batch latency (device: d_12, sg: g_0) ,0.27, ms, throughput ,187499.765625293, points/s
11:49:47.208 [DataClientService-thread-1] INFO cn.edu.tsinghua.iot.benchmark.tsdb.DBWrapper -- DataClientService-thread-1 insert one batch latency (device: d_13, sg: g_0) ,0.28, ms, throughput ,177404.99075719996, points/s
11:49:47.208 [DataClientService-thread-1] INFO cn.edu.tsinghua.iot.benchmark.tsdb.DBWrapper -- DataClientService-thread-1 insert one batch latency (device: d_14, sg: g_0) ,0.34, ms, throughput ,145771.31978437505, points/s
11:49:47.208 [DataClientService-thread-1] INFO cn.edu.tsinghua.iot.benchmark.tsdb.DBWrapper -- DataClientService-thread-1 insert one batch latency (device: d_15, sg: g_0) ,0.38, ms, throughput ,130953.4722313162, points/s
11:49:47.209 [DataClientService-thread-1] INFO cn.edu.tsinghua.iot.benchmark.tsdb.DBWrapper -- DataClientService-thread-1 insert one batch latency (device: d_16, sg: g_0) ,0.29, ms, throughput ,171185.39035404564, points/s
11:49:47.209 [DataClientService-thread-1] INFO cn.edu.tsinghua.iot.benchmark.tsdb.DBWrapper -- DataClientService-thread-1 insert one batch latency (device: d_17, sg: g_0) ,0.26, ms, throughput ,191657.53099102277, points/s
11:49:47.209 [DataClientService-thread-1] INFO cn.edu.tsinghua.iot.benchmark.tsdb.DBWrapper -- DataClientService-thread-1 insert one batch latency (device: d_18, sg: g_0) ,0.31, ms, throughput ,161708.67858136212, points/s
11:49:47.210 [DataClientService-thread-1] INFO cn.edu.tsinghua.iot.benchmark.tsdb.DBWrapper -- DataClientService-thread-1 insert one batch latency (device: d_19, sg: g_0) ,0.32, ms, throughput ,158354.1305091402, points/s
11:49:47.210 [DataClientService-thread-1] INFO cn.edu.tsinghua.iot.benchmark.tsdb.DBWrapper -- DataClientService-thread-1 insert one batch latency (device: d_0, sg: g_0) ,0.29, ms, throughput ,175079.22334856523, points/s
11:49:47.211 [DataClientService-thread-1] INFO cn.edu.tsinghua.iot.benchmark.tsdb.DBWrapper -- DataClientService-thread-1 insert one batch latency (device: d_1, sg: g_0) ,0.42, ms, throughput ,119191.21608413947, points/s
11:49:47.211 [DataClientService-thread-1] INFO cn.edu.tsinghua.iot.benchmark.tsdb.DBWrapper -- DataClientService-thread-1 insert one batch latency (device: d_2, sg: g_0) ,0.29, ms, throughput ,171512.46552599443, points/s
11:49:47.211 [DataClientService-thread-1] INFO cn.edu.tsinghua.iot.benchmark.tsdb.DBWrapper -- DataClientService-thread-1 insert one batch latency (device: d_3, sg: g_0) ,0.39, ms, throughput ,129598.47799547442, points/s
11:49:47.212 [DataClientService-thread-1] INFO cn.edu.tsinghua.iot.benchmark.tsdb.DBWrapper -- DataClientService-thread-1 insert one batch latency (device: d_4, sg: g_0) ,0.38, ms, throughput ,131616.35412169775, points/s
11:49:47.212 [DataClientService-thread-1] INFO cn.edu.tsinghua.iot.benchmark.tsdb.DBWrapper -- DataClientService-thread-1 insert one batch latency (device: d_5, sg: g_0) ,0.42, ms, throughput ,119003.70101510157, points/s
11:49:47.213 [DataClientService-thread-1] INFO cn.edu.tsinghua.iot.benchmark.tsdb.DBWrapper -- DataClientService-thread-1 insert one batch latency (device: d_6, sg: g_0) ,0.41, ms, throughput ,122401.71754090054, points/s
11:49:47.213 [DataClientService-thread-1] INFO cn.edu.tsinghua.iot.benchmark.tsdb.DBWrapper -- DataClientService-thread-1 insert one batch latency (device: d_7, sg: g_0) ,0.32, ms, throughput ,156526.85687810314, points/s
11:49:47.214 [DataClientService-thread-1] INFO cn.edu.tsinghua.iot.benchmark.tsdb.DBWrapper -- DataClientService-thread-1 insert one batch latency (device: d_8, sg: g_0) ,0.29, ms, throughput ,171480.1134512431, points/s
11:49:47.214 [DataClientService-thread-1] INFO cn.edu.tsinghua.iot.benchmark.tsdb.DBWrapper -- DataClientService-thread-1 insert one batch latency (device: d_9, sg: g_0) ,0.37, ms, throughput ,136450.59260492367, points/s
11:49:47.214 [DataClientService-thread-1] INFO cn.edu.tsinghua.iot.benchmark.tsdb.DBWrapper -- DataClientService-thread-1 insert one batch latency (device: d_10, sg: g_0) ,0.35, ms, throughput ,142870.20527591094, points/s
11:49:47.215 [DataClientService-thread-1] INFO cn.edu.tsinghua.iot.benchmark.tsdb.DBWrapper -- DataClientService-thread-1 insert one batch latency (device: d_11, sg: g_0) ,0.33, ms, throughput ,150800.90359901436, points/s
11:49:47.217 [DataClientService-thread-1] INFO cn.edu.tsinghua.iot.benchmark.tsdb.DBWrapper -- DataClientService-thread-1 insert one batch latency (device: d_12, sg: g_0) ,1.96, ms, throughput ,25535.974570255086, points/s
11:49:47.217 [DataClientService-thread-1] INFO cn.edu.tsinghua.iot.benchmark.tsdb.DBWrapper -- DataClientService-thread-1 insert one batch latency (device: d_13, sg: g_0) ,0.37, ms, throughput ,134313.28304644016, points/s
11:49:47.218 [DataClientService-thread-1] INFO cn.edu.tsinghua.iot.benchmark.tsdb.DBWrapper -- DataClientService-thread-1 insert one batch latency (device: d_14, sg: g_0) ,0.35, ms, throughput ,144803.29919836894, points/s
11:49:47.218 [DataClientService-thread-1] INFO cn.edu.tsinghua.iot.benchmark.tsdb.DBWrapper -- DataClientService-thread-1 insert one batch latency (device: d_15, sg: g_0) ,0.54, ms, throughput ,92794.16213367185, points/s
11:49:47.218 [DataClientService-thread-1] INFO cn.edu.tsinghua.iot.benchmark.tsdb.DBWrapper -- DataClientService-thread-1 insert one batch latency (device: d_16, sg: g_0) ,0.33, ms, throughput ,150237.22457760802, points/s
11:49:47.219 [DataClientService-thread-1] INFO cn.edu.tsinghua.iot.benchmark.tsdb.DBWrapper -- DataClientService-thread-1 insert one batch latency (device: d_17, sg: g_0) ,0.30, ms, throughput ,167134.6436689397, points/s
11:49:47.219 [DataClientService-thread-1] INFO cn.edu.tsinghua.iot.benchmark.tsdb.DBWrapper -- DataClientService-thread-1 insert one batch latency (device: d_18, sg: g_0) ,0.29, ms, throughput ,173743.83209396066, points/s
11:49:47.220 [DataClientService-thread-1] INFO cn.edu.tsinghua.iot.benchmark.tsdb.DBWrapper -- DataClientService-thread-1 insert one batch latency (device: d_19, sg: g_0) ,0.30, ms, throughput ,166936.5474183263, points/s
11:49:47.220 [DataClientService-thread-1] INFO cn.edu.tsinghua.iot.benchmark.tsdb.DBWrapper -- DataClientService-thread-1 insert one batch latency (device: d_0, sg: g_0) ,0.24, ms, throughput ,204696.55782268365, points/s
11:49:47.220 [DataClientService-thread-1] INFO cn.edu.tsinghua.iot.benchmark.tsdb.DBWrapper -- DataClientService-thread-1 insert one batch latency (device: d_1, sg: g_0) ,0.23, ms, throughput ,215347.37685360256, points/s
11:49:47.220 [DataClientService-thread-1] INFO cn.edu.tsinghua.iot.benchmark.tsdb.DBWrapper -- DataClientService-thread-1 insert one batch latency (device: d_2, sg: g_0) ,0.29, ms, throughput ,170788.9424407106, points/s
11:49:47.221 [DataClientService-thread-1] INFO cn.edu.tsinghua.iot.benchmark.tsdb.DBWrapper -- DataClientService-thread-1 insert one batch latency (device: d_3, sg: g_0) ,0.23, ms, throughput ,216888.68838734587, points/s
11:49:47.221 [DataClientService-thread-1] INFO cn.edu.tsinghua.iot.benchmark.tsdb.DBWrapper -- DataClientService-thread-1 insert one batch latency (device: d_4, sg: g_0) ,0.25, ms, throughput ,196838.76936401395, points/s
11:49:47.221 [DataClientService-thread-1] INFO cn.edu.tsinghua.iot.benchmark.tsdb.DBWrapper -- DataClientService-thread-1 insert one batch latency (device: d_5, sg: g_0) ,0.26, ms, throughput ,190513.93037858928, points/s
11:49:47.222 [DataClientService-thread-1] INFO cn.edu.tsinghua.iot.benchmark.tsdb.DBWrapper -- DataClientService-thread-1 insert one batch latency (device: d_6, sg: g_0) ,0.24, ms, throughput ,209098.2845576735, points/s
11:49:47.222 [DataClientService-thread-1] INFO cn.edu.tsinghua.iot.benchmark.tsdb.DBWrapper -- DataClientService-thread-1 insert one batch latency (device: d_7, sg: g_0) ,0.28, ms, throughput ,180121.76231132244, points/s
11:49:47.222 [DataClientService-thread-1] INFO cn.edu.tsinghua.iot.benchmark.tsdb.DBWrapper -- DataClientService-thread-1 insert one batch latency (device: d_8, sg: g_0) ,0.22, ms, throughput ,229830.10958299626, points/s
11:49:47.223 [DataClientService-thread-1] INFO cn.edu.tsinghua.iot.benchmark.tsdb.DBWrapper -- DataClientService-thread-1 insert one batch latency (device: d_9, sg: g_0) ,0.27, ms, throughput ,184074.6017545991, points/s
11:49:47.223 [DataClientService-thread-1] INFO cn.edu.tsinghua.iot.benchmark.tsdb.DBWrapper -- DataClientService-thread-1 insert one batch latency (device: d_10, sg: g_0) ,0.30, ms, throughput ,166996.7636027214, points/s
11:49:47.223 [DataClientService-thread-1] INFO cn.edu.tsinghua.iot.benchmark.tsdb.DBWrapper -- DataClientService-thread-1 insert one batch latency (device: d_11, sg: g_0) ,0.23, ms, throughput ,216202.1922902298, points/s
11:49:47.224 [DataClientService-thread-1] INFO cn.edu.tsinghua.iot.benchmark.tsdb.DBWrapper -- DataClientService-thread-1 insert one batch latency (device: d_12, sg: g_0) ,0.21, ms, throughput ,239025.15978831932, points/s
11:49:47.224 [DataClientService-thread-1] INFO cn.edu.tsinghua.iot.benchmark.tsdb.DBWrapper -- DataClientService-thread-1 insert one batch latency (device: d_13, sg: g_0) ,0.20, ms, throughput ,244017.9011532286, points/s
11:49:47.224 [DataClientService-thread-1] INFO cn.edu.tsinghua.iot.benchmark.tsdb.DBWrapper -- DataClientService-thread-1 insert one batch latency (device: d_14, sg: g_0) ,0.21, ms, throughput ,243712.22460518617, points/s
11:49:47.224 [DataClientService-thread-1] INFO cn.edu.tsinghua.iot.benchmark.tsdb.DBWrapper -- DataClientService-thread-1 insert one batch latency (device: d_15, sg: g_0) ,0.23, ms, throughput ,214605.16940932072, points/s
11:49:47.225 [DataClientService-thread-1] INFO cn.edu.tsinghua.iot.benchmark.tsdb.DBWrapper -- DataClientService-thread-1 insert one batch latency (device: d_16, sg: g_0) ,0.21, ms, throughput ,238374.4767680235, points/s
11:49:47.225 [DataClientService-thread-1] INFO cn.edu.tsinghua.iot.benchmark.tsdb.DBWrapper -- DataClientService-thread-1 insert one batch latency (device: d_17, sg: g_0) ,0.20, ms, throughput ,244154.93095298554, points/s
11:49:47.225 [DataClientService-thread-1] INFO cn.edu.tsinghua.iot.benchmark.tsdb.DBWrapper -- DataClientService-thread-1 insert one batch latency (device: d_18, sg: g_0) ,0.21, ms, throughput ,237441.7080606711, points/s
11:49:47.226 [DataClientService-thread-1] INFO cn.edu.tsinghua.iot.benchmark.tsdb.DBWrapper -- DataClientService-thread-1 insert one batch latency (device: d_19, sg: g_0) ,0.22, ms, throughput ,230385.01944449564, points/s
11:49:47.226 [DataClientService-thread-1] INFO cn.edu.tsinghua.iot.benchmark.tsdb.DBWrapper -- DataClientService-thread-1 insert one batch latency (device: d_0, sg: g_0) ,0.23, ms, throughput ,214596.87976136827, points/s
11:49:47.226 [DataClientService-thread-1] INFO cn.edu.tsinghua.iot.benchmark.tsdb.DBWrapper -- DataClientService-thread-1 insert one batch latency (device: d_1, sg: g_0) ,0.20, ms, throughput ,250812.63293069546, points/s
11:49:47.226 [DataClientService-thread-1] INFO cn.edu.tsinghua.iot.benchmark.tsdb.DBWrapper -- DataClientService-thread-1 insert one batch latency (device: d_2, sg: g_0) ,0.23, ms, throughput ,217923.79640687245, points/s
11:49:47.227 [DataClientService-thread-1] INFO cn.edu.tsinghua.iot.benchmark.tsdb.DBWrapper -- DataClientService-thread-1 insert one batch latency (device: d_3, sg: g_0) ,0.32, ms, throughput ,155788.47663796003, points/s
11:49:47.227 [DataClientService-thread-1] INFO cn.edu.tsinghua.iot.benchmark.tsdb.DBWrapper -- DataClientService-thread-1 insert one batch latency (device: d_4, sg: g_0) ,0.27, ms, throughput ,188044.15276706973, points/s
11:49:47.227 [DataClientService-thread-1] INFO cn.edu.tsinghua.iot.benchmark.tsdb.DBWrapper -- DataClientService-thread-1 insert one batch latency (device: d_5, sg: g_0) ,0.28, ms, throughput ,178730.37093701182, points/s
11:49:47.228 [DataClientService-thread-1] INFO cn.edu.tsinghua.iot.benchmark.tsdb.DBWrapper -- DataClientService-thread-1 insert one batch latency (device: d_6, sg: g_0) ,0.26, ms, throughput ,190529.90176278265, points/s
11:49:47.228 [DataClientService-thread-1] INFO cn.edu.tsinghua.iot.benchmark.tsdb.DBWrapper -- DataClientService-thread-1 insert one batch latency (device: d_7, sg: g_0) ,0.26, ms, throughput ,190842.60828409594, points/s
11:49:47.228 [DataClientService-thread-1] INFO cn.edu.tsinghua.iot.benchmark.tsdb.DBWrapper -- DataClientService-thread-1 insert one batch latency (device: d_8, sg: g_0) ,0.24, ms, throughput ,204258.3786786934, points/s
11:49:47.229 [DataClientService-thread-1] INFO cn.edu.tsinghua.iot.benchmark.tsdb.DBWrapper -- DataClientService-thread-1 insert one batch latency (device: d_9, sg: g_0) ,0.23, ms, throughput ,213009.78566955368, points/s
11:49:47.229 [DataClientService-thread-1] INFO cn.edu.tsinghua.iot.benchmark.tsdb.DBWrapper -- DataClientService-thread-1 insert one batch latency (device: d_10, sg: g_0) ,0.21, ms, throughput ,243355.1866290926, points/s
11:49:47.229 [DataClientService-thread-1] INFO cn.edu.tsinghua.iot.benchmark.tsdb.DBWrapper -- DataClientService-thread-1 insert one batch latency (device: d_11, sg: g_0) ,0.20, ms, throughput ,246049.6725078859, points/s
11:49:47.229 [DataClientService-thread-1] INFO cn.edu.tsinghua.iot.benchmark.tsdb.DBWrapper -- DataClientService-thread-1 insert one batch latency (device: d_12, sg: g_0) ,0.20, ms, throughput ,252560.96821772776, points/s
11:49:47.230 [DataClientService-thread-1] INFO cn.edu.tsinghua.iot.benchmark.tsdb.DBWrapper -- DataClientService-thread-1 insert one batch latency (device: d_13, sg: g_0) ,0.25, ms, throughput ,198337.14140644835, points/s
11:49:47.230 [DataClientService-thread-1] INFO cn.edu.tsinghua.iot.benchmark.tsdb.DBWrapper -- DataClientService-thread-1 insert one batch latency (device: d_14, sg: g_0) ,0.26, ms, throughput ,195031.38054913035, points/s
11:49:47.230 [DataClientService-thread-1] INFO cn.edu.tsinghua.iot.benchmark.tsdb.DBWrapper -- DataClientService-thread-1 insert one batch latency (device: d_15, sg: g_0) ,0.24, ms, throughput ,210659.3638087213, points/s
11:49:47.230 [DataClientService-thread-1] INFO cn.edu.tsinghua.iot.benchmark.tsdb.DBWrapper -- DataClientService-thread-1 insert one batch latency (device: d_16, sg: g_0) ,0.24, ms, throughput ,209195.3926806716, points/s
11:49:47.231 [DataClientService-thread-1] INFO cn.edu.tsinghua.iot.benchmark.tsdb.DBWrapper -- DataClientService-thread-1 insert one batch latency (device: d_17, sg: g_0) ,0.23, ms, throughput ,218863.3985983988, points/s
11:49:47.231 [DataClientService-thread-1] INFO cn.edu.tsinghua.iot.benchmark.tsdb.DBWrapper -- DataClientService-thread-1 insert one batch latency (device: d_18, sg: g_0) ,0.33, ms, throughput ,152347.52298162383, points/s
11:49:47.231 [DataClientService-thread-1] INFO cn.edu.tsinghua.iot.benchmark.tsdb.DBWrapper -- DataClientService-thread-1 insert one batch latency (device: d_19, sg: g_0) ,0.25, ms, throughput ,199318.3313069303, points/s
11:49:47.232 [DataClientService-thread-1] INFO cn.edu.tsinghua.iot.benchmark.tsdb.DBWrapper -- DataClientService-thread-1 insert one batch latency (device: d_0, sg: g_0) ,0.23, ms, throughput ,217486.80942500837, points/s
11:49:47.232 [DataClientService-thread-1] INFO cn.edu.tsinghua.iot.benchmark.tsdb.DBWrapper -- DataClientService-thread-1 insert one batch latency (device: d_1, sg: g_0) ,0.21, ms, throughput ,233397.28418920116, points/s
11:49:47.232 [DataClientService-thread-1] INFO cn.edu.tsinghua.iot.benchmark.tsdb.DBWrapper -- DataClientService-thread-1 insert one batch latency (device: d_2, sg: g_0) ,0.26, ms, throughput ,191888.48976083018, points/s
11:49:47.232 [DataClientService-thread-1] INFO cn.edu.tsinghua.iot.benchmark.tsdb.DBWrapper -- DataClientService-thread-1 insert one batch latency (device: d_3, sg: g_0) ,0.25, ms, throughput ,200735.49485314192, points/s
11:49:47.233 [DataClientService-thread-1] INFO cn.edu.tsinghua.iot.benchmark.tsdb.DBWrapper -- DataClientService-thread-1 insert one batch latency (device: d_4, sg: g_0) ,0.26, ms, throughput ,193781.17454645515, points/s
11:49:47.233 [DataClientService-thread-1] INFO cn.edu.tsinghua.iot.benchmark.tsdb.DBWrapper -- DataClientService-thread-1 insert one batch latency (device: d_5, sg: g_0) ,0.24, ms, throughput ,210861.0299296146, points/s
11:49:47.233 [DataClientService-thread-1] INFO cn.edu.tsinghua.iot.benchmark.tsdb.DBWrapper -- DataClientService-thread-1 insert one batch latency (device: d_6, sg: g_0) ,0.21, ms, throughput ,233374.40722900565, points/s
11:49:47.234 [DataClientService-thread-1] INFO cn.edu.tsinghua.iot.benchmark.tsdb.DBWrapper -- DataClientService-thread-1 insert one batch latency (device: d_7, sg: g_0) ,0.20, ms, throughput ,244292.11473912047, points/s
11:49:47.234 [DataClientService-thread-1] INFO cn.edu.tsinghua.iot.benchmark.tsdb.DBWrapper -- DataClientService-thread-1 insert one batch latency (device: d_8, sg: g_0) ,0.19, ms, throughput ,261821.22846520395, points/s
11:49:47.234 [DataClientService-thread-1] INFO cn.edu.tsinghua.iot.benchmark.tsdb.DBWrapper -- DataClientService-thread-1 insert one batch latency (device: d_9, sg: g_0) ,0.19, ms, throughput ,260707.246618627, points/s
11:49:47.234 [DataClientService-thread-1] INFO cn.edu.tsinghua.iot.benchmark.tsdb.DBWrapper -- DataClientService-thread-1 insert one batch latency (device: d_10, sg: g_0) ,0.19, ms, throughput ,257946.0273732324, points/s
11:49:47.235 [DataClientService-thread-1] INFO cn.edu.tsinghua.iot.benchmark.tsdb.DBWrapper -- DataClientService-thread-1 insert one batch latency (device: d_11, sg: g_0) ,0.20, ms, throughput ,244764.48761002166, points/s
11:49:47.235 [DataClientService-thread-1] INFO cn.edu.tsinghua.iot.benchmark.tsdb.DBWrapper -- DataClientService-thread-1 insert one batch latency (device: d_12, sg: g_0) ,0.20, ms, throughput ,247111.26926232345, points/s
11:49:47.235 [DataClientService-thread-1] INFO cn.edu.tsinghua.iot.benchmark.tsdb.DBWrapper -- DataClientService-thread-1 insert one batch latency (device: d_13, sg: g_0) ,0.22, ms, throughput ,231684.20516099734, points/s
11:49:47.235 [DataClientService-thread-1] INFO cn.edu.tsinghua.iot.benchmark.tsdb.DBWrapper -- DataClientService-thread-1 insert one batch latency (device: d_14, sg: g_0) ,0.20, ms, throughput ,244244.38115801144, points/s
11:49:47.236 [DataClientService-thread-1] INFO cn.edu.tsinghua.iot.benchmark.tsdb.DBWrapper -- DataClientService-thread-1 insert one batch latency (device: d_15, sg: g_0) ,0.21, ms, throughput ,235914.71211327682, points/s
11:49:47.236 [DataClientService-thread-1] INFO cn.edu.tsinghua.iot.benchmark.tsdb.DBWrapper -- DataClientService-thread-1 insert one batch latency (device: d_16, sg: g_0) ,0.20, ms, throughput ,248951.91244859144, points/s
11:49:47.236 [DataClientService-thread-1] INFO cn.edu.tsinghua.iot.benchmark.tsdb.DBWrapper -- DataClientService-thread-1 insert one batch latency (device: d_17, sg: g_0) ,0.19, ms, throughput ,259559.57930583387, points/s
11:49:47.236 [DataClientService-thread-1] INFO cn.edu.tsinghua.iot.benchmark.tsdb.DBWrapper -- DataClientService-thread-1 insert one batch latency (device: d_18, sg: g_0) ,0.21, ms, throughput ,237274.94471493788, points/s
11:49:47.237 [DataClientService-thread-1] INFO cn.edu.tsinghua.iot.benchmark.tsdb.DBWrapper -- DataClientService-thread-1 insert one batch latency (device: d_19, sg: g_0) ,0.21, ms, throughput ,233520.46106279833, points/s
11:49:47.237 [DataClientService-thread-1] INFO cn.edu.tsinghua.iot.benchmark.tsdb.DBWrapper -- DataClientService-thread-1 insert one batch latency (device: d_0, sg: g_0) ,0.28, ms, throughput ,180676.30755443778, points/s
11:49:47.237 [DataClientService-thread-1] INFO cn.edu.tsinghua.iot.benchmark.tsdb.DBWrapper -- DataClientService-thread-1 insert one batch latency (device: d_1, sg: g_0) ,0.22, ms, throughput ,223747.6842114684, points/s
11:49:47.237 [DataClientService-thread-1] INFO cn.edu.tsinghua.iot.benchmark.tsdb.DBWrapper -- DataClientService-thread-1 insert one batch latency (device: d_2, sg: g_0) ,0.19, ms, throughput ,260377.3388394461, points/s
11:49:47.238 [DataClientService-thread-1] INFO cn.edu.tsinghua.iot.benchmark.tsdb.DBWrapper -- DataClientService-thread-1 insert one batch latency (device: d_3, sg: g_0) ,0.20, ms, throughput ,244454.54856578517, points/s
11:49:47.238 [DataClientService-thread-1] INFO cn.edu.tsinghua.iot.benchmark.tsdb.DBWrapper -- DataClientService-thread-1 insert one batch latency (device: d_4, sg: g_0) ,0.20, ms, throughput ,250325.42304996494, points/s
11:49:47.238 [DataClientService-thread-1] INFO cn.edu.tsinghua.iot.benchmark.tsdb.DBWrapper -- DataClientService-thread-1 insert one batch latency (device: d_5, sg: g_0) ,0.19, ms, throughput ,265329.40645811777, points/s
11:49:47.238 [DataClientService-thread-1] INFO cn.edu.tsinghua.iot.benchmark.tsdb.DBWrapper -- DataClientService-thread-1 insert one batch latency (device: d_6, sg: g_0) ,0.20, ms, throughput ,253805.81824457741, points/s
11:49:47.238 [DataClientService-thread-1] INFO cn.edu.tsinghua.iot.benchmark.tsdb.DBWrapper -- DataClientService-thread-1 insert one batch latency (device: d_7, sg: g_0) ,0.21, ms, throughput ,233565.18570767913, points/s
11:49:47.239 [DataClientService-thread-1] INFO cn.edu.tsinghua.iot.benchmark.tsdb.DBWrapper -- DataClientService-thread-1 insert one batch latency (device: d_8, sg: g_0) ,0.20, ms, throughput ,249946.26155376594, points/s
11:49:47.239 [DataClientService-thread-1] INFO cn.edu.tsinghua.iot.benchmark.tsdb.DBWrapper -- DataClientService-thread-1 insert one batch latency (device: d_9, sg: g_0) ,0.20, ms, throughput ,256150.16547300687, points/s
11:49:47.239 [DataClientService-thread-1] INFO cn.edu.tsinghua.iot.benchmark.tsdb.DBWrapper -- DataClientService-thread-1 insert one batch latency (device: d_10, sg: g_0) ,0.19, ms, throughput ,269861.83074265975, points/s
11:49:47.239 [DataClientService-thread-1] INFO cn.edu.tsinghua.iot.benchmark.tsdb.DBWrapper -- DataClientService-thread-1 insert one batch latency (device: d_11, sg: g_0) ,0.19, ms, throughput ,264725.3474520185, points/s
11:49:47.240 [DataClientService-thread-1] INFO cn.edu.tsinghua.iot.benchmark.tsdb.DBWrapper -- DataClientService-thread-1 insert one batch latency (device: d_12, sg: g_0) ,0.20, ms, throughput ,255195.78620717817, points/s
11:49:47.240 [DataClientService-thread-1] INFO cn.edu.tsinghua.iot.benchmark.tsdb.DBWrapper -- DataClientService-thread-1 insert one batch latency (device: d_13, sg: g_0) ,0.19, ms, throughput ,257180.47897292403, points/s
11:49:47.240 [DataClientService-thread-1] INFO cn.edu.tsinghua.iot.benchmark.tsdb.DBWrapper -- DataClientService-thread-1 insert one batch latency (device: d_14, sg: g_0) ,0.19, ms, throughput ,261706.1145016592, points/s
11:49:47.240 [DataClientService-thread-1] INFO cn.edu.tsinghua.iot.benchmark.tsdb.DBWrapper -- DataClientService-thread-1 insert one batch latency (device: d_15, sg: g_0) ,0.22, ms, throughput ,226324.22302894233, points/s
11:49:47.240 [DataClientService-thread-1] INFO cn.edu.tsinghua.iot.benchmark.tsdb.DBWrapper -- DataClientService-thread-1 insert one batch latency (device: d_16, sg: g_0) ,0.19, ms, throughput ,259393.95197061583, points/s
11:49:47.241 [DataClientService-thread-1] INFO cn.edu.tsinghua.iot.benchmark.tsdb.DBWrapper -- DataClientService-thread-1 insert one batch latency (device: d_17, sg: g_0) ,0.19, ms, throughput ,257144.76736112896, points/s
11:49:47.241 [DataClientService-thread-1] INFO cn.edu.tsinghua.iot.benchmark.tsdb.DBWrapper -- DataClientService-thread-1 insert one batch latency (device: d_18, sg: g_0) ,0.19, ms, throughput ,258730.8733201898, points/s
11:49:47.241 [DataClientService-thread-1] INFO cn.edu.tsinghua.iot.benchmark.tsdb.DBWrapper -- DataClientService-thread-1 insert one batch latency (device: d_19, sg: g_0) ,0.20, ms, throughput ,252066.9489816495, points/s
11:49:47.241 [DataClientService-thread-1] INFO cn.edu.tsinghua.iot.benchmark.tsdb.DBWrapper -- DataClientService-thread-1 insert one batch latency (device: d_0, sg: g_0) ,0.20, ms, throughput ,253725.96580788886, points/s
11:49:47.242 [DataClientService-thread-1] INFO cn.edu.tsinghua.iot.benchmark.tsdb.DBWrapper -- DataClientService-thread-1 insert one batch latency (device: d_1, sg: g_0) ,0.25, ms, throughput ,199484.5319693911, points/s
11:49:47.242 [DataClientService-thread-1] INFO cn.edu.tsinghua.iot.benchmark.tsdb.DBWrapper -- DataClientService-thread-1 insert one batch latency (device: d_2, sg: g_0) ,0.18, ms, throughput ,271466.18888617423, points/s
11:49:47.242 [DataClientService-thread-1] INFO cn.edu.tsinghua.iot.benchmark.tsdb.DBWrapper -- DataClientService-thread-1 insert one batch latency (device: d_3, sg: g_0) ,0.20, ms, throughput ,247658.38992327545, points/s
11:49:47.242 [DataClientService-thread-1] INFO cn.edu.tsinghua.iot.benchmark.tsdb.DBWrapper -- DataClientService-thread-1 insert one batch latency (device: d_4, sg: g_0) ,0.23, ms, throughput ,213670.64806307558, points/s
11:49:47.244 [DataClientService-thread-1] INFO cn.edu.tsinghua.iot.benchmark.tsdb.DBWrapper -- DataClientService-thread-1 insert one batch latency (device: d_5, sg: g_0) ,1.96, ms, throughput ,25546.020645272045, points/s
11:49:47.245 [DataClientService-thread-1] INFO cn.edu.tsinghua.iot.benchmark.tsdb.DBWrapper -- DataClientService-thread-1 insert one batch latency (device: d_6, sg: g_0) ,0.28, ms, throughput ,177765.76871251364, points/s
11:49:47.245 [DataClientService-thread-1] INFO cn.edu.tsinghua.iot.benchmark.tsdb.DBWrapper -- DataClientService-thread-1 insert one batch latency (device: d_7, sg: g_0) ,0.26, ms, throughput ,192960.79036739733, points/s
11:49:47.245 [DataClientService-thread-1] INFO cn.edu.tsinghua.iot.benchmark.tsdb.DBWrapper -- DataClientService-thread-1 insert one batch latency (device: d_8, sg: g_0) ,0.21, ms, throughput ,240838.5033332049, points/s
11:49:47.245 [DataClientService-thread-1] INFO cn.edu.tsinghua.iot.benchmark.tsdb.DBWrapper -- DataClientService-thread-1 insert one batch latency (device: d_9, sg: g_0) ,0.19, ms, throughput ,264477.4982544485, points/s
11:49:47.246 [DataClientService-thread-1] INFO cn.edu.tsinghua.iot.benchmark.tsdb.DBWrapper -- DataClientService-thread-1 insert one batch latency (device: d_10, sg: g_0) ,0.23, ms, throughput ,218099.6540939486, points/s
11:49:47.246 [DataClientService-thread-1] INFO cn.edu.tsinghua.iot.benchmark.tsdb.DBWrapper -- DataClientService-thread-1 insert one batch latency (device: d_11, sg: g_0) ,0.21, ms, throughput ,243663.52990482503, points/s
11:49:47.246 [DataClientService-thread-1] INFO cn.edu.tsinghua.iot.benchmark.tsdb.DBWrapper -- DataClientService-thread-1 insert one batch latency (device: d_12, sg: g_0) ,0.18, ms, throughput ,280429.39348730777, points/s
11:49:47.246 [DataClientService-thread-1] INFO cn.edu.tsinghua.iot.benchmark.tsdb.DBWrapper -- DataClientService-thread-1 insert one batch latency (device: d_13, sg: g_0) ,0.22, ms, throughput ,228946.11524231656, points/s
11:49:47.247 [DataClientService-thread-1] INFO cn.edu.tsinghua.iot.benchmark.tsdb.DBWrapper -- DataClientService-thread-1 insert one batch latency (device: d_14, sg: g_0) ,0.18, ms, throughput ,274267.1581534141, points/s
11:49:47.247 [DataClientService-thread-1] INFO cn.edu.tsinghua.iot.benchmark.tsdb.DBWrapper -- DataClientService-thread-1 insert one batch latency (device: d_15, sg: g_0) ,0.17, ms, throughput ,298030.6137046397, points/s
11:49:47.247 [DataClientService-thread-1] INFO cn.edu.tsinghua.iot.benchmark.tsdb.DBWrapper -- DataClientService-thread-1 insert one batch latency (device: d_16, sg: g_0) ,0.22, ms, throughput ,229391.4703075681, points/s
11:49:47.247 [DataClientService-thread-1] INFO cn.edu.tsinghua.iot.benchmark.tsdb.DBWrapper -- DataClientService-thread-1 insert one batch latency (device: d_17, sg: g_0) ,0.18, ms, throughput ,275523.08056845923, points/s
11:49:47.248 [DataClientService-thread-1] INFO cn.edu.tsinghua.iot.benchmark.tsdb.DBWrapper -- DataClientService-thread-1 insert one batch latency (device: d_18, sg: g_0) ,0.35, ms, throughput ,143104.09964624667, points/s
11:49:47.248 [DataClientService-thread-1] INFO cn.edu.tsinghua.iot.benchmark.tsdb.DBWrapper -- DataClientService-thread-1 insert one batch latency (device: d_19, sg: g_0) ,0.23, ms, throughput ,214339.2991104919, points/s
11:49:47.248 [DataClientService-thread-1] INFO cn.edu.tsinghua.iot.benchmark.tsdb.DBWrapper -- DataClientService-thread-1 insert one batch latency (device: d_0, sg: g_0) ,0.22, ms, throughput ,231158.28794925613, points/s
11:49:47.248 [DataClientService-thread-1] INFO cn.edu.tsinghua.iot.benchmark.tsdb.DBWrapper -- DataClientService-thread-1 insert one batch latency (device: d_1, sg: g_0) ,0.24, ms, throughput ,212610.3447689351, points/s
11:49:47.249 [DataClientService-thread-1] INFO cn.edu.tsinghua.iot.benchmark.tsdb.DBWrapper -- DataClientService-thread-1 insert one batch latency (device: d_2, sg: g_0) ,0.21, ms, throughput ,238666.90215134347, points/s
11:49:47.249 [DataClientService-thread-1] INFO cn.edu.tsinghua.iot.benchmark.tsdb.DBWrapper -- DataClientService-thread-1 insert one batch latency (device: d_3, sg: g_0) ,0.22, ms, throughput ,224742.33291531258, points/s
11:49:47.249 [DataClientService-thread-1] INFO cn.edu.tsinghua.iot.benchmark.tsdb.DBWrapper -- DataClientService-thread-1 insert one batch latency (device: d_4, sg: g_0) ,0.22, ms, throughput ,232171.54691258277, points/s
11:49:47.249 [DataClientService-thread-1] INFO cn.edu.tsinghua.iot.benchmark.tsdb.DBWrapper -- DataClientService-thread-1 insert one batch latency (device: d_5, sg: g_0) ,0.24, ms, throughput ,207514.51564036903, points/s
11:49:47.250 [DataClientService-thread-1] INFO cn.edu.tsinghua.iot.benchmark.tsdb.DBWrapper -- DataClientService-thread-1 insert one batch latency (device: d_6, sg: g_0) ,0.21, ms, throughput ,237136.52898519792, points/s
11:49:47.250 [DataClientService-thread-1] INFO cn.edu.tsinghua.iot.benchmark.tsdb.DBWrapper -- DataClientService-thread-1 insert one batch latency (device: d_7, sg: g_0) ,0.20, ms, throughput ,244862.77889870518, points/s
11:49:47.250 [DataClientService-thread-1] INFO cn.edu.tsinghua.iot.benchmark.tsdb.DBWrapper -- DataClientService-thread-1 insert one batch latency (device: d_8, sg: g_0) ,0.19, ms, throughput ,268664.09465573385, points/s
11:49:47.250 [DataClientService-thread-1] INFO cn.edu.tsinghua.iot.benchmark.tsdb.DBWrapper -- DataClientService-thread-1 insert one batch latency (device: d_9, sg: g_0) ,0.22, ms, throughput ,225968.27405432277, points/s
11:49:47.251 [DataClientService-thread-1] INFO cn.edu.tsinghua.iot.benchmark.tsdb.DBWrapper -- DataClientService-thread-1 insert one batch latency (device: d_10, sg: g_0) ,0.37, ms, throughput ,135779.16875992884, points/s
11:49:47.251 [DataClientService-thread-1] INFO cn.edu.tsinghua.iot.benchmark.tsdb.DBWrapper -- DataClientService-thread-1 insert one batch latency (device: d_11, sg: g_0) ,0.21, ms, throughput ,237857.38071452358, points/s
11:49:47.251 [DataClientService-thread-1] INFO cn.edu.tsinghua.iot.benchmark.tsdb.DBWrapper -- DataClientService-thread-1 insert one batch latency (device: d_12, sg: g_0) ,0.20, ms, throughput ,249457.43008955522, points/s
11:49:47.252 [DataClientService-thread-1] INFO cn.edu.tsinghua.iot.benchmark.tsdb.DBWrapper -- DataClientService-thread-1 insert one batch latency (device: d_13, sg: g_0) ,0.19, ms, throughput ,256651.11360918195, points/s
11:49:47.252 [DataClientService-thread-1] INFO cn.edu.tsinghua.iot.benchmark.tsdb.DBWrapper -- DataClientService-thread-1 insert one batch latency (device: d_14, sg: g_0) ,0.21, ms, throughput ,237422.54089603267, points/s
11:49:47.252 [DataClientService-thread-1] INFO cn.edu.tsinghua.iot.benchmark.tsdb.DBWrapper -- DataClientService-thread-1 insert one batch latency (device: d_15, sg: g_0) ,0.21, ms, throughput ,234706.5229636862, points/s
11:49:47.252 [DataClientService-thread-1] INFO cn.edu.tsinghua.iot.benchmark.tsdb.DBWrapper -- DataClientService-thread-1 insert one batch latency (device: d_16, sg: g_0) ,0.20, ms, throughput ,251016.61730006526, points/s
11:49:47.252 [DataClientService-thread-1] INFO cn.edu.tsinghua.iot.benchmark.tsdb.DBWrapper -- DataClientService-thread-1 insert one batch latency (device: d_17, sg: g_0) ,0.20, ms, throughput ,248935.79945731995, points/s
11:49:47.253 [DataClientService-thread-1] INFO cn.edu.tsinghua.iot.benchmark.tsdb.DBWrapper -- DataClientService-thread-1 insert one batch latency (device: d_18, sg: g_0) ,0.18, ms, throughput ,270823.62881996727, points/s
11:49:47.253 [DataClientService-thread-1] INFO cn.edu.tsinghua.iot.benchmark.tsdb.DBWrapper -- DataClientService-thread-1 insert one batch latency (device: d_19, sg: g_0) ,0.22, ms, throughput ,230344.68779081016, points/s
11:49:47.253 [DataClientService-thread-1] INFO cn.edu.tsinghua.iot.benchmark.tsdb.DBWrapper -- DataClientService-thread-1 insert one batch latency (device: d_0, sg: g_0) ,0.20, ms, throughput ,252687.3297519116, points/s
11:49:47.253 [DataClientService-thread-1] INFO cn.edu.tsinghua.iot.benchmark.tsdb.DBWrapper -- DataClientService-thread-1 insert one batch latency (device: d_1, sg: g_0) ,0.22, ms, throughput ,227270.6611758075, points/s
11:49:47.254 [DataClientService-thread-1] INFO cn.edu.tsinghua.iot.benchmark.tsdb.DBWrapper -- DataClientService-thread-1 insert one batch latency (device: d_2, sg: g_0) ,0.21, ms, throughput ,242600.67928190198, points/s
11:49:47.254 [DataClientService-thread-1] INFO cn.edu.tsinghua.iot.benchmark.tsdb.DBWrapper -- DataClientService-thread-1 insert one batch latency (device: d_3, sg: g_0) ,0.19, ms, throughput ,260194.41726858309, points/s
11:49:47.254 [DataClientService-thread-1] INFO cn.edu.tsinghua.iot.benchmark.tsdb.DBWrapper -- DataClientService-thread-1 insert one batch latency (device: d_4, sg: g_0) ,0.19, ms, throughput ,266166.9825181526, points/s
11:49:47.254 [DataClientService-thread-1] INFO cn.edu.tsinghua.iot.benchmark.tsdb.DBWrapper -- DataClientService-thread-1 insert one batch latency (device: d_5, sg: g_0) ,0.21, ms, throughput ,238180.30248898416, points/s
11:49:47.255 [DataClientService-thread-1] INFO cn.edu.tsinghua.iot.benchmark.tsdb.DBWrapper -- DataClientService-thread-1 insert one batch latency (device: d_6, sg: g_0) ,0.20, ms, throughput ,250849.1242857071, points/s
11:49:47.255 [DataClientService-thread-1] INFO cn.edu.tsinghua.iot.benchmark.tsdb.DBWrapper -- DataClientService-thread-1 insert one batch latency (device: d_7, sg: g_0) ,0.21, ms, throughput ,242687.81610088047, points/s
11:49:47.255 [DataClientService-thread-1] INFO cn.edu.tsinghua.iot.benchmark.tsdb.DBWrapper -- DataClientService-thread-1 insert one batch latency (device: d_8, sg: g_0) ,0.18, ms, throughput ,275322.8160017621, points/s
11:49:47.255 [DataClientService-thread-1] INFO cn.edu.tsinghua.iot.benchmark.tsdb.DBWrapper -- DataClientService-thread-1 insert one batch latency (device: d_9, sg: g_0) ,0.19, ms, throughput ,261524.05759805845, points/s
11:49:47.256 [DataClientService-thread-1] INFO cn.edu.tsinghua.iot.benchmark.tsdb.DBWrapper -- DataClientService-thread-1 insert one batch latency (device: d_10, sg: g_0) ,0.20, ms, throughput ,245214.63637121572, points/s
11:49:47.256 [DataClientService-thread-1] INFO cn.edu.tsinghua.iot.benchmark.tsdb.DBWrapper -- DataClientService-thread-1 insert one batch latency (device: d_11, sg: g_0) ,0.21, ms, throughput ,241944.45922993915, points/s
11:49:47.256 [DataClientService-thread-1] INFO cn.edu.tsinghua.iot.benchmark.tsdb.DBWrapper -- DataClientService-thread-1 insert one batch latency (device: d_12, sg: g_0) ,0.22, ms, throughput ,222527.82710477946, points/s
11:49:47.256 [DataClientService-thread-1] INFO cn.edu.tsinghua.iot.benchmark.tsdb.DBWrapper -- DataClientService-thread-1 insert one batch latency (device: d_13, sg: g_0) ,0.26, ms, throughput ,189195.4275249076, points/s
11:49:47.257 [DataClientService-thread-1] INFO cn.edu.tsinghua.iot.benchmark.tsdb.DBWrapper -- DataClientService-thread-1 insert one batch latency (device: d_14, sg: g_0) ,0.26, ms, throughput ,189815.99237698974, points/s
11:49:47.257 [DataClientService-thread-1] INFO cn.edu.tsinghua.iot.benchmark.tsdb.DBWrapper -- DataClientService-thread-1 insert one batch latency (device: d_15, sg: g_0) ,0.27, ms, throughput ,184352.8661340098, points/s
11:49:47.257 [DataClientService-thread-1] INFO cn.edu.tsinghua.iot.benchmark.tsdb.DBWrapper -- DataClientService-thread-1 insert one batch latency (device: d_16, sg: g_0) ,0.23, ms, throughput ,220137.2776063153, points/s
11:49:47.258 [DataClientService-thread-1] INFO cn.edu.tsinghua.iot.benchmark.tsdb.DBWrapper -- DataClientService-thread-1 insert one batch latency (device: d_17, sg: g_0) ,0.23, ms, throughput ,216832.25423148143, points/s
11:49:47.258 [DataClientService-thread-1] INFO cn.edu.tsinghua.iot.benchmark.tsdb.DBWrapper -- DataClientService-thread-1 insert one batch latency (device: d_18, sg: g_0) ,0.19, ms, throughput ,266692.2691245026, points/s
11:49:47.258 [DataClientService-thread-1] INFO cn.edu.tsinghua.iot.benchmark.tsdb.DBWrapper -- DataClientService-thread-1 insert one batch latency (device: d_19, sg: g_0) ,0.18, ms, throughput ,275957.98815588315, points/s
11:49:47.258 [DataClientService-thread-1] INFO cn.edu.tsinghua.iot.benchmark.tsdb.DBWrapper -- DataClientService-thread-1 insert one batch latency (device: d_0, sg: g_0) ,0.19, ms, throughput ,264976.47008945607, points/s
11:49:47.258 [DataClientService-thread-1] INFO cn.edu.tsinghua.iot.benchmark.tsdb.DBWrapper -- DataClientService-thread-1 insert one batch latency (device: d_1, sg: g_0) ,0.20, ms, throughput ,245895.99582960393, points/s
11:49:47.259 [DataClientService-thread-1] INFO cn.edu.tsinghua.iot.benchmark.tsdb.DBWrapper -- DataClientService-thread-1 insert one batch latency (device: d_2, sg: g_0) ,0.24, ms, throughput ,207706.75130024427, points/s
11:49:47.259 [DataClientService-thread-1] INFO cn.edu.tsinghua.iot.benchmark.tsdb.DBWrapper -- DataClientService-thread-1 insert one batch latency (device: d_3, sg: g_0) ,0.20, ms, throughput ,243978.60795565444, points/s
11:49:47.259 [DataClientService-thread-1] INFO cn.edu.tsinghua.iot.benchmark.tsdb.DBWrapper -- DataClientService-thread-1 insert one batch latency (device: d_4, sg: g_0) ,0.18, ms, throughput ,281233.8290548294, points/s
11:49:47.259 [DataClientService-thread-1] INFO cn.edu.tsinghua.iot.benchmark.tsdb.DBWrapper -- DataClientService-thread-1 insert one batch latency (device: d_5, sg: g_0) ,0.18, ms, throughput ,277257.1504619104, points/s
11:49:47.260 [DataClientService-thread-1] INFO cn.edu.tsinghua.iot.benchmark.tsdb.DBWrapper -- DataClientService-thread-1 insert one batch latency (device: d_6, sg: g_0) ,0.17, ms, throughput ,294424.19460261567, points/s
11:49:47.260 [DataClientService-thread-1] INFO cn.edu.tsinghua.iot.benchmark.tsdb.DBWrapper -- DataClientService-thread-1 insert one batch latency (device: d_7, sg: g_0) ,0.17, ms, throughput ,297176.82020802377, points/s
11:49:47.260 [DataClientService-thread-1] INFO cn.edu.tsinghua.iot.benchmark.tsdb.DBWrapper -- DataClientService-thread-1 insert one batch latency (device: d_8, sg: g_0) ,0.16, ms, throughput ,305317.40797733323, points/s
11:49:47.260 [DataClientService-thread-1] INFO cn.edu.tsinghua.iot.benchmark.tsdb.DBWrapper -- DataClientService-thread-1 insert one batch latency (device: d_9, sg: g_0) ,0.16, ms, throughput ,311625.50093799277, points/s
11:49:47.260 [DataClientService-thread-1] INFO cn.edu.tsinghua.iot.benchmark.tsdb.DBWrapper -- DataClientService-thread-1 insert one batch latency (device: d_10, sg: g_0) ,0.18, ms, throughput ,279438.8867154753, points/s
11:49:47.261 [DataClientService-thread-1] INFO cn.edu.tsinghua.iot.benchmark.tsdb.DBWrapper -- DataClientService-thread-1 insert one batch latency (device: d_11, sg: g_0) ,0.17, ms, throughput ,302716.57857614226, points/s
11:49:47.261 [DataClientService-thread-1] INFO cn.edu.tsinghua.iot.benchmark.tsdb.DBWrapper -- DataClientService-thread-1 insert one batch latency (device: d_12, sg: g_0) ,0.16, ms, throughput ,308419.2280883559, points/s
11:49:47.261 [DataClientService-thread-1] INFO cn.edu.tsinghua.iot.benchmark.tsdb.DBWrapper -- DataClientService-thread-1 insert one batch latency (device: d_13, sg: g_0) ,0.26, ms, throughput ,189128.15702176106, points/s
11:49:47.261 [DataClientService-thread-1] INFO cn.edu.tsinghua.iot.benchmark.tsdb.DBWrapper -- DataClientService-thread-1 insert one batch latency (device: d_14, sg: g_0) ,0.25, ms, throughput ,202504.57660343125, points/s
11:49:47.262 [DataClientService-thread-1] INFO cn.edu.tsinghua.iot.benchmark.tsdb.DBWrapper -- DataClientService-thread-1 insert one batch latency (device: d_15, sg: g_0) ,0.24, ms, throughput ,205058.3801208204, points/s
11:49:47.262 [DataClientService-thread-1] INFO cn.edu.tsinghua.iot.benchmark.tsdb.DBWrapper -- DataClientService-thread-1 insert one batch latency (device: d_16, sg: g_0) ,0.22, ms, throughput ,226842.75713760735, points/s
11:49:47.262 [DataClientService-thread-1] INFO cn.edu.tsinghua.iot.benchmark.tsdb.DBWrapper -- DataClientService-thread-1 insert one batch latency (device: d_17, sg: g_0) ,0.19, ms, throughput ,256740.7278086152, points/s
11:49:47.262 [DataClientService-thread-1] INFO cn.edu.tsinghua.iot.benchmark.tsdb.DBWrapper -- DataClientService-thread-1 insert one batch latency (device: d_18, sg: g_0) ,0.18, ms, throughput ,281151.59694107063, points/s
11:49:47.262 [DataClientService-thread-1] INFO cn.edu.tsinghua.iot.benchmark.tsdb.DBWrapper -- DataClientService-thread-1 insert one batch latency (device: d_19, sg: g_0) ,0.19, ms, throughput ,257817.01179770645, points/s
11:49:47.263 [DataClientService-thread-1] INFO cn.edu.tsinghua.iot.benchmark.tsdb.DBWrapper -- DataClientService-thread-1 insert one batch latency (device: d_0, sg: g_0) ,0.22, ms, throughput ,226446.1986476633, points/s
11:49:47.263 [DataClientService-thread-1] INFO cn.edu.tsinghua.iot.benchmark.tsdb.DBWrapper -- DataClientService-thread-1 insert one batch latency (device: d_1, sg: g_0) ,0.20, ms, throughput ,254102.48461409454, points/s
11:49:47.263 [DataClientService-thread-1] INFO cn.edu.tsinghua.iot.benchmark.tsdb.DBWrapper -- DataClientService-thread-1 insert one batch latency (device: d_2, sg: g_0) ,0.19, ms, throughput ,256850.19469244758, points/s
11:49:47.263 [DataClientService-thread-1] INFO cn.edu.tsinghua.iot.benchmark.tsdb.DBWrapper -- DataClientService-thread-1 insert one batch latency (device: d_3, sg: g_0) ,0.23, ms, throughput ,221765.8773279873, points/s
11:49:47.264 [DataClientService-thread-1] INFO cn.edu.tsinghua.iot.benchmark.tsdb.DBWrapper -- DataClientService-thread-1 insert one batch latency (device: d_4, sg: g_0) ,0.26, ms, throughput ,193927.73476891572, points/s
11:49:47.264 [DataClientService-thread-1] INFO cn.edu.tsinghua.iot.benchmark.tsdb.DBWrapper -- DataClientService-thread-1 insert one batch latency (device: d_5, sg: g_0) ,0.26, ms, throughput ,190914.7489280137, points/s
11:49:47.264 [DataClientService-thread-1] INFO cn.edu.tsinghua.iot.benchmark.tsdb.DBWrapper -- DataClientService-thread-1 insert one batch latency (device: d_6, sg: g_0) ,0.24, ms, throughput ,204774.52277297468, points/s
11:49:47.265 [DataClientService-thread-1] INFO cn.edu.tsinghua.iot.benchmark.tsdb.DBWrapper -- DataClientService-thread-1 insert one batch latency (device: d_7, sg: g_0) ,0.22, ms, throughput ,225788.6798587466, points/s
11:49:47.265 [DataClientService-thread-1] INFO cn.edu.tsinghua.iot.benchmark.tsdb.DBWrapper -- DataClientService-thread-1 insert one batch latency (device: d_8, sg: g_0) ,0.24, ms, throughput ,210699.311013253, points/s
11:49:47.265 [DataClientService-thread-1] INFO cn.edu.tsinghua.iot.benchmark.tsdb.DBWrapper -- DataClientService-thread-1 insert one batch latency (device: d_9, sg: g_0) ,0.21, ms, throughput ,239423.46828836165, points/s
11:49:47.265 [DataClientService-thread-1] INFO cn.edu.tsinghua.iot.benchmark.tsdb.DBWrapper -- DataClientService-thread-1 insert one batch latency (device: d_10, sg: g_0) ,0.26, ms, throughput ,193786.43184918762, points/s
11:49:47.266 [DataClientService-thread-1] INFO cn.edu.tsinghua.iot.benchmark.tsdb.DBWrapper -- DataClientService-thread-1 insert one batch latency (device: d_11, sg: g_0) ,0.23, ms, throughput ,215734.83599837768, points/s
11:49:47.266 [DataClientService-thread-1] INFO cn.edu.tsinghua.iot.benchmark.tsdb.DBWrapper -- DataClientService-thread-1 insert one batch latency (device: d_12, sg: g_0) ,0.32, ms, throughput ,155203.82918887373, points/s
11:49:47.267 [DataClientService-thread-1] INFO cn.edu.tsinghua.iot.benchmark.tsdb.DBWrapper -- DataClientService-thread-1 insert one batch latency (device: d_13, sg: g_0) ,0.37, ms, throughput ,136384.71400125473, points/s
11:49:47.267 [DataClientService-thread-1] INFO cn.edu.tsinghua.iot.benchmark.tsdb.DBWrapper -- DataClientService-thread-1 insert one batch latency (device: d_14, sg: g_0) ,0.28, ms, throughput ,177593.3963671495, points/s
11:49:47.267 [DataClientService-thread-1] INFO cn.edu.tsinghua.iot.benchmark.tsdb.DBWrapper -- DataClientService-thread-1 insert one batch latency (device: d_15, sg: g_0) ,0.25, ms, throughput ,203655.20359410704, points/s
11:49:47.268 [DataClientService-thread-1] INFO cn.edu.tsinghua.iot.benchmark.tsdb.DBWrapper -- DataClientService-thread-1 insert one batch latency (device: d_16, sg: g_0) ,0.23, ms, throughput ,218941.98475288018, points/s
11:49:47.268 [DataClientService-thread-1] INFO cn.edu.tsinghua.iot.benchmark.tsdb.DBWrapper -- DataClientService-thread-1 insert one batch latency (device: d_17, sg: g_0) ,0.22, ms, throughput ,227260.3312546588, points/s
11:49:47.268 [DataClientService-thread-1] INFO cn.edu.tsinghua.iot.benchmark.tsdb.DBWrapper -- DataClientService-thread-1 insert one batch latency (device: d_18, sg: g_0) ,0.21, ms, throughput ,239612.785738247, points/s
11:49:47.270 [DataClientService-thread-1] INFO cn.edu.tsinghua.iot.benchmark.tsdb.DBWrapper -- DataClientService-thread-1 insert one batch latency (device: d_19, sg: g_0) ,1.80, ms, throughput ,27790.669560601724, points/s
11:49:47.270 [DataClientService-thread-1] INFO cn.edu.tsinghua.iot.benchmark.tsdb.DBWrapper -- DataClientService-thread-1 insert one batch latency (device: d_0, sg: g_0) ,0.32, ms, throughput ,156369.72056730933, points/s
11:49:47.271 [DataClientService-thread-1] INFO cn.edu.tsinghua.iot.benchmark.tsdb.DBWrapper -- DataClientService-thread-1 insert one batch latency (device: d_1, sg: g_0) ,0.20, ms, throughput ,254474.9418524758, points/s
11:49:47.271 [DataClientService-thread-1] INFO cn.edu.tsinghua.iot.benchmark.tsdb.DBWrapper -- DataClientService-thread-1 insert one batch latency (device: d_2, sg: g_0) ,0.24, ms, throughput ,212411.63675910822, points/s
11:49:47.272 [DataClientService-thread-1] INFO cn.edu.tsinghua.iot.benchmark.tsdb.DBWrapper -- DataClientService-thread-1 insert one batch latency (device: d_3, sg: g_0) ,0.46, ms, throughput ,108059.74407130215, points/s
11:49:47.272 [DataClientService-thread-1] INFO cn.edu.tsinghua.iot.benchmark.tsdb.DBWrapper -- DataClientService-thread-1 insert one batch latency (device: d_4, sg: g_0) ,0.34, ms, throughput ,145244.97016668314, points/s
11:49:47.272 [DataClientService-thread-1] INFO cn.edu.tsinghua.iot.benchmark.tsdb.DBWrapper -- DataClientService-thread-1 insert one batch latency (device: d_5, sg: g_0) ,0.28, ms, throughput ,179699.04004772805, points/s
11:49:47.273 [DataClientService-thread-1] INFO cn.edu.tsinghua.iot.benchmark.tsdb.DBWrapper -- DataClientService-thread-1 insert one batch latency (device: d_6, sg: g_0) ,0.28, ms, throughput ,177722.8021909667, points/s
11:49:47.273 [DataClientService-thread-1] INFO cn.edu.tsinghua.iot.benchmark.tsdb.DBWrapper -- DataClientService-thread-1 insert one batch latency (device: d_7, sg: g_0) ,0.29, ms, throughput ,172082.68228718537, points/s
11:49:47.273 [DataClientService-thread-1] INFO cn.edu.tsinghua.iot.benchmark.tsdb.DBWrapper -- DataClientService-thread-1 insert one batch latency (device: d_8, sg: g_0) ,0.24, ms, throughput ,208117.4115188825, points/s
11:49:47.274 [DataClientService-thread-1] INFO cn.edu.tsinghua.iot.benchmark.tsdb.DBWrapper -- DataClientService-thread-1 insert one batch latency (device: d_9, sg: g_0) ,0.30, ms, throughput ,167947.54662223897, points/s
11:49:47.274 [DataClientService-thread-1] INFO cn.edu.tsinghua.iot.benchmark.tsdb.DBWrapper -- DataClientService-thread-1 insert one batch latency (device: d_10, sg: g_0) ,0.25, ms, throughput ,198091.97806725616, points/s
11:49:47.274 [DataClientService-thread-1] INFO cn.edu.tsinghua.iot.benchmark.tsdb.DBWrapper -- DataClientService-thread-1 insert one batch latency (device: d_11, sg: g_0) ,0.26, ms, throughput ,194057.19253578415, points/s
11:49:47.274 [DataClientService-thread-1] INFO cn.edu.tsinghua.iot.benchmark.tsdb.DBWrapper -- DataClientService-thread-1 insert one batch latency (device: d_12, sg: g_0) ,0.25, ms, throughput ,201811.45966192544, points/s
11:49:47.275 [DataClientService-thread-1] INFO cn.edu.tsinghua.iot.benchmark.tsdb.DBWrapper -- DataClientService-thread-1 insert one batch latency (device: d_13, sg: g_0) ,0.23, ms, throughput ,220104.3294521603, points/s
11:49:47.275 [DataClientService-thread-1] INFO cn.edu.tsinghua.iot.benchmark.tsdb.DBWrapper -- DataClientService-thread-1 insert one batch latency (device: d_14, sg: g_0) ,0.23, ms, throughput ,218473.22173721166, points/s
11:49:47.275 [DataClientService-thread-1] INFO cn.edu.tsinghua.iot.benchmark.tsdb.DBWrapper -- DataClientService-thread-1 insert one batch latency (device: d_15, sg: g_0) ,0.25, ms, throughput ,197265.1164258717, points/s
11:49:47.276 [DataClientService-thread-1] INFO cn.edu.tsinghua.iot.benchmark.tsdb.DBWrapper -- DataClientService-thread-1 insert one batch latency (device: d_16, sg: g_0) ,0.29, ms, throughput ,171728.65498682842, points/s
11:49:47.276 [DataClientService-thread-1] INFO cn.edu.tsinghua.iot.benchmark.tsdb.DBWrapper -- DataClientService-thread-1 insert one batch latency (device: d_17, sg: g_0) ,0.25, ms, throughput ,196686.23039038284, points/s
11:49:47.276 [DataClientService-thread-1] INFO cn.edu.tsinghua.iot.benchmark.tsdb.DBWrapper -- DataClientService-thread-1 insert one batch latency (device: d_18, sg: g_0) ,0.22, ms, throughput ,222672.51553140796, points/s
11:49:47.277 [DataClientService-thread-1] INFO cn.edu.tsinghua.iot.benchmark.tsdb.DBWrapper -- DataClientService-thread-1 insert one batch latency (device: d_19, sg: g_0) ,0.23, ms, throughput ,217093.97998393505, points/s
11:49:47.277 [DataClientService-thread-1] INFO cn.edu.tsinghua.iot.benchmark.tsdb.DBWrapper -- DataClientService-thread-1 insert one batch latency (device: d_0, sg: g_0) ,0.31, ms, throughput ,162065.09830868864, points/s
11:49:47.277 [DataClientService-thread-1] INFO cn.edu.tsinghua.iot.benchmark.tsdb.DBWrapper -- DataClientService-thread-1 insert one batch latency (device: d_1, sg: g_0) ,0.33, ms, throughput ,153491.94167306216, points/s
11:49:47.278 [DataClientService-thread-1] INFO cn.edu.tsinghua.iot.benchmark.tsdb.DBWrapper -- DataClientService-thread-1 insert one batch latency (device: d_2, sg: g_0) ,0.40, ms, throughput ,126368.25225125042, points/s
11:49:47.278 [DataClientService-thread-1] INFO cn.edu.tsinghua.iot.benchmark.tsdb.DBWrapper -- DataClientService-thread-1 insert one batch latency (device: d_3, sg: g_0) ,0.21, ms, throughput ,241677.82412621385, points/s
11:49:47.278 [DataClientService-thread-1] INFO cn.edu.tsinghua.iot.benchmark.tsdb.DBWrapper -- DataClientService-thread-1 insert one batch latency (device: d_4, sg: g_0) ,0.20, ms, throughput ,244392.41601454624, points/s
11:49:47.278 [DataClientService-thread-1] INFO cn.edu.tsinghua.iot.benchmark.tsdb.DBWrapper -- DataClientService-thread-1 insert one batch latency (device: d_5, sg: g_0) ,0.23, ms, throughput ,219896.20898935702, points/s
11:49:47.279 [DataClientService-thread-1] INFO cn.edu.tsinghua.iot.benchmark.tsdb.DBWrapper -- DataClientService-thread-1 insert one batch latency (device: d_6, sg: g_0) ,0.26, ms, throughput ,194704.80804052975, points/s
11:49:47.279 [DataClientService-thread-1] INFO cn.edu.tsinghua.iot.benchmark.tsdb.DBWrapper -- DataClientService-thread-1 insert one batch latency (device: d_7, sg: g_0) ,0.29, ms, throughput ,170500.07672503454, points/s
11:49:47.279 [DataClientService-thread-1] INFO cn.edu.tsinghua.iot.benchmark.tsdb.DBWrapper -- DataClientService-thread-1 insert one batch latency (device: d_8, sg: g_0) ,0.26, ms, throughput ,193908.93260888956, points/s
11:49:47.280 [DataClientService-thread-1] INFO cn.edu.tsinghua.iot.benchmark.tsdb.DBWrapper -- DataClientService-thread-1 insert one batch latency (device: d_9, sg: g_0) ,0.26, ms, throughput ,189772.04581856276, points/s
11:49:47.280 [DataClientService-thread-1] INFO cn.edu.tsinghua.iot.benchmark.tsdb.DBWrapper -- DataClientService-thread-1 insert one batch latency (device: d_10, sg: g_0) ,0.46, ms, throughput ,107855.78387426604, points/s
11:49:47.281 [DataClientService-thread-1] INFO cn.edu.tsinghua.iot.benchmark.tsdb.DBWrapper -- DataClientService-thread-1 insert one batch latency (device: d_11, sg: g_0) ,0.33, ms, throughput ,153444.83658124905, points/s
11:49:47.281 [DataClientService-thread-1] INFO cn.edu.tsinghua.iot.benchmark.tsdb.DBWrapper -- DataClientService-thread-1 insert one batch latency (device: d_12, sg: g_0) ,0.27, ms, throughput ,183544.16439683718, points/s
11:49:47.281 [DataClientService-thread-1] INFO cn.edu.tsinghua.iot.benchmark.tsdb.DBWrapper -- DataClientService-thread-1 insert one batch latency (device: d_13, sg: g_0) ,0.22, ms, throughput ,223215.2822110813, points/s
11:49:47.282 [DataClientService-thread-1] INFO cn.edu.tsinghua.iot.benchmark.tsdb.DBWrapper -- DataClientService-thread-1 insert one batch latency (device: d_14, sg: g_0) ,0.21, ms, throughput ,239213.8476112105, points/s
11:49:47.282 [DataClientService-thread-1] INFO cn.edu.tsinghua.iot.benchmark.tsdb.DBWrapper -- DataClientService-thread-1 insert one batch latency (device: d_15, sg: g_0) ,0.19, ms, throughput ,265571.802648282, points/s
11:49:47.282 [DataClientService-thread-1] INFO cn.edu.tsinghua.iot.benchmark.tsdb.DBWrapper -- DataClientService-thread-1 insert one batch latency (device: d_16, sg: g_0) ,0.22, ms, throughput ,231377.5758108627, points/s
11:49:47.282 [DataClientService-thread-1] INFO cn.edu.tsinghua.iot.benchmark.tsdb.DBWrapper -- DataClientService-thread-1 insert one batch latency (device: d_17, sg: g_0) ,0.19, ms, throughput ,265997.0633924201, points/s
11:49:47.282 [DataClientService-thread-1] INFO cn.edu.tsinghua.iot.benchmark.tsdb.DBWrapper -- DataClientService-thread-1 insert one batch latency (device: d_18, sg: g_0) ,0.24, ms, throughput ,209263.6847986674, points/s
11:49:47.283 [DataClientService-thread-1] INFO cn.edu.tsinghua.iot.benchmark.tsdb.DBWrapper -- DataClientService-thread-1 insert one batch latency (device: d_19, sg: g_0) ,0.19, ms, throughput ,260599.90097203763, points/s
11:49:47.283 [DataClientService-thread-1] INFO cn.edu.tsinghua.iot.benchmark.tsdb.DBWrapper -- DataClientService-thread-1 insert one batch latency (device: d_0, sg: g_0) ,0.18, ms, throughput ,276151.5519717221, points/s
11:49:47.283 [DataClientService-thread-1] INFO cn.edu.tsinghua.iot.benchmark.tsdb.DBWrapper -- DataClientService-thread-1 insert one batch latency (device: d_1, sg: g_0) ,0.17, ms, throughput ,286268.8293322493, points/s
11:49:47.283 [DataClientService-thread-1] INFO cn.edu.tsinghua.iot.benchmark.tsdb.DBWrapper -- DataClientService-thread-1 insert one batch latency (device: d_2, sg: g_0) ,0.20, ms, throughput ,245840.3807575817, points/s
11:49:47.284 [DataClientService-thread-1] INFO cn.edu.tsinghua.iot.benchmark.tsdb.DBWrapper -- DataClientService-thread-1 insert one batch latency (device: d_3, sg: g_0) ,0.21, ms, throughput ,242618.33709391757, points/s
11:49:47.284 [DataClientService-thread-1] INFO cn.edu.tsinghua.iot.benchmark.tsdb.DBWrapper -- DataClientService-thread-1 insert one batch latency (device: d_4, sg: g_0) ,0.19, ms, throughput ,256736.77292145908, points/s
11:49:47.284 [DataClientService-thread-1] INFO cn.edu.tsinghua.iot.benchmark.tsdb.DBWrapper -- DataClientService-thread-1 insert one batch latency (device: d_5, sg: g_0) ,0.18, ms, throughput ,273935.0773866594, points/s
11:49:47.284 [DataClientService-thread-1] INFO cn.edu.tsinghua.iot.benchmark.tsdb.DBWrapper -- DataClientService-thread-1 insert one batch latency (device: d_6, sg: g_0) ,0.18, ms, throughput ,272273.31884839275, points/s
11:49:47.285 [DataClientService-thread-1] INFO cn.edu.tsinghua.iot.benchmark.tsdb.DBWrapper -- DataClientService-thread-1 insert one batch latency (device: d_7, sg: g_0) ,0.18, ms, throughput ,278501.8826727269, points/s
11:49:47.285 [DataClientService-thread-1] INFO cn.edu.tsinghua.iot.benchmark.tsdb.DBWrapper -- DataClientService-thread-1 insert one batch latency (device: d_8, sg: g_0) ,0.19, ms, throughput ,259971.19519157277, points/s
11:49:47.285 [DataClientService-thread-1] INFO cn.edu.tsinghua.iot.benchmark.tsdb.DBWrapper -- DataClientService-thread-1 insert one batch latency (device: d_9, sg: g_0) ,0.24, ms, throughput ,204727.5690238999, points/s
11:49:47.285 [DataClientService-thread-1] INFO cn.edu.tsinghua.iot.benchmark.tsdb.DBWrapper -- DataClientService-thread-1 insert one batch latency (device: d_10, sg: g_0) ,0.19, ms, throughput ,260915.39557383122, points/s
11:49:47.286 [DataClientService-thread-1] INFO cn.edu.tsinghua.iot.benchmark.tsdb.DBWrapper -- DataClientService-thread-1 insert one batch latency (device: d_11, sg: g_0) ,0.19, ms, throughput ,263593.51770821254, points/s
11:49:47.286 [DataClientService-thread-1] INFO cn.edu.tsinghua.iot.benchmark.tsdb.DBWrapper -- DataClientService-thread-1 insert one batch latency (device: d_12, sg: g_0) ,0.20, ms, throughput ,251306.79533574588, points/s
11:49:47.286 [DataClientService-thread-1] INFO cn.edu.tsinghua.iot.benchmark.tsdb.DBWrapper -- DataClientService-thread-1 insert one batch latency (device: d_13, sg: g_0) ,0.23, ms, throughput ,214089.66931709676, points/s
11:49:47.286 [DataClientService-thread-1] INFO cn.edu.tsinghua.iot.benchmark.tsdb.DBWrapper -- DataClientService-thread-1 insert one batch latency (device: d_14, sg: g_0) ,0.23, ms, throughput ,219958.11997395696, points/s
11:49:47.287 [DataClientService-thread-1] INFO cn.edu.tsinghua.iot.benchmark.tsdb.DBWrapper -- DataClientService-thread-1 insert one batch latency (device: d_15, sg: g_0) ,0.19, ms, throughput ,258155.12024865503, points/s
11:49:47.287 [DataClientService-thread-1] INFO cn.edu.tsinghua.iot.benchmark.tsdb.DBWrapper -- DataClientService-thread-1 insert one batch latency (device: d_16, sg: g_0) ,0.22, ms, throughput ,226557.01307233964, points/s
11:49:47.287 [DataClientService-thread-1] INFO cn.edu.tsinghua.iot.benchmark.tsdb.DBWrapper -- DataClientService-thread-1 insert one batch latency (device: d_17, sg: g_0) ,0.23, ms, throughput ,220472.16318467632, points/s
11:49:47.287 [DataClientService-thread-1] INFO cn.edu.tsinghua.iot.benchmark.tsdb.DBWrapper -- DataClientService-thread-1 insert one batch latency (device: d_18, sg: g_0) ,0.24, ms, throughput ,209102.65685835804, points/s
11:49:47.288 [DataClientService-thread-1] INFO cn.edu.tsinghua.iot.benchmark.tsdb.DBWrapper -- DataClientService-thread-1 insert one batch latency (device: d_19, sg: g_0) ,0.24, ms, throughput ,208345.48682006449, points/s
11:49:47.288 [DataClientService-thread-1] INFO cn.edu.tsinghua.iot.benchmark.tsdb.DBWrapper -- DataClientService-thread-1 insert one batch latency (device: d_0, sg: g_0) ,0.22, ms, throughput ,222624.92597721211, points/s
11:49:47.288 [DataClientService-thread-1] INFO cn.edu.tsinghua.iot.benchmark.tsdb.DBWrapper -- DataClientService-thread-1 insert one batch latency (device: d_1, sg: g_0) ,0.24, ms, throughput ,209723.62620538654, points/s
11:49:47.288 [DataClientService-thread-1] INFO cn.edu.tsinghua.iot.benchmark.tsdb.DBWrapper -- DataClientService-thread-1 insert one batch latency (device: d_2, sg: g_0) ,0.23, ms, throughput ,217823.16244380162, points/s
11:49:47.289 [DataClientService-thread-1] INFO cn.edu.tsinghua.iot.benchmark.tsdb.DBWrapper -- DataClientService-thread-1 insert one batch latency (device: d_3, sg: g_0) ,0.22, ms, throughput ,224371.19971280487, points/s
11:49:47.289 [DataClientService-thread-1] INFO cn.edu.tsinghua.iot.benchmark.tsdb.DBWrapper -- DataClientService-thread-1 insert one batch latency (device: d_4, sg: g_0) ,0.22, ms, throughput ,229031.06119251892, points/s
11:49:47.289 [DataClientService-thread-1] INFO cn.edu.tsinghua.iot.benchmark.tsdb.DBWrapper -- DataClientService-thread-1 insert one batch latency (device: d_5, sg: g_0) ,0.22, ms, throughput ,231464.33597511295, points/s
11:49:47.289 [DataClientService-thread-1] INFO cn.edu.tsinghua.iot.benchmark.tsdb.DBWrapper -- DataClientService-thread-1 insert one batch latency (device: d_6, sg: g_0) ,0.23, ms, throughput ,217336.4977527406, points/s
11:49:47.290 [DataClientService-thread-1] INFO cn.edu.tsinghua.iot.benchmark.tsdb.DBWrapper -- DataClientService-thread-1 insert one batch latency (device: d_7, sg: g_0) ,0.22, ms, throughput ,230491.22289423217, points/s
11:49:47.290 [DataClientService-thread-1] INFO cn.edu.tsinghua.iot.benchmark.tsdb.DBWrapper -- DataClientService-thread-1 insert one batch latency (device: d_8, sg: g_0) ,0.22, ms, throughput ,226753.2561767587, points/s
11:49:47.290 [DataClientService-thread-1] INFO cn.edu.tsinghua.iot.benchmark.tsdb.DBWrapper -- DataClientService-thread-1 insert one batch latency (device: d_9, sg: g_0) ,0.23, ms, throughput ,219103.16691717462, points/s
11:49:47.291 [DataClientService-thread-1] INFO cn.edu.tsinghua.iot.benchmark.tsdb.DBWrapper -- DataClientService-thread-1 insert one batch latency (device: d_10, sg: g_0) ,0.25, ms, throughput ,202057.75618902905, points/s
11:49:47.291 [DataClientService-thread-1] INFO cn.edu.tsinghua.iot.benchmark.tsdb.DBWrapper -- DataClientService-thread-1 insert one batch latency (device: d_11, sg: g_0) ,0.21, ms, throughput ,238258.615431534, points/s
11:49:47.291 [DataClientService-thread-1] INFO cn.edu.tsinghua.iot.benchmark.tsdb.DBWrapper -- DataClientService-thread-1 insert one batch latency (device: d_12, sg: g_0) ,0.20, ms, throughput ,246454.74844363827, points/s
11:49:47.291 [DataClientService-thread-1] INFO cn.edu.tsinghua.iot.benchmark.tsdb.DBWrapper -- DataClientService-thread-1 insert one batch latency (device: d_13, sg: g_0) ,0.22, ms, throughput ,228681.1955452903, points/s
11:49:47.292 [DataClientService-thread-1] INFO cn.edu.tsinghua.iot.benchmark.tsdb.DBWrapper -- DataClientService-thread-1 insert one batch latency (device: d_14, sg: g_0) ,0.26, ms, throughput ,195752.94412427963, points/s
11:49:47.292 [DataClientService-thread-1] INFO cn.edu.tsinghua.iot.benchmark.tsdb.DBWrapper -- DataClientService-thread-1 insert one batch latency (device: d_15, sg: g_0) ,0.19, ms, throughput ,265254.8037644962, points/s
11:49:47.292 [DataClientService-thread-1] INFO cn.edu.tsinghua.iot.benchmark.tsdb.DBWrapper -- DataClientService-thread-1 insert one batch latency (device: d_16, sg: g_0) ,0.19, ms, throughput ,261361.3791517255, points/s
11:49:47.292 [DataClientService-thread-1] INFO cn.edu.tsinghua.iot.benchmark.tsdb.DBWrapper -- DataClientService-thread-1 insert one batch latency (device: d_17, sg: g_0) ,0.25, ms, throughput ,200120.07204322595, points/s
11:49:47.293 [DataClientService-thread-1] INFO cn.edu.tsinghua.iot.benchmark.tsdb.DBWrapper -- DataClientService-thread-1 insert one batch latency (device: d_18, sg: g_0) ,0.21, ms, throughput ,238905.24062535836, points/s
11:49:47.293 [DataClientService-thread-1] INFO cn.edu.tsinghua.iot.benchmark.tsdb.DBWrapper -- DataClientService-thread-1 insert one batch latency (device: d_19, sg: g_0) ,0.20, ms, throughput ,256101.62112326172, points/s
11:49:47.293 [DataClientService-thread-1] INFO cn.edu.tsinghua.iot.benchmark.tsdb.DBWrapper -- DataClientService-thread-1 insert one batch latency (device: d_0, sg: g_0) ,0.22, ms, throughput ,229799.4769763904, points/s
11:49:47.293 [DataClientService-thread-1] INFO cn.edu.tsinghua.iot.benchmark.tsdb.DBWrapper -- DataClientService-thread-1 insert one batch latency (device: d_1, sg: g_0) ,0.27, ms, throughput ,181866.4590964147, points/s
11:49:47.294 [DataClientService-thread-1] INFO cn.edu.tsinghua.iot.benchmark.tsdb.DBWrapper -- DataClientService-thread-1 insert one batch latency (device: d_2, sg: g_0) ,0.26, ms, throughput ,190073.59649656346, points/s
11:49:47.294 [DataClientService-thread-1] INFO cn.edu.tsinghua.iot.benchmark.tsdb.DBWrapper -- DataClientService-thread-1 insert one batch latency (device: d_3, sg: g_0) ,0.25, ms, throughput ,197712.85766255952, points/s
11:49:47.294 [DataClientService-thread-1] INFO cn.edu.tsinghua.iot.benchmark.tsdb.DBWrapper -- DataClientService-thread-1 insert one batch latency (device: d_4, sg: g_0) ,0.29, ms, throughput ,169883.69762060893, points/s
11:49:47.295 [DataClientService-thread-1] INFO cn.edu.tsinghua.iot.benchmark.tsdb.DBWrapper -- DataClientService-thread-1 insert one batch latency (device: d_5, sg: g_0) ,0.31, ms, throughput ,162840.45868900404, points/s
11:49:47.295 [DataClientService-thread-1] INFO cn.edu.tsinghua.iot.benchmark.tsdb.DBWrapper -- DataClientService-thread-1 insert one batch latency (device: d_6, sg: g_0) ,0.28, ms, throughput ,181133.16910592667, points/s
11:49:47.295 [DataClientService-thread-1] INFO cn.edu.tsinghua.iot.benchmark.tsdb.DBWrapper -- DataClientService-thread-1 insert one batch latency (device: d_7, sg: g_0) ,0.28, ms, throughput ,176225.7381215041, points/s
11:49:47.296 [DataClientService-thread-1] INFO cn.edu.tsinghua.iot.benchmark.tsdb.DBWrapper -- DataClientService-thread-1 insert one batch latency (device: d_8, sg: g_0) ,0.29, ms, throughput ,173375.12829759496, points/s
11:49:47.296 [DataClientService-thread-1] INFO cn.edu.tsinghua.iot.benchmark.tsdb.DBWrapper -- DataClientService-thread-1 insert one batch latency (device: d_9, sg: g_0) ,0.23, ms, throughput ,220117.89514463948, points/s
11:49:47.296 [DataClientService-thread-1] INFO cn.edu.tsinghua.iot.benchmark.tsdb.DBWrapper -- DataClientService-thread-1 insert one batch latency (device: d_10, sg: g_0) ,0.22, ms, throughput ,224405.43779256858, points/s
11:49:47.297 [DataClientService-thread-1] INFO cn.edu.tsinghua.iot.benchmark.tsdb.DBWrapper -- DataClientService-thread-1 insert one batch latency (device: d_11, sg: g_0) ,0.29, ms, throughput ,173575.55223061942, points/s
11:49:47.299 [DataClientService-thread-1] INFO cn.edu.tsinghua.iot.benchmark.tsdb.DBWrapper -- DataClientService-thread-1 insert one batch latency (device: d_12, sg: g_0) ,1.95, ms, throughput ,25641.78831985772, points/s
11:49:47.299 [DataClientService-thread-1] INFO cn.edu.tsinghua.iot.benchmark.tsdb.DBWrapper -- DataClientService-thread-1 insert one batch latency (device: d_13, sg: g_0) ,0.29, ms, throughput ,171584.86072456854, points/s
11:49:47.299 [DataClientService-thread-1] INFO cn.edu.tsinghua.iot.benchmark.tsdb.DBWrapper -- DataClientService-thread-1 insert one batch latency (device: d_14, sg: g_0) ,0.20, ms, throughput ,255611.96059486014, points/s
11:49:47.299 [DataClientService-thread-1] INFO cn.edu.tsinghua.iot.benchmark.tsdb.DBWrapper -- DataClientService-thread-1 insert one batch latency (device: d_15, sg: g_0) ,0.21, ms, throughput ,238491.58840167706, points/s
11:49:47.300 [DataClientService-thread-1] INFO cn.edu.tsinghua.iot.benchmark.tsdb.DBWrapper -- DataClientService-thread-1 insert one batch latency (device: d_16, sg: g_0) ,0.20, ms, throughput ,249570.7383300723, points/s
11:49:47.300 [DataClientService-thread-1] INFO cn.edu.tsinghua.iot.benchmark.tsdb.DBWrapper -- DataClientService-thread-1 insert one batch latency (device: d_17, sg: g_0) ,0.18, ms, throughput ,271903.1589709009, points/s
11:49:47.300 [DataClientService-thread-1] INFO cn.edu.tsinghua.iot.benchmark.tsdb.DBWrapper -- DataClientService-thread-1 insert one batch latency (device: d_18, sg: g_0) ,0.18, ms, throughput ,285556.0060994763, points/s
11:49:47.300 [DataClientService-thread-1] INFO cn.edu.tsinghua.iot.benchmark.tsdb.DBWrapper -- DataClientService-thread-1 insert one batch latency (device: d_19, sg: g_0) ,0.18, ms, throughput ,285199.2972689315, points/s
11:49:47.300 [DataClientService-thread-1] INFO cn.edu.tsinghua.iot.benchmark.tsdb.DBWrapper -- DataClientService-thread-1 insert one batch latency (device: d_0, sg: g_0) ,0.19, ms, throughput ,265984.32820338226, points/s
11:49:47.301 [DataClientService-thread-1] INFO cn.edu.tsinghua.iot.benchmark.tsdb.DBWrapper -- DataClientService-thread-1 insert one batch latency (device: d_1, sg: g_0) ,0.17, ms, throughput ,292757.1871889455, points/s
11:49:47.301 [DataClientService-thread-1] INFO cn.edu.tsinghua.iot.benchmark.tsdb.DBWrapper -- DataClientService-thread-1 insert one batch latency (device: d_2, sg: g_0) ,0.46, ms, throughput ,108362.08540666124, points/s
11:49:47.301 [DataClientService-thread-1] INFO cn.edu.tsinghua.iot.benchmark.tsdb.DBWrapper -- DataClientService-thread-1 insert one batch latency (device: d_3, sg: g_0) ,0.17, ms, throughput ,290053.4858627931, points/s
11:49:47.302 [DataClientService-thread-1] INFO cn.edu.tsinghua.iot.benchmark.tsdb.DBWrapper -- DataClientService-thread-1 insert one batch latency (device: d_4, sg: g_0) ,0.17, ms, throughput ,296254.1623709813, points/s
11:49:47.302 [DataClientService-thread-1] INFO cn.edu.tsinghua.iot.benchmark.tsdb.DBWrapper -- DataClientService-thread-1 insert one batch latency (device: d_5, sg: g_0) ,0.17, ms, throughput ,297916.96458363126, points/s
11:49:47.302 [DataClientService-thread-1] INFO cn.edu.tsinghua.iot.benchmark.tsdb.DBWrapper -- DataClientService-thread-1 insert one batch latency (device: d_6, sg: g_0) ,0.20, ms, throughput ,255832.99222267704, points/s
11:49:47.302 [DataClientService-thread-1] INFO cn.edu.tsinghua.iot.benchmark.tsdb.DBWrapper -- DataClientService-thread-1 insert one batch latency (device: d_7, sg: g_0) ,0.16, ms, throughput ,307063.06461221003, points/s
11:49:47.302 [DataClientService-thread-1] INFO cn.edu.tsinghua.iot.benchmark.tsdb.DBWrapper -- DataClientService-thread-1 insert one batch latency (device: d_8, sg: g_0) ,0.16, ms, throughput ,312408.2300824133, points/s
11:49:47.302 [DataClientService-thread-1] INFO cn.edu.tsinghua.iot.benchmark.tsdb.DBWrapper -- DataClientService-thread-1 insert one batch latency (device: d_9, sg: g_0) ,0.17, ms, throughput ,286098.4750951277, points/s
11:49:47.303 [DataClientService-thread-1] INFO cn.edu.tsinghua.iot.benchmark.tsdb.DBWrapper -- DataClientService-thread-1 insert one batch latency (device: d_10, sg: g_0) ,0.20, ms, throughput ,250497.23701547572, points/s
11:49:47.303 [DataClientService-thread-1] INFO cn.edu.tsinghua.iot.benchmark.tsdb.DBWrapper -- DataClientService-thread-1 insert one batch latency (device: d_11, sg: g_0) ,0.17, ms, throughput ,294538.6640904352, points/s
11:49:47.303 [DataClientService-thread-1] INFO cn.edu.tsinghua.iot.benchmark.tsdb.DBWrapper -- DataClientService-thread-1 insert one batch latency (device: d_12, sg: g_0) ,0.17, ms, throughput ,291431.33586295735, points/s
11:49:47.303 [DataClientService-thread-1] INFO cn.edu.tsinghua.iot.benchmark.tsdb.DBWrapper -- DataClientService-thread-1 insert one batch latency (device: d_13, sg: g_0) ,0.19, ms, throughput ,261574.67957101754, points/s
11:49:47.303 [DataClientService-thread-1] INFO cn.edu.tsinghua.iot.benchmark.tsdb.DBWrapper -- DataClientService-thread-1 insert one batch latency (device: d_14, sg: g_0) ,0.20, ms, throughput ,253896.03465173082, points/s
11:49:47.304 [DataClientService-thread-1] INFO cn.edu.tsinghua.iot.benchmark.tsdb.DBWrapper -- DataClientService-thread-1 insert one batch latency (device: d_15, sg: g_0) ,0.18, ms, throughput ,284218.48443335365, points/s
11:49:47.304 [DataClientService-thread-1] INFO cn.edu.tsinghua.iot.benchmark.tsdb.DBWrapper -- DataClientService-thread-1 insert one batch latency (device: d_16, sg: g_0) ,0.17, ms, throughput ,286703.82348218997, points/s
11:49:47.304 [DataClientService-thread-1] INFO cn.edu.tsinghua.iot.benchmark.tsdb.DBWrapper -- DataClientService-thread-1 insert one batch latency (device: d_17, sg: g_0) ,0.19, ms, throughput ,268893.8245844246, points/s
11:49:47.304 [DataClientService-thread-1] INFO cn.edu.tsinghua.iot.benchmark.tsdb.DBWrapper -- DataClientService-thread-1 insert one batch latency (device: d_18, sg: g_0) ,0.22, ms, throughput ,227681.51909109537, points/s
11:49:47.305 [DataClientService-thread-1] INFO cn.edu.tsinghua.iot.benchmark.tsdb.DBWrapper -- DataClientService-thread-1 insert one batch latency (device: d_19, sg: g_0) ,0.20, ms, throughput ,255659.01223584032, points/s
11:49:47.305 [DataClientService-thread-1] INFO cn.edu.tsinghua.iot.benchmark.tsdb.DBWrapper -- DataClientService-thread-1 insert one batch latency (device: d_0, sg: g_0) ,0.21, ms, throughput ,240263.32860815452, points/s
11:49:47.305 [DataClientService-thread-1] INFO cn.edu.tsinghua.iot.benchmark.tsdb.DBWrapper -- DataClientService-thread-1 insert one batch latency (device: d_1, sg: g_0) ,0.18, ms, throughput ,272858.7410297689, points/s
11:49:47.305 [DataClientService-thread-1] INFO cn.edu.tsinghua.iot.benchmark.tsdb.DBWrapper -- DataClientService-thread-1 insert one batch latency (device: d_2, sg: g_0) ,0.18, ms, throughput ,282112.912872248, points/s
11:49:47.305 [DataClientService-thread-1] INFO cn.edu.tsinghua.iot.benchmark.tsdb.DBWrapper -- DataClientService-thread-1 insert one batch latency (device: d_3, sg: g_0) ,0.22, ms, throughput ,225261.75415833198, points/s
11:49:47.306 [DataClientService-thread-1] INFO cn.edu.tsinghua.iot.benchmark.tsdb.DBWrapper -- DataClientService-thread-1 insert one batch latency (device: d_4, sg: g_0) ,0.20, ms, throughput ,255042.18397722984, points/s
11:49:47.306 [DataClientService-thread-1] INFO cn.edu.tsinghua.iot.benchmark.tsdb.DBWrapper -- DataClientService-thread-1 insert one batch latency (device: d_5, sg: g_0) ,0.19, ms, throughput ,258892.97364469527, points/s
11:49:47.306 [DataClientService-thread-1] INFO cn.edu.tsinghua.iot.benchmark.tsdb.DBWrapper -- DataClientService-thread-1 insert one batch latency (device: d_6, sg: g_0) ,0.21, ms, throughput ,237183.77473233812, points/s
11:49:47.306 [DataClientService-thread-1] INFO cn.edu.tsinghua.iot.benchmark.tsdb.DBWrapper -- DataClientService-thread-1 insert one batch latency (device: d_7, sg: g_0) ,0.19, ms, throughput ,257794.41411063506, points/s
11:49:47.306 [DataClientService-thread-1] INFO cn.edu.tsinghua.iot.benchmark.tsdb.DBWrapper -- DataClientService-thread-1 insert one batch latency (device: d_8, sg: g_0) ,0.20, ms, throughput ,249406.41273768432, points/s
11:49:47.307 [DataClientService-thread-1] INFO cn.edu.tsinghua.iot.benchmark.tsdb.DBWrapper -- DataClientService-thread-1 insert one batch latency (device: d_9, sg: g_0) ,0.18, ms, throughput ,274041.67625812534, points/s
11:49:47.307 [DataClientService-thread-1] INFO cn.edu.tsinghua.iot.benchmark.tsdb.DBWrapper -- DataClientService-thread-1 insert one batch latency (device: d_10, sg: g_0) ,0.19, ms, throughput ,257721.33107913073, points/s
11:49:47.307 [DataClientService-thread-1] INFO cn.edu.tsinghua.iot.benchmark.tsdb.DBWrapper -- DataClientService-thread-1 insert one batch latency (device: d_11, sg: g_0) ,0.40, ms, throughput ,124920.36326841637, points/s
11:49:47.308 [DataClientService-thread-1] INFO cn.edu.tsinghua.iot.benchmark.tsdb.DBWrapper -- DataClientService-thread-1 insert one batch latency (device: d_12, sg: g_0) ,0.31, ms, throughput ,161787.16574771557, points/s
11:49:47.308 [DataClientService-thread-1] INFO cn.edu.tsinghua.iot.benchmark.tsdb.DBWrapper -- DataClientService-thread-1 insert one batch latency (device: d_13, sg: g_0) ,0.21, ms, throughput ,241046.3339263073, points/s
11:49:47.308 [DataClientService-thread-1] INFO cn.edu.tsinghua.iot.benchmark.tsdb.DBWrapper -- DataClientService-thread-1 insert one batch latency (device: d_14, sg: g_0) ,0.20, ms, throughput ,246084.79097557854, points/s
11:49:47.309 [DataClientService-thread-1] INFO cn.edu.tsinghua.iot.benchmark.tsdb.DBWrapper -- DataClientService-thread-1 insert one batch latency (device: d_15, sg: g_0) ,0.23, ms, throughput ,219349.23469052016, points/s
11:49:47.309 [DataClientService-thread-1] INFO cn.edu.tsinghua.iot.benchmark.tsdb.DBWrapper -- DataClientService-thread-1 insert one batch latency (device: d_16, sg: g_0) ,0.22, ms, throughput ,228684.3332936947, points/s
11:49:47.309 [DataClientService-thread-1] INFO cn.edu.tsinghua.iot.benchmark.tsdb.DBWrapper -- DataClientService-thread-1 insert one batch latency (device: d_17, sg: g_0) ,0.20, ms, throughput ,249012.66478413093, points/s
11:49:47.309 [DataClientService-thread-1] INFO cn.edu.tsinghua.iot.benchmark.tsdb.DBWrapper -- DataClientService-thread-1 insert one batch latency (device: d_18, sg: g_0) ,0.18, ms, throughput ,270907.2684420123, points/s
11:49:47.310 [DataClientService-thread-1] INFO cn.edu.tsinghua.iot.benchmark.tsdb.DBWrapper -- DataClientService-thread-1 insert one batch latency (device: d_19, sg: g_0) ,0.26, ms, throughput ,190337.6971422698, points/s
11:49:47.310 [DataClientService-thread-1] INFO cn.edu.tsinghua.iot.benchmark.tsdb.DBWrapper -- DataClientService-thread-1 insert one batch latency (device: d_0, sg: g_0) ,0.24, ms, throughput ,212637.47012443547, points/s
11:49:47.310 [DataClientService-thread-1] INFO cn.edu.tsinghua.iot.benchmark.tsdb.DBWrapper -- DataClientService-thread-1 insert one batch latency (device: d_1, sg: g_0) ,0.24, ms, throughput ,207561.8949570762, points/s
11:49:47.311 [DataClientService-thread-1] INFO cn.edu.tsinghua.iot.benchmark.tsdb.DBWrapper -- DataClientService-thread-1 insert one batch latency (device: d_2, sg: g_0) ,0.21, ms, throughput ,243815.61687789226, points/s
11:49:47.311 [DataClientService-thread-1] INFO cn.edu.tsinghua.iot.benchmark.tsdb.DBWrapper -- DataClientService-thread-1 insert one batch latency (device: d_3, sg: g_0) ,0.20, ms, throughput ,256356.35584313044, points/s
11:49:47.311 [DataClientService-thread-1] INFO cn.edu.tsinghua.iot.benchmark.tsdb.DBWrapper -- DataClientService-thread-1 insert one batch latency (device: d_4, sg: g_0) ,0.25, ms, throughput ,199498.85886652727, points/s
11:49:47.311 [DataClientService-thread-1] INFO cn.edu.tsinghua.iot.benchmark.tsdb.DBWrapper -- DataClientService-thread-1 insert one batch latency (device: d_5, sg: g_0) ,0.21, ms, throughput ,240647.24482969393, points/s
11:49:47.312 [DataClientService-thread-1] INFO cn.edu.tsinghua.iot.benchmark.tsdb.DBWrapper -- DataClientService-thread-1 insert one batch latency (device: d_6, sg: g_0) ,0.21, ms, throughput ,242839.86653520935, points/s
11:49:47.312 [DataClientService-thread-1] INFO cn.edu.tsinghua.iot.benchmark.tsdb.DBWrapper -- DataClientService-thread-1 insert one batch latency (device: d_7, sg: g_0) ,0.22, ms, throughput ,232549.48653073373, points/s
11:49:47.312 [DataClientService-thread-1] INFO cn.edu.tsinghua.iot.benchmark.tsdb.DBWrapper -- DataClientService-thread-1 insert one batch latency (device: d_8, sg: g_0) ,0.19, ms, throughput ,269906.9900512284, points/s
11:49:47.312 [DataClientService-thread-1] INFO cn.edu.tsinghua.iot.benchmark.tsdb.DBWrapper -- DataClientService-thread-1 insert one batch latency (device: d_9, sg: g_0) ,0.19, ms, throughput ,263732.55409154686, points/s
11:49:47.313 [DataClientService-thread-1] INFO cn.edu.tsinghua.iot.benchmark.tsdb.DBWrapper -- DataClientService-thread-1 insert one batch latency (device: d_10, sg: g_0) ,0.20, ms, throughput ,255690.3896210157, points/s
11:49:47.313 [DataClientService-thread-1] INFO cn.edu.tsinghua.iot.benchmark.tsdb.DBWrapper -- DataClientService-thread-1 insert one batch latency (device: d_11, sg: g_0) ,0.20, ms, throughput ,252011.04816435152, points/s
11:49:47.313 [DataClientService-thread-1] INFO cn.edu.tsinghua.iot.benchmark.tsdb.DBWrapper -- DataClientService-thread-1 insert one batch latency (device: d_12, sg: g_0) ,0.20, ms, throughput ,248273.25948031442, points/s
11:49:47.313 [DataClientService-thread-1] INFO cn.edu.tsinghua.iot.benchmark.tsdb.DBWrapper -- DataClientService-thread-1 insert one batch latency (device: d_13, sg: g_0) ,0.19, ms, throughput ,267569.9829290351, points/s
11:49:47.313 [DataClientService-thread-1] INFO cn.edu.tsinghua.iot.benchmark.tsdb.DBWrapper -- DataClientService-thread-1 insert one batch latency (device: d_14, sg: g_0) ,0.21, ms, throughput ,240969.6619195643, points/s
11:49:47.314 [DataClientService-thread-1] INFO cn.edu.tsinghua.iot.benchmark.tsdb.DBWrapper -- DataClientService-thread-1 insert one batch latency (device: d_15, sg: g_0) ,0.20, ms, throughput ,249214.97283556795, points/s
11:49:47.314 [DataClientService-thread-1] INFO cn.edu.tsinghua.iot.benchmark.tsdb.DBWrapper -- DataClientService-thread-1 insert one batch latency (device: d_16, sg: g_0) ,0.22, ms, throughput ,224942.5271843044, points/s
11:49:47.314 [DataClientService-thread-1] INFO cn.edu.tsinghua.iot.benchmark.tsdb.DBWrapper -- DataClientService-thread-1 insert one batch latency (device: d_17, sg: g_0) ,0.26, ms, throughput ,194406.53517008628, points/s
11:49:47.315 [DataClientService-thread-1] INFO cn.edu.tsinghua.iot.benchmark.tsdb.DBWrapper -- DataClientService-thread-1 insert one batch latency (device: d_18, sg: g_0) ,0.24, ms, throughput ,210861.91918084363, points/s
11:49:47.315 [DataClientService-thread-1] INFO cn.edu.tsinghua.iot.benchmark.tsdb.DBWrapper -- DataClientService-thread-1 insert one batch latency (device: d_19, sg: g_0) ,0.22, ms, throughput ,225997.89369963072, points/s
11:49:47.315 [DataClientService-thread-1] INFO cn.edu.tsinghua.iot.benchmark.tsdb.DBWrapper -- DataClientService-thread-1 insert one batch latency (device: d_0, sg: g_0) ,0.22, ms, throughput ,231131.57395979235, points/s
11:49:47.315 [DataClientService-thread-1] INFO cn.edu.tsinghua.iot.benchmark.tsdb.DBWrapper -- DataClientService-thread-1 insert one batch latency (device: d_1, sg: g_0) ,0.25, ms, throughput ,202136.17509844032, points/s
11:49:47.316 [DataClientService-thread-1] INFO cn.edu.tsinghua.iot.benchmark.tsdb.DBWrapper -- DataClientService-thread-1 insert one batch latency (device: d_2, sg: g_0) ,0.23, ms, throughput ,218221.4948172395, points/s
11:49:47.316 [DataClientService-thread-1] INFO cn.edu.tsinghua.iot.benchmark.tsdb.DBWrapper -- DataClientService-thread-1 insert one batch latency (device: d_3, sg: g_0) ,0.22, ms, throughput ,223645.60223287772, points/s
11:49:47.316 [DataClientService-thread-1] INFO cn.edu.tsinghua.iot.benchmark.tsdb.DBWrapper -- DataClientService-thread-1 insert one batch latency (device: d_4, sg: g_0) ,0.23, ms, throughput ,221752.1077537842, points/s
11:49:47.317 [DataClientService-thread-1] INFO cn.edu.tsinghua.iot.benchmark.tsdb.DBWrapper -- DataClientService-thread-1 insert one batch latency (device: d_5, sg: g_0) ,0.22, ms, throughput ,228137.57608388163, points/s
11:49:47.317 [DataClientService-thread-1] INFO cn.edu.tsinghua.iot.benchmark.tsdb.DBWrapper -- DataClientService-thread-1 insert one batch latency (device: d_6, sg: g_0) ,0.21, ms, throughput ,240040.7109045694, points/s
11:49:47.317 [DataClientService-thread-1] INFO cn.edu.tsinghua.iot.benchmark.tsdb.DBWrapper -- DataClientService-thread-1 insert one batch latency (device: d_7, sg: g_0) ,0.23, ms, throughput ,214402.7169112287, points/s
11:49:47.317 [DataClientService-thread-1] INFO cn.edu.tsinghua.iot.benchmark.tsdb.DBWrapper -- DataClientService-thread-1 insert one batch latency (device: d_8, sg: g_0) ,0.19, ms, throughput ,269569.389856643, points/s
11:49:47.318 [DataClientService-thread-1] INFO cn.edu.tsinghua.iot.benchmark.tsdb.DBWrapper -- DataClientService-thread-1 insert one batch latency (device: d_9, sg: g_0) ,0.20, ms, throughput ,248184.53016186596, points/s
11:49:47.318 [DataClientService-thread-1] INFO cn.edu.tsinghua.iot.benchmark.tsdb.DBWrapper -- DataClientService-thread-1 insert one batch latency (device: d_10, sg: g_0) ,0.18, ms, throughput ,273280.79054667085, points/s
11:49:47.318 [DataClientService-thread-1] INFO cn.edu.tsinghua.iot.benchmark.tsdb.DBWrapper -- DataClientService-thread-1 insert one batch latency (device: d_11, sg: g_0) ,0.25, ms, throughput ,203443.07052557485, points/s
11:49:47.318 [DataClientService-thread-1] INFO cn.edu.tsinghua.iot.benchmark.tsdb.DBWrapper -- DataClientService-thread-1 insert one batch latency (device: d_12, sg: g_0) ,0.23, ms, throughput ,216928.209778256, points/s
11:49:47.319 [DataClientService-thread-1] INFO cn.edu.tsinghua.iot.benchmark.tsdb.DBWrapper -- DataClientService-thread-1 insert one batch latency (device: d_13, sg: g_0) ,0.19, ms, throughput ,257658.91113344155, points/s
11:49:47.319 [DataClientService-thread-1] INFO cn.edu.tsinghua.iot.benchmark.tsdb.DBWrapper -- DataClientService-thread-1 insert one batch latency (device: d_14, sg: g_0) ,0.20, ms, throughput ,251714.17352168265, points/s
11:49:47.319 [DataClientService-thread-1] INFO cn.edu.tsinghua.iot.benchmark.tsdb.DBWrapper -- DataClientService-thread-1 insert one batch latency (device: d_15, sg: g_0) ,0.19, ms, throughput ,261743.10437791515, points/s
11:49:47.319 [DataClientService-thread-1] INFO cn.edu.tsinghua.iot.benchmark.tsdb.DBWrapper -- DataClientService-thread-1 insert one batch latency (device: d_16, sg: g_0) ,0.19, ms, throughput ,258685.36099542124, points/s
11:49:47.320 [DataClientService-thread-1] INFO cn.edu.tsinghua.iot.benchmark.tsdb.DBWrapper -- DataClientService-thread-1 insert one batch latency (device: d_17, sg: g_0) ,0.21, ms, throughput ,237439.45293950045, points/s
11:49:47.320 [DataClientService-thread-1] INFO cn.edu.tsinghua.iot.benchmark.tsdb.DBWrapper -- DataClientService-thread-1 insert one batch latency (device: d_18, sg: g_0) ,0.18, ms, throughput ,271029.1518955779, points/s
11:49:47.320 [DataClientService-thread-1] INFO cn.edu.tsinghua.iot.benchmark.tsdb.DBWrapper -- DataClientService-thread-1 insert one batch latency (device: d_19, sg: g_0) ,0.21, ms, throughput ,233231.79975650602, points/s
11:49:47.320 [DataClientService-thread-1] INFO cn.edu.tsinghua.iot.benchmark.tsdb.DBWrapper -- DataClientService-thread-1 insert one batch latency (device: d_0, sg: g_0) ,0.22, ms, throughput ,224329.92650951608, points/s
11:49:47.321 [DataClientService-thread-1] INFO cn.edu.tsinghua.iot.benchmark.tsdb.DBWrapper -- DataClientService-thread-1 insert one batch latency (device: d_1, sg: g_0) ,0.21, ms, throughput ,238012.50041652186, points/s
11:49:47.321 [DataClientService-thread-1] INFO cn.edu.tsinghua.iot.benchmark.tsdb.DBWrapper -- DataClientService-thread-1 insert one batch latency (device: d_2, sg: g_0) ,0.23, ms, throughput ,220848.05653710247, points/s
11:49:47.321 [DataClientService-thread-1] INFO cn.edu.tsinghua.iot.benchmark.tsdb.DBWrapper -- DataClientService-thread-1 insert one batch latency (device: d_3, sg: g_0) ,0.21, ms, throughput ,239511.77918930052, points/s
11:49:47.323 [DataClientService-thread-1] INFO cn.edu.tsinghua.iot.benchmark.tsdb.DBWrapper -- DataClientService-thread-1 insert one batch latency (device: d_4, sg: g_0) ,1.88, ms, throughput ,26652.523061095577, points/s
11:49:47.323 [DataClientService-thread-1] INFO cn.edu.tsinghua.iot.benchmark.tsdb.DBWrapper -- DataClientService-thread-1 insert one batch latency (device: d_5, sg: g_0) ,0.26, ms, throughput ,195134.89675412612, points/s
11:49:47.324 [DataClientService-thread-1] INFO cn.edu.tsinghua.iot.benchmark.tsdb.DBWrapper -- DataClientService-thread-1 insert one batch latency (device: d_6, sg: g_0) ,0.23, ms, throughput ,218269.12583215104, points/s
11:49:47.324 [DataClientService-thread-1] INFO cn.edu.tsinghua.iot.benchmark.tsdb.DBWrapper -- DataClientService-thread-1 insert one batch latency (device: d_7, sg: g_0) ,0.22, ms, throughput ,229394.62757782213, points/s
11:49:47.324 [DataClientService-thread-1] INFO cn.edu.tsinghua.iot.benchmark.tsdb.DBWrapper -- DataClientService-thread-1 insert one batch latency (device: d_8, sg: g_0) ,0.20, ms, throughput ,252541.83355472834, points/s
11:49:47.324 [DataClientService-thread-1] INFO cn.edu.tsinghua.iot.benchmark.tsdb.DBWrapper -- DataClientService-thread-1 insert one batch latency (device: d_9, sg: g_0) ,0.21, ms, throughput ,236203.36164624293, points/s
11:49:47.325 [DataClientService-thread-1] INFO cn.edu.tsinghua.iot.benchmark.tsdb.DBWrapper -- DataClientService-thread-1 insert one batch latency (device: d_10, sg: g_0) ,0.20, ms, throughput ,247013.60550939146, points/s
11:49:47.325 [DataClientService-thread-1] INFO cn.edu.tsinghua.iot.benchmark.tsdb.DBWrapper -- DataClientService-thread-1 insert one batch latency (device: d_11, sg: g_0) ,0.24, ms, throughput ,207705.02563080017, points/s
11:49:47.325 [DataClientService-thread-1] INFO cn.edu.tsinghua.iot.benchmark.tsdb.DBWrapper -- DataClientService-thread-1 insert one batch latency (device: d_12, sg: g_0) ,0.22, ms, throughput ,231080.30040439052, points/s
11:49:47.325 [DataClientService-thread-1] INFO cn.edu.tsinghua.iot.benchmark.tsdb.DBWrapper -- DataClientService-thread-1 insert one batch latency (device: d_13, sg: g_0) ,0.20, ms, throughput ,254048.25900728104, points/s
11:49:47.326 [DataClientService-thread-1] INFO cn.edu.tsinghua.iot.benchmark.tsdb.DBWrapper -- DataClientService-thread-1 insert one batch latency (device: d_14, sg: g_0) ,0.25, ms, throughput ,203159.53712131063, points/s
11:49:47.326 [DataClientService-thread-1] INFO cn.edu.tsinghua.iot.benchmark.tsdb.DBWrapper -- DataClientService-thread-1 insert one batch latency (device: d_15, sg: g_0) ,0.22, ms, throughput ,225167.41197080028, points/s
11:49:47.326 [DataClientService-thread-1] INFO cn.edu.tsinghua.iot.benchmark.tsdb.DBWrapper -- DataClientService-thread-1 insert one batch latency (device: d_16, sg: g_0) ,0.22, ms, throughput ,232490.0145538749, points/s
11:49:47.326 [DataClientService-thread-1] INFO cn.edu.tsinghua.iot.benchmark.tsdb.DBWrapper -- DataClientService-thread-1 insert one batch latency (device: d_17, sg: g_0) ,0.23, ms, throughput ,215974.3249722473, points/s
11:49:47.327 [DataClientService-thread-1] INFO cn.edu.tsinghua.iot.benchmark.tsdb.DBWrapper -- DataClientService-thread-1 insert one batch latency (device: d_18, sg: g_0) ,0.21, ms, throughput ,240373.05898754866, points/s
11:49:47.327 [DataClientService-thread-1] INFO cn.edu.tsinghua.iot.benchmark.tsdb.DBWrapper -- DataClientService-thread-1 insert one batch latency (device: d_19, sg: g_0) ,0.23, ms, throughput ,217501.00050460233, points/s
11:49:47.327 [DataClientService-thread-1] INFO cn.edu.tsinghua.iot.benchmark.tsdb.DBWrapper -- DataClientService-thread-1 insert one batch latency (device: d_0, sg: g_0) ,0.20, ms, throughput ,252577.55393793664, points/s
11:49:47.327 [DataClientService-thread-1] INFO cn.edu.tsinghua.iot.benchmark.tsdb.DBWrapper -- DataClientService-thread-1 insert one batch latency (device: d_1, sg: g_0) ,0.21, ms, throughput ,233455.0412281603, points/s
11:49:47.328 [DataClientService-thread-1] INFO cn.edu.tsinghua.iot.benchmark.tsdb.DBWrapper -- DataClientService-thread-1 insert one batch latency (device: d_2, sg: g_0) ,0.21, ms, throughput ,242058.07457325162, points/s
11:49:47.328 [DataClientService-thread-1] INFO cn.edu.tsinghua.iot.benchmark.tsdb.DBWrapper -- DataClientService-thread-1 insert one batch latency (device: d_3, sg: g_0) ,0.19, ms, throughput ,257836.95422362714, points/s
11:49:47.328 [DataClientService-thread-1] INFO cn.edu.tsinghua.iot.benchmark.tsdb.DBWrapper -- DataClientService-thread-1 insert one batch latency (device: d_4, sg: g_0) ,0.20, ms, throughput ,245295.23734767167, points/s
11:49:47.328 [DataClientService-thread-1] INFO cn.edu.tsinghua.iot.benchmark.tsdb.DBWrapper -- DataClientService-thread-1 insert one batch latency (device: d_5, sg: g_0) ,0.20, ms, throughput ,251466.04705432671, points/s
11:49:47.329 [DataClientService-thread-1] INFO cn.edu.tsinghua.iot.benchmark.tsdb.DBWrapper -- DataClientService-thread-1 insert one batch latency (device: d_6, sg: g_0) ,0.19, ms, throughput ,259169.4138624536, points/s
11:49:47.329 [DataClientService-thread-1] INFO cn.edu.tsinghua.iot.benchmark.tsdb.DBWrapper -- DataClientService-thread-1 insert one batch latency (device: d_7, sg: g_0) ,0.19, ms, throughput ,260254.00791172183, points/s
11:49:47.329 [DataClientService-thread-1] INFO cn.edu.tsinghua.iot.benchmark.tsdb.DBWrapper -- DataClientService-thread-1 insert one batch latency (device: d_8, sg: g_0) ,0.18, ms, throughput ,279997.536021683, points/s
11:49:47.329 [DataClientService-thread-1] INFO cn.edu.tsinghua.iot.benchmark.tsdb.DBWrapper -- DataClientService-thread-1 insert one batch latency (device: d_9, sg: g_0) ,0.19, ms, throughput ,260627.06872735804, points/s
11:49:47.330 [DataClientService-thread-1] INFO cn.edu.tsinghua.iot.benchmark.tsdb.DBWrapper -- DataClientService-thread-1 insert one batch latency (device: d_10, sg: g_0) ,0.19, ms, throughput ,261287.6254180602, points/s
11:49:47.330 [DataClientService-thread-1] INFO cn.edu.tsinghua.iot.benchmark.tsdb.DBWrapper -- DataClientService-thread-1 insert one batch latency (device: d_11, sg: g_0) ,0.18, ms, throughput ,270801.6269761749, points/s
11:49:47.330 [DataClientService-thread-1] INFO cn.edu.tsinghua.iot.benchmark.tsdb.DBWrapper -- DataClientService-thread-1 insert one batch latency (device: d_12, sg: g_0) ,0.24, ms, throughput ,209147.2647720713, points/s
11:49:47.330 [DataClientService-thread-1] INFO cn.edu.tsinghua.iot.benchmark.tsdb.DBWrapper -- DataClientService-thread-1 insert one batch latency (device: d_13, sg: g_0) ,0.20, ms, throughput ,250878.0732563974, points/s
11:49:47.330 [DataClientService-thread-1] INFO cn.edu.tsinghua.iot.benchmark.tsdb.DBWrapper -- DataClientService-thread-1 insert one batch latency (device: d_14, sg: g_0) ,0.21, ms, throughput ,241599.58251592141, points/s
11:49:47.331 [DataClientService-thread-1] INFO cn.edu.tsinghua.iot.benchmark.tsdb.DBWrapper -- DataClientService-thread-1 insert one batch latency (device: d_15, sg: g_0) ,0.21, ms, throughput ,239590.97029551148, points/s
11:49:47.331 [DataClientService-thread-1] INFO cn.edu.tsinghua.iot.benchmark.tsdb.DBWrapper -- DataClientService-thread-1 insert one batch latency (device: d_16, sg: g_0) ,0.20, ms, throughput ,250122.56005442666, points/s
11:49:47.331 [DataClientService-thread-1] INFO cn.edu.tsinghua.iot.benchmark.tsdb.DBWrapper -- DataClientService-thread-1 insert one batch latency (device: d_17, sg: g_0) ,0.23, ms, throughput ,221950.9488403063, points/s
11:49:47.332 [DataClientService-thread-1] INFO cn.edu.tsinghua.iot.benchmark.tsdb.DBWrapper -- DataClientService-thread-1 insert one batch latency (device: d_18, sg: g_0) ,0.25, ms, throughput ,201151.39055956292, points/s
11:49:47.332 [DataClientService-thread-1] INFO cn.edu.tsinghua.iot.benchmark.tsdb.DBWrapper -- DataClientService-thread-1 insert one batch latency (device: d_19, sg: g_0) ,0.24, ms, throughput ,207074.49297810392, points/s
11:49:47.332 [DataClientService-thread-1] INFO cn.edu.tsinghua.iot.benchmark.tsdb.DBWrapper -- DataClientService-thread-1 insert one batch latency (device: d_0, sg: g_0) ,0.20, ms, throughput ,251327.00659482065, points/s
11:49:47.332 [DataClientService-thread-1] INFO cn.edu.tsinghua.iot.benchmark.tsdb.DBWrapper -- DataClientService-thread-1 insert one batch latency (device: d_1, sg: g_0) ,0.18, ms, throughput ,277763.8895832986, points/s
11:49:47.333 [DataClientService-thread-1] INFO cn.edu.tsinghua.iot.benchmark.tsdb.DBWrapper -- DataClientService-thread-1 insert one batch latency (device: d_2, sg: g_0) ,0.22, ms, throughput ,227949.3223066648, points/s
11:49:47.333 [DataClientService-thread-1] INFO cn.edu.tsinghua.iot.benchmark.tsdb.DBWrapper -- DataClientService-thread-1 insert one batch latency (device: d_3, sg: g_0) ,0.20, ms, throughput ,244947.9485609308, points/s
11:49:47.333 [DataClientService-thread-1] INFO cn.edu.tsinghua.iot.benchmark.tsdb.DBWrapper -- DataClientService-thread-1 insert one batch latency (device: d_4, sg: g_0) ,0.21, ms, throughput ,237112.9131692512, points/s
11:49:47.333 [DataClientService-thread-1] INFO cn.edu.tsinghua.iot.benchmark.tsdb.DBWrapper -- DataClientService-thread-1 insert one batch latency (device: d_5, sg: g_0) ,0.22, ms, throughput ,232118.73337449573, points/s
11:49:47.334 [DataClientService-thread-1] INFO cn.edu.tsinghua.iot.benchmark.tsdb.DBWrapper -- DataClientService-thread-1 insert one batch latency (device: d_6, sg: g_0) ,0.36, ms, throughput ,139390.69539230116, points/s
11:49:47.334 [DataClientService-thread-1] INFO cn.edu.tsinghua.iot.benchmark.tsdb.DBWrapper -- DataClientService-thread-1 insert one batch latency (device: d_7, sg: g_0) ,0.18, ms, throughput ,281200.6141421413, points/s
11:49:47.334 [DataClientService-thread-1] INFO cn.edu.tsinghua.iot.benchmark.tsdb.DBWrapper -- DataClientService-thread-1 insert one batch latency (device: d_8, sg: g_0) ,0.18, ms, throughput ,273873.5580557168, points/s
11:49:47.334 [DataClientService-thread-1] INFO cn.edu.tsinghua.iot.benchmark.tsdb.DBWrapper -- DataClientService-thread-1 insert one batch latency (device: d_9, sg: g_0) ,0.16, ms, throughput ,313083.1173059824, points/s
11:49:47.334 [DataClientService-thread-1] INFO cn.edu.tsinghua.iot.benchmark.tsdb.DBWrapper -- DataClientService-thread-1 insert one batch latency (device: d_10, sg: g_0) ,0.15, ms, throughput ,330231.3600908797, points/s
11:49:47.335 [DataClientService-thread-1] INFO cn.edu.tsinghua.iot.benchmark.tsdb.DBWrapper -- DataClientService-thread-1 insert one batch latency (device: d_11, sg: g_0) ,0.14, ms, throughput ,370057.8770519709, points/s
11:49:47.335 [DataClientService-thread-1] INFO cn.edu.tsinghua.iot.benchmark.tsdb.DBWrapper -- DataClientService-thread-1 insert one batch latency (device: d_12, sg: g_0) ,0.13, ms, throughput ,386163.00712856906, points/s
11:49:47.335 [DataClientService-thread-1] INFO cn.edu.tsinghua.iot.benchmark.tsdb.DBWrapper -- DataClientService-thread-1 insert one batch latency (device: d_13, sg: g_0) ,0.12, ms, throughput ,430089.0284288848, points/s
11:49:47.335 [DataClientService-thread-1] INFO cn.edu.tsinghua.iot.benchmark.tsdb.DBWrapper -- DataClientService-thread-1 insert one batch latency (device: d_14, sg: g_0) ,0.11, ms, throughput ,459871.6038482056, points/s
11:49:47.335 [DataClientService-thread-1] INFO cn.edu.tsinghua.iot.benchmark.tsdb.DBWrapper -- DataClientService-thread-1 insert one batch latency (device: d_15, sg: g_0) ,0.12, ms, throughput ,419449.0117781282, points/s
11:49:47.336 [DataClientService-thread-1] INFO cn.edu.tsinghua.iot.benchmark.tsdb.DBWrapper -- DataClientService-thread-1 insert one batch latency (device: d_16, sg: g_0) ,0.15, ms, throughput ,338840.6229246012, points/s
11:49:47.336 [DataClientService-thread-1] INFO cn.edu.tsinghua.iot.benchmark.tsdb.DBWrapper -- DataClientService-thread-1 insert one batch latency (device: d_17, sg: g_0) ,0.17, ms, throughput ,297062.05626355344, points/s
11:49:47.336 [DataClientService-thread-1] INFO cn.edu.tsinghua.iot.benchmark.tsdb.DBWrapper -- DataClientService-thread-1 insert one batch latency (device: d_18, sg: g_0) ,0.28, ms, throughput ,176905.98508328735, points/s
11:49:47.337 [DataClientService-thread-1] INFO cn.edu.tsinghua.iot.benchmark.tsdb.DBWrapper -- DataClientService-thread-1 insert one batch latency (device: d_19, sg: g_0) ,0.34, ms, throughput ,145015.38613246864, points/s
11:49:47.337 [DataClientService-thread-1] INFO cn.edu.tsinghua.iot.benchmark.tsdb.DBWrapper -- DataClientService-thread-1 insert one batch latency (device: d_0, sg: g_0) ,0.27, ms, throughput ,187350.11990407674, points/s
11:49:47.337 [DataClientService-thread-1] INFO cn.edu.tsinghua.iot.benchmark.tsdb.DBWrapper -- DataClientService-thread-1 insert one batch latency (device: d_1, sg: g_0) ,0.27, ms, throughput ,187458.290530357, points/s
11:49:47.338 [DataClientService-thread-1] INFO cn.edu.tsinghua.iot.benchmark.tsdb.DBWrapper -- DataClientService-thread-1 insert one batch latency (device: d_2, sg: g_0) ,0.27, ms, throughput ,182947.8013333236, points/s
11:49:47.338 [DataClientService-thread-1] INFO cn.edu.tsinghua.iot.benchmark.tsdb.DBWrapper -- DataClientService-thread-1 insert one batch latency (device: d_3, sg: g_0) ,0.26, ms, throughput ,191955.5277433324, points/s
11:49:47.338 [DataClientService-thread-1] INFO cn.edu.tsinghua.iot.benchmark.tsdb.DBWrapper -- DataClientService-thread-1 insert one batch latency (device: d_4, sg: g_0) ,0.16, ms, throughput ,319580.71010833787, points/s
11:49:47.338 [DataClientService-thread-1] INFO cn.edu.tsinghua.iot.benchmark.tsdb.DBWrapper -- DataClientService-thread-1 insert one batch latency (device: d_5, sg: g_0) ,0.13, ms, throughput ,390695.203044297, points/s
11:49:47.338 [DataClientService-thread-1] INFO cn.edu.tsinghua.iot.benchmark.tsdb.DBWrapper -- DataClientService-thread-1 insert one batch latency (device: d_6, sg: g_0) ,0.14, ms, throughput ,358102.0590868397, points/s
11:49:47.339 [DataClientService-thread-1] INFO cn.edu.tsinghua.iot.benchmark.tsdb.DBWrapper -- DataClientService-thread-1 insert one batch latency (device: d_7, sg: g_0) ,0.16, ms, throughput ,318432.8011259784, points/s
11:49:47.339 [DataClientService-thread-1] INFO cn.edu.tsinghua.iot.benchmark.tsdb.DBWrapper -- DataClientService-thread-1 insert one batch latency (device: d_8, sg: g_0) ,0.14, ms, throughput ,368326.83850341436, points/s
11:49:47.339 [DataClientService-thread-1] INFO cn.edu.tsinghua.iot.benchmark.tsdb.DBWrapper -- DataClientService-thread-1 insert one batch latency (device: d_9, sg: g_0) ,0.15, ms, throughput ,340761.9437061269, points/s
11:49:47.339 [DataClientService-thread-1] INFO cn.edu.tsinghua.iot.benchmark.tsdb.DBWrapper -- DataClientService-thread-1 insert one batch latency (device: d_10, sg: g_0) ,0.14, ms, throughput ,351580.3536898358, points/s
11:49:47.339 [DataClientService-thread-1] INFO cn.edu.tsinghua.iot.benchmark.tsdb.DBWrapper -- DataClientService-thread-1 insert one batch latency (device: d_11, sg: g_0) ,0.13, ms, throughput ,395032.0766046203, points/s
11:49:47.339 [DataClientService-thread-1] INFO cn.edu.tsinghua.iot.benchmark.tsdb.DBWrapper -- DataClientService-thread-1 insert one batch latency (device: d_12, sg: g_0) ,0.13, ms, throughput ,387230.68106132187, points/s
11:49:47.340 [DataClientService-thread-1] INFO cn.edu.tsinghua.iot.benchmark.tsdb.DBWrapper -- DataClientService-thread-1 insert one batch latency (device: d_13, sg: g_0) ,0.11, ms, throughput ,443289.9204737882, points/s
11:49:47.340 [DataClientService-thread-1] INFO cn.edu.tsinghua.iot.benchmark.tsdb.DBWrapper -- DataClientService-thread-1 insert one batch latency (device: d_14, sg: g_0) ,0.13, ms, throughput ,383606.2052139755, points/s
11:49:47.340 [DataClientService-thread-1] INFO cn.edu.tsinghua.iot.benchmark.tsdb.DBWrapper -- DataClientService-thread-1 insert one batch latency (device: d_15, sg: g_0) ,0.14, ms, throughput ,361933.3029309359, points/s
11:49:47.340 [DataClientService-thread-1] INFO cn.edu.tsinghua.iot.benchmark.tsdb.DBWrapper -- DataClientService-thread-1 insert one batch latency (device: d_16, sg: g_0) ,0.12, ms, throughput ,424794.39951063687, points/s
11:49:47.340 [DataClientService-thread-1] INFO cn.edu.tsinghua.iot.benchmark.tsdb.DBWrapper -- DataClientService-thread-1 insert one batch latency (device: d_17, sg: g_0) ,0.15, ms, throughput ,329378.5943439108, points/s
11:49:47.340 [DataClientService-thread-1] INFO cn.edu.tsinghua.iot.benchmark.tsdb.DBWrapper -- DataClientService-thread-1 insert one batch latency (device: d_18, sg: g_0) ,0.13, ms, throughput ,391303.6672979699, points/s
11:49:47.341 [DataClientService-thread-1] INFO cn.edu.tsinghua.iot.benchmark.tsdb.DBWrapper -- DataClientService-thread-1 insert one batch latency (device: d_19, sg: g_0) ,0.19, ms, throughput ,257369.7837579077, points/s
11:49:47.341 [DataClientService-thread-1] INFO cn.edu.tsinghua.iot.benchmark.tsdb.DBWrapper -- DataClientService-thread-1 insert one batch latency (device: d_0, sg: g_0) ,0.20, ms, throughput ,250748.48422541286, points/s
11:49:47.341 [DataClientService-thread-1] INFO cn.edu.tsinghua.iot.benchmark.tsdb.DBWrapper -- DataClientService-thread-1 insert one batch latency (device: d_1, sg: g_0) ,0.20, ms, throughput ,246226.5776967966, points/s
11:49:47.342 [DataClientService-thread-1] INFO cn.edu.tsinghua.iot.benchmark.tsdb.DBWrapper -- DataClientService-thread-1 insert one batch latency (device: d_2, sg: g_0) ,0.32, ms, throughput ,158171.28684995556, points/s
11:49:47.342 [DataClientService-thread-1] INFO cn.edu.tsinghua.iot.benchmark.tsdb.DBWrapper -- DataClientService-thread-1 insert one batch latency (device: d_3, sg: g_0) ,0.15, ms, throughput ,334896.18218352314, points/s
11:49:47.342 [DataClientService-thread-1] INFO cn.edu.tsinghua.iot.benchmark.tsdb.DBWrapper -- DataClientService-thread-1 insert one batch latency (device: d_4, sg: g_0) ,0.13, ms, throughput ,379411.60847757297, points/s
11:49:47.342 [DataClientService-thread-1] INFO cn.edu.tsinghua.iot.benchmark.tsdb.DBWrapper -- DataClientService-thread-1 insert one batch latency (device: d_5, sg: g_0) ,0.14, ms, throughput ,362413.38320141484, points/s
11:49:47.342 [DataClientService-thread-1] INFO cn.edu.tsinghua.iot.benchmark.tsdb.DBWrapper -- DataClientService-thread-1 insert one batch latency (device: d_6, sg: g_0) ,0.13, ms, throughput ,372237.07034536154, points/s
11:49:47.342 [DataClientService-thread-1] INFO cn.edu.tsinghua.iot.benchmark.tsdb.DBWrapper -- DataClientService-thread-1 insert one batch latency (device: d_7, sg: g_0) ,0.13, ms, throughput ,382555.47054322873, points/s
11:49:47.343 [DataClientService-thread-1] INFO cn.edu.tsinghua.iot.benchmark.tsdb.DBWrapper -- DataClientService-thread-1 insert one batch latency (device: d_8, sg: g_0) ,0.13, ms, throughput ,373009.06412025815, points/s
11:49:47.343 [DataClientService-thread-1] INFO cn.edu.tsinghua.iot.benchmark.tsdb.DBWrapper -- DataClientService-thread-1 insert one batch latency (device: d_9, sg: g_0) ,0.15, ms, throughput ,325116.554284711, points/s
11:49:47.343 [DataClientService-thread-1] INFO cn.edu.tsinghua.iot.benchmark.tsdb.DBWrapper -- DataClientService-thread-1 insert one batch latency (device: d_10, sg: g_0) ,0.13, ms, throughput ,375595.31857994926, points/s
11:49:47.343 [DataClientService-thread-1] INFO cn.edu.tsinghua.iot.benchmark.tsdb.DBWrapper -- DataClientService-thread-1 insert one batch latency (device: d_11, sg: g_0) ,0.13, ms, throughput ,380842.118091524, points/s
11:49:47.343 [DataClientService-thread-1] INFO cn.edu.tsinghua.iot.benchmark.tsdb.DBWrapper -- DataClientService-thread-1 insert one batch latency (device: d_12, sg: g_0) ,0.12, ms, throughput ,402414.48692152917, points/s
11:49:47.343 [DataClientService-thread-1] INFO cn.edu.tsinghua.iot.benchmark.tsdb.DBWrapper -- DataClientService-thread-1 insert one batch latency (device: d_13, sg: g_0) ,0.13, ms, throughput ,399389.7324887572, points/s
11:49:47.344 [DataClientService-thread-1] INFO cn.edu.tsinghua.iot.benchmark.tsdb.DBWrapper -- DataClientService-thread-1 insert one batch latency (device: d_14, sg: g_0) ,0.88, ms, throughput ,56524.4473887401, points/s
11:49:47.344 [DataClientService-thread-1] INFO cn.edu.tsinghua.iot.benchmark.tsdb.DBWrapper -- DataClientService-thread-1 insert one batch latency (device: d_15, sg: g_0) ,0.16, ms, throughput ,320990.1905397771, points/s
11:49:47.345 [DataClientService-thread-1] INFO cn.edu.tsinghua.iot.benchmark.tsdb.DBWrapper -- DataClientService-thread-1 insert one batch latency (device: d_16, sg: g_0) ,0.14, ms, throughput ,362368.73192685953, points/s
11:49:47.345 [DataClientService-thread-1] INFO cn.edu.tsinghua.iot.benchmark.tsdb.DBWrapper -- DataClientService-thread-1 insert one batch latency (device: d_17, sg: g_0) ,0.12, ms, throughput ,420917.9378388389, points/s
11:49:47.345 [DataClientService-thread-1] INFO cn.edu.tsinghua.iot.benchmark.tsdb.DBWrapper -- DataClientService-thread-1 insert one batch latency (device: d_18, sg: g_0) ,0.12, ms, throughput ,411268.76413736376, points/s
11:49:47.345 [DataClientService-thread-1] INFO cn.edu.tsinghua.iot.benchmark.tsdb.DBWrapper -- DataClientService-thread-1 insert one batch latency (device: d_19, sg: g_0) ,0.13, ms, throughput ,380228.13688212924, points/s
11:49:47.345 [DataClientService-thread-1] INFO cn.edu.tsinghua.iot.benchmark.tsdb.DBWrapper -- DataClientService-thread-1 insert one batch latency (device: d_0, sg: g_0) ,0.27, ms, throughput ,184510.01520362525, points/s
11:49:47.346 [DataClientService-thread-1] INFO cn.edu.tsinghua.iot.benchmark.tsdb.DBWrapper -- DataClientService-thread-1 insert one batch latency (device: d_1, sg: g_0) ,0.30, ms, throughput ,167514.28896884902, points/s
11:49:47.346 [DataClientService-thread-1] INFO cn.edu.tsinghua.iot.benchmark.tsdb.DBWrapper -- DataClientService-thread-1 insert one batch latency (device: d_2, sg: g_0) ,0.18, ms, throughput ,285155.381167198, points/s
11:49:47.346 [DataClientService-thread-1] INFO cn.edu.tsinghua.iot.benchmark.tsdb.DBWrapper -- DataClientService-thread-1 insert one batch latency (device: d_3, sg: g_0) ,0.18, ms, throughput ,275297.04551210755, points/s
11:49:47.346 [DataClientService-thread-1] INFO cn.edu.tsinghua.iot.benchmark.tsdb.DBWrapper -- DataClientService-thread-1 insert one batch latency (device: d_4, sg: g_0) ,0.16, ms, throughput ,311311.18042973394, points/s
11:49:47.346 [DataClientService-thread-1] INFO cn.edu.tsinghua.iot.benchmark.tsdb.DBWrapper -- DataClientService-thread-1 insert one batch latency (device: d_5, sg: g_0) ,0.15, ms, throughput ,337625.68115981173, points/s
11:49:47.347 [DataClientService-thread-1] INFO cn.edu.tsinghua.iot.benchmark.tsdb.DBWrapper -- DataClientService-thread-1 insert one batch latency (device: d_6, sg: g_0) ,0.17, ms, throughput ,301355.49702562124, points/s
11:49:47.347 [DataClientService-thread-1] INFO cn.edu.tsinghua.iot.benchmark.tsdb.DBWrapper -- DataClientService-thread-1 insert one batch latency (device: d_7, sg: g_0) ,0.14, ms, throughput ,347316.2870499649, points/s
11:49:47.347 [DataClientService-thread-1] INFO cn.edu.tsinghua.iot.benchmark.tsdb.DBWrapper -- DataClientService-thread-1 insert one batch latency (device: d_8, sg: g_0) ,0.12, ms, throughput ,428673.08533166436, points/s
11:49:47.347 [DataClientService-thread-1] INFO cn.edu.tsinghua.iot.benchmark.tsdb.DBWrapper -- DataClientService-thread-1 insert one batch latency (device: d_9, sg: g_0) ,0.14, ms, throughput ,364349.1630899724, points/s
11:49:47.347 [DataClientService-thread-1] INFO cn.edu.tsinghua.iot.benchmark.tsdb.DBWrapper -- DataClientService-thread-1 insert one batch latency (device: d_10, sg: g_0) ,0.16, ms, throughput ,316864.8127962686, points/s
11:49:47.347 [DataClientService-thread-1] INFO cn.edu.tsinghua.iot.benchmark.tsdb.DBWrapper -- DataClientService-thread-1 insert one batch latency (device: d_11, sg: g_0) ,0.14, ms, throughput ,346008.78862323106, points/s
11:49:47.347 [DataClientService-thread-1] INFO cn.edu.tsinghua.iot.benchmark.tsdb.DBWrapper -- DataClientService-thread-1 insert one batch latency (device: d_12, sg: g_0) ,0.16, ms, throughput ,309182.08969990787, points/s
11:49:47.348 [DataClientService-thread-1] INFO cn.edu.tsinghua.iot.benchmark.tsdb.DBWrapper -- DataClientService-thread-1 insert one batch latency (device: d_13, sg: g_0) ,0.13, ms, throughput ,370557.0213144399, points/s
11:49:47.348 [DataClientService-thread-1] INFO cn.edu.tsinghua.iot.benchmark.tsdb.DBWrapper -- DataClientService-thread-1 insert one batch latency (device: d_14, sg: g_0) ,0.14, ms, throughput ,358297.0856115056, points/s
11:49:47.348 [DataClientService-thread-1] INFO cn.edu.tsinghua.iot.benchmark.tsdb.DBWrapper -- DataClientService-thread-1 insert one batch latency (device: d_15, sg: g_0) ,0.14, ms, throughput ,352499.9295000141, points/s
11:49:47.348 [DataClientService-thread-1] INFO cn.edu.tsinghua.iot.benchmark.tsdb.DBWrapper -- DataClientService-thread-1 insert one batch latency (device: d_16, sg: g_0) ,0.14, ms, throughput ,347444.20046140585, points/s
11:49:47.348 [DataClientService-thread-1] INFO cn.edu.tsinghua.iot.benchmark.tsdb.DBWrapper -- DataClientService-thread-1 insert one batch latency (device: d_17, sg: g_0) ,0.15, ms, throughput ,326876.434170355, points/s
11:49:47.348 [DataClientService-thread-1] INFO cn.edu.tsinghua.iot.benchmark.tsdb.DBWrapper -- DataClientService-thread-1 insert one batch latency (device: d_18, sg: g_0) ,0.15, ms, throughput ,329747.8747749471, points/s
11:49:47.349 [DataClientService-thread-1] INFO cn.edu.tsinghua.iot.benchmark.tsdb.DBWrapper -- DataClientService-thread-1 insert one batch latency (device: d_19, sg: g_0) ,0.14, ms, throughput ,364203.1962472503, points/s
11:49:47.349 [DataClientService-thread-1] INFO cn.edu.tsinghua.iot.benchmark.tsdb.DBWrapper -- DataClientService-thread-1 insert one batch latency (device: d_0, sg: g_0) ,0.12, ms, throughput ,412980.8129114321, points/s
11:49:47.349 [DataClientService-thread-1] INFO cn.edu.tsinghua.iot.benchmark.tsdb.DBWrapper -- DataClientService-thread-1 insert one batch latency (device: d_1, sg: g_0) ,0.12, ms, throughput ,414621.202069789, points/s
11:49:47.349 [DataClientService-thread-1] INFO cn.edu.tsinghua.iot.benchmark.tsdb.DBWrapper -- DataClientService-thread-1 insert one batch latency (device: d_2, sg: g_0) ,0.13, ms, throughput ,378257.74482732534, points/s
11:49:47.349 [DataClientService-thread-1] INFO cn.edu.tsinghua.iot.benchmark.tsdb.DBWrapper -- DataClientService-thread-1 insert one batch latency (device: d_3, sg: g_0) ,0.12, ms, throughput ,411871.7925484155, points/s
11:49:47.349 [DataClientService-thread-1] INFO cn.edu.tsinghua.iot.benchmark.tsdb.DBWrapper -- DataClientService-thread-1 insert one batch latency (device: d_4, sg: g_0) ,0.17, ms, throughput ,296298.05213660526, points/s
11:49:47.350 [DataClientService-thread-1] INFO cn.edu.tsinghua.iot.benchmark.tsdb.DBWrapper -- DataClientService-thread-1 insert one batch latency (device: d_5, sg: g_0) ,0.13, ms, throughput ,371410.31926431047, points/s
11:49:47.350 [DataClientService-thread-1] INFO cn.edu.tsinghua.iot.benchmark.tsdb.DBWrapper -- DataClientService-thread-1 insert one batch latency (device: d_6, sg: g_0) ,0.12, ms, throughput ,400160.0640256102, points/s
11:49:47.350 [DataClientService-thread-1] INFO cn.edu.tsinghua.iot.benchmark.tsdb.DBWrapper -- DataClientService-thread-1 insert one batch latency (device: d_7, sg: g_0) ,0.13, ms, throughput ,379011.8403298919, points/s
11:49:47.350 [DataClientService-thread-1] INFO cn.edu.tsinghua.iot.benchmark.tsdb.DBWrapper -- DataClientService-thread-1 insert one batch latency (device: d_8, sg: g_0) ,0.12, ms, throughput ,417177.70936063345, points/s
11:49:47.350 [DataClientService-thread-1] INFO cn.edu.tsinghua.iot.benchmark.tsdb.DBWrapper -- DataClientService-thread-1 insert one batch latency (device: d_9, sg: g_0) ,0.12, ms, throughput ,407298.7943955686, points/s
11:49:47.350 [DataClientService-thread-1] INFO cn.edu.tsinghua.iot.benchmark.tsdb.DBWrapper -- DataClientService-thread-1 insert one batch latency (device: d_10, sg: g_0) ,0.11, ms, throughput ,445442.2350509586, points/s
11:49:47.350 [DataClientService-thread-1] INFO cn.edu.tsinghua.iot.benchmark.tsdb.DBWrapper -- DataClientService-thread-1 insert one batch latency (device: d_11, sg: g_0) ,0.12, ms, throughput ,418564.15751406376, points/s
11:49:47.350 [DataClientService-thread-1] INFO cn.edu.tsinghua.iot.benchmark.tsdb.DBWrapper -- DataClientService-thread-1 insert one batch latency (device: d_12, sg: g_0) ,0.12, ms, throughput ,401100.6201015587, points/s
11:49:47.351 [DataClientService-thread-1] INFO cn.edu.tsinghua.iot.benchmark.tsdb.DBWrapper -- DataClientService-thread-1 insert one batch latency (device: d_13, sg: g_0) ,0.12, ms, throughput ,421499.86512004316, points/s
11:49:47.351 [DataClientService-thread-1] INFO cn.edu.tsinghua.iot.benchmark.tsdb.DBWrapper -- DataClientService-thread-1 insert one batch latency (device: d_14, sg: g_0) ,0.13, ms, throughput ,397412.0527127346, points/s
11:49:47.351 [DataClientService-thread-1] INFO cn.edu.tsinghua.iot.benchmark.tsdb.DBWrapper -- DataClientService-thread-1 insert one batch latency (device: d_15, sg: g_0) ,0.12, ms, throughput ,404982.9097212098, points/s
11:49:47.351 [DataClientService-thread-1] INFO cn.edu.tsinghua.iot.benchmark.tsdb.DBWrapper -- DataClientService-thread-1 insert one batch latency (device: d_16, sg: g_0) ,0.12, ms, throughput ,419252.05433506623, points/s
11:49:47.351 [DataClientService-thread-1] INFO cn.edu.tsinghua.iot.benchmark.tsdb.DBWrapper -- DataClientService-thread-1 insert one batch latency (device: d_17, sg: g_0) ,0.13, ms, throughput ,381696.87161244027, points/s
11:49:47.351 [DataClientService-thread-1] INFO cn.edu.tsinghua.iot.benchmark.tsdb.DBWrapper -- DataClientService-thread-1 insert one batch latency (device: d_18, sg: g_0) ,0.12, ms, throughput ,404334.4654698366, points/s
11:49:47.351 [DataClientService-thread-1] INFO cn.edu.tsinghua.iot.benchmark.tsdb.DBWrapper -- DataClientService-thread-1 insert one batch latency (device: d_19, sg: g_0) ,0.14, ms, throughput ,360700.9140161161, points/s
11:49:47.352 [DataClientService-thread-1] INFO cn.edu.tsinghua.iot.benchmark.tsdb.DBWrapper -- DataClientService-thread-1 insert one batch latency (device: d_0, sg: g_0) ,0.12, ms, throughput ,430348.15165468864, points/s
11:49:47.352 [DataClientService-thread-1] INFO cn.edu.tsinghua.iot.benchmark.tsdb.DBWrapper -- DataClientService-thread-1 insert one batch latency (device: d_1, sg: g_0) ,0.12, ms, throughput ,402560.28340243956, points/s
11:49:47.352 [DataClientService-thread-1] INFO cn.edu.tsinghua.iot.benchmark.tsdb.DBWrapper -- DataClientService-thread-1 insert one batch latency (device: d_2, sg: g_0) ,0.12, ms, throughput ,402965.8284977434, points/s
11:49:47.352 [DataClientService-thread-1] INFO cn.edu.tsinghua.iot.benchmark.tsdb.DBWrapper -- DataClientService-thread-1 insert one batch latency (device: d_3, sg: g_0) ,0.14, ms, throughput ,365470.3603537753, points/s
11:49:47.352 [DataClientService-thread-1] INFO cn.edu.tsinghua.iot.benchmark.tsdb.DBWrapper -- DataClientService-thread-1 insert one batch latency (device: d_4, sg: g_0) ,0.12, ms, throughput ,405258.63606153446, points/s
11:49:47.352 [DataClientService-thread-1] INFO cn.edu.tsinghua.iot.benchmark.tsdb.DBWrapper -- DataClientService-thread-1 insert one batch latency (device: d_5, sg: g_0) ,0.16, ms, throughput ,311007.16560509556, points/s
11:49:47.352 [DataClientService-thread-1] INFO cn.edu.tsinghua.iot.benchmark.tsdb.DBWrapper -- DataClientService-thread-1 insert one batch latency (device: d_6, sg: g_0) ,0.13, ms, throughput ,382526.2030449086, points/s
11:49:47.353 [DataClientService-thread-1] INFO cn.edu.tsinghua.iot.benchmark.tsdb.DBWrapper -- DataClientService-thread-1 insert one batch latency (device: d_7, sg: g_0) ,0.13, ms, throughput ,386742.46819043194, points/s
11:49:47.353 [DataClientService-thread-1] INFO cn.edu.tsinghua.iot.benchmark.tsdb.DBWrapper -- DataClientService-thread-1 insert one batch latency (device: d_8, sg: g_0) ,0.14, ms, throughput ,349440.1968047189, points/s
11:49:47.353 [DataClientService-thread-1] INFO cn.edu.tsinghua.iot.benchmark.tsdb.DBWrapper -- DataClientService-thread-1 insert one batch latency (device: d_9, sg: g_0) ,0.12, ms, throughput ,406791.79582306184, points/s
11:49:47.353 [DataClientService-thread-1] INFO cn.edu.tsinghua.iot.benchmark.tsdb.DBWrapper -- DataClientService-thread-1 insert one batch latency (device: d_10, sg: g_0) ,0.13, ms, throughput ,372281.414967202, points/s
11:49:47.353 [DataClientService-thread-1] INFO cn.edu.tsinghua.iot.benchmark.tsdb.DBWrapper -- DataClientService-thread-1 insert one batch latency (device: d_11, sg: g_0) ,0.11, ms, throughput ,439908.4990322013, points/s
11:49:47.353 [DataClientService-thread-1] INFO cn.edu.tsinghua.iot.benchmark.tsdb.DBWrapper -- DataClientService-thread-1 insert one batch latency (device: d_12, sg: g_0) ,0.12, ms, throughput ,418231.5497151843, points/s
11:49:47.353 [DataClientService-thread-1] INFO cn.edu.tsinghua.iot.benchmark.tsdb.DBWrapper -- DataClientService-thread-1 insert one batch latency (device: d_13, sg: g_0) ,0.16, ms, throughput ,315714.36689798004, points/s
11:49:47.354 [DataClientService-thread-1] INFO cn.edu.tsinghua.iot.benchmark.tsdb.DBWrapper -- DataClientService-thread-1 insert one batch latency (device: d_14, sg: g_0) ,0.19, ms, throughput ,264799.65258285584, points/s
11:49:47.354 [DataClientService-thread-1] INFO cn.edu.tsinghua.iot.benchmark.tsdb.DBWrapper -- DataClientService-thread-1 insert one batch latency (device: d_15, sg: g_0) ,0.12, ms, throughput ,402949.59100616514, points/s
11:49:47.354 [DataClientService-thread-1] INFO cn.edu.tsinghua.iot.benchmark.tsdb.DBWrapper -- DataClientService-thread-1 insert one batch latency (device: d_16, sg: g_0) ,0.13, ms, throughput ,380824.7140006398, points/s
11:49:47.354 [DataClientService-thread-1] INFO cn.edu.tsinghua.iot.benchmark.tsdb.DBWrapper -- DataClientService-thread-1 insert one batch latency (device: d_17, sg: g_0) ,0.13, ms, throughput ,378180.49798807973, points/s
11:49:47.354 [DataClientService-thread-1] INFO cn.edu.tsinghua.iot.benchmark.tsdb.DBWrapper -- DataClientService-thread-1 insert one batch latency (device: d_18, sg: g_0) ,0.16, ms, throughput ,312940.07197621657, points/s
11:49:47.355 [DataClientService-thread-1] INFO cn.edu.tsinghua.iot.benchmark.tsdb.DBWrapper -- DataClientService-thread-1 insert one batch latency (device: d_19, sg: g_0) ,0.45, ms, throughput ,110835.5001673616, points/s
11:49:47.355 [DataClientService-thread-1] INFO cn.edu.tsinghua.iot.benchmark.tsdb.DBWrapper -- DataClientService-thread-1 insert one batch latency (device: d_0, sg: g_0) ,0.26, ms, throughput ,195460.62250299056, points/s
11:49:47.355 [DataClientService-thread-1] INFO cn.edu.tsinghua.iot.benchmark.tsdb.DBWrapper -- DataClientService-thread-1 insert one batch latency (device: d_1, sg: g_0) ,0.14, ms, throughput ,348432.0557491289, points/s
11:49:47.355 [DataClientService-thread-1] INFO cn.edu.tsinghua.iot.benchmark.tsdb.DBWrapper -- DataClientService-thread-1 insert one batch latency (device: d_2, sg: g_0) ,0.12, ms, throughput ,403825.0306907023, points/s
11:49:47.355 [DataClientService-thread-1] INFO cn.edu.tsinghua.iot.benchmark.tsdb.DBWrapper -- DataClientService-thread-1 insert one batch latency (device: d_3, sg: g_0) ,0.13, ms, throughput ,385716.1591927732, points/s
11:49:47.356 [DataClientService-thread-1] INFO cn.edu.tsinghua.iot.benchmark.tsdb.DBWrapper -- DataClientService-thread-1 insert one batch latency (device: d_4, sg: g_0) ,0.12, ms, throughput ,410168.90755613166, points/s
11:49:47.356 [DataClientService-thread-1] INFO cn.edu.tsinghua.iot.benchmark.tsdb.DBWrapper -- DataClientService-thread-1 insert one batch latency (device: d_5, sg: g_0) ,0.13, ms, throughput ,389241.3685726519, points/s
11:49:47.356 [DataClientService-thread-1] INFO cn.edu.tsinghua.iot.benchmark.tsdb.DBWrapper -- DataClientService-thread-1 insert one batch latency (device: d_6, sg: g_0) ,0.12, ms, throughput ,429276.66881305, points/s
11:49:47.356 [DataClientService-thread-1] INFO cn.edu.tsinghua.iot.benchmark.tsdb.DBWrapper -- DataClientService-thread-1 insert one batch latency (device: d_7, sg: g_0) ,0.12, ms, throughput ,413004.69173329807, points/s
11:49:47.356 [DataClientService-thread-1] INFO cn.edu.tsinghua.iot.benchmark.tsdb.DBWrapper -- DataClientService-thread-1 insert one batch latency (device: d_8, sg: g_0) ,0.12, ms, throughput ,409846.1437576334, points/s
11:49:47.356 [DataClientService-thread-1] INFO cn.edu.tsinghua.iot.benchmark.tsdb.DBWrapper -- DataClientService-thread-1 insert one batch latency (device: d_9, sg: g_0) ,0.12, ms, throughput ,403818.5078098499, points/s
11:49:47.356 [DataClientService-thread-1] INFO cn.edu.tsinghua.iot.benchmark.tsdb.DBWrapper -- DataClientService-thread-1 insert one batch latency (device: d_10, sg: g_0) ,0.13, ms, throughput ,397295.21418185, points/s
11:49:47.356 [DataClientService-thread-1] INFO cn.edu.tsinghua.iot.benchmark.tsdb.DBWrapper -- DataClientService-thread-1 insert one batch latency (device: d_11, sg: g_0) ,0.13, ms, throughput ,371010.7073690147, points/s
11:49:47.357 [DataClientService-thread-1] INFO cn.edu.tsinghua.iot.benchmark.tsdb.DBWrapper -- DataClientService-thread-1 insert one batch latency (device: d_12, sg: g_0) ,0.12, ms, throughput ,419160.6726690475, points/s
11:49:47.357 [DataClientService-thread-1] INFO cn.edu.tsinghua.iot.benchmark.tsdb.DBWrapper -- DataClientService-thread-1 insert one batch latency (device: d_13, sg: g_0) ,0.12, ms, throughput ,417997.29137755185, points/s
11:49:47.357 [DataClientService-thread-1] INFO cn.edu.tsinghua.iot.benchmark.tsdb.DBWrapper -- DataClientService-thread-1 insert one batch latency (device: d_14, sg: g_0) ,0.13, ms, throughput ,378160.4761796716, points/s
11:49:47.357 [DataClientService-thread-1] INFO cn.edu.tsinghua.iot.benchmark.tsdb.DBWrapper -- DataClientService-thread-1 insert one batch latency (device: d_15, sg: g_0) ,0.13, ms, throughput ,379864.160576178, points/s
11:49:47.357 [DataClientService-thread-1] INFO cn.edu.tsinghua.iot.benchmark.tsdb.DBWrapper -- DataClientService-thread-1 insert one batch latency (device: d_16, sg: g_0) ,0.13, ms, throughput ,378377.96932111424, points/s
11:49:47.357 [DataClientService-thread-1] INFO cn.edu.tsinghua.iot.benchmark.tsdb.DBWrapper -- DataClientService-thread-1 insert one batch latency (device: d_17, sg: g_0) ,0.13, ms, throughput ,381315.5386081983, points/s
11:49:47.358 [DataClientService-thread-1] INFO cn.edu.tsinghua.iot.benchmark.tsdb.DBWrapper -- DataClientService-thread-1 insert one batch latency (device: d_18, sg: g_0) ,0.12, ms, throughput ,407973.432770058, points/s
11:49:47.358 [DataClientService-thread-1] INFO cn.edu.tsinghua.iot.benchmark.tsdb.DBWrapper -- DataClientService-thread-1 insert one batch latency (device: d_19, sg: g_0) ,0.12, ms, throughput ,417543.50803353713, points/s
11:49:47.358 [DataClientService-thread-1] INFO cn.edu.tsinghua.iot.benchmark.tsdb.DBWrapper -- DataClientService-thread-1 insert one batch latency (device: d_0, sg: g_0) ,0.12, ms, throughput ,412657.01599458593, points/s
11:49:47.358 [DataClientService-thread-1] INFO cn.edu.tsinghua.iot.benchmark.tsdb.DBWrapper -- DataClientService-thread-1 insert one batch latency (device: d_1, sg: g_0) ,0.11, ms, throughput ,441388.077225258, points/s
11:49:47.358 [DataClientService-thread-1] INFO cn.edu.tsinghua.iot.benchmark.tsdb.DBWrapper -- DataClientService-thread-1 insert one batch latency (device: d_2, sg: g_0) ,0.12, ms, throughput ,420390.62697058107, points/s
11:49:47.358 [DataClientService-thread-1] INFO cn.edu.tsinghua.iot.benchmark.tsdb.DBWrapper -- DataClientService-thread-1 insert one batch latency (device: d_3, sg: g_0) ,0.11, ms, throughput ,440009.15219036554, points/s
11:49:47.358 [DataClientService-thread-1] INFO cn.edu.tsinghua.iot.benchmark.tsdb.DBWrapper -- DataClientService-thread-1 insert one batch latency (device: d_4, sg: g_0) ,0.14, ms, throughput ,367768.74701187894, points/s
11:49:47.359 [DataClientService-thread-1] INFO cn.edu.tsinghua.iot.benchmark.tsdb.DBWrapper -- DataClientService-thread-1 insert one batch latency (device: d_5, sg: g_0) ,0.13, ms, throughput ,374503.78248820314, points/s
11:49:47.359 [DataClientService-thread-1] INFO cn.edu.tsinghua.iot.benchmark.tsdb.DBWrapper -- DataClientService-thread-1 insert one batch latency (device: d_6, sg: g_0) ,0.16, ms, throughput ,306121.1995053081, points/s
11:49:47.360 [DataClientService-thread-1] INFO cn.edu.tsinghua.iot.benchmark.tsdb.DBWrapper -- DataClientService-thread-1 insert one batch latency (device: d_7, sg: g_0) ,0.96, ms, throughput ,51833.50663002383, points/s
11:49:47.360 [DataClientService-thread-1] INFO cn.edu.tsinghua.iot.benchmark.tsdb.DBWrapper -- DataClientService-thread-1 insert one batch latency (device: d_8, sg: g_0) ,0.34, ms, throughput ,147666.42744705422, points/s
11:49:47.360 [DataClientService-thread-1] INFO cn.edu.tsinghua.iot.benchmark.tsdb.DBWrapper -- DataClientService-thread-1 insert one batch latency (device: d_9, sg: g_0) ,0.17, ms, throughput ,293134.7833733951, points/s
11:49:47.361 [DataClientService-thread-1] INFO cn.edu.tsinghua.iot.benchmark.tsdb.DBWrapper -- DataClientService-thread-1 insert one batch latency (device: d_10, sg: g_0) ,0.15, ms, throughput ,325086.96076200384, points/s
11:49:47.361 [DataClientService-thread-1] INFO cn.edu.tsinghua.iot.benchmark.tsdb.DBWrapper -- DataClientService-thread-1 insert one batch latency (device: d_11, sg: g_0) ,0.13, ms, throughput ,372500.52150073013, points/s
11:49:47.361 [DataClientService-thread-1] INFO cn.edu.tsinghua.iot.benchmark.tsdb.DBWrapper -- DataClientService-thread-1 insert one batch latency (device: d_12, sg: g_0) ,0.14, ms, throughput ,368389.2548222153, points/s
11:49:47.361 [DataClientService-thread-1] INFO cn.edu.tsinghua.iot.benchmark.tsdb.DBWrapper -- DataClientService-thread-1 insert one batch latency (device: d_13, sg: g_0) ,0.18, ms, throughput ,280925.7063876887, points/s
11:49:47.361 [DataClientService-thread-1] INFO cn.edu.tsinghua.iot.benchmark.tsdb.DBWrapper -- DataClientService-thread-1 insert one batch latency (device: d_14, sg: g_0) ,0.26, ms, throughput ,190168.29894456593, points/s
11:49:47.362 [DataClientService-thread-1] INFO cn.edu.tsinghua.iot.benchmark.tsdb.DBWrapper -- DataClientService-thread-1 insert one batch latency (device: d_15, sg: g_0) ,0.25, ms, throughput ,200942.01617181348, points/s
11:49:47.362 [DataClientService-thread-1] INFO cn.edu.tsinghua.iot.benchmark.tsdb.DBWrapper -- DataClientService-thread-1 insert one batch latency (device: d_16, sg: g_0) ,0.14, ms, throughput ,369997.6320151551, points/s
11:49:47.362 [DataClientService-thread-1] INFO cn.edu.tsinghua.iot.benchmark.tsdb.DBWrapper -- DataClientService-thread-1 insert one batch latency (device: d_17, sg: g_0) ,0.11, ms, throughput ,454971.47328862484, points/s
11:49:47.362 [DataClientService-thread-1] INFO cn.edu.tsinghua.iot.benchmark.tsdb.DBWrapper -- DataClientService-thread-1 insert one batch latency (device: d_18, sg: g_0) ,0.12, ms, throughput ,421439.4686491179, points/s
11:49:47.362 [DataClientService-thread-1] INFO cn.edu.tsinghua.iot.benchmark.tsdb.DBWrapper -- DataClientService-thread-1 insert one batch latency (device: d_19, sg: g_0) ,0.13, ms, throughput ,385133.83400731755, points/s
11:49:47.362 [DataClientService-thread-1] INFO cn.edu.tsinghua.iot.benchmark.tsdb.DBWrapper -- DataClientService-thread-1 insert one batch latency (device: d_0, sg: g_0) ,0.15, ms, throughput ,340843.24619107676, points/s
11:49:47.363 [DataClientService-thread-1] INFO cn.edu.tsinghua.iot.benchmark.tsdb.DBWrapper -- DataClientService-thread-1 insert one batch latency (device: d_1, sg: g_0) ,0.13, ms, throughput ,390152.54964691197, points/s
11:49:47.363 [DataClientService-thread-1] INFO cn.edu.tsinghua.iot.benchmark.tsdb.DBWrapper -- DataClientService-thread-1 insert one batch latency (device: d_2, sg: g_0) ,0.12, ms, throughput ,414044.3855581318, points/s
11:49:47.363 [DataClientService-thread-1] INFO cn.edu.tsinghua.iot.benchmark.tsdb.DBWrapper -- DataClientService-thread-1 insert one batch latency (device: d_3, sg: g_0) ,0.11, ms, throughput ,447163.1966802604, points/s
11:49:47.363 [DataClientService-thread-1] INFO cn.edu.tsinghua.iot.benchmark.tsdb.DBWrapper -- DataClientService-thread-1 insert one batch latency (device: d_4, sg: g_0) ,0.11, ms, throughput ,442740.3858925203, points/s
11:49:47.363 [DataClientService-thread-1] INFO cn.edu.tsinghua.iot.benchmark.tsdb.DBWrapper -- DataClientService-thread-1 insert one batch latency (device: d_5, sg: g_0) ,0.13, ms, throughput ,379601.7218734104, points/s
11:49:47.363 [DataClientService-thread-1] INFO cn.edu.tsinghua.iot.benchmark.tsdb.DBWrapper -- DataClientService-thread-1 insert one batch latency (device: d_6, sg: g_0) ,0.12, ms, throughput ,403759.81136341614, points/s
11:49:47.363 [DataClientService-thread-1] INFO cn.edu.tsinghua.iot.benchmark.tsdb.DBWrapper -- DataClientService-thread-1 insert one batch latency (device: d_7, sg: g_0) ,0.13, ms, throughput ,389571.93835413654, points/s
11:49:47.364 [DataClientService-thread-1] INFO cn.edu.tsinghua.iot.benchmark.tsdb.DBWrapper -- DataClientService-thread-1 insert one batch latency (device: d_8, sg: g_0) ,0.12, ms, throughput ,423574.46015435056, points/s
11:49:47.364 [DataClientService-thread-1] INFO cn.edu.tsinghua.iot.benchmark.tsdb.DBWrapper -- DataClientService-thread-1 insert one batch latency (device: d_9, sg: g_0) ,0.12, ms, throughput ,428798.07898460614, points/s
11:49:47.364 [DataClientService-thread-1] INFO cn.edu.tsinghua.iot.benchmark.tsdb.DBWrapper -- DataClientService-thread-1 insert one batch latency (device: d_10, sg: g_0) ,0.12, ms, throughput ,400486.9921824939, points/s
11:49:47.364 [DataClientService-thread-1] INFO cn.edu.tsinghua.iot.benchmark.tsdb.DBWrapper -- DataClientService-thread-1 insert one batch latency (device: d_11, sg: g_0) ,0.12, ms, throughput ,412408.54840439133, points/s
11:49:47.364 [DataClientService-thread-1] INFO cn.edu.tsinghua.iot.benchmark.tsdb.DBWrapper -- DataClientService-thread-1 insert one batch latency (device: d_12, sg: g_0) ,0.12, ms, throughput ,408483.3828959838, points/s
11:49:47.364 [DataClientService-thread-1] INFO cn.edu.tsinghua.iot.benchmark.tsdb.DBWrapper -- DataClientService-thread-1 insert one batch latency (device: d_13, sg: g_0) ,0.13, ms, throughput ,379172.7966268788, points/s
11:49:47.365 [DataClientService-thread-1] INFO cn.edu.tsinghua.iot.benchmark.tsdb.DBWrapper -- DataClientService-thread-1 insert one batch latency (device: d_14, sg: g_0) ,0.17, ms, throughput ,292153.34544795874, points/s
11:49:47.365 [DataClientService-thread-1] INFO cn.edu.tsinghua.iot.benchmark.tsdb.DBWrapper -- DataClientService-thread-1 insert one batch latency (device: d_15, sg: g_0) ,0.13, ms, throughput ,375392.2849377599, points/s
11:49:47.365 [DataClientService-thread-1] INFO cn.edu.tsinghua.iot.benchmark.tsdb.DBWrapper -- DataClientService-thread-1 insert one batch latency (device: d_16, sg: g_0) ,0.12, ms, throughput ,403945.7420079335, points/s
11:49:47.365 [DataClientService-thread-1] INFO cn.edu.tsinghua.iot.benchmark.tsdb.DBWrapper -- DataClientService-thread-1 insert one batch latency (device: d_17, sg: g_0) ,0.12, ms, throughput ,428588.57211431314, points/s
11:49:47.365 [DataClientService-thread-1] INFO cn.edu.tsinghua.iot.benchmark.tsdb.DBWrapper -- DataClientService-thread-1 insert one batch latency (device: d_18, sg: g_0) ,0.12, ms, throughput ,407040.1667236523, points/s
11:49:47.365 [DataClientService-thread-1] INFO cn.edu.tsinghua.iot.benchmark.tsdb.DBWrapper -- DataClientService-thread-1 insert one batch latency (device: d_19, sg: g_0) ,0.12, ms, throughput ,413986.10662626167, points/s
11:49:47.365 [DataClientService-thread-1] INFO cn.edu.tsinghua.iot.benchmark.tsdb.DBWrapper -- DataClientService-thread-1 insert one batch latency (device: d_0, sg: g_0) ,0.12, ms, throughput ,402314.11076512095, points/s
11:49:47.366 [DataClientService-thread-1] INFO cn.edu.tsinghua.iot.benchmark.tsdb.DBWrapper -- DataClientService-thread-1 insert one batch latency (device: d_1, sg: g_0) ,0.14, ms, throughput ,352417.9394827914, points/s
11:49:47.366 [DataClientService-thread-1] INFO cn.edu.tsinghua.iot.benchmark.tsdb.DBWrapper -- DataClientService-thread-1 insert one batch latency (device: d_2, sg: g_0) ,0.13, ms, throughput ,381696.87161244027, points/s
11:49:47.366 [DataClientService-thread-1] INFO cn.edu.tsinghua.iot.benchmark.tsdb.DBWrapper -- DataClientService-thread-1 insert one batch latency (device: d_3, sg: g_0) ,0.14, ms, throughput ,370052.3994197578, points/s
11:49:47.366 [DataClientService-thread-1] INFO cn.edu.tsinghua.iot.benchmark.tsdb.DBWrapper -- DataClientService-thread-1 insert one batch latency (device: d_4, sg: g_0) ,0.14, ms, throughput ,348947.57411646476, points/s
11:49:47.366 [DataClientService-thread-1] INFO cn.edu.tsinghua.iot.benchmark.tsdb.DBWrapper -- DataClientService-thread-1 insert one batch latency (device: d_5, sg: g_0) ,0.19, ms, throughput ,261220.73674696594, points/s
11:49:47.367 [DataClientService-thread-1] INFO cn.edu.tsinghua.iot.benchmark.tsdb.DBWrapper -- DataClientService-thread-1 insert one batch latency (device: d_6, sg: g_0) ,0.18, ms, throughput ,272498.8691296931, points/s
11:49:47.367 [DataClientService-thread-1] INFO cn.edu.tsinghua.iot.benchmark.tsdb.DBWrapper -- DataClientService-thread-1 insert one batch latency (device: d_7, sg: g_0) ,0.17, ms, throughput ,290559.1520321707, points/s
11:49:47.367 [DataClientService-thread-1] INFO cn.edu.tsinghua.iot.benchmark.tsdb.DBWrapper -- DataClientService-thread-1 insert one batch latency (device: d_8, sg: g_0) ,0.14, ms, throughput ,346068.6600221484, points/s
11:49:47.367 [DataClientService-thread-1] INFO cn.edu.tsinghua.iot.benchmark.tsdb.DBWrapper -- DataClientService-thread-1 insert one batch latency (device: d_9, sg: g_0) ,0.17, ms, throughput ,292148.22432309255, points/s
11:49:47.367 [DataClientService-thread-1] INFO cn.edu.tsinghua.iot.benchmark.tsdb.DBWrapper -- DataClientService-thread-1 insert one batch latency (device: d_10, sg: g_0) ,0.17, ms, throughput ,298723.25680043496, points/s
11:49:47.367 [DataClientService-thread-1] INFO cn.edu.tsinghua.iot.benchmark.tsdb.DBWrapper -- DataClientService-thread-1 insert one batch latency (device: d_11, sg: g_0) ,0.14, ms, throughput ,349379.1532446842, points/s
11:49:47.368 [DataClientService-thread-1] INFO cn.edu.tsinghua.iot.benchmark.tsdb.DBWrapper -- DataClientService-thread-1 insert one batch latency (device: d_12, sg: g_0) ,0.13, ms, throughput ,382479.3843611829, points/s
11:49:47.368 [DataClientService-thread-1] INFO cn.edu.tsinghua.iot.benchmark.tsdb.DBWrapper -- DataClientService-thread-1 insert one batch latency (device: d_13, sg: g_0) ,0.13, ms, throughput ,395625.95939295157, points/s
11:49:47.368 [DataClientService-thread-1] INFO cn.edu.tsinghua.iot.benchmark.tsdb.DBWrapper -- DataClientService-thread-1 insert one batch latency (device: d_14, sg: g_0) ,0.13, ms, throughput ,391846.45888355107, points/s
11:49:47.368 [DataClientService-thread-1] INFO cn.edu.tsinghua.iot.benchmark.tsdb.DBWrapper -- DataClientService-thread-1 insert one batch latency (device: d_15, sg: g_0) ,0.13, ms, throughput ,395810.73913697427, points/s
11:49:47.368 [DataClientService-thread-1] INFO cn.edu.tsinghua.iot.benchmark.tsdb.DBWrapper -- DataClientService-thread-1 insert one batch latency (device: d_16, sg: g_0) ,0.12, ms, throughput ,416267.74341256294, points/s
11:49:47.368 [DataClientService-thread-1] INFO cn.edu.tsinghua.iot.benchmark.tsdb.DBWrapper -- DataClientService-thread-1 insert one batch latency (device: d_17, sg: g_0) ,0.12, ms, throughput ,419136.0767186675, points/s
11:49:47.368 [DataClientService-thread-1] INFO cn.edu.tsinghua.iot.benchmark.tsdb.DBWrapper -- DataClientService-thread-1 insert one batch latency (device: d_18, sg: g_0) ,0.13, ms, throughput ,378896.9551840681, points/s
11:49:47.369 [DataClientService-thread-1] INFO cn.edu.tsinghua.iot.benchmark.tsdb.DBWrapper -- DataClientService-thread-1 insert one batch latency (device: d_19, sg: g_0) ,0.12, ms, throughput ,416396.00926064723, points/s
11:49:47.369 [DataClientService-thread-1] INFO cn.edu.tsinghua.iot.benchmark.tsdb.DBWrapper -- DataClientService-thread-1 insert one batch latency (device: d_0, sg: g_0) ,0.15, ms, throughput ,333816.2541810486, points/s
11:49:47.369 [DataClientService-thread-1] INFO cn.edu.tsinghua.iot.benchmark.tsdb.DBWrapper -- DataClientService-thread-1 insert one batch latency (device: d_1, sg: g_0) ,0.16, ms, throughput ,313079.19651355006, points/s
11:49:47.369 [DataClientService-thread-1] INFO cn.edu.tsinghua.iot.benchmark.tsdb.DBWrapper -- DataClientService-thread-1 insert one batch latency (device: d_2, sg: g_0) ,0.20, ms, throughput ,247974.0519951992, points/s
11:49:47.369 [DataClientService-thread-1] INFO cn.edu.tsinghua.iot.benchmark.tsdb.DBWrapper -- DataClientService-thread-1 insert one batch latency (device: d_3, sg: g_0) ,0.17, ms, throughput ,300451.8796269589, points/s
11:49:47.370 [DataClientService-thread-1] INFO cn.edu.tsinghua.iot.benchmark.tsdb.DBWrapper -- DataClientService-thread-1 insert one batch latency (device: d_4, sg: g_0) ,0.15, ms, throughput ,340464.93892059, points/s
11:49:47.370 [DataClientService-thread-1] INFO cn.edu.tsinghua.iot.benchmark.tsdb.DBWrapper -- DataClientService-thread-1 insert one batch latency (device: d_5, sg: g_0) ,0.13, ms, throughput ,388479.25909235707, points/s
11:49:47.370 [DataClientService-thread-1] INFO cn.edu.tsinghua.iot.benchmark.tsdb.DBWrapper -- DataClientService-thread-1 insert one batch latency (device: d_6, sg: g_0) ,0.14, ms, throughput ,350616.38360237295, points/s
11:49:47.370 [DataClientService-thread-1] INFO cn.edu.tsinghua.iot.benchmark.tsdb.DBWrapper -- DataClientService-thread-1 insert one batch latency (device: d_7, sg: g_0) ,0.15, ms, throughput ,341887.3549542897, points/s
11:49:47.370 [DataClientService-thread-1] INFO cn.edu.tsinghua.iot.benchmark.tsdb.DBWrapper -- DataClientService-thread-1 insert one batch latency (device: d_8, sg: g_0) ,0.13, ms, throughput ,385314.8793193798, points/s
11:49:47.370 [DataClientService-thread-1] INFO cn.edu.tsinghua.iot.benchmark.tsdb.DBWrapper -- DataClientService-thread-1 insert one batch latency (device: d_9, sg: g_0) ,0.14, ms, throughput ,368088.223385381, points/s
11:49:47.371 [DataClientService-thread-1] INFO cn.edu.tsinghua.iot.benchmark.tsdb.DBWrapper -- DataClientService-thread-1 insert one batch latency (device: d_10, sg: g_0) ,0.14, ms, throughput ,364293.41648937715, points/s
11:49:47.371 [DataClientService-thread-1] INFO cn.edu.tsinghua.iot.benchmark.tsdb.DBWrapper -- DataClientService-thread-1 insert one batch latency (device: d_11, sg: g_0) ,0.13, ms, throughput ,382716.5218722492, points/s
11:49:47.371 [DataClientService-thread-1] INFO cn.edu.tsinghua.iot.benchmark.tsdb.DBWrapper -- DataClientService-thread-1 insert one batch latency (device: d_12, sg: g_0) ,0.12, ms, throughput ,406022.1200851022, points/s
11:49:47.371 [DataClientService-thread-1] INFO cn.edu.tsinghua.iot.benchmark.tsdb.DBWrapper -- DataClientService-thread-1 insert one batch latency (device: d_13, sg: g_0) ,0.13, ms, throughput ,397914.92578886636, points/s
11:49:47.371 [DataClientService-thread-1] INFO cn.edu.tsinghua.iot.benchmark.tsdb.DBWrapper -- DataClientService-thread-1 insert one batch latency (device: d_14, sg: g_0) ,0.13, ms, throughput ,393812.4192684541, points/s
11:49:47.371 [DataClientService-thread-1] INFO cn.edu.tsinghua.iot.benchmark.tsdb.DBWrapper -- DataClientService-thread-1 insert one batch latency (device: d_15, sg: g_0) ,0.13, ms, throughput ,394807.49186696566, points/s
11:49:47.371 [DataClientService-thread-1] INFO cn.edu.tsinghua.iot.benchmark.tsdb.DBWrapper -- DataClientService-thread-1 insert one batch latency (device: d_16, sg: g_0) ,0.12, ms, throughput ,428173.83857846283, points/s
11:49:47.372 [DataClientService-thread-1] INFO cn.edu.tsinghua.iot.benchmark.tsdb.DBWrapper -- DataClientService-thread-1 insert one batch latency (device: d_17, sg: g_0) ,0.11, ms, throughput ,458194.3477145266, points/s
11:49:47.372 [DataClientService-thread-1] INFO cn.edu.tsinghua.iot.benchmark.tsdb.DBWrapper -- DataClientService-thread-1 insert one batch latency (device: d_18, sg: g_0) ,0.12, ms, throughput ,424581.57485797745, points/s
11:49:47.372 [DataClientService-thread-1] INFO cn.edu.tsinghua.iot.benchmark.tsdb.DBWrapper -- DataClientService-thread-1 insert one batch latency (device: d_19, sg: g_0) ,0.13, ms, throughput ,379567.1416316832, points/s
11:49:47.372 [DataClientService-thread-1] INFO cn.edu.tsinghua.iot.benchmark.tsdb.DBWrapper -- DataClientService-thread-1 insert one batch latency (device: d_0, sg: g_0) ,0.12, ms, throughput ,415807.3315148693, points/s
11:49:47.372 [DataClientService-thread-1] INFO cn.edu.tsinghua.iot.benchmark.tsdb.DBWrapper -- DataClientService-thread-1 insert one batch latency (device: d_1, sg: g_0) ,0.14, ms, throughput ,365644.082050532, points/s
11:49:47.372 [DataClientService-thread-1] INFO cn.edu.tsinghua.iot.benchmark.tsdb.DBWrapper -- DataClientService-thread-1 insert one batch latency (device: d_2, sg: g_0) ,0.13, ms, throughput ,372497.7463886344, points/s
11:49:47.372 [DataClientService-thread-1] INFO cn.edu.tsinghua.iot.benchmark.tsdb.DBWrapper -- DataClientService-thread-1 insert one batch latency (device: d_3, sg: g_0) ,0.12, ms, throughput ,403342.90600496915, points/s
11:49:47.373 [DataClientService-thread-1] INFO cn.edu.tsinghua.iot.benchmark.tsdb.DBWrapper -- DataClientService-thread-1 insert one batch latency (device: d_4, sg: g_0) ,0.11, ms, throughput ,452251.30700627726, points/s
11:49:47.373 [DataClientService-thread-1] INFO cn.edu.tsinghua.iot.benchmark.tsdb.DBWrapper -- DataClientService-thread-1 insert one batch latency (device: d_5, sg: g_0) ,0.11, ms, throughput ,450016.6506160728, points/s
11:49:47.373 [DataClientService-thread-1] INFO cn.edu.tsinghua.iot.benchmark.tsdb.DBWrapper -- DataClientService-thread-1 insert one batch latency (device: d_6, sg: g_0) ,0.10, ms, throughput ,486438.10561544145, points/s
11:49:47.373 [DataClientService-thread-1] INFO cn.edu.tsinghua.iot.benchmark.tsdb.DBWrapper -- DataClientService-thread-1 insert one batch latency (device: d_7, sg: g_0) ,0.11, ms, throughput ,453811.10566537787, points/s
11:49:47.373 [DataClientService-thread-1] INFO cn.edu.tsinghua.iot.benchmark.tsdb.DBWrapper -- DataClientService-thread-1 insert one batch latency (device: d_8, sg: g_0) ,0.16, ms, throughput ,311468.2613841649, points/s
11:49:47.373 [DataClientService-thread-1] INFO cn.edu.tsinghua.iot.benchmark.tsdb.DBWrapper -- DataClientService-thread-1 insert one batch latency (device: d_9, sg: g_0) ,0.14, ms, throughput ,361689.81481481483, points/s
11:49:47.373 [DataClientService-thread-1] INFO cn.edu.tsinghua.iot.benchmark.tsdb.DBWrapper -- DataClientService-thread-1 insert one batch latency (device: d_10, sg: g_0) ,0.13, ms, throughput ,395544.5857857098, points/s
11:49:47.374 [DataClientService-thread-1] INFO cn.edu.tsinghua.iot.benchmark.tsdb.DBWrapper -- DataClientService-thread-1 insert one batch latency (device: d_11, sg: g_0) ,0.11, ms, throughput ,449264.5539252244, points/s
11:49:47.374 [DataClientService-thread-1] INFO cn.edu.tsinghua.iot.benchmark.tsdb.DBWrapper -- DataClientService-thread-1 insert one batch latency (device: d_12, sg: g_0) ,0.10, ms, throughput ,477564.0413379434, points/s
11:49:47.374 [DataClientService-thread-1] INFO cn.edu.tsinghua.iot.benchmark.tsdb.DBWrapper -- DataClientService-thread-1 insert one batch latency (device: d_13, sg: g_0) ,0.10, ms, throughput ,494515.81956106774, points/s
11:49:47.374 [DataClientService-thread-1] INFO cn.edu.tsinghua.iot.benchmark.tsdb.DBWrapper -- DataClientService-thread-1 insert one batch latency (device: d_14, sg: g_0) ,0.11, ms, throughput ,475705.7094199244, points/s
11:49:47.374 [DataClientService-thread-1] INFO cn.edu.tsinghua.iot.benchmark.tsdb.DBWrapper -- DataClientService-thread-1 insert one batch latency (device: d_15, sg: g_0) ,0.13, ms, throughput ,385594.200663222, points/s
11:49:47.374 [DataClientService-thread-1] INFO cn.edu.tsinghua.iot.benchmark.tsdb.DBWrapper -- DataClientService-thread-1 insert one batch latency (device: d_16, sg: g_0) ,0.14, ms, throughput ,361873.05493232975, points/s
11:49:47.374 [DataClientService-thread-1] INFO cn.edu.tsinghua.iot.benchmark.tsdb.DBWrapper -- DataClientService-thread-1 insert one batch latency (device: d_17, sg: g_0) ,0.14, ms, throughput ,361862.5790669735, points/s
11:49:47.375 [DataClientService-thread-1] INFO cn.edu.tsinghua.iot.benchmark.tsdb.DBWrapper -- DataClientService-thread-1 insert one batch latency (device: d_18, sg: g_0) ,0.12, ms, throughput ,422283.03097868315, points/s
11:49:47.375 [DataClientService-thread-1] INFO cn.edu.tsinghua.iot.benchmark.tsdb.DBWrapper -- DataClientService-thread-1 insert one batch latency (device: d_19, sg: g_0) ,0.12, ms, throughput ,419491.2410228874, points/s
11:49:47.376 [DataClientService-thread-1] INFO cn.edu.tsinghua.iot.benchmark.tsdb.DBWrapper -- DataClientService-thread-1 insert one batch latency (device: d_0, sg: g_0) ,0.94, ms, throughput ,53229.656157713085, points/s
11:49:47.376 [DataClientService-thread-1] INFO cn.edu.tsinghua.iot.benchmark.tsdb.DBWrapper -- DataClientService-thread-1 insert one batch latency (device: d_1, sg: g_0) ,0.44, ms, throughput ,114089.61054370545, points/s
11:49:47.376 [DataClientService-thread-1] INFO cn.edu.tsinghua.iot.benchmark.tsdb.DBWrapper -- DataClientService-thread-1 insert one batch latency (device: d_2, sg: g_0) ,0.15, ms, throughput ,332834.0822100183, points/s
11:49:47.376 [DataClientService-thread-1] INFO cn.edu.tsinghua.iot.benchmark.tsdb.DBWrapper -- DataClientService-thread-1 insert one batch latency (device: d_3, sg: g_0) ,0.14, ms, throughput ,370194.87057987327, points/s
11:49:47.377 [DataClientService-thread-1] INFO cn.edu.tsinghua.iot.benchmark.tsdb.DBWrapper -- DataClientService-thread-1 insert one batch latency (device: d_4, sg: g_0) ,0.11, ms, throughput ,436170.76957970584, points/s
11:49:47.377 [DataClientService-thread-1] INFO cn.edu.tsinghua.iot.benchmark.tsdb.DBWrapper -- DataClientService-thread-1 insert one batch latency (device: d_5, sg: g_0) ,0.10, ms, throughput ,490272.9839974898, points/s
11:49:47.377 [DataClientService-thread-1] INFO cn.edu.tsinghua.iot.benchmark.tsdb.DBWrapper -- DataClientService-thread-1 insert one batch latency (device: d_6, sg: g_0) ,0.11, ms, throughput ,451638.54463995376, points/s
11:49:47.377 [DataClientService-thread-1] INFO cn.edu.tsinghua.iot.benchmark.tsdb.DBWrapper -- DataClientService-thread-1 insert one batch latency (device: d_7, sg: g_0) ,0.11, ms, throughput ,468129.7281102539, points/s
11:49:47.377 [DataClientService-thread-1] INFO cn.edu.tsinghua.iot.benchmark.tsdb.DBWrapper -- DataClientService-thread-1 insert one batch latency (device: d_8, sg: g_0) ,0.11, ms, throughput ,464485.44302621554, points/s
11:49:47.377 [DataClientService-thread-1] INFO cn.edu.tsinghua.iot.benchmark.tsdb.DBWrapper -- DataClientService-thread-1 insert one batch latency (device: d_9, sg: g_0) ,0.10, ms, throughput ,495599.0801681072, points/s
11:49:47.377 [DataClientService-thread-1] INFO cn.edu.tsinghua.iot.benchmark.tsdb.DBWrapper -- DataClientService-thread-1 insert one batch latency (device: d_10, sg: g_0) ,0.10, ms, throughput ,489567.3204022285, points/s
11:49:47.377 [DataClientService-thread-1] INFO cn.edu.tsinghua.iot.benchmark.tsdb.DBWrapper -- DataClientService-thread-1 insert one batch latency (device: d_11, sg: g_0) ,0.11, ms, throughput ,464149.1218298615, points/s
11:49:47.378 [DataClientService-thread-1] INFO cn.edu.tsinghua.iot.benchmark.tsdb.DBWrapper -- DataClientService-thread-1 insert one batch latency (device: d_12, sg: g_0) ,0.14, ms, throughput ,352785.95065230125, points/s
11:49:47.378 [DataClientService-thread-1] INFO cn.edu.tsinghua.iot.benchmark.tsdb.DBWrapper -- DataClientService-thread-1 insert one batch latency (device: d_13, sg: g_0) ,0.14, ms, throughput ,367931.1232937194, points/s
11:49:47.378 [DataClientService-thread-1] INFO cn.edu.tsinghua.iot.benchmark.tsdb.DBWrapper -- DataClientService-thread-1 insert one batch latency (device: d_14, sg: g_0) ,0.17, ms, throughput ,291730.60429077374, points/s
11:49:47.378 [DataClientService-thread-1] INFO cn.edu.tsinghua.iot.benchmark.tsdb.DBWrapper -- DataClientService-thread-1 insert one batch latency (device: d_15, sg: g_0) ,0.14, ms, throughput ,367506.54161644075, points/s
11:49:47.378 [DataClientService-thread-1] INFO cn.edu.tsinghua.iot.benchmark.tsdb.DBWrapper -- DataClientService-thread-1 insert one batch latency (device: d_16, sg: g_0) ,0.12, ms, throughput ,401900.1840702843, points/s
11:49:47.378 [DataClientService-thread-1] INFO cn.edu.tsinghua.iot.benchmark.tsdb.DBWrapper -- DataClientService-thread-1 insert one batch latency (device: d_17, sg: g_0) ,0.13, ms, throughput ,372508.84708511824, points/s
11:49:47.379 [DataClientService-thread-1] INFO cn.edu.tsinghua.iot.benchmark.tsdb.DBWrapper -- DataClientService-thread-1 insert one batch latency (device: d_18, sg: g_0) ,0.15, ms, throughput ,333102.3823482386, points/s
11:49:47.379 [DataClientService-thread-1] INFO cn.edu.tsinghua.iot.benchmark.tsdb.DBWrapper -- DataClientService-thread-1 insert one batch latency (device: d_19, sg: g_0) ,0.10, ms, throughput ,484383.47671084246, points/s
11:49:47.379 [DataClientService-thread-1] INFO cn.edu.tsinghua.iot.benchmark.tsdb.DBWrapper -- DataClientService-thread-1 insert one batch latency (device: d_0, sg: g_0) ,0.17, ms, throughput ,295975.3274966999, points/s
11:49:47.379 [DataClientService-thread-1] INFO cn.edu.tsinghua.iot.benchmark.tsdb.DBWrapper -- DataClientService-thread-1 insert one batch latency (device: d_1, sg: g_0) ,0.11, ms, throughput ,436738.43734987115, points/s
11:49:47.379 [DataClientService-thread-1] INFO cn.edu.tsinghua.iot.benchmark.tsdb.DBWrapper -- DataClientService-thread-1 insert one batch latency (device: d_2, sg: g_0) ,0.15, ms, throughput ,337024.8791765808, points/s
11:49:47.380 [DataClientService-thread-1] INFO cn.edu.tsinghua.iot.benchmark.tsdb.DBWrapper -- DataClientService-thread-1 insert one batch latency (device: d_3, sg: g_0) ,0.23, ms, throughput ,213076.05110416008, points/s
11:49:47.380 [DataClientService-thread-1] INFO cn.edu.tsinghua.iot.benchmark.tsdb.DBWrapper -- DataClientService-thread-1 insert one batch latency (device: d_4, sg: g_0) ,0.17, ms, throughput ,301311.9120651316, points/s
11:49:47.380 [DataClientService-thread-1] INFO cn.edu.tsinghua.iot.benchmark.tsdb.DBWrapper -- DataClientService-thread-1 insert one batch latency (device: d_5, sg: g_0) ,0.15, ms, throughput ,326605.2648768698, points/s
11:49:47.381 [DataClientService-thread-1] INFO cn.edu.tsinghua.iot.benchmark.tsdb.DBWrapper -- DataClientService-thread-1 insert one batch latency (device: d_6, sg: g_0) ,0.99, ms, throughput ,50450.930416058734, points/s
11:49:47.381 [DataClientService-thread-1] INFO cn.edu.tsinghua.iot.benchmark.tsdb.DBWrapper -- DataClientService-thread-1 insert one batch latency (device: d_7, sg: g_0) ,0.20, ms, throughput ,251083.42497878344, points/s
11:49:47.381 [DataClientService-thread-1] INFO cn.edu.tsinghua.iot.benchmark.tsdb.DBWrapper -- DataClientService-thread-1 insert one batch latency (device: d_8, sg: g_0) ,0.18, ms, throughput ,285556.0060994763, points/s
11:49:47.382 [DataClientService-thread-1] INFO cn.edu.tsinghua.iot.benchmark.tsdb.DBWrapper -- DataClientService-thread-1 insert one batch latency (device: d_9, sg: g_0) ,0.15, ms, throughput ,331472.6667638986, points/s
11:49:47.382 [DataClientService-thread-1] INFO cn.edu.tsinghua.iot.benchmark.tsdb.DBWrapper -- DataClientService-thread-1 insert one batch latency (device: d_10, sg: g_0) ,0.16, ms, throughput ,318211.9036708925, points/s
11:49:47.382 [DataClientService-thread-1] INFO cn.edu.tsinghua.iot.benchmark.tsdb.DBWrapper -- DataClientService-thread-1 insert one batch latency (device: d_11, sg: g_0) ,0.16, ms, throughput ,310418.25756023667, points/s
11:49:47.382 [DataClientService-thread-1] INFO cn.edu.tsinghua.iot.benchmark.tsdb.DBWrapper -- DataClientService-thread-1 insert one batch latency (device: d_12, sg: g_0) ,0.18, ms, throughput ,284952.24200424005, points/s
11:49:47.382 [DataClientService-thread-1] INFO cn.edu.tsinghua.iot.benchmark.tsdb.DBWrapper -- DataClientService-thread-1 insert one batch latency (device: d_13, sg: g_0) ,0.15, ms, throughput ,342841.4701042238, points/s
11:49:47.382 [DataClientService-thread-1] INFO cn.edu.tsinghua.iot.benchmark.tsdb.DBWrapper -- DataClientService-thread-1 insert one batch latency (device: d_14, sg: g_0) ,0.16, ms, throughput ,321444.1844318153, points/s
11:49:47.383 [DataClientService-thread-1] INFO cn.edu.tsinghua.iot.benchmark.tsdb.DBWrapper -- DataClientService-thread-1 insert one batch latency (device: d_15, sg: g_0) ,0.15, ms, throughput ,333451.15274063504, points/s
11:49:47.383 [DataClientService-thread-1] INFO cn.edu.tsinghua.iot.benchmark.tsdb.DBWrapper -- DataClientService-thread-1 insert one batch latency (device: d_16, sg: g_0) ,0.15, ms, throughput ,333542.3532080103, points/s
11:49:47.383 [DataClientService-thread-1] INFO cn.edu.tsinghua.iot.benchmark.tsdb.DBWrapper -- DataClientService-thread-1 insert one batch latency (device: d_17, sg: g_0) ,0.16, ms, throughput ,312137.1405740826, points/s
11:49:47.383 [DataClientService-thread-1] INFO cn.edu.tsinghua.iot.benchmark.tsdb.DBWrapper -- DataClientService-thread-1 insert one batch latency (device: d_18, sg: g_0) ,0.15, ms, throughput ,328047.39628781565, points/s
11:49:47.383 [DataClientService-thread-1] INFO cn.edu.tsinghua.iot.benchmark.tsdb.DBWrapper -- DataClientService-thread-1 insert one batch latency (device: d_19, sg: g_0) ,0.14, ms, throughput ,345932.1834547555, points/s
11:49:47.384 [DataClientService-thread-1] INFO cn.edu.tsinghua.iot.benchmark.tsdb.DBWrapper -- DataClientService-thread-1 insert one batch latency (device: d_0, sg: g_0) ,0.17, ms, throughput ,291745.9243094374, points/s
11:49:47.384 [DataClientService-thread-1] INFO cn.edu.tsinghua.iot.benchmark.tsdb.DBWrapper -- DataClientService-thread-1 insert one batch latency (device: d_1, sg: g_0) ,0.16, ms, throughput ,313621.19577489526, points/s
11:49:47.384 [DataClientService-thread-1] INFO cn.edu.tsinghua.iot.benchmark.tsdb.DBWrapper -- DataClientService-thread-1 insert one batch latency (device: d_2, sg: g_0) ,0.14, ms, throughput ,348203.96395392565, points/s
11:49:47.384 [DataClientService-thread-1] INFO cn.edu.tsinghua.iot.benchmark.tsdb.DBWrapper -- DataClientService-thread-1 insert one batch latency (device: d_3, sg: g_0) ,0.13, ms, throughput ,375589.67579099187, points/s
11:49:47.384 [DataClientService-thread-1] INFO cn.edu.tsinghua.iot.benchmark.tsdb.DBWrapper -- DataClientService-thread-1 insert one batch latency (device: d_4, sg: g_0) ,0.13, ms, throughput ,390365.7727290471, points/s
11:49:47.385 [DataClientService-thread-1] INFO cn.edu.tsinghua.iot.benchmark.tsdb.DBWrapper -- DataClientService-thread-1 insert one batch latency (device: d_5, sg: g_0) ,0.39, ms, throughput ,126952.52991001605, points/s
11:49:47.385 [DataClientService-thread-1] INFO cn.edu.tsinghua.iot.benchmark.tsdb.DBWrapper -- DataClientService-thread-1 insert one batch latency (device: d_6, sg: g_0) ,0.27, ms, throughput ,184225.16736856455, points/s
11:49:47.385 [DataClientService-thread-1] INFO cn.edu.tsinghua.iot.benchmark.tsdb.DBWrapper -- DataClientService-thread-1 insert one batch latency (device: d_7, sg: g_0) ,0.15, ms, throughput ,338659.31550179154, points/s
11:49:47.385 [DataClientService-thread-1] INFO cn.edu.tsinghua.iot.benchmark.tsdb.DBWrapper -- DataClientService-thread-1 insert one batch latency (device: d_8, sg: g_0) ,0.13, ms, throughput ,399268.5400346565, points/s
11:49:47.385 [DataClientService-thread-1] INFO cn.edu.tsinghua.iot.benchmark.tsdb.DBWrapper -- DataClientService-thread-1 insert one batch latency (device: d_9, sg: g_0) ,0.16, ms, throughput ,307673.3739462187, points/s
11:49:47.386 [DataClientService-thread-1] INFO cn.edu.tsinghua.iot.benchmark.tsdb.DBWrapper -- DataClientService-thread-1 insert one batch latency (device: d_10, sg: g_0) ,0.14, ms, throughput ,347214.98857662687, points/s
11:49:47.386 [DataClientService-thread-1] INFO cn.edu.tsinghua.iot.benchmark.tsdb.DBWrapper -- DataClientService-thread-1 insert one batch latency (device: d_11, sg: g_0) ,0.13, ms, throughput ,374033.12437349453, points/s
11:49:47.386 [DataClientService-thread-1] INFO cn.edu.tsinghua.iot.benchmark.tsdb.DBWrapper -- DataClientService-thread-1 insert one batch latency (device: d_12, sg: g_0) ,0.13, ms, throughput ,386610.89160203823, points/s
11:49:47.386 [DataClientService-thread-1] INFO cn.edu.tsinghua.iot.benchmark.tsdb.DBWrapper -- DataClientService-thread-1 insert one batch latency (device: d_13, sg: g_0) ,0.12, ms, throughput ,424188.9507262115, points/s
11:49:47.386 [DataClientService-thread-1] INFO cn.edu.tsinghua.iot.benchmark.tsdb.DBWrapper -- DataClientService-thread-1 insert one batch latency (device: d_14, sg: g_0) ,0.12, ms, throughput ,412847.824291966, points/s
11:49:47.386 [DataClientService-thread-1] INFO cn.edu.tsinghua.iot.benchmark.tsdb.DBWrapper -- DataClientService-thread-1 insert one batch latency (device: d_15, sg: g_0) ,0.13, ms, throughput ,389165.62889165623, points/s
11:49:47.386 [DataClientService-thread-1] INFO cn.edu.tsinghua.iot.benchmark.tsdb.DBWrapper -- DataClientService-thread-1 insert one batch latency (device: d_16, sg: g_0) ,0.14, ms, throughput ,366163.55793805973, points/s
11:49:47.387 [DataClientService-thread-1] INFO cn.edu.tsinghua.iot.benchmark.tsdb.DBWrapper -- DataClientService-thread-1 insert one batch latency (device: d_17, sg: g_0) ,0.12, ms, throughput ,426090.36524466105, points/s
11:49:47.387 [DataClientService-thread-1] INFO cn.edu.tsinghua.iot.benchmark.tsdb.DBWrapper -- DataClientService-thread-1 insert one batch latency (device: d_18, sg: g_0) ,0.12, ms, throughput ,416153.41079335485, points/s
11:49:47.387 [DataClientService-thread-1] INFO cn.edu.tsinghua.iot.benchmark.tsdb.DBWrapper -- DataClientService-thread-1 insert one batch latency (device: d_19, sg: g_0) ,0.11, ms, throughput ,439939.4643297082, points/s
11:49:47.387 [DataClientService-thread-1] INFO cn.edu.tsinghua.iot.benchmark.tsdb.DBWrapper -- DataClientService-thread-1 insert one batch latency (device: d_0, sg: g_0) ,0.12, ms, throughput ,416371.7366865137, points/s
11:49:47.387 [DataClientService-thread-1] INFO cn.edu.tsinghua.iot.benchmark.tsdb.DBWrapper -- DataClientService-thread-1 insert one batch latency (device: d_1, sg: g_0) ,0.11, ms, throughput ,443030.684305195, points/s
11:49:47.387 [DataClientService-thread-1] INFO cn.edu.tsinghua.iot.benchmark.tsdb.DBWrapper -- DataClientService-thread-1 insert one batch latency (device: d_2, sg: g_0) ,0.12, ms, throughput ,425636.96571919875, points/s
11:49:47.387 [DataClientService-thread-1] INFO cn.edu.tsinghua.iot.benchmark.tsdb.DBWrapper -- DataClientService-thread-1 insert one batch latency (device: d_3, sg: g_0) ,0.12, ms, throughput ,406629.6904734796, points/s
11:49:47.388 [DataClientService-thread-1] INFO cn.edu.tsinghua.iot.benchmark.tsdb.DBWrapper -- DataClientService-thread-1 insert one batch latency (device: d_4, sg: g_0) ,0.12, ms, throughput ,407258.98413318995, points/s
11:49:47.388 [DataClientService-thread-1] INFO cn.edu.tsinghua.iot.benchmark.tsdb.DBWrapper -- DataClientService-thread-1 insert one batch latency (device: d_5, sg: g_0) ,0.13, ms, throughput ,390817.3554171194, points/s
11:49:47.388 [DataClientService-thread-1] INFO cn.edu.tsinghua.iot.benchmark.tsdb.DBWrapper -- DataClientService-thread-1 insert one batch latency (device: d_6, sg: g_0) ,0.14, ms, throughput ,357638.44184083655, points/s
11:49:47.388 [DataClientService-thread-1] INFO cn.edu.tsinghua.iot.benchmark.tsdb.DBWrapper -- DataClientService-thread-1 insert one batch latency (device: d_7, sg: g_0) ,0.13, ms, throughput ,374686.2003072427, points/s
11:49:47.388 [DataClientService-thread-1] INFO cn.edu.tsinghua.iot.benchmark.tsdb.DBWrapper -- DataClientService-thread-1 insert one batch latency (device: d_8, sg: g_0) ,0.14, ms, throughput ,367196.16353448335, points/s
11:49:47.388 [DataClientService-thread-1] INFO cn.edu.tsinghua.iot.benchmark.tsdb.DBWrapper -- DataClientService-thread-1 insert one batch latency (device: d_9, sg: g_0) ,0.13, ms, throughput ,386865.15428182355, points/s
11:49:47.388 [DataClientService-thread-1] INFO cn.edu.tsinghua.iot.benchmark.tsdb.DBWrapper -- DataClientService-thread-1 insert one batch latency (device: d_10, sg: g_0) ,0.15, ms, throughput ,329036.1215854276, points/s
11:49:47.389 [DataClientService-thread-1] INFO cn.edu.tsinghua.iot.benchmark.tsdb.DBWrapper -- DataClientService-thread-1 insert one batch latency (device: d_11, sg: g_0) ,0.16, ms, throughput ,320469.6803635408, points/s
11:49:47.389 [DataClientService-thread-1] INFO cn.edu.tsinghua.iot.benchmark.tsdb.DBWrapper -- DataClientService-thread-1 insert one batch latency (device: d_12, sg: g_0) ,0.14, ms, throughput ,349379.1532446842, points/s
11:49:47.389 [DataClientService-thread-1] INFO cn.edu.tsinghua.iot.benchmark.tsdb.DBWrapper -- DataClientService-thread-1 insert one batch latency (device: d_13, sg: g_0) ,0.14, ms, throughput ,360857.1078024524, points/s
11:49:47.389 [DataClientService-thread-1] INFO cn.edu.tsinghua.iot.benchmark.tsdb.DBWrapper -- DataClientService-thread-1 insert one batch latency (device: d_14, sg: g_0) ,0.13, ms, throughput ,382330.2262630279, points/s
11:49:47.389 [DataClientService-thread-1] INFO cn.edu.tsinghua.iot.benchmark.tsdb.DBWrapper -- DataClientService-thread-1 insert one batch latency (device: d_15, sg: g_0) ,0.12, ms, throughput ,407571.0396322079, points/s
11:49:47.389 [DataClientService-thread-1] INFO cn.edu.tsinghua.iot.benchmark.tsdb.DBWrapper -- DataClientService-thread-1 insert one batch latency (device: d_16, sg: g_0) ,0.15, ms, throughput ,335466.90283536626, points/s
11:49:47.390 [DataClientService-thread-1] INFO cn.edu.tsinghua.iot.benchmark.tsdb.DBWrapper -- DataClientService-thread-1 insert one batch latency (device: d_17, sg: g_0) ,0.13, ms, throughput ,391855.67171899247, points/s
11:49:47.390 [DataClientService-thread-1] INFO cn.edu.tsinghua.iot.benchmark.tsdb.DBWrapper -- DataClientService-thread-1 insert one batch latency (device: d_18, sg: g_0) ,0.13, ms, throughput ,399309.99233324814, points/s
11:49:47.390 [DataClientService-thread-1] INFO cn.edu.tsinghua.iot.benchmark.tsdb.DBWrapper -- DataClientService-thread-1 insert one batch latency (device: d_19, sg: g_0) ,0.13, ms, throughput ,375476.8556066204, points/s
11:49:47.390 [DataClientService-thread-1] INFO cn.edu.tsinghua.iot.benchmark.tsdb.DBWrapper -- DataClientService-thread-1 insert one batch latency (device: d_0, sg: g_0) ,0.13, ms, throughput ,376613.790090538, points/s
11:49:47.390 [DataClientService-thread-1] INFO cn.edu.tsinghua.iot.benchmark.tsdb.DBWrapper -- DataClientService-thread-1 insert one batch latency (device: d_1, sg: g_0) ,0.12, ms, throughput ,424174.5563134141, points/s
11:49:47.390 [DataClientService-thread-1] INFO cn.edu.tsinghua.iot.benchmark.tsdb.DBWrapper -- DataClientService-thread-1 insert one batch latency (device: d_2, sg: g_0) ,0.12, ms, throughput ,413158.2644047629, points/s
11:49:47.390 [DataClientService-thread-1] INFO cn.edu.tsinghua.iot.benchmark.tsdb.DBWrapper -- DataClientService-thread-1 insert one batch latency (device: d_3, sg: g_0) ,0.12, ms, throughput ,423617.5242097415, points/s
11:49:47.391 [DataClientService-thread-1] INFO cn.edu.tsinghua.iot.benchmark.tsdb.DBWrapper -- DataClientService-thread-1 insert one batch latency (device: d_4, sg: g_0) ,0.12, ms, throughput ,428566.53066822095, points/s
11:49:47.391 [DataClientService-thread-1] INFO cn.edu.tsinghua.iot.benchmark.tsdb.DBWrapper -- DataClientService-thread-1 insert one batch latency (device: d_5, sg: g_0) ,0.11, ms, throughput ,443966.9333428046, points/s
11:49:47.391 [DataClientService-thread-1] INFO cn.edu.tsinghua.iot.benchmark.tsdb.DBWrapper -- DataClientService-thread-1 insert one batch latency (device: d_6, sg: g_0) ,0.12, ms, throughput ,429354.07972246554, points/s
11:49:47.391 [DataClientService-thread-1] INFO cn.edu.tsinghua.iot.benchmark.tsdb.DBWrapper -- DataClientService-thread-1 insert one batch latency (device: d_7, sg: g_0) ,0.15, ms, throughput ,330781.9022605635, points/s
11:49:47.391 [DataClientService-thread-1] INFO cn.edu.tsinghua.iot.benchmark.tsdb.DBWrapper -- DataClientService-thread-1 insert one batch latency (device: d_8, sg: g_0) ,0.15, ms, throughput ,326000.49552075315, points/s
11:49:47.391 [DataClientService-thread-1] INFO cn.edu.tsinghua.iot.benchmark.tsdb.DBWrapper -- DataClientService-thread-1 insert one batch latency (device: d_9, sg: g_0) ,0.14, ms, throughput ,368085.51362652576, points/s
11:49:47.391 [DataClientService-thread-1] INFO cn.edu.tsinghua.iot.benchmark.tsdb.DBWrapper -- DataClientService-thread-1 insert one batch latency (device: d_10, sg: g_0) ,0.15, ms, throughput ,344461.7440787026, points/s
11:49:47.392 [DataClientService-thread-1] INFO cn.edu.tsinghua.iot.benchmark.tsdb.DBWrapper -- DataClientService-thread-1 insert one batch latency (device: d_11, sg: g_0) ,0.14, ms, throughput ,365825.99852206296, points/s
11:49:47.392 [DataClientService-thread-1] INFO cn.edu.tsinghua.iot.benchmark.tsdb.DBWrapper -- DataClientService-thread-1 insert one batch latency (device: d_12, sg: g_0) ,0.17, ms, throughput ,300583.73361067194, points/s
11:49:47.392 [DataClientService-thread-1] INFO cn.edu.tsinghua.iot.benchmark.tsdb.DBWrapper -- DataClientService-thread-1 insert one batch latency (device: d_13, sg: g_0) ,0.13, ms, throughput ,390432.83383959456, points/s
11:49:47.392 [DataClientService-thread-1] INFO cn.edu.tsinghua.iot.benchmark.tsdb.DBWrapper -- DataClientService-thread-1 insert one batch latency (device: d_14, sg: g_0) ,0.15, ms, throughput ,323296.06807322014, points/s
11:49:47.392 [DataClientService-thread-1] INFO cn.edu.tsinghua.iot.benchmark.tsdb.DBWrapper -- DataClientService-thread-1 insert one batch latency (device: d_15, sg: g_0) ,0.18, ms, throughput ,274759.99714249605, points/s
11:49:47.393 [DataClientService-thread-1] INFO cn.edu.tsinghua.iot.benchmark.tsdb.DBWrapper -- DataClientService-thread-1 insert one batch latency (device: d_16, sg: g_0) ,0.14, ms, throughput ,351671.8479652267, points/s
11:49:47.393 [DataClientService-thread-1] INFO cn.edu.tsinghua.iot.benchmark.tsdb.DBWrapper -- DataClientService-thread-1 insert one batch latency (device: d_17, sg: g_0) ,0.15, ms, throughput ,342022.9976263604, points/s
11:49:47.393 [DataClientService-thread-1] INFO cn.edu.tsinghua.iot.benchmark.tsdb.DBWrapper -- DataClientService-thread-1 insert one batch latency (device: d_18, sg: g_0) ,0.14, ms, throughput ,365368.8764176312, points/s
11:49:47.393 [DataClientService-thread-1] INFO cn.edu.tsinghua.iot.benchmark.tsdb.DBWrapper -- DataClientService-thread-1 insert one batch latency (device: d_19, sg: g_0) ,0.12, ms, throughput ,425796.45226395974, points/s
11:49:47.393 [DataClientService-thread-1] INFO cn.edu.tsinghua.iot.benchmark.tsdb.DBWrapper -- DataClientService-thread-1 insert one batch latency (device: d_0, sg: g_0) ,0.11, ms, throughput ,439263.09223646414, points/s
11:49:47.393 [DataClientService-thread-1] INFO cn.edu.tsinghua.iot.benchmark.tsdb.DBWrapper -- DataClientService-thread-1 insert one batch latency (device: d_1, sg: g_0) ,0.13, ms, throughput ,395181.94176598906, points/s
11:49:47.393 [DataClientService-thread-1] INFO cn.edu.tsinghua.iot.benchmark.tsdb.DBWrapper -- DataClientService-thread-1 insert one batch latency (device: d_2, sg: g_0) ,0.12, ms, throughput ,404050.1991967482, points/s
11:49:47.394 [DataClientService-thread-1] INFO cn.edu.tsinghua.iot.benchmark.tsdb.DBWrapper -- DataClientService-thread-1 insert one batch latency (device: d_3, sg: g_0) ,0.14, ms, throughput ,356061.95478013175, points/s
11:49:47.396 [DataClientService-thread-1] INFO cn.edu.tsinghua.iot.benchmark.tsdb.DBWrapper -- DataClientService-thread-1 insert one batch latency (device: d_4, sg: g_0) ,2.47, ms, throughput ,20234.403423013555, points/s
11:49:47.397 [DataClientService-thread-1] INFO cn.edu.tsinghua.iot.benchmark.tsdb.DBWrapper -- DataClientService-thread-1 insert one batch latency (device: d_5, sg: g_0) ,0.36, ms, throughput ,139280.42162969237, points/s
11:49:47.397 [DataClientService-thread-1] INFO cn.edu.tsinghua.iot.benchmark.tsdb.DBWrapper -- DataClientService-thread-1 insert one batch latency (device: d_6, sg: g_0) ,0.20, ms, throughput ,256193.47731406757, points/s
11:49:47.397 [DataClientService-thread-1] INFO cn.edu.tsinghua.iot.benchmark.tsdb.DBWrapper -- DataClientService-thread-1 insert one batch latency (device: d_7, sg: g_0) ,0.18, ms, throughput ,279914.4581415919, points/s
11:49:47.397 [DataClientService-thread-1] INFO cn.edu.tsinghua.iot.benchmark.tsdb.DBWrapper -- DataClientService-thread-1 insert one batch latency (device: d_8, sg: g_0) ,0.16, ms, throughput ,304941.26831172314, points/s
11:49:47.397 [DataClientService-thread-1] INFO cn.edu.tsinghua.iot.benchmark.tsdb.DBWrapper -- DataClientService-thread-1 insert one batch latency (device: d_9, sg: g_0) ,0.12, ms, throughput ,421229.99157540017, points/s
11:49:47.397 [DataClientService-thread-1] INFO cn.edu.tsinghua.iot.benchmark.tsdb.DBWrapper -- DataClientService-thread-1 insert one batch latency (device: d_10, sg: g_0) ,0.14, ms, throughput ,367706.5407639471, points/s
11:49:47.398 [DataClientService-thread-1] INFO cn.edu.tsinghua.iot.benchmark.tsdb.DBWrapper -- DataClientService-thread-1 insert one batch latency (device: d_11, sg: g_0) ,0.14, ms, throughput ,351934.2305309984, points/s
11:49:47.398 [DataClientService-thread-1] INFO cn.edu.tsinghua.iot.benchmark.tsdb.DBWrapper -- DataClientService-thread-1 insert one batch latency (device: d_12, sg: g_0) ,0.12, ms, throughput ,426992.7752822422, points/s
11:49:47.398 [DataClientService-thread-1] INFO cn.edu.tsinghua.iot.benchmark.tsdb.DBWrapper -- DataClientService-thread-1 insert one batch latency (device: d_13, sg: g_0) ,0.13, ms, throughput ,387825.38549843314, points/s
11:49:47.398 [DataClientService-thread-1] INFO cn.edu.tsinghua.iot.benchmark.tsdb.DBWrapper -- DataClientService-thread-1 insert one batch latency (device: d_14, sg: g_0) ,0.11, ms, throughput ,436383.9480528548, points/s
11:49:47.398 [DataClientService-thread-1] INFO cn.edu.tsinghua.iot.benchmark.tsdb.DBWrapper -- DataClientService-thread-1 insert one batch latency (device: d_15, sg: g_0) ,0.11, ms, throughput ,462808.69339849683, points/s
11:49:47.398 [DataClientService-thread-1] INFO cn.edu.tsinghua.iot.benchmark.tsdb.DBWrapper -- DataClientService-thread-1 insert one batch latency (device: d_16, sg: g_0) ,0.11, ms, throughput ,441567.3875990215, points/s
11:49:47.398 [DataClientService-thread-1] INFO cn.edu.tsinghua.iot.benchmark.tsdb.DBWrapper -- DataClientService-thread-1 insert one batch latency (device: d_17, sg: g_0) ,0.13, ms, throughput ,399702.6212497901, points/s
11:49:47.399 [DataClientService-thread-1] INFO cn.edu.tsinghua.iot.benchmark.tsdb.DBWrapper -- DataClientService-thread-1 insert one batch latency (device: d_18, sg: g_0) ,0.12, ms, throughput ,404177.57946131215, points/s
11:49:47.400 [DataClientService-thread-1] INFO cn.edu.tsinghua.iot.benchmark.tsdb.DBWrapper -- DataClientService-thread-1 insert one batch latency (device: d_19, sg: g_0) ,1.16, ms, throughput ,43098.72970804059, points/s
11:49:47.400 [DataClientService-thread-1] INFO cn.edu.tsinghua.iot.benchmark.tsdb.DBWrapper -- DataClientService-thread-1 insert one batch latency (device: d_0, sg: g_0) ,0.32, ms, throughput ,156591.074935093, points/s
11:49:47.400 [DataClientService-thread-1] INFO cn.edu.tsinghua.iot.benchmark.tsdb.DBWrapper -- DataClientService-thread-1 insert one batch latency (device: d_1, sg: g_0) ,0.14, ms, throughput ,348558.3626122358, points/s
11:49:47.400 [DataClientService-thread-1] INFO cn.edu.tsinghua.iot.benchmark.tsdb.DBWrapper -- DataClientService-thread-1 insert one batch latency (device: d_2, sg: g_0) ,0.14, ms, throughput ,363805.6986524637, points/s
11:49:47.401 [DataClientService-thread-1] INFO cn.edu.tsinghua.iot.benchmark.tsdb.DBWrapper -- DataClientService-thread-1 insert one batch latency (device: d_3, sg: g_0) ,0.12, ms, throughput ,419150.13119399105, points/s
11:49:47.401 [DataClientService-thread-1] INFO cn.edu.tsinghua.iot.benchmark.tsdb.DBWrapper -- DataClientService-thread-1 insert one batch latency (device: d_4, sg: g_0) ,0.14, ms, throughput ,359167.0198475695, points/s
11:49:47.401 [DataClientService-thread-1] INFO cn.edu.tsinghua.iot.benchmark.tsdb.DBWrapper -- DataClientService-thread-1 insert one batch latency (device: d_5, sg: g_0) ,0.17, ms, throughput ,301839.40936064377, points/s
11:49:47.401 [DataClientService-thread-1] INFO cn.edu.tsinghua.iot.benchmark.tsdb.DBWrapper -- DataClientService-thread-1 insert one batch latency (device: d_6, sg: g_0) ,0.20, ms, throughput ,254017.28333595817, points/s
11:49:47.401 [DataClientService-thread-1] INFO cn.edu.tsinghua.iot.benchmark.tsdb.DBWrapper -- DataClientService-thread-1 insert one batch latency (device: d_7, sg: g_0) ,0.18, ms, throughput ,277108.0998697592, points/s
11:49:47.402 [DataClientService-thread-1] INFO cn.edu.tsinghua.iot.benchmark.tsdb.DBWrapper -- DataClientService-thread-1 insert one batch latency (device: d_8, sg: g_0) ,0.69, ms, throughput ,72900.0059778005, points/s
11:49:47.402 [DataClientService-thread-1] INFO cn.edu.tsinghua.iot.benchmark.tsdb.DBWrapper -- DataClientService-thread-1 insert one batch latency (device: d_9, sg: g_0) ,0.19, ms, throughput ,264684.70757633506, points/s
11:49:47.402 [DataClientService-thread-1] INFO cn.edu.tsinghua.iot.benchmark.tsdb.DBWrapper -- DataClientService-thread-1 insert one batch latency (device: d_10, sg: g_0) ,0.18, ms, throughput ,280974.6448480489, points/s
11:49:47.403 [DataClientService-thread-1] INFO cn.edu.tsinghua.iot.benchmark.tsdb.DBWrapper -- DataClientService-thread-1 insert one batch latency (device: d_11, sg: g_0) ,0.17, ms, throughput ,296136.6018917206, points/s
11:49:47.403 [DataClientService-thread-1] INFO cn.edu.tsinghua.iot.benchmark.tsdb.DBWrapper -- DataClientService-thread-1 insert one batch latency (device: d_12, sg: g_0) ,0.17, ms, throughput ,286457.4381538391, points/s
11:49:47.403 [DataClientService-thread-1] INFO cn.edu.tsinghua.iot.benchmark.tsdb.DBWrapper -- DataClientService-thread-1 insert one batch latency (device: d_13, sg: g_0) ,0.15, ms, throughput ,340992.0139670329, points/s
11:49:47.403 [DataClientService-thread-1] INFO cn.edu.tsinghua.iot.benchmark.tsdb.DBWrapper -- DataClientService-thread-1 insert one batch latency (device: d_14, sg: g_0) ,0.14, ms, throughput ,350211.17733993597, points/s
11:49:47.403 [DataClientService-thread-1] INFO cn.edu.tsinghua.iot.benchmark.tsdb.DBWrapper -- DataClientService-thread-1 insert one batch latency (device: d_15, sg: g_0) ,0.19, ms, throughput ,263471.2868991537, points/s
11:49:47.404 [DataClientService-thread-1] INFO cn.edu.tsinghua.iot.benchmark.tsdb.DBWrapper -- DataClientService-thread-1 insert one batch latency (device: d_16, sg: g_0) ,0.15, ms, throughput ,323028.7172529638, points/s
11:49:47.404 [DataClientService-thread-1] INFO cn.edu.tsinghua.iot.benchmark.tsdb.DBWrapper -- DataClientService-thread-1 insert one batch latency (device: d_17, sg: g_0) ,0.14, ms, throughput ,344963.192427368, points/s
11:49:47.404 [DataClientService-thread-1] INFO cn.edu.tsinghua.iot.benchmark.tsdb.DBWrapper -- DataClientService-thread-1 insert one batch latency (device: d_18, sg: g_0) ,0.19, ms, throughput ,260267.5550465879, points/s
11:49:47.404 [DataClientService-thread-1] INFO cn.edu.tsinghua.iot.benchmark.tsdb.DBWrapper -- DataClientService-thread-1 insert one batch latency (device: d_19, sg: g_0) ,0.16, ms, throughput ,310993.6246306951, points/s
11:49:47.404 [DataClientService-thread-1] INFO cn.edu.tsinghua.iot.benchmark.tsdb.DBWrapper -- DataClientService-thread-1 insert one batch latency (device: d_0, sg: g_0) ,0.14, ms, throughput ,347284.9264450526, points/s
11:49:47.404 [DataClientService-thread-1] INFO cn.edu.tsinghua.iot.benchmark.tsdb.DBWrapper -- DataClientService-thread-1 insert one batch latency (device: d_1, sg: g_0) ,0.15, ms, throughput ,339510.1547487285, points/s
11:49:47.405 [DataClientService-thread-1] INFO cn.edu.tsinghua.iot.benchmark.tsdb.DBWrapper -- DataClientService-thread-1 insert one batch latency (device: d_2, sg: g_0) ,0.15, ms, throughput ,332524.1911349051, points/s
11:49:47.405 [DataClientService-thread-1] INFO cn.edu.tsinghua.iot.benchmark.tsdb.DBWrapper -- DataClientService-thread-1 insert one batch latency (device: d_3, sg: g_0) ,0.15, ms, throughput ,340457.98408018466, points/s
11:49:47.405 [DataClientService-thread-1] INFO cn.edu.tsinghua.iot.benchmark.tsdb.DBWrapper -- DataClientService-thread-1 insert one batch latency (device: d_4, sg: g_0) ,0.19, ms, throughput ,263106.6581770918, points/s
11:49:47.405 [DataClientService-thread-1] INFO cn.edu.tsinghua.iot.benchmark.tsdb.DBWrapper -- DataClientService-thread-1 insert one batch latency (device: d_5, sg: g_0) ,0.17, ms, throughput ,300248.0048520077, points/s
11:49:47.405 [DataClientService-thread-1] INFO cn.edu.tsinghua.iot.benchmark.tsdb.DBWrapper -- DataClientService-thread-1 insert one batch latency (device: d_6, sg: g_0) ,0.15, ms, throughput ,329708.7353032331, points/s
11:49:47.405 [DataClientService-thread-1] INFO cn.edu.tsinghua.iot.benchmark.tsdb.DBWrapper -- DataClientService-thread-1 insert one batch latency (device: d_7, sg: g_0) ,0.16, ms, throughput ,319074.93793992454, points/s
11:49:47.406 [DataClientService-thread-1] INFO cn.edu.tsinghua.iot.benchmark.tsdb.DBWrapper -- DataClientService-thread-1 insert one batch latency (device: d_8, sg: g_0) ,0.20, ms, throughput ,255605.42701442636, points/s
11:49:47.406 [DataClientService-thread-1] INFO cn.edu.tsinghua.iot.benchmark.tsdb.DBWrapper -- DataClientService-thread-1 insert one batch latency (device: d_9, sg: g_0) ,0.16, ms, throughput ,309672.3047670955, points/s
11:49:47.406 [DataClientService-thread-1] INFO cn.edu.tsinghua.iot.benchmark.tsdb.DBWrapper -- DataClientService-thread-1 insert one batch latency (device: d_10, sg: g_0) ,0.14, ms, throughput ,361402.2406938923, points/s
11:49:47.406 [DataClientService-thread-1] INFO cn.edu.tsinghua.iot.benchmark.tsdb.DBWrapper -- DataClientService-thread-1 insert one batch latency (device: d_11, sg: g_0) ,0.13, ms, throughput ,387047.83137100085, points/s
11:49:47.406 [DataClientService-thread-1] INFO cn.edu.tsinghua.iot.benchmark.tsdb.DBWrapper -- DataClientService-thread-1 insert one batch latency (device: d_12, sg: g_0) ,0.15, ms, throughput ,341462.4152319554, points/s
11:49:47.407 [DataClientService-thread-1] INFO cn.edu.tsinghua.iot.benchmark.tsdb.DBWrapper -- DataClientService-thread-1 insert one batch latency (device: d_13, sg: g_0) ,0.14, ms, throughput ,348653.1528704614, points/s
11:49:47.407 [DataClientService-thread-1] INFO cn.edu.tsinghua.iot.benchmark.tsdb.DBWrapper -- DataClientService-thread-1 insert one batch latency (device: d_14, sg: g_0) ,0.14, ms, throughput ,352708.80361173814, points/s
11:49:47.407 [DataClientService-thread-1] INFO cn.edu.tsinghua.iot.benchmark.tsdb.DBWrapper -- DataClientService-thread-1 insert one batch latency (device: d_15, sg: g_0) ,0.13, ms, throughput ,385291.1259747865, points/s
11:49:47.407 [DataClientService-thread-1] INFO cn.edu.tsinghua.iot.benchmark.tsdb.DBWrapper -- DataClientService-thread-1 insert one batch latency (device: d_16, sg: g_0) ,0.15, ms, throughput ,327993.59756497556, points/s
11:49:47.407 [DataClientService-thread-1] INFO cn.edu.tsinghua.iot.benchmark.tsdb.DBWrapper -- DataClientService-thread-1 insert one batch latency (device: d_17, sg: g_0) ,0.14, ms, throughput ,359593.2281403277, points/s
11:49:47.407 [DataClientService-thread-1] INFO cn.edu.tsinghua.iot.benchmark.tsdb.DBWrapper -- DataClientService-thread-1 insert one batch latency (device: d_18, sg: g_0) ,0.15, ms, throughput ,332380.50920694007, points/s
11:49:47.408 [DataClientService-thread-1] INFO cn.edu.tsinghua.iot.benchmark.tsdb.DBWrapper -- DataClientService-thread-1 insert one batch latency (device: d_19, sg: g_0) ,0.15, ms, throughput ,336584.7419404784, points/s
11:49:47.944 [ShowWorkProgress-thread-1] INFO cn.edu.tsinghua.iot.benchmark.mode.BaseMode -- DataClientService-thread-1 100.00% workload is done.
11:49:50.413 [main] INFO cn.edu.tsinghua.iot.benchmark.mode.BaseMode -- All dataClients finished. The final test result is: 
----------------------Main Configurations----------------------
########### Test Mode ###########
BENCHMARK_WORK_MODE=testWithDefaultPath
IoTDB_DIALECT_MODE=TREE
########### Database Connection Information ###########
DOUBLE_WRITE=false
DBConfig=
  DB_SWITCH=IoTDB-200-SESSION_BY_TABLET
  HOST=[127.0.0.1]
########### Data Mode ###########
GROUP_NUMBER=1
IoTDB_TABLE_NUMBER=1
DEVICE_NUMBER=20
REAL_INSERT_RATE=1.0
SENSOR_NUMBER=5
IS_SENSOR_TS_ALIGNMENT=true
IS_OUT_OF_ORDER=true
OUT_OF_ORDER_RATIO=0.3
########### Data Amount ###########
OPERATION_PROPORTION=1:0:0:0:0:0:0:0:0:0:0:0:0
SCHEMA_CLIENT_NUMBER=1
DATA_CLIENT_NUMBER=1
LOOP=50
BATCH_SIZE_PER_WRITE=10
DEVICE_NUM_PER_WRITE=1
START_TIME=2022-01-01T00:00:00+08:00
POINT_STEP=1000
OP_MIN_INTERVAL=0
OP_MIN_INTERVAL_RANDOM=false
INTERVAL_BETWEEN_WRITE_BATCH=0
INSERT_DATATYPE_PROPORTION=1:1:1:1:1:1:0:0:0:0:0
ENCODINGS=RLE/TS_2DIFF/TS_2DIFF/GORILLA/GORILLA/DICTIONARY/PLAIN/PLAIN/TS_2DIFF/TS_2DIFF
COMPRESSOR=LZ4
########### Other Param ###########
IS_DELETE_DATA=true
CREATE_SCHEMA=true
BENCHMARK_CLUSTER=false
VECTOR=true

---------------------------------------------------------------

Create schema cost 0.18 second
Test elapsed time (not include schema creation): 1.47 second
----------------------------------------------------------Result Matrix----------------------------------------------------------
Operation                okOperation              okPoint                  failOperation            failPoint                throughput(point/s)      
INGESTION                1000                     50000                    0                        0                        34088.05                 
PRECISE_POINT            0                        0                        0                        0                        0.00                     
TIME_RANGE               0                        0                        0                        0                        0.00                     
VALUE_RANGE              0                        0                        0                        0                        0.00                     
AGG_RANGE                0                        0                        0                        0                        0.00                     
AGG_VALUE                0                        0                        0                        0                        0.00                     
AGG_RANGE_VALUE          0                        0                        0                        0                        0.00                     
GROUP_BY                 0                        0                        0                        0                        0.00                     
LATEST_POINT             0                        0                        0                        0                        0.00                     
RANGE_QUERY_DESC         0                        0                        0                        0                        0.00                     
VALUE_RANGE_QUERY_DESC   0                        0                        0                        0                        0.00                     
GROUP_BY_DESC            0                        0                        0                        0                        0.00                     
SET_OPERATION            0                        0                        0                        0                        0.00                     
---------------------------------------------------------------------------------------------------------------------------------

--------------------------------------------------------------------------Latency (ms) Matrix--------------------------------------------------------------------------
Operation                AVG         MIN         P10         P25         MEDIAN      P75         P90         P95         P99         P999        MAX         SLOWEST_THREAD
INGESTION                0.42        0.10        0.12        0.14        0.20        0.27        0.35        0.43        3.53        5.68        75.02       423.84      
PRECISE_POINT            0.00        0.00        0.00        0.00        0.00        0.00        0.00        0.00        0.00        0.00        0.00        0.00        
TIME_RANGE               0.00        0.00        0.00        0.00        0.00        0.00        0.00        0.00        0.00        0.00        0.00        0.00        
VALUE_RANGE              0.00        0.00        0.00        0.00        0.00        0.00        0.00        0.00        0.00        0.00        0.00        0.00        
AGG_RANGE                0.00        0.00        0.00        0.00        0.00        0.00        0.00        0.00        0.00        0.00        0.00        0.00        
AGG_VALUE                0.00        0.00        0.00        0.00        0.00        0.00        0.00        0.00        0.00        0.00        0.00        0.00        
AGG_RANGE_VALUE          0.00        0.00        0.00        0.00        0.00        0.00        0.00        0.00        0.00        0.00        0.00        0.00        
GROUP_BY                 0.00        0.00        0.00        0.00        0.00        0.00        0.00        0.00        0.00        0.00        0.00        0.00        
LATEST_POINT             0.00        0.00        0.00        0.00        0.00        0.00        0.00        0.00        0.00        0.00        0.00        0.00        
RANGE_QUERY_DESC         0.00        0.00        0.00        0.00        0.00        0.00        0.00        0.00        0.00        0.00        0.00        0.00        
VALUE_RANGE_QUERY_DESC   0.00        0.00        0.00        0.00        0.00        0.00        0.00        0.00        0.00        0.00        0.00        0.00        
GROUP_BY_DESC            0.00        0.00        0.00        0.00        0.00        0.00        0.00        0.00        0.00        0.00        0.00        0.00        
SET_OPERATION            0.00        0.00        0.00        0.00        0.00        0.00        0.00        0.00        0.00        0.00        0.00        0.00        
-----------------------------------------------------------------------------------------------------------------------------------------------------------------------


----------------------------------------------------------------------------SQL Statements Example---------------------------------------------------------------------
Operation                          SQL                                                                             
------------------------------------------------------------------------------------------------------------------------------------------------------------------------
