
Starting iot-benchmark

Using configuration file: /home/yikanji/WorkSpace/BigData/var/benchmarks/iotbench-ooo/configs/iotdb/ratio_0p8
Set MAX_HEAP_SIZE=1g
Set HEAP_NEWSIZE=512m
11:49:57.476 [main] INFO cn.edu.tsinghua.iot.benchmark.App -- Initial Heap Size: 538968064 bytes, Max Heap Size: 1073741824 bytes. 
11:49:57.485 [main] INFO cn.edu.tsinghua.iot.benchmark.conf.ConfigDescriptor -- Init SensorTypes: BOOLEAN:INT32:INT64:FLOAT:DOUBLE:TEXT:STRING:BLOB:TIMESTAMP:DATE:OBJECT= 1:1:1:1:1:1:0:0:0:0:0
11:49:57.568 [main] DEBUG org.apache.tsfile.common.conf.TSFileDescriptor -- not found iotdb-system.properties, use the default configs.
11:49:57.605 [main] WARN cn.edu.tsinghua.iot.benchmark.iotdb200.ModelStrategy.TreeStrategy -- Failed to execute statement:508: Path [root.iotbench_ooo_iotdb_r0p8.**] does not exist
11:49:57.605 [main] INFO cn.edu.tsinghua.iot.benchmark.tsdb.DBWrapper -- Waiting 1000ms for old data deletion.
11:49:59.621 [SchemaClientService-thread-1] INFO cn.edu.tsinghua.iot.benchmark.tsdb.DBWrapper -- Registering schema...
11:50:00.784 [main] INFO cn.edu.tsinghua.iot.benchmark.mode.BaseMode -- Registering schema successful!
11:50:00.784 [main] INFO cn.edu.tsinghua.iot.benchmark.schema.MetaDataSchema -- SCHEMA_CLIENT_DATA_SCHEMA has been cleared!
11:50:00.785 [main] INFO cn.edu.tsinghua.iot.benchmark.workload.GenerateDataWorkLoad -- Start Generating WorkLoad
11:50:00.798 [main] INFO cn.edu.tsinghua.iot.benchmark.workload.GenerateDataWorkLoad -- Finish 0.0 % WorkLoad Buffer
11:50:00.799 [main] INFO cn.edu.tsinghua.iot.benchmark.workload.GenerateDataWorkLoad -- Finish Generating WorkLoad
11:50:00.870 [DataClientService-thread-1] INFO cn.edu.tsinghua.iot.benchmark.tsdb.DBWrapper -- DataClientService-thread-1 insert one batch latency (device: d_0, sg: g_0) ,63.84, ms, throughput ,783.1996286255329, points/s
11:50:00.922 [DataClientService-thread-1] INFO cn.edu.tsinghua.iot.benchmark.tsdb.DBWrapper -- DataClientService-thread-1 insert one batch latency (device: d_1, sg: g_0) ,50.97, ms, throughput ,980.9097887283147, points/s
11:50:00.926 [DataClientService-thread-1] INFO cn.edu.tsinghua.iot.benchmark.tsdb.DBWrapper -- DataClientService-thread-1 insert one batch latency (device: d_2, sg: g_0) ,3.95, ms, throughput ,12666.401685543406, points/s
11:50:00.930 [DataClientService-thread-1] INFO cn.edu.tsinghua.iot.benchmark.tsdb.DBWrapper -- DataClientService-thread-1 insert one batch latency (device: d_3, sg: g_0) ,3.38, ms, throughput ,14811.413675378246, points/s
11:50:00.933 [DataClientService-thread-1] INFO cn.edu.tsinghua.iot.benchmark.tsdb.DBWrapper -- DataClientService-thread-1 insert one batch latency (device: d_4, sg: g_0) ,3.22, ms, throughput ,15515.696764946193, points/s
11:50:00.938 [DataClientService-thread-1] INFO cn.edu.tsinghua.iot.benchmark.tsdb.DBWrapper -- DataClientService-thread-1 insert one batch latency (device: d_5, sg: g_0) ,4.63, ms, throughput ,10790.76448681714, points/s
11:50:00.942 [DataClientService-thread-1] INFO cn.edu.tsinghua.iot.benchmark.tsdb.DBWrapper -- DataClientService-thread-1 insert one batch latency (device: d_6, sg: g_0) ,3.29, ms, throughput ,15194.589510567077, points/s
11:50:00.945 [DataClientService-thread-1] INFO cn.edu.tsinghua.iot.benchmark.tsdb.DBWrapper -- DataClientService-thread-1 insert one batch latency (device: d_7, sg: g_0) ,3.23, ms, throughput ,15502.429075611857, points/s
11:50:00.949 [DataClientService-thread-1] INFO cn.edu.tsinghua.iot.benchmark.tsdb.DBWrapper -- DataClientService-thread-1 insert one batch latency (device: d_8, sg: g_0) ,3.89, ms, throughput ,12860.39984526367, points/s
11:50:00.953 [DataClientService-thread-1] INFO cn.edu.tsinghua.iot.benchmark.tsdb.DBWrapper -- DataClientService-thread-1 insert one batch latency (device: d_9, sg: g_0) ,3.70, ms, throughput ,13517.03159497999, points/s
11:50:00.957 [DataClientService-thread-1] INFO cn.edu.tsinghua.iot.benchmark.tsdb.DBWrapper -- DataClientService-thread-1 insert one batch latency (device: d_10, sg: g_0) ,3.39, ms, throughput ,14748.36632346235, points/s
11:50:00.960 [DataClientService-thread-1] INFO cn.edu.tsinghua.iot.benchmark.tsdb.DBWrapper -- DataClientService-thread-1 insert one batch latency (device: d_11, sg: g_0) ,3.23, ms, throughput ,15489.923030572461, points/s
11:50:00.963 [DataClientService-thread-1] INFO cn.edu.tsinghua.iot.benchmark.tsdb.DBWrapper -- DataClientService-thread-1 insert one batch latency (device: d_12, sg: g_0) ,3.15, ms, throughput ,15889.773278358954, points/s
11:50:00.967 [DataClientService-thread-1] INFO cn.edu.tsinghua.iot.benchmark.tsdb.DBWrapper -- DataClientService-thread-1 insert one batch latency (device: d_13, sg: g_0) ,3.21, ms, throughput ,15572.447854879734, points/s
11:50:00.970 [DataClientService-thread-1] INFO cn.edu.tsinghua.iot.benchmark.tsdb.DBWrapper -- DataClientService-thread-1 insert one batch latency (device: d_14, sg: g_0) ,3.39, ms, throughput ,14734.94920715659, points/s
11:50:00.976 [DataClientService-thread-1] INFO cn.edu.tsinghua.iot.benchmark.tsdb.DBWrapper -- DataClientService-thread-1 insert one batch latency (device: d_15, sg: g_0) ,5.05, ms, throughput ,9908.991855205055, points/s
11:50:00.979 [DataClientService-thread-1] INFO cn.edu.tsinghua.iot.benchmark.tsdb.DBWrapper -- DataClientService-thread-1 insert one batch latency (device: d_16, sg: g_0) ,3.10, ms, throughput ,16124.408193908263, points/s
11:50:00.982 [DataClientService-thread-1] INFO cn.edu.tsinghua.iot.benchmark.tsdb.DBWrapper -- DataClientService-thread-1 insert one batch latency (device: d_17, sg: g_0) ,3.22, ms, throughput ,15524.85498232961, points/s
11:50:00.986 [DataClientService-thread-1] INFO cn.edu.tsinghua.iot.benchmark.tsdb.DBWrapper -- DataClientService-thread-1 insert one batch latency (device: d_18, sg: g_0) ,3.31, ms, throughput ,15094.057107459425, points/s
11:50:00.990 [DataClientService-thread-1] INFO cn.edu.tsinghua.iot.benchmark.tsdb.DBWrapper -- DataClientService-thread-1 insert one batch latency (device: d_19, sg: g_0) ,3.99, ms, throughput ,12522.154822419567, points/s
11:50:00.991 [DataClientService-thread-1] INFO cn.edu.tsinghua.iot.benchmark.tsdb.DBWrapper -- DataClientService-thread-1 insert one batch latency (device: d_0, sg: g_0) ,0.62, ms, throughput ,81258.00391338547, points/s
11:50:00.991 [DataClientService-thread-1] INFO cn.edu.tsinghua.iot.benchmark.tsdb.DBWrapper -- DataClientService-thread-1 insert one batch latency (device: d_1, sg: g_0) ,0.39, ms, throughput ,126899.36626456487, points/s
11:50:00.991 [DataClientService-thread-1] INFO cn.edu.tsinghua.iot.benchmark.tsdb.DBWrapper -- DataClientService-thread-1 insert one batch latency (device: d_2, sg: g_0) ,0.37, ms, throughput ,133799.31173634043, points/s
11:50:00.992 [DataClientService-thread-1] INFO cn.edu.tsinghua.iot.benchmark.tsdb.DBWrapper -- DataClientService-thread-1 insert one batch latency (device: d_3, sg: g_0) ,0.36, ms, throughput ,137008.44794090002, points/s
11:50:00.992 [DataClientService-thread-1] INFO cn.edu.tsinghua.iot.benchmark.tsdb.DBWrapper -- DataClientService-thread-1 insert one batch latency (device: d_4, sg: g_0) ,0.36, ms, throughput ,137025.34420766466, points/s
11:50:00.993 [DataClientService-thread-1] INFO cn.edu.tsinghua.iot.benchmark.tsdb.DBWrapper -- DataClientService-thread-1 insert one batch latency (device: d_5, sg: g_0) ,0.39, ms, throughput ,127540.93426285166, points/s
11:50:00.993 [DataClientService-thread-1] INFO cn.edu.tsinghua.iot.benchmark.tsdb.DBWrapper -- DataClientService-thread-1 insert one batch latency (device: d_6, sg: g_0) ,0.41, ms, throughput ,123074.80240340474, points/s
11:50:00.994 [DataClientService-thread-1] INFO cn.edu.tsinghua.iot.benchmark.tsdb.DBWrapper -- DataClientService-thread-1 insert one batch latency (device: d_7, sg: g_0) ,0.43, ms, throughput ,116689.10987213207, points/s
11:50:00.994 [DataClientService-thread-1] INFO cn.edu.tsinghua.iot.benchmark.tsdb.DBWrapper -- DataClientService-thread-1 insert one batch latency (device: d_8, sg: g_0) ,0.32, ms, throughput ,154684.78334849243, points/s
11:50:00.994 [DataClientService-thread-1] INFO cn.edu.tsinghua.iot.benchmark.tsdb.DBWrapper -- DataClientService-thread-1 insert one batch latency (device: d_9, sg: g_0) ,0.29, ms, throughput ,173083.4469914635, points/s
11:50:00.995 [DataClientService-thread-1] INFO cn.edu.tsinghua.iot.benchmark.tsdb.DBWrapper -- DataClientService-thread-1 insert one batch latency (device: d_10, sg: g_0) ,0.40, ms, throughput ,125548.01709461802, points/s
11:50:00.996 [DataClientService-thread-1] INFO cn.edu.tsinghua.iot.benchmark.tsdb.DBWrapper -- DataClientService-thread-1 insert one batch latency (device: d_11, sg: g_0) ,0.38, ms, throughput ,130775.36715184328, points/s
11:50:00.996 [DataClientService-thread-1] INFO cn.edu.tsinghua.iot.benchmark.tsdb.DBWrapper -- DataClientService-thread-1 insert one batch latency (device: d_12, sg: g_0) ,0.35, ms, throughput ,142161.7687198617, points/s
11:50:00.996 [DataClientService-thread-1] INFO cn.edu.tsinghua.iot.benchmark.tsdb.DBWrapper -- DataClientService-thread-1 insert one batch latency (device: d_13, sg: g_0) ,0.35, ms, throughput ,144547.94077003578, points/s
11:50:00.997 [DataClientService-thread-1] INFO cn.edu.tsinghua.iot.benchmark.tsdb.DBWrapper -- DataClientService-thread-1 insert one batch latency (device: d_14, sg: g_0) ,0.33, ms, throughput ,151642.43925962097, points/s
11:50:00.997 [DataClientService-thread-1] INFO cn.edu.tsinghua.iot.benchmark.tsdb.DBWrapper -- DataClientService-thread-1 insert one batch latency (device: d_15, sg: g_0) ,0.32, ms, throughput ,154848.61998909866, points/s
11:50:00.998 [DataClientService-thread-1] INFO cn.edu.tsinghua.iot.benchmark.tsdb.DBWrapper -- DataClientService-thread-1 insert one batch latency (device: d_16, sg: g_0) ,0.36, ms, throughput ,139675.72882795302, points/s
11:50:00.998 [DataClientService-thread-1] INFO cn.edu.tsinghua.iot.benchmark.tsdb.DBWrapper -- DataClientService-thread-1 insert one batch latency (device: d_17, sg: g_0) ,0.35, ms, throughput ,142723.39065104703, points/s
11:50:00.999 [DataClientService-thread-1] INFO cn.edu.tsinghua.iot.benchmark.tsdb.DBWrapper -- DataClientService-thread-1 insert one batch latency (device: d_18, sg: g_0) ,0.36, ms, throughput ,137657.2389812263, points/s
11:50:00.999 [DataClientService-thread-1] INFO cn.edu.tsinghua.iot.benchmark.tsdb.DBWrapper -- DataClientService-thread-1 insert one batch latency (device: d_19, sg: g_0) ,0.34, ms, throughput ,145926.17886463593, points/s
11:50:00.999 [DataClientService-thread-1] INFO cn.edu.tsinghua.iot.benchmark.tsdb.DBWrapper -- DataClientService-thread-1 insert one batch latency (device: d_0, sg: g_0) ,0.34, ms, throughput ,147532.22841529732, points/s
11:50:01.000 [DataClientService-thread-1] INFO cn.edu.tsinghua.iot.benchmark.tsdb.DBWrapper -- DataClientService-thread-1 insert one batch latency (device: d_1, sg: g_0) ,0.37, ms, throughput ,136943.1548964025, points/s
11:50:01.000 [DataClientService-thread-1] INFO cn.edu.tsinghua.iot.benchmark.tsdb.DBWrapper -- DataClientService-thread-1 insert one batch latency (device: d_2, sg: g_0) ,0.35, ms, throughput ,143915.9530833993, points/s
11:50:01.001 [DataClientService-thread-1] INFO cn.edu.tsinghua.iot.benchmark.tsdb.DBWrapper -- DataClientService-thread-1 insert one batch latency (device: d_3, sg: g_0) ,0.39, ms, throughput ,127119.07497991518, points/s
11:50:01.001 [DataClientService-thread-1] INFO cn.edu.tsinghua.iot.benchmark.tsdb.DBWrapper -- DataClientService-thread-1 insert one batch latency (device: d_4, sg: g_0) ,0.45, ms, throughput ,111480.7316703381, points/s
11:50:01.002 [DataClientService-thread-1] INFO cn.edu.tsinghua.iot.benchmark.tsdb.DBWrapper -- DataClientService-thread-1 insert one batch latency (device: d_5, sg: g_0) ,0.39, ms, throughput ,129472.296812651, points/s
11:50:01.002 [DataClientService-thread-1] INFO cn.edu.tsinghua.iot.benchmark.tsdb.DBWrapper -- DataClientService-thread-1 insert one batch latency (device: d_6, sg: g_0) ,0.44, ms, throughput ,114774.98364456483, points/s
11:50:01.003 [DataClientService-thread-1] INFO cn.edu.tsinghua.iot.benchmark.tsdb.DBWrapper -- DataClientService-thread-1 insert one batch latency (device: d_7, sg: g_0) ,0.46, ms, throughput ,109421.162052741, points/s
11:50:01.004 [DataClientService-thread-1] INFO cn.edu.tsinghua.iot.benchmark.tsdb.DBWrapper -- DataClientService-thread-1 insert one batch latency (device: d_8, sg: g_0) ,0.41, ms, throughput ,121584.39050960881, points/s
11:50:01.004 [DataClientService-thread-1] INFO cn.edu.tsinghua.iot.benchmark.tsdb.DBWrapper -- DataClientService-thread-1 insert one batch latency (device: d_9, sg: g_0) ,0.34, ms, throughput ,148546.47276400423, points/s
11:50:01.004 [DataClientService-thread-1] INFO cn.edu.tsinghua.iot.benchmark.tsdb.DBWrapper -- DataClientService-thread-1 insert one batch latency (device: d_10, sg: g_0) ,0.35, ms, throughput ,142592.32853272493, points/s
11:50:01.005 [DataClientService-thread-1] INFO cn.edu.tsinghua.iot.benchmark.tsdb.DBWrapper -- DataClientService-thread-1 insert one batch latency (device: d_11, sg: g_0) ,0.39, ms, throughput ,128664.02991181368, points/s
11:50:01.005 [DataClientService-thread-1] INFO cn.edu.tsinghua.iot.benchmark.tsdb.DBWrapper -- DataClientService-thread-1 insert one batch latency (device: d_12, sg: g_0) ,0.34, ms, throughput ,145013.70379500862, points/s
11:50:01.006 [DataClientService-thread-1] INFO cn.edu.tsinghua.iot.benchmark.tsdb.DBWrapper -- DataClientService-thread-1 insert one batch latency (device: d_13, sg: g_0) ,0.40, ms, throughput ,124812.78082875686, points/s
11:50:01.006 [DataClientService-thread-1] INFO cn.edu.tsinghua.iot.benchmark.tsdb.DBWrapper -- DataClientService-thread-1 insert one batch latency (device: d_14, sg: g_0) ,0.33, ms, throughput ,149422.7798016263, points/s
11:50:01.007 [DataClientService-thread-1] INFO cn.edu.tsinghua.iot.benchmark.tsdb.DBWrapper -- DataClientService-thread-1 insert one batch latency (device: d_15, sg: g_0) ,0.37, ms, throughput ,135693.67965978882, points/s
11:50:01.007 [DataClientService-thread-1] INFO cn.edu.tsinghua.iot.benchmark.tsdb.DBWrapper -- DataClientService-thread-1 insert one batch latency (device: d_16, sg: g_0) ,0.34, ms, throughput ,148599.4501820343, points/s
11:50:01.008 [DataClientService-thread-1] INFO cn.edu.tsinghua.iot.benchmark.tsdb.DBWrapper -- DataClientService-thread-1 insert one batch latency (device: d_17, sg: g_0) ,0.31, ms, throughput ,159251.3910609009, points/s
11:50:01.008 [DataClientService-thread-1] INFO cn.edu.tsinghua.iot.benchmark.tsdb.DBWrapper -- DataClientService-thread-1 insert one batch latency (device: d_18, sg: g_0) ,0.34, ms, throughput ,146569.11026687303, points/s
11:50:01.008 [DataClientService-thread-1] INFO cn.edu.tsinghua.iot.benchmark.tsdb.DBWrapper -- DataClientService-thread-1 insert one batch latency (device: d_19, sg: g_0) ,0.35, ms, throughput ,143757.8887141432, points/s
11:50:01.009 [DataClientService-thread-1] INFO cn.edu.tsinghua.iot.benchmark.tsdb.DBWrapper -- DataClientService-thread-1 insert one batch latency (device: d_0, sg: g_0) ,0.33, ms, throughput ,151856.13756951212, points/s
11:50:01.009 [DataClientService-thread-1] INFO cn.edu.tsinghua.iot.benchmark.tsdb.DBWrapper -- DataClientService-thread-1 insert one batch latency (device: d_1, sg: g_0) ,0.32, ms, throughput ,157449.07309730668, points/s
11:50:01.010 [DataClientService-thread-1] INFO cn.edu.tsinghua.iot.benchmark.tsdb.DBWrapper -- DataClientService-thread-1 insert one batch latency (device: d_2, sg: g_0) ,0.45, ms, throughput ,111973.55632493831, points/s
11:50:01.010 [DataClientService-thread-1] INFO cn.edu.tsinghua.iot.benchmark.tsdb.DBWrapper -- DataClientService-thread-1 insert one batch latency (device: d_3, sg: g_0) ,0.40, ms, throughput ,124099.04096261144, points/s
11:50:01.011 [DataClientService-thread-1] INFO cn.edu.tsinghua.iot.benchmark.tsdb.DBWrapper -- DataClientService-thread-1 insert one batch latency (device: d_4, sg: g_0) ,0.30, ms, throughput ,167378.02326554523, points/s
11:50:01.011 [DataClientService-thread-1] INFO cn.edu.tsinghua.iot.benchmark.tsdb.DBWrapper -- DataClientService-thread-1 insert one batch latency (device: d_5, sg: g_0) ,0.27, ms, throughput ,185403.54936554906, points/s
11:50:01.011 [DataClientService-thread-1] INFO cn.edu.tsinghua.iot.benchmark.tsdb.DBWrapper -- DataClientService-thread-1 insert one batch latency (device: d_6, sg: g_0) ,0.29, ms, throughput ,170100.42729227338, points/s
11:50:01.012 [DataClientService-thread-1] INFO cn.edu.tsinghua.iot.benchmark.tsdb.DBWrapper -- DataClientService-thread-1 insert one batch latency (device: d_7, sg: g_0) ,0.28, ms, throughput ,179374.7712971666, points/s
11:50:01.012 [DataClientService-thread-1] INFO cn.edu.tsinghua.iot.benchmark.tsdb.DBWrapper -- DataClientService-thread-1 insert one batch latency (device: d_8, sg: g_0) ,0.26, ms, throughput ,192543.1874369421, points/s
11:50:01.012 [DataClientService-thread-1] INFO cn.edu.tsinghua.iot.benchmark.tsdb.DBWrapper -- DataClientService-thread-1 insert one batch latency (device: d_9, sg: g_0) ,0.30, ms, throughput ,166453.0519167069, points/s
11:50:01.013 [DataClientService-thread-1] INFO cn.edu.tsinghua.iot.benchmark.tsdb.DBWrapper -- DataClientService-thread-1 insert one batch latency (device: d_10, sg: g_0) ,0.30, ms, throughput ,164992.54233708637, points/s
11:50:01.013 [DataClientService-thread-1] INFO cn.edu.tsinghua.iot.benchmark.tsdb.DBWrapper -- DataClientService-thread-1 insert one batch latency (device: d_11, sg: g_0) ,0.27, ms, throughput ,185732.75285656974, points/s
11:50:01.013 [DataClientService-thread-1] INFO cn.edu.tsinghua.iot.benchmark.tsdb.DBWrapper -- DataClientService-thread-1 insert one batch latency (device: d_12, sg: g_0) ,0.25, ms, throughput ,196812.4259493247, points/s
11:50:01.014 [DataClientService-thread-1] INFO cn.edu.tsinghua.iot.benchmark.tsdb.DBWrapper -- DataClientService-thread-1 insert one batch latency (device: d_13, sg: g_0) ,0.26, ms, throughput ,194987.26733144323, points/s
11:50:01.014 [DataClientService-thread-1] INFO cn.edu.tsinghua.iot.benchmark.tsdb.DBWrapper -- DataClientService-thread-1 insert one batch latency (device: d_14, sg: g_0) ,0.27, ms, throughput ,182150.02604745372, points/s
11:50:01.015 [DataClientService-thread-1] INFO cn.edu.tsinghua.iot.benchmark.tsdb.DBWrapper -- DataClientService-thread-1 insert one batch latency (device: d_15, sg: g_0) ,0.35, ms, throughput ,141732.59594588084, points/s
11:50:01.015 [DataClientService-thread-1] INFO cn.edu.tsinghua.iot.benchmark.tsdb.DBWrapper -- DataClientService-thread-1 insert one batch latency (device: d_16, sg: g_0) ,0.30, ms, throughput ,166959.40215177275, points/s
11:50:01.015 [DataClientService-thread-1] INFO cn.edu.tsinghua.iot.benchmark.tsdb.DBWrapper -- DataClientService-thread-1 insert one batch latency (device: d_17, sg: g_0) ,0.27, ms, throughput ,186360.63765155777, points/s
11:50:01.016 [DataClientService-thread-1] INFO cn.edu.tsinghua.iot.benchmark.tsdb.DBWrapper -- DataClientService-thread-1 insert one batch latency (device: d_18, sg: g_0) ,0.28, ms, throughput ,179320.73306315675, points/s
11:50:01.016 [DataClientService-thread-1] INFO cn.edu.tsinghua.iot.benchmark.tsdb.DBWrapper -- DataClientService-thread-1 insert one batch latency (device: d_19, sg: g_0) ,0.26, ms, throughput ,194092.59769650907, points/s
11:50:01.016 [DataClientService-thread-1] INFO cn.edu.tsinghua.iot.benchmark.tsdb.DBWrapper -- DataClientService-thread-1 insert one batch latency (device: d_0, sg: g_0) ,0.30, ms, throughput ,165142.94773555992, points/s
11:50:01.018 [DataClientService-thread-1] INFO cn.edu.tsinghua.iot.benchmark.tsdb.DBWrapper -- DataClientService-thread-1 insert one batch latency (device: d_1, sg: g_0) ,1.98, ms, throughput ,25209.795921660058, points/s
11:50:01.019 [DataClientService-thread-1] INFO cn.edu.tsinghua.iot.benchmark.tsdb.DBWrapper -- DataClientService-thread-1 insert one batch latency (device: d_2, sg: g_0) ,0.32, ms, throughput ,156859.30034477674, points/s
11:50:01.019 [DataClientService-thread-1] INFO cn.edu.tsinghua.iot.benchmark.tsdb.DBWrapper -- DataClientService-thread-1 insert one batch latency (device: d_3, sg: g_0) ,0.29, ms, throughput ,173230.96538152389, points/s
11:50:01.020 [DataClientService-thread-1] INFO cn.edu.tsinghua.iot.benchmark.tsdb.DBWrapper -- DataClientService-thread-1 insert one batch latency (device: d_4, sg: g_0) ,0.28, ms, throughput ,178939.53275309206, points/s
11:50:01.020 [DataClientService-thread-1] INFO cn.edu.tsinghua.iot.benchmark.tsdb.DBWrapper -- DataClientService-thread-1 insert one batch latency (device: d_5, sg: g_0) ,0.27, ms, throughput ,185914.3827084751, points/s
11:50:01.020 [DataClientService-thread-1] INFO cn.edu.tsinghua.iot.benchmark.tsdb.DBWrapper -- DataClientService-thread-1 insert one batch latency (device: d_6, sg: g_0) ,0.27, ms, throughput ,183081.77896902987, points/s
11:50:01.021 [DataClientService-thread-1] INFO cn.edu.tsinghua.iot.benchmark.tsdb.DBWrapper -- DataClientService-thread-1 insert one batch latency (device: d_7, sg: g_0) ,0.47, ms, throughput ,106713.56372080317, points/s
11:50:01.021 [DataClientService-thread-1] INFO cn.edu.tsinghua.iot.benchmark.tsdb.DBWrapper -- DataClientService-thread-1 insert one batch latency (device: d_8, sg: g_0) ,0.32, ms, throughput ,157389.59906573535, points/s
11:50:01.022 [DataClientService-thread-1] INFO cn.edu.tsinghua.iot.benchmark.tsdb.DBWrapper -- DataClientService-thread-1 insert one batch latency (device: d_9, sg: g_0) ,0.36, ms, throughput ,138942.53614590078, points/s
11:50:01.022 [DataClientService-thread-1] INFO cn.edu.tsinghua.iot.benchmark.tsdb.DBWrapper -- DataClientService-thread-1 insert one batch latency (device: d_10, sg: g_0) ,0.26, ms, throughput ,192118.52944792822, points/s
11:50:01.022 [DataClientService-thread-1] INFO cn.edu.tsinghua.iot.benchmark.tsdb.DBWrapper -- DataClientService-thread-1 insert one batch latency (device: d_11, sg: g_0) ,0.23, ms, throughput ,222140.27714220976, points/s
11:50:01.022 [DataClientService-thread-1] INFO cn.edu.tsinghua.iot.benchmark.tsdb.DBWrapper -- DataClientService-thread-1 insert one batch latency (device: d_12, sg: g_0) ,0.23, ms, throughput ,217264.72403034754, points/s
11:50:01.023 [DataClientService-thread-1] INFO cn.edu.tsinghua.iot.benchmark.tsdb.DBWrapper -- DataClientService-thread-1 insert one batch latency (device: d_13, sg: g_0) ,0.23, ms, throughput ,212917.2646093181, points/s
11:50:01.023 [DataClientService-thread-1] INFO cn.edu.tsinghua.iot.benchmark.tsdb.DBWrapper -- DataClientService-thread-1 insert one batch latency (device: d_14, sg: g_0) ,0.25, ms, throughput ,202180.312489891, points/s
11:50:01.023 [DataClientService-thread-1] INFO cn.edu.tsinghua.iot.benchmark.tsdb.DBWrapper -- DataClientService-thread-1 insert one batch latency (device: d_15, sg: g_0) ,0.24, ms, throughput ,211731.62592950184, points/s
11:50:01.024 [DataClientService-thread-1] INFO cn.edu.tsinghua.iot.benchmark.tsdb.DBWrapper -- DataClientService-thread-1 insert one batch latency (device: d_16, sg: g_0) ,0.24, ms, throughput ,210019.61583211872, points/s
11:50:01.024 [DataClientService-thread-1] INFO cn.edu.tsinghua.iot.benchmark.tsdb.DBWrapper -- DataClientService-thread-1 insert one batch latency (device: d_17, sg: g_0) ,0.28, ms, throughput ,179364.47578938305, points/s
11:50:01.024 [DataClientService-thread-1] INFO cn.edu.tsinghua.iot.benchmark.tsdb.DBWrapper -- DataClientService-thread-1 insert one batch latency (device: d_18, sg: g_0) ,0.24, ms, throughput ,205812.9818596438, points/s
11:50:01.025 [DataClientService-thread-1] INFO cn.edu.tsinghua.iot.benchmark.tsdb.DBWrapper -- DataClientService-thread-1 insert one batch latency (device: d_19, sg: g_0) ,0.24, ms, throughput ,208856.34442917473, points/s
11:50:01.025 [DataClientService-thread-1] INFO cn.edu.tsinghua.iot.benchmark.tsdb.DBWrapper -- DataClientService-thread-1 insert one batch latency (device: d_0, sg: g_0) ,0.22, ms, throughput ,228895.80662882255, points/s
11:50:01.025 [DataClientService-thread-1] INFO cn.edu.tsinghua.iot.benchmark.tsdb.DBWrapper -- DataClientService-thread-1 insert one batch latency (device: d_1, sg: g_0) ,0.22, ms, throughput ,230111.46599412756, points/s
11:50:01.025 [DataClientService-thread-1] INFO cn.edu.tsinghua.iot.benchmark.tsdb.DBWrapper -- DataClientService-thread-1 insert one batch latency (device: d_2, sg: g_0) ,0.22, ms, throughput ,229509.4007050529, points/s
11:50:01.026 [DataClientService-thread-1] INFO cn.edu.tsinghua.iot.benchmark.tsdb.DBWrapper -- DataClientService-thread-1 insert one batch latency (device: d_3, sg: g_0) ,0.23, ms, throughput ,221294.75133108793, points/s
11:50:01.026 [DataClientService-thread-1] INFO cn.edu.tsinghua.iot.benchmark.tsdb.DBWrapper -- DataClientService-thread-1 insert one batch latency (device: d_4, sg: g_0) ,0.25, ms, throughput ,203739.84866204043, points/s
11:50:01.026 [DataClientService-thread-1] INFO cn.edu.tsinghua.iot.benchmark.tsdb.DBWrapper -- DataClientService-thread-1 insert one batch latency (device: d_5, sg: g_0) ,0.27, ms, throughput ,183119.32787881893, points/s
11:50:01.027 [DataClientService-thread-1] INFO cn.edu.tsinghua.iot.benchmark.tsdb.DBWrapper -- DataClientService-thread-1 insert one batch latency (device: d_6, sg: g_0) ,0.34, ms, throughput ,148732.05919535956, points/s
11:50:01.027 [DataClientService-thread-1] INFO cn.edu.tsinghua.iot.benchmark.tsdb.DBWrapper -- DataClientService-thread-1 insert one batch latency (device: d_7, sg: g_0) ,0.32, ms, throughput ,157484.28306854976, points/s
11:50:01.027 [DataClientService-thread-1] INFO cn.edu.tsinghua.iot.benchmark.tsdb.DBWrapper -- DataClientService-thread-1 insert one batch latency (device: d_8, sg: g_0) ,0.30, ms, throughput ,166483.53477841042, points/s
11:50:01.028 [DataClientService-thread-1] INFO cn.edu.tsinghua.iot.benchmark.tsdb.DBWrapper -- DataClientService-thread-1 insert one batch latency (device: d_9, sg: g_0) ,0.29, ms, throughput ,174509.7149558316, points/s
11:50:01.028 [DataClientService-thread-1] INFO cn.edu.tsinghua.iot.benchmark.tsdb.DBWrapper -- DataClientService-thread-1 insert one batch latency (device: d_10, sg: g_0) ,0.35, ms, throughput ,142987.87462823154, points/s
11:50:01.029 [DataClientService-thread-1] INFO cn.edu.tsinghua.iot.benchmark.tsdb.DBWrapper -- DataClientService-thread-1 insert one batch latency (device: d_11, sg: g_0) ,0.33, ms, throughput ,151450.44087223336, points/s
11:50:01.029 [DataClientService-thread-1] INFO cn.edu.tsinghua.iot.benchmark.tsdb.DBWrapper -- DataClientService-thread-1 insert one batch latency (device: d_12, sg: g_0) ,0.36, ms, throughput ,138750.13875013875, points/s
11:50:01.029 [DataClientService-thread-1] INFO cn.edu.tsinghua.iot.benchmark.tsdb.DBWrapper -- DataClientService-thread-1 insert one batch latency (device: d_13, sg: g_0) ,0.38, ms, throughput ,130011.96110042125, points/s
11:50:01.030 [DataClientService-thread-1] INFO cn.edu.tsinghua.iot.benchmark.tsdb.DBWrapper -- DataClientService-thread-1 insert one batch latency (device: d_14, sg: g_0) ,0.33, ms, throughput ,152684.8096936532, points/s
11:50:01.030 [DataClientService-thread-1] INFO cn.edu.tsinghua.iot.benchmark.tsdb.DBWrapper -- DataClientService-thread-1 insert one batch latency (device: d_15, sg: g_0) ,0.29, ms, throughput ,172946.9467946013, points/s
11:50:01.030 [DataClientService-thread-1] INFO cn.edu.tsinghua.iot.benchmark.tsdb.DBWrapper -- DataClientService-thread-1 insert one batch latency (device: d_16, sg: g_0) ,0.27, ms, throughput ,183189.77361407777, points/s
11:50:01.031 [DataClientService-thread-1] INFO cn.edu.tsinghua.iot.benchmark.tsdb.DBWrapper -- DataClientService-thread-1 insert one batch latency (device: d_17, sg: g_0) ,0.34, ms, throughput ,147361.78201655755, points/s
11:50:01.031 [DataClientService-thread-1] INFO cn.edu.tsinghua.iot.benchmark.tsdb.DBWrapper -- DataClientService-thread-1 insert one batch latency (device: d_18, sg: g_0) ,0.49, ms, throughput ,102893.36132032762, points/s
11:50:01.032 [DataClientService-thread-1] INFO cn.edu.tsinghua.iot.benchmark.tsdb.DBWrapper -- DataClientService-thread-1 insert one batch latency (device: d_19, sg: g_0) ,0.41, ms, throughput ,120636.28401641619, points/s
11:50:01.032 [DataClientService-thread-1] INFO cn.edu.tsinghua.iot.benchmark.tsdb.DBWrapper -- DataClientService-thread-1 insert one batch latency (device: d_0, sg: g_0) ,0.29, ms, throughput ,171047.1850764752, points/s
11:50:01.033 [DataClientService-thread-1] INFO cn.edu.tsinghua.iot.benchmark.tsdb.DBWrapper -- DataClientService-thread-1 insert one batch latency (device: d_1, sg: g_0) ,0.33, ms, throughput ,149735.56698869797, points/s
11:50:01.033 [DataClientService-thread-1] INFO cn.edu.tsinghua.iot.benchmark.tsdb.DBWrapper -- DataClientService-thread-1 insert one batch latency (device: d_2, sg: g_0) ,0.29, ms, throughput ,173013.97260842787, points/s
11:50:01.033 [DataClientService-thread-1] INFO cn.edu.tsinghua.iot.benchmark.tsdb.DBWrapper -- DataClientService-thread-1 insert one batch latency (device: d_3, sg: g_0) ,0.30, ms, throughput ,168208.01275689568, points/s
11:50:01.034 [DataClientService-thread-1] INFO cn.edu.tsinghua.iot.benchmark.tsdb.DBWrapper -- DataClientService-thread-1 insert one batch latency (device: d_4, sg: g_0) ,0.29, ms, throughput ,173008.5846859721, points/s
11:50:01.034 [DataClientService-thread-1] INFO cn.edu.tsinghua.iot.benchmark.tsdb.DBWrapper -- DataClientService-thread-1 insert one batch latency (device: d_5, sg: g_0) ,0.27, ms, throughput ,183780.9624976568, points/s
11:50:01.034 [DataClientService-thread-1] INFO cn.edu.tsinghua.iot.benchmark.tsdb.DBWrapper -- DataClientService-thread-1 insert one batch latency (device: d_6, sg: g_0) ,0.29, ms, throughput ,173643.66929910472, points/s
11:50:01.035 [DataClientService-thread-1] INFO cn.edu.tsinghua.iot.benchmark.tsdb.DBWrapper -- DataClientService-thread-1 insert one batch latency (device: d_7, sg: g_0) ,0.90, ms, throughput ,55808.9903818786, points/s
11:50:01.036 [DataClientService-thread-1] INFO cn.edu.tsinghua.iot.benchmark.tsdb.DBWrapper -- DataClientService-thread-1 insert one batch latency (device: d_8, sg: g_0) ,0.34, ms, throughput ,146717.48960506584, points/s
11:50:01.036 [DataClientService-thread-1] INFO cn.edu.tsinghua.iot.benchmark.tsdb.DBWrapper -- DataClientService-thread-1 insert one batch latency (device: d_9, sg: g_0) ,0.28, ms, throughput ,177442.13611941147, points/s
11:50:01.036 [DataClientService-thread-1] INFO cn.edu.tsinghua.iot.benchmark.tsdb.DBWrapper -- DataClientService-thread-1 insert one batch latency (device: d_10, sg: g_0) ,0.26, ms, throughput ,188776.83934713417, points/s
11:50:01.037 [DataClientService-thread-1] INFO cn.edu.tsinghua.iot.benchmark.tsdb.DBWrapper -- DataClientService-thread-1 insert one batch latency (device: d_11, sg: g_0) ,0.29, ms, throughput ,174433.61405516288, points/s
11:50:01.037 [DataClientService-thread-1] INFO cn.edu.tsinghua.iot.benchmark.tsdb.DBWrapper -- DataClientService-thread-1 insert one batch latency (device: d_12, sg: g_0) ,0.27, ms, throughput ,187537.03856511659, points/s
11:50:01.037 [DataClientService-thread-1] INFO cn.edu.tsinghua.iot.benchmark.tsdb.DBWrapper -- DataClientService-thread-1 insert one batch latency (device: d_13, sg: g_0) ,0.42, ms, throughput ,119098.945021545, points/s
11:50:01.038 [DataClientService-thread-1] INFO cn.edu.tsinghua.iot.benchmark.tsdb.DBWrapper -- DataClientService-thread-1 insert one batch latency (device: d_14, sg: g_0) ,0.25, ms, throughput ,196448.21625019642, points/s
11:50:01.038 [DataClientService-thread-1] INFO cn.edu.tsinghua.iot.benchmark.tsdb.DBWrapper -- DataClientService-thread-1 insert one batch latency (device: d_15, sg: g_0) ,0.24, ms, throughput ,209894.42310517808, points/s
11:50:01.038 [DataClientService-thread-1] INFO cn.edu.tsinghua.iot.benchmark.tsdb.DBWrapper -- DataClientService-thread-1 insert one batch latency (device: d_16, sg: g_0) ,0.23, ms, throughput ,221258.51845296044, points/s
11:50:01.039 [DataClientService-thread-1] INFO cn.edu.tsinghua.iot.benchmark.tsdb.DBWrapper -- DataClientService-thread-1 insert one batch latency (device: d_17, sg: g_0) ,0.25, ms, throughput ,198212.91238196424, points/s
11:50:01.039 [DataClientService-thread-1] INFO cn.edu.tsinghua.iot.benchmark.tsdb.DBWrapper -- DataClientService-thread-1 insert one batch latency (device: d_18, sg: g_0) ,0.21, ms, throughput ,234467.68800791563, points/s
11:50:01.039 [DataClientService-thread-1] INFO cn.edu.tsinghua.iot.benchmark.tsdb.DBWrapper -- DataClientService-thread-1 insert one batch latency (device: d_19, sg: g_0) ,0.19, ms, throughput ,264952.5999798636, points/s
11:50:01.040 [DataClientService-thread-1] INFO cn.edu.tsinghua.iot.benchmark.tsdb.DBWrapper -- DataClientService-thread-1 insert one batch latency (device: d_0, sg: g_0) ,0.20, ms, throughput ,255683.85203064114, points/s
11:50:01.040 [DataClientService-thread-1] INFO cn.edu.tsinghua.iot.benchmark.tsdb.DBWrapper -- DataClientService-thread-1 insert one batch latency (device: d_1, sg: g_0) ,0.22, ms, throughput ,229797.3646838218, points/s
11:50:01.040 [DataClientService-thread-1] INFO cn.edu.tsinghua.iot.benchmark.tsdb.DBWrapper -- DataClientService-thread-1 insert one batch latency (device: d_2, sg: g_0) ,0.22, ms, throughput ,230058.52688924063, points/s
11:50:01.040 [DataClientService-thread-1] INFO cn.edu.tsinghua.iot.benchmark.tsdb.DBWrapper -- DataClientService-thread-1 insert one batch latency (device: d_3, sg: g_0) ,0.19, ms, throughput ,265439.2754569537, points/s
11:50:01.041 [DataClientService-thread-1] INFO cn.edu.tsinghua.iot.benchmark.tsdb.DBWrapper -- DataClientService-thread-1 insert one batch latency (device: d_4, sg: g_0) ,0.22, ms, throughput ,229786.80380343116, points/s
11:50:01.041 [DataClientService-thread-1] INFO cn.edu.tsinghua.iot.benchmark.tsdb.DBWrapper -- DataClientService-thread-1 insert one batch latency (device: d_5, sg: g_0) ,0.19, ms, throughput ,259239.28823261024, points/s
11:50:01.041 [DataClientService-thread-1] INFO cn.edu.tsinghua.iot.benchmark.tsdb.DBWrapper -- DataClientService-thread-1 insert one batch latency (device: d_6, sg: g_0) ,0.18, ms, throughput ,270431.06712099083, points/s
11:50:01.041 [DataClientService-thread-1] INFO cn.edu.tsinghua.iot.benchmark.tsdb.DBWrapper -- DataClientService-thread-1 insert one batch latency (device: d_7, sg: g_0) ,0.18, ms, throughput ,281525.1908740794, points/s
11:50:01.041 [DataClientService-thread-1] INFO cn.edu.tsinghua.iot.benchmark.tsdb.DBWrapper -- DataClientService-thread-1 insert one batch latency (device: d_8, sg: g_0) ,0.18, ms, throughput ,273104.6537032991, points/s
11:50:01.042 [DataClientService-thread-1] INFO cn.edu.tsinghua.iot.benchmark.tsdb.DBWrapper -- DataClientService-thread-1 insert one batch latency (device: d_9, sg: g_0) ,0.18, ms, throughput ,282903.03781282, points/s
11:50:01.042 [DataClientService-thread-1] INFO cn.edu.tsinghua.iot.benchmark.tsdb.DBWrapper -- DataClientService-thread-1 insert one batch latency (device: d_10, sg: g_0) ,0.18, ms, throughput ,272574.6309339497, points/s
11:50:01.042 [DataClientService-thread-1] INFO cn.edu.tsinghua.iot.benchmark.tsdb.DBWrapper -- DataClientService-thread-1 insert one batch latency (device: d_11, sg: g_0) ,0.20, ms, throughput ,245314.4931802571, points/s
11:50:01.042 [DataClientService-thread-1] INFO cn.edu.tsinghua.iot.benchmark.tsdb.DBWrapper -- DataClientService-thread-1 insert one batch latency (device: d_12, sg: g_0) ,0.19, ms, throughput ,270200.1642816999, points/s
11:50:01.043 [DataClientService-thread-1] INFO cn.edu.tsinghua.iot.benchmark.tsdb.DBWrapper -- DataClientService-thread-1 insert one batch latency (device: d_13, sg: g_0) ,0.16, ms, throughput ,317283.0418559789, points/s
11:50:01.043 [DataClientService-thread-1] INFO cn.edu.tsinghua.iot.benchmark.tsdb.DBWrapper -- DataClientService-thread-1 insert one batch latency (device: d_14, sg: g_0) ,0.16, ms, throughput ,306755.994012123, points/s
11:50:01.043 [DataClientService-thread-1] INFO cn.edu.tsinghua.iot.benchmark.tsdb.DBWrapper -- DataClientService-thread-1 insert one batch latency (device: d_15, sg: g_0) ,0.18, ms, throughput ,272420.1808870001, points/s
11:50:01.043 [DataClientService-thread-1] INFO cn.edu.tsinghua.iot.benchmark.tsdb.DBWrapper -- DataClientService-thread-1 insert one batch latency (device: d_16, sg: g_0) ,0.17, ms, throughput ,297030.2911490914, points/s
11:50:01.044 [DataClientService-thread-1] INFO cn.edu.tsinghua.iot.benchmark.tsdb.DBWrapper -- DataClientService-thread-1 insert one batch latency (device: d_17, sg: g_0) ,0.17, ms, throughput ,285965.9357377349, points/s
11:50:01.044 [DataClientService-thread-1] INFO cn.edu.tsinghua.iot.benchmark.tsdb.DBWrapper -- DataClientService-thread-1 insert one batch latency (device: d_18, sg: g_0) ,0.21, ms, throughput ,240064.91355262464, points/s
11:50:01.044 [DataClientService-thread-1] INFO cn.edu.tsinghua.iot.benchmark.tsdb.DBWrapper -- DataClientService-thread-1 insert one batch latency (device: d_19, sg: g_0) ,0.18, ms, throughput ,281287.62221947184, points/s
11:50:01.044 [DataClientService-thread-1] INFO cn.edu.tsinghua.iot.benchmark.tsdb.DBWrapper -- DataClientService-thread-1 insert one batch latency (device: d_0, sg: g_0) ,0.16, ms, throughput ,303293.15709978953, points/s
11:50:01.044 [DataClientService-thread-1] INFO cn.edu.tsinghua.iot.benchmark.tsdb.DBWrapper -- DataClientService-thread-1 insert one batch latency (device: d_1, sg: g_0) ,0.17, ms, throughput ,289791.23439474206, points/s
11:50:01.045 [DataClientService-thread-1] INFO cn.edu.tsinghua.iot.benchmark.tsdb.DBWrapper -- DataClientService-thread-1 insert one batch latency (device: d_2, sg: g_0) ,0.19, ms, throughput ,258384.579608289, points/s
11:50:01.045 [DataClientService-thread-1] INFO cn.edu.tsinghua.iot.benchmark.tsdb.DBWrapper -- DataClientService-thread-1 insert one batch latency (device: d_3, sg: g_0) ,0.21, ms, throughput ,239744.91141425524, points/s
11:50:01.045 [DataClientService-thread-1] INFO cn.edu.tsinghua.iot.benchmark.tsdb.DBWrapper -- DataClientService-thread-1 insert one batch latency (device: d_4, sg: g_0) ,0.17, ms, throughput ,289224.6465674819, points/s
11:50:01.045 [DataClientService-thread-1] INFO cn.edu.tsinghua.iot.benchmark.tsdb.DBWrapper -- DataClientService-thread-1 insert one batch latency (device: d_5, sg: g_0) ,0.17, ms, throughput ,292081.66603382304, points/s
11:50:01.046 [DataClientService-thread-1] INFO cn.edu.tsinghua.iot.benchmark.tsdb.DBWrapper -- DataClientService-thread-1 insert one batch latency (device: d_6, sg: g_0) ,0.17, ms, throughput ,300728.364097845, points/s
11:50:01.046 [DataClientService-thread-1] INFO cn.edu.tsinghua.iot.benchmark.tsdb.DBWrapper -- DataClientService-thread-1 insert one batch latency (device: d_7, sg: g_0) ,0.18, ms, throughput ,284074.7684790637, points/s
11:50:01.046 [DataClientService-thread-1] INFO cn.edu.tsinghua.iot.benchmark.tsdb.DBWrapper -- DataClientService-thread-1 insert one batch latency (device: d_8, sg: g_0) ,0.19, ms, throughput ,268410.2597137673, points/s
11:50:01.046 [DataClientService-thread-1] INFO cn.edu.tsinghua.iot.benchmark.tsdb.DBWrapper -- DataClientService-thread-1 insert one batch latency (device: d_9, sg: g_0) ,0.16, ms, throughput ,307662.01481700264, points/s
11:50:01.046 [DataClientService-thread-1] INFO cn.edu.tsinghua.iot.benchmark.tsdb.DBWrapper -- DataClientService-thread-1 insert one batch latency (device: d_10, sg: g_0) ,0.18, ms, throughput ,285650.62643182377, points/s
11:50:01.047 [DataClientService-thread-1] INFO cn.edu.tsinghua.iot.benchmark.tsdb.DBWrapper -- DataClientService-thread-1 insert one batch latency (device: d_11, sg: g_0) ,0.18, ms, throughput ,273019.6519545477, points/s
11:50:01.047 [DataClientService-thread-1] INFO cn.edu.tsinghua.iot.benchmark.tsdb.DBWrapper -- DataClientService-thread-1 insert one batch latency (device: d_12, sg: g_0) ,0.23, ms, throughput ,219452.24719101124, points/s
11:50:01.047 [DataClientService-thread-1] INFO cn.edu.tsinghua.iot.benchmark.tsdb.DBWrapper -- DataClientService-thread-1 insert one batch latency (device: d_13, sg: g_0) ,0.22, ms, throughput ,222360.57991639242, points/s
11:50:01.048 [DataClientService-thread-1] INFO cn.edu.tsinghua.iot.benchmark.tsdb.DBWrapper -- DataClientService-thread-1 insert one batch latency (device: d_14, sg: g_0) ,0.34, ms, throughput ,145898.9270592904, points/s
11:50:01.048 [DataClientService-thread-1] INFO cn.edu.tsinghua.iot.benchmark.tsdb.DBWrapper -- DataClientService-thread-1 insert one batch latency (device: d_15, sg: g_0) ,0.30, ms, throughput ,166973.89864016458, points/s
11:50:01.048 [DataClientService-thread-1] INFO cn.edu.tsinghua.iot.benchmark.tsdb.DBWrapper -- DataClientService-thread-1 insert one batch latency (device: d_16, sg: g_0) ,0.25, ms, throughput ,203554.053778981, points/s
11:50:01.049 [DataClientService-thread-1] INFO cn.edu.tsinghua.iot.benchmark.tsdb.DBWrapper -- DataClientService-thread-1 insert one batch latency (device: d_17, sg: g_0) ,0.23, ms, throughput ,216816.26989289274, points/s
11:50:01.049 [DataClientService-thread-1] INFO cn.edu.tsinghua.iot.benchmark.tsdb.DBWrapper -- DataClientService-thread-1 insert one batch latency (device: d_18, sg: g_0) ,0.24, ms, throughput ,204555.86829874976, points/s
11:50:01.049 [DataClientService-thread-1] INFO cn.edu.tsinghua.iot.benchmark.tsdb.DBWrapper -- DataClientService-thread-1 insert one batch latency (device: d_19, sg: g_0) ,0.21, ms, throughput ,243819.183693373, points/s
11:50:01.050 [DataClientService-thread-1] INFO cn.edu.tsinghua.iot.benchmark.tsdb.DBWrapper -- DataClientService-thread-1 insert one batch latency (device: d_0, sg: g_0) ,0.26, ms, throughput ,192145.84638323876, points/s
11:50:01.050 [DataClientService-thread-1] INFO cn.edu.tsinghua.iot.benchmark.tsdb.DBWrapper -- DataClientService-thread-1 insert one batch latency (device: d_1, sg: g_0) ,0.26, ms, throughput ,195877.17717482432, points/s
11:50:01.050 [DataClientService-thread-1] INFO cn.edu.tsinghua.iot.benchmark.tsdb.DBWrapper -- DataClientService-thread-1 insert one batch latency (device: d_2, sg: g_0) ,0.20, ms, throughput ,252779.30849692368, points/s
11:50:01.051 [DataClientService-thread-1] INFO cn.edu.tsinghua.iot.benchmark.tsdb.DBWrapper -- DataClientService-thread-1 insert one batch latency (device: d_3, sg: g_0) ,0.23, ms, throughput ,219311.71212267422, points/s
11:50:01.051 [DataClientService-thread-1] INFO cn.edu.tsinghua.iot.benchmark.tsdb.DBWrapper -- DataClientService-thread-1 insert one batch latency (device: d_4, sg: g_0) ,0.23, ms, throughput ,214769.25191574174, points/s
11:50:01.051 [DataClientService-thread-1] INFO cn.edu.tsinghua.iot.benchmark.tsdb.DBWrapper -- DataClientService-thread-1 insert one batch latency (device: d_5, sg: g_0) ,0.25, ms, throughput ,201379.85476484874, points/s
11:50:01.053 [DataClientService-thread-1] INFO cn.edu.tsinghua.iot.benchmark.tsdb.DBWrapper -- DataClientService-thread-1 insert one batch latency (device: d_6, sg: g_0) ,2.06, ms, throughput ,24314.371203614864, points/s
11:50:01.054 [DataClientService-thread-1] INFO cn.edu.tsinghua.iot.benchmark.tsdb.DBWrapper -- DataClientService-thread-1 insert one batch latency (device: d_7, sg: g_0) ,0.39, ms, throughput ,129044.24669130553, points/s
11:50:01.054 [DataClientService-thread-1] INFO cn.edu.tsinghua.iot.benchmark.tsdb.DBWrapper -- DataClientService-thread-1 insert one batch latency (device: d_8, sg: g_0) ,0.32, ms, throughput ,157681.45193080936, points/s
11:50:01.055 [DataClientService-thread-1] INFO cn.edu.tsinghua.iot.benchmark.tsdb.DBWrapper -- DataClientService-thread-1 insert one batch latency (device: d_9, sg: g_0) ,0.29, ms, throughput ,173959.02916945, points/s
11:50:01.055 [DataClientService-thread-1] INFO cn.edu.tsinghua.iot.benchmark.tsdb.DBWrapper -- DataClientService-thread-1 insert one batch latency (device: d_10, sg: g_0) ,0.32, ms, throughput ,157328.18975038308, points/s
11:50:01.055 [DataClientService-thread-1] INFO cn.edu.tsinghua.iot.benchmark.tsdb.DBWrapper -- DataClientService-thread-1 insert one batch latency (device: d_11, sg: g_0) ,0.27, ms, throughput ,184141.71546422126, points/s
11:50:01.056 [DataClientService-thread-1] INFO cn.edu.tsinghua.iot.benchmark.tsdb.DBWrapper -- DataClientService-thread-1 insert one batch latency (device: d_12, sg: g_0) ,0.28, ms, throughput ,179593.83059273148, points/s
11:50:01.056 [DataClientService-thread-1] INFO cn.edu.tsinghua.iot.benchmark.tsdb.DBWrapper -- DataClientService-thread-1 insert one batch latency (device: d_13, sg: g_0) ,0.27, ms, throughput ,185316.27929387084, points/s
11:50:01.056 [DataClientService-thread-1] INFO cn.edu.tsinghua.iot.benchmark.tsdb.DBWrapper -- DataClientService-thread-1 insert one batch latency (device: d_14, sg: g_0) ,0.26, ms, throughput ,190218.21834007977, points/s
11:50:01.056 [DataClientService-thread-1] INFO cn.edu.tsinghua.iot.benchmark.tsdb.DBWrapper -- DataClientService-thread-1 insert one batch latency (device: d_15, sg: g_0) ,0.26, ms, throughput ,192992.81680735844, points/s
11:50:01.057 [DataClientService-thread-1] INFO cn.edu.tsinghua.iot.benchmark.tsdb.DBWrapper -- DataClientService-thread-1 insert one batch latency (device: d_16, sg: g_0) ,0.24, ms, throughput ,212519.0735868544, points/s
11:50:01.057 [DataClientService-thread-1] INFO cn.edu.tsinghua.iot.benchmark.tsdb.DBWrapper -- DataClientService-thread-1 insert one batch latency (device: d_17, sg: g_0) ,0.23, ms, throughput ,215932.3527125422, points/s
11:50:01.057 [DataClientService-thread-1] INFO cn.edu.tsinghua.iot.benchmark.tsdb.DBWrapper -- DataClientService-thread-1 insert one batch latency (device: d_18, sg: g_0) ,0.27, ms, throughput ,183330.1556106361, points/s
11:50:01.058 [DataClientService-thread-1] INFO cn.edu.tsinghua.iot.benchmark.tsdb.DBWrapper -- DataClientService-thread-1 insert one batch latency (device: d_19, sg: g_0) ,0.26, ms, throughput ,191453.515086537, points/s
11:50:01.058 [DataClientService-thread-1] INFO cn.edu.tsinghua.iot.benchmark.tsdb.DBWrapper -- DataClientService-thread-1 insert one batch latency (device: d_0, sg: g_0) ,0.26, ms, throughput ,189085.2434094338, points/s
11:50:01.058 [DataClientService-thread-1] INFO cn.edu.tsinghua.iot.benchmark.tsdb.DBWrapper -- DataClientService-thread-1 insert one batch latency (device: d_1, sg: g_0) ,0.25, ms, throughput ,200140.8991930319, points/s
11:50:01.059 [DataClientService-thread-1] INFO cn.edu.tsinghua.iot.benchmark.tsdb.DBWrapper -- DataClientService-thread-1 insert one batch latency (device: d_2, sg: g_0) ,0.33, ms, throughput ,149945.71964948688, points/s
11:50:01.059 [DataClientService-thread-1] INFO cn.edu.tsinghua.iot.benchmark.tsdb.DBWrapper -- DataClientService-thread-1 insert one batch latency (device: d_3, sg: g_0) ,0.23, ms, throughput ,221605.66601366864, points/s
11:50:01.059 [DataClientService-thread-1] INFO cn.edu.tsinghua.iot.benchmark.tsdb.DBWrapper -- DataClientService-thread-1 insert one batch latency (device: d_4, sg: g_0) ,0.25, ms, throughput ,201068.88217765643, points/s
11:50:01.060 [DataClientService-thread-1] INFO cn.edu.tsinghua.iot.benchmark.tsdb.DBWrapper -- DataClientService-thread-1 insert one batch latency (device: d_5, sg: g_0) ,0.25, ms, throughput ,199714.80725523952, points/s
11:50:01.060 [DataClientService-thread-1] INFO cn.edu.tsinghua.iot.benchmark.tsdb.DBWrapper -- DataClientService-thread-1 insert one batch latency (device: d_6, sg: g_0) ,0.22, ms, throughput ,227620.36564935537, points/s
11:50:01.060 [DataClientService-thread-1] INFO cn.edu.tsinghua.iot.benchmark.tsdb.DBWrapper -- DataClientService-thread-1 insert one batch latency (device: d_7, sg: g_0) ,0.32, ms, throughput ,155176.8550617138, points/s
11:50:01.061 [DataClientService-thread-1] INFO cn.edu.tsinghua.iot.benchmark.tsdb.DBWrapper -- DataClientService-thread-1 insert one batch latency (device: d_8, sg: g_0) ,0.21, ms, throughput ,238746.67545254432, points/s
11:50:01.061 [DataClientService-thread-1] INFO cn.edu.tsinghua.iot.benchmark.tsdb.DBWrapper -- DataClientService-thread-1 insert one batch latency (device: d_9, sg: g_0) ,0.19, ms, throughput ,257587.23191608838, points/s
11:50:01.061 [DataClientService-thread-1] INFO cn.edu.tsinghua.iot.benchmark.tsdb.DBWrapper -- DataClientService-thread-1 insert one batch latency (device: d_10, sg: g_0) ,0.18, ms, throughput ,278921.35533464985, points/s
11:50:01.061 [DataClientService-thread-1] INFO cn.edu.tsinghua.iot.benchmark.tsdb.DBWrapper -- DataClientService-thread-1 insert one batch latency (device: d_11, sg: g_0) ,0.14, ms, throughput ,369464.4981563721, points/s
11:50:01.062 [DataClientService-thread-1] INFO cn.edu.tsinghua.iot.benchmark.tsdb.DBWrapper -- DataClientService-thread-1 insert one batch latency (device: d_12, sg: g_0) ,0.19, ms, throughput ,266908.66385522875, points/s
11:50:01.062 [DataClientService-thread-1] INFO cn.edu.tsinghua.iot.benchmark.tsdb.DBWrapper -- DataClientService-thread-1 insert one batch latency (device: d_13, sg: g_0) ,0.23, ms, throughput ,213743.72127818747, points/s
11:50:01.062 [DataClientService-thread-1] INFO cn.edu.tsinghua.iot.benchmark.tsdb.DBWrapper -- DataClientService-thread-1 insert one batch latency (device: d_14, sg: g_0) ,0.19, ms, throughput ,258388.5854258502, points/s
11:50:01.062 [DataClientService-thread-1] INFO cn.edu.tsinghua.iot.benchmark.tsdb.DBWrapper -- DataClientService-thread-1 insert one batch latency (device: d_15, sg: g_0) ,0.21, ms, throughput ,243536.540222495, points/s
11:50:01.063 [DataClientService-thread-1] INFO cn.edu.tsinghua.iot.benchmark.tsdb.DBWrapper -- DataClientService-thread-1 insert one batch latency (device: d_16, sg: g_0) ,0.19, ms, throughput ,267009.86334435194, points/s
11:50:01.063 [DataClientService-thread-1] INFO cn.edu.tsinghua.iot.benchmark.tsdb.DBWrapper -- DataClientService-thread-1 insert one batch latency (device: d_17, sg: g_0) ,0.17, ms, throughput ,287354.6703754576, points/s
11:50:01.063 [DataClientService-thread-1] INFO cn.edu.tsinghua.iot.benchmark.tsdb.DBWrapper -- DataClientService-thread-1 insert one batch latency (device: d_18, sg: g_0) ,0.16, ms, throughput ,310464.5170103509, points/s
11:50:01.063 [DataClientService-thread-1] INFO cn.edu.tsinghua.iot.benchmark.tsdb.DBWrapper -- DataClientService-thread-1 insert one batch latency (device: d_19, sg: g_0) ,0.16, ms, throughput ,320186.4766039742, points/s
11:50:01.064 [DataClientService-thread-1] INFO cn.edu.tsinghua.iot.benchmark.tsdb.DBWrapper -- DataClientService-thread-1 insert one batch latency (device: d_0, sg: g_0) ,0.14, ms, throughput ,357326.6251214911, points/s
11:50:01.064 [DataClientService-thread-1] INFO cn.edu.tsinghua.iot.benchmark.tsdb.DBWrapper -- DataClientService-thread-1 insert one batch latency (device: d_1, sg: g_0) ,0.13, ms, throughput ,387647.984618128, points/s
11:50:01.064 [DataClientService-thread-1] INFO cn.edu.tsinghua.iot.benchmark.tsdb.DBWrapper -- DataClientService-thread-1 insert one batch latency (device: d_2, sg: g_0) ,0.14, ms, throughput ,356234.45927171427, points/s
11:50:01.064 [DataClientService-thread-1] INFO cn.edu.tsinghua.iot.benchmark.tsdb.DBWrapper -- DataClientService-thread-1 insert one batch latency (device: d_3, sg: g_0) ,0.12, ms, throughput ,414714.05465931236, points/s
11:50:01.064 [DataClientService-thread-1] INFO cn.edu.tsinghua.iot.benchmark.tsdb.DBWrapper -- DataClientService-thread-1 insert one batch latency (device: d_4, sg: g_0) ,0.14, ms, throughput ,355719.97723392147, points/s
11:50:01.064 [DataClientService-thread-1] INFO cn.edu.tsinghua.iot.benchmark.tsdb.DBWrapper -- DataClientService-thread-1 insert one batch latency (device: d_5, sg: g_0) ,0.14, ms, throughput ,368107.19281454757, points/s
11:50:01.065 [DataClientService-thread-1] INFO cn.edu.tsinghua.iot.benchmark.tsdb.DBWrapper -- DataClientService-thread-1 insert one batch latency (device: d_6, sg: g_0) ,0.15, ms, throughput ,342423.53682422714, points/s
11:50:01.065 [DataClientService-thread-1] INFO cn.edu.tsinghua.iot.benchmark.tsdb.DBWrapper -- DataClientService-thread-1 insert one batch latency (device: d_7, sg: g_0) ,0.24, ms, throughput ,211600.80239024266, points/s
11:50:01.065 [DataClientService-thread-1] INFO cn.edu.tsinghua.iot.benchmark.tsdb.DBWrapper -- DataClientService-thread-1 insert one batch latency (device: d_8, sg: g_0) ,0.22, ms, throughput ,223372.84054306403, points/s
11:50:01.065 [DataClientService-thread-1] INFO cn.edu.tsinghua.iot.benchmark.tsdb.DBWrapper -- DataClientService-thread-1 insert one batch latency (device: d_9, sg: g_0) ,0.19, ms, throughput ,269013.90263848833, points/s
11:50:01.065 [DataClientService-thread-1] INFO cn.edu.tsinghua.iot.benchmark.tsdb.DBWrapper -- DataClientService-thread-1 insert one batch latency (device: d_10, sg: g_0) ,0.14, ms, throughput ,360336.98715038307, points/s
11:50:01.066 [DataClientService-thread-1] INFO cn.edu.tsinghua.iot.benchmark.tsdb.DBWrapper -- DataClientService-thread-1 insert one batch latency (device: d_11, sg: g_0) ,0.14, ms, throughput ,361190.7737428755, points/s
11:50:01.066 [DataClientService-thread-1] INFO cn.edu.tsinghua.iot.benchmark.tsdb.DBWrapper -- DataClientService-thread-1 insert one batch latency (device: d_12, sg: g_0) ,0.18, ms, throughput ,274787.177331157, points/s
11:50:01.066 [DataClientService-thread-1] INFO cn.edu.tsinghua.iot.benchmark.tsdb.DBWrapper -- DataClientService-thread-1 insert one batch latency (device: d_13, sg: g_0) ,0.17, ms, throughput ,286795.9160261558, points/s
11:50:01.066 [DataClientService-thread-1] INFO cn.edu.tsinghua.iot.benchmark.tsdb.DBWrapper -- DataClientService-thread-1 insert one batch latency (device: d_14, sg: g_0) ,0.18, ms, throughput ,285391.3857464126, points/s
11:50:01.066 [DataClientService-thread-1] INFO cn.edu.tsinghua.iot.benchmark.tsdb.DBWrapper -- DataClientService-thread-1 insert one batch latency (device: d_15, sg: g_0) ,0.20, ms, throughput ,251094.77321120084, points/s
11:50:01.067 [DataClientService-thread-1] INFO cn.edu.tsinghua.iot.benchmark.tsdb.DBWrapper -- DataClientService-thread-1 insert one batch latency (device: d_16, sg: g_0) ,0.17, ms, throughput ,289084.1813135985, points/s
11:50:01.067 [DataClientService-thread-1] INFO cn.edu.tsinghua.iot.benchmark.tsdb.DBWrapper -- DataClientService-thread-1 insert one batch latency (device: d_17, sg: g_0) ,0.16, ms, throughput ,316079.6014868385, points/s
11:50:01.067 [DataClientService-thread-1] INFO cn.edu.tsinghua.iot.benchmark.tsdb.DBWrapper -- DataClientService-thread-1 insert one batch latency (device: d_18, sg: g_0) ,0.18, ms, throughput ,272255.528148499, points/s
11:50:01.067 [DataClientService-thread-1] INFO cn.edu.tsinghua.iot.benchmark.tsdb.DBWrapper -- DataClientService-thread-1 insert one batch latency (device: d_19, sg: g_0) ,0.16, ms, throughput ,307574.9560167813, points/s
11:50:01.068 [DataClientService-thread-1] INFO cn.edu.tsinghua.iot.benchmark.tsdb.DBWrapper -- DataClientService-thread-1 insert one batch latency (device: d_0, sg: g_0) ,0.18, ms, throughput ,270614.0232186832, points/s
11:50:01.068 [DataClientService-thread-1] INFO cn.edu.tsinghua.iot.benchmark.tsdb.DBWrapper -- DataClientService-thread-1 insert one batch latency (device: d_1, sg: g_0) ,0.19, ms, throughput ,267511.2889763948, points/s
11:50:01.068 [DataClientService-thread-1] INFO cn.edu.tsinghua.iot.benchmark.tsdb.DBWrapper -- DataClientService-thread-1 insert one batch latency (device: d_2, sg: g_0) ,0.17, ms, throughput ,287077.49369864905, points/s
11:50:01.068 [DataClientService-thread-1] INFO cn.edu.tsinghua.iot.benchmark.tsdb.DBWrapper -- DataClientService-thread-1 insert one batch latency (device: d_3, sg: g_0) ,0.19, ms, throughput ,265123.9984940957, points/s
11:50:01.068 [DataClientService-thread-1] INFO cn.edu.tsinghua.iot.benchmark.tsdb.DBWrapper -- DataClientService-thread-1 insert one batch latency (device: d_4, sg: g_0) ,0.24, ms, throughput ,211584.68465418598, points/s
11:50:01.069 [DataClientService-thread-1] INFO cn.edu.tsinghua.iot.benchmark.tsdb.DBWrapper -- DataClientService-thread-1 insert one batch latency (device: d_5, sg: g_0) ,0.21, ms, throughput ,234451.19663890763, points/s
11:50:01.069 [DataClientService-thread-1] INFO cn.edu.tsinghua.iot.benchmark.tsdb.DBWrapper -- DataClientService-thread-1 insert one batch latency (device: d_6, sg: g_0) ,0.18, ms, throughput ,275491.2008110461, points/s
11:50:01.069 [DataClientService-thread-1] INFO cn.edu.tsinghua.iot.benchmark.tsdb.DBWrapper -- DataClientService-thread-1 insert one batch latency (device: d_7, sg: g_0) ,0.18, ms, throughput ,282085.85565102595, points/s
11:50:01.069 [DataClientService-thread-1] INFO cn.edu.tsinghua.iot.benchmark.tsdb.DBWrapper -- DataClientService-thread-1 insert one batch latency (device: d_8, sg: g_0) ,0.20, ms, throughput ,255000.5610012342, points/s
11:50:01.070 [DataClientService-thread-1] INFO cn.edu.tsinghua.iot.benchmark.tsdb.DBWrapper -- DataClientService-thread-1 insert one batch latency (device: d_9, sg: g_0) ,0.21, ms, throughput ,236160.96731532214, points/s
11:50:01.070 [DataClientService-thread-1] INFO cn.edu.tsinghua.iot.benchmark.tsdb.DBWrapper -- DataClientService-thread-1 insert one batch latency (device: d_10, sg: g_0) ,0.18, ms, throughput ,282920.64641709294, points/s
11:50:01.070 [DataClientService-thread-1] INFO cn.edu.tsinghua.iot.benchmark.tsdb.DBWrapper -- DataClientService-thread-1 insert one batch latency (device: d_11, sg: g_0) ,0.15, ms, throughput ,330172.4821046515, points/s
11:50:01.070 [DataClientService-thread-1] INFO cn.edu.tsinghua.iot.benchmark.tsdb.DBWrapper -- DataClientService-thread-1 insert one batch latency (device: d_12, sg: g_0) ,0.19, ms, throughput ,264704.3252686749, points/s
11:50:01.071 [DataClientService-thread-1] INFO cn.edu.tsinghua.iot.benchmark.tsdb.DBWrapper -- DataClientService-thread-1 insert one batch latency (device: d_13, sg: g_0) ,0.22, ms, throughput ,224297.7238266986, points/s
11:50:01.071 [DataClientService-thread-1] INFO cn.edu.tsinghua.iot.benchmark.tsdb.DBWrapper -- DataClientService-thread-1 insert one batch latency (device: d_14, sg: g_0) ,0.24, ms, throughput ,207468.8796680498, points/s
11:50:01.071 [DataClientService-thread-1] INFO cn.edu.tsinghua.iot.benchmark.tsdb.DBWrapper -- DataClientService-thread-1 insert one batch latency (device: d_15, sg: g_0) ,0.19, ms, throughput ,257640.32380235897, points/s
11:50:01.071 [DataClientService-thread-1] INFO cn.edu.tsinghua.iot.benchmark.tsdb.DBWrapper -- DataClientService-thread-1 insert one batch latency (device: d_16, sg: g_0) ,0.17, ms, throughput ,293212.13898255385, points/s
11:50:01.072 [DataClientService-thread-1] INFO cn.edu.tsinghua.iot.benchmark.tsdb.DBWrapper -- DataClientService-thread-1 insert one batch latency (device: d_17, sg: g_0) ,0.16, ms, throughput ,320553.9171688678, points/s
11:50:01.072 [DataClientService-thread-1] INFO cn.edu.tsinghua.iot.benchmark.tsdb.DBWrapper -- DataClientService-thread-1 insert one batch latency (device: d_18, sg: g_0) ,0.18, ms, throughput ,283215.51567881095, points/s
11:50:01.072 [DataClientService-thread-1] INFO cn.edu.tsinghua.iot.benchmark.tsdb.DBWrapper -- DataClientService-thread-1 insert one batch latency (device: d_19, sg: g_0) ,0.21, ms, throughput ,242031.12520270108, points/s
11:50:01.072 [DataClientService-thread-1] INFO cn.edu.tsinghua.iot.benchmark.tsdb.DBWrapper -- DataClientService-thread-1 insert one batch latency (device: d_0, sg: g_0) ,0.18, ms, throughput ,272467.6853325196, points/s
11:50:01.072 [DataClientService-thread-1] INFO cn.edu.tsinghua.iot.benchmark.tsdb.DBWrapper -- DataClientService-thread-1 insert one batch latency (device: d_1, sg: g_0) ,0.17, ms, throughput ,296352.4935098804, points/s
11:50:01.073 [DataClientService-thread-1] INFO cn.edu.tsinghua.iot.benchmark.tsdb.DBWrapper -- DataClientService-thread-1 insert one batch latency (device: d_2, sg: g_0) ,0.15, ms, throughput ,343239.21713999356, points/s
11:50:01.073 [DataClientService-thread-1] INFO cn.edu.tsinghua.iot.benchmark.tsdb.DBWrapper -- DataClientService-thread-1 insert one batch latency (device: d_3, sg: g_0) ,0.15, ms, throughput ,325813.55645045685, points/s
11:50:01.073 [DataClientService-thread-1] INFO cn.edu.tsinghua.iot.benchmark.tsdb.DBWrapper -- DataClientService-thread-1 insert one batch latency (device: d_4, sg: g_0) ,0.16, ms, throughput ,311117.47173497773, points/s
11:50:01.073 [DataClientService-thread-1] INFO cn.edu.tsinghua.iot.benchmark.tsdb.DBWrapper -- DataClientService-thread-1 insert one batch latency (device: d_5, sg: g_0) ,0.16, ms, throughput ,307306.5198151244, points/s
11:50:01.073 [DataClientService-thread-1] INFO cn.edu.tsinghua.iot.benchmark.tsdb.DBWrapper -- DataClientService-thread-1 insert one batch latency (device: d_6, sg: g_0) ,0.16, ms, throughput ,307151.7206639392, points/s
11:50:01.074 [DataClientService-thread-1] INFO cn.edu.tsinghua.iot.benchmark.tsdb.DBWrapper -- DataClientService-thread-1 insert one batch latency (device: d_7, sg: g_0) ,0.20, ms, throughput ,251880.28633750952, points/s
11:50:01.074 [DataClientService-thread-1] INFO cn.edu.tsinghua.iot.benchmark.tsdb.DBWrapper -- DataClientService-thread-1 insert one batch latency (device: d_8, sg: g_0) ,0.21, ms, throughput ,239233.30510380334, points/s
11:50:01.074 [DataClientService-thread-1] INFO cn.edu.tsinghua.iot.benchmark.tsdb.DBWrapper -- DataClientService-thread-1 insert one batch latency (device: d_9, sg: g_0) ,0.21, ms, throughput ,243554.33453649175, points/s
11:50:01.074 [DataClientService-thread-1] INFO cn.edu.tsinghua.iot.benchmark.tsdb.DBWrapper -- DataClientService-thread-1 insert one batch latency (device: d_10, sg: g_0) ,0.17, ms, throughput ,294169.5593340001, points/s
11:50:01.075 [DataClientService-thread-1] INFO cn.edu.tsinghua.iot.benchmark.tsdb.DBWrapper -- DataClientService-thread-1 insert one batch latency (device: d_11, sg: g_0) ,0.16, ms, throughput ,315702.4062837407, points/s
11:50:01.075 [DataClientService-thread-1] INFO cn.edu.tsinghua.iot.benchmark.tsdb.DBWrapper -- DataClientService-thread-1 insert one batch latency (device: d_12, sg: g_0) ,0.17, ms, throughput ,286313.0890891808, points/s
11:50:01.075 [DataClientService-thread-1] INFO cn.edu.tsinghua.iot.benchmark.tsdb.DBWrapper -- DataClientService-thread-1 insert one batch latency (device: d_13, sg: g_0) ,0.17, ms, throughput ,293844.54448218714, points/s
11:50:01.075 [DataClientService-thread-1] INFO cn.edu.tsinghua.iot.benchmark.tsdb.DBWrapper -- DataClientService-thread-1 insert one batch latency (device: d_14, sg: g_0) ,0.17, ms, throughput ,295572.90896945546, points/s
11:50:01.075 [DataClientService-thread-1] INFO cn.edu.tsinghua.iot.benchmark.tsdb.DBWrapper -- DataClientService-thread-1 insert one batch latency (device: d_15, sg: g_0) ,0.16, ms, throughput ,307140.400019657, points/s
11:50:01.076 [DataClientService-thread-1] INFO cn.edu.tsinghua.iot.benchmark.tsdb.DBWrapper -- DataClientService-thread-1 insert one batch latency (device: d_16, sg: g_0) ,0.17, ms, throughput ,291815.73587174114, points/s
11:50:01.076 [DataClientService-thread-1] INFO cn.edu.tsinghua.iot.benchmark.tsdb.DBWrapper -- DataClientService-thread-1 insert one batch latency (device: d_17, sg: g_0) ,0.16, ms, throughput ,309206.9460248355, points/s
11:50:01.076 [DataClientService-thread-1] INFO cn.edu.tsinghua.iot.benchmark.tsdb.DBWrapper -- DataClientService-thread-1 insert one batch latency (device: d_18, sg: g_0) ,0.15, ms, throughput ,332287.7345951406, points/s
11:50:01.077 [DataClientService-thread-1] INFO cn.edu.tsinghua.iot.benchmark.tsdb.DBWrapper -- DataClientService-thread-1 insert one batch latency (device: d_19, sg: g_0) ,0.91, ms, throughput ,54894.3229389103, points/s
11:50:01.077 [DataClientService-thread-1] INFO cn.edu.tsinghua.iot.benchmark.tsdb.DBWrapper -- DataClientService-thread-1 insert one batch latency (device: d_0, sg: g_0) ,0.21, ms, throughput ,240603.24044444232, points/s
11:50:01.078 [DataClientService-thread-1] INFO cn.edu.tsinghua.iot.benchmark.tsdb.DBWrapper -- DataClientService-thread-1 insert one batch latency (device: d_1, sg: g_0) ,0.18, ms, throughput ,281766.33681220835, points/s
11:50:01.078 [DataClientService-thread-1] INFO cn.edu.tsinghua.iot.benchmark.tsdb.DBWrapper -- DataClientService-thread-1 insert one batch latency (device: d_2, sg: g_0) ,0.16, ms, throughput ,316923.0574201196, points/s
11:50:01.078 [DataClientService-thread-1] INFO cn.edu.tsinghua.iot.benchmark.tsdb.DBWrapper -- DataClientService-thread-1 insert one batch latency (device: d_3, sg: g_0) ,0.14, ms, throughput ,358940.1216089132, points/s
11:50:01.078 [DataClientService-thread-1] INFO cn.edu.tsinghua.iot.benchmark.tsdb.DBWrapper -- DataClientService-thread-1 insert one batch latency (device: d_4, sg: g_0) ,0.15, ms, throughput ,342224.3211980589, points/s
11:50:01.078 [DataClientService-thread-1] INFO cn.edu.tsinghua.iot.benchmark.tsdb.DBWrapper -- DataClientService-thread-1 insert one batch latency (device: d_5, sg: g_0) ,0.14, ms, throughput ,351736.16973380605, points/s
11:50:01.078 [DataClientService-thread-1] INFO cn.edu.tsinghua.iot.benchmark.tsdb.DBWrapper -- DataClientService-thread-1 insert one batch latency (device: d_6, sg: g_0) ,0.14, ms, throughput ,349086.44078446703, points/s
11:50:01.079 [DataClientService-thread-1] INFO cn.edu.tsinghua.iot.benchmark.tsdb.DBWrapper -- DataClientService-thread-1 insert one batch latency (device: d_7, sg: g_0) ,0.14, ms, throughput ,353042.52044116193, points/s
11:50:01.079 [DataClientService-thread-1] INFO cn.edu.tsinghua.iot.benchmark.tsdb.DBWrapper -- DataClientService-thread-1 insert one batch latency (device: d_8, sg: g_0) ,0.14, ms, throughput ,354511.87260261347, points/s
11:50:01.079 [DataClientService-thread-1] INFO cn.edu.tsinghua.iot.benchmark.tsdb.DBWrapper -- DataClientService-thread-1 insert one batch latency (device: d_9, sg: g_0) ,0.14, ms, throughput ,359846.8491809886, points/s
11:50:01.079 [DataClientService-thread-1] INFO cn.edu.tsinghua.iot.benchmark.tsdb.DBWrapper -- DataClientService-thread-1 insert one batch latency (device: d_10, sg: g_0) ,0.15, ms, throughput ,327332.24222585926, points/s
11:50:01.079 [DataClientService-thread-1] INFO cn.edu.tsinghua.iot.benchmark.tsdb.DBWrapper -- DataClientService-thread-1 insert one batch latency (device: d_11, sg: g_0) ,0.18, ms, throughput ,277609.669700015, points/s
11:50:01.080 [DataClientService-thread-1] INFO cn.edu.tsinghua.iot.benchmark.tsdb.DBWrapper -- DataClientService-thread-1 insert one batch latency (device: d_12, sg: g_0) ,0.18, ms, throughput ,284880.8058708236, points/s
11:50:01.080 [DataClientService-thread-1] INFO cn.edu.tsinghua.iot.benchmark.tsdb.DBWrapper -- DataClientService-thread-1 insert one batch latency (device: d_13, sg: g_0) ,0.15, ms, throughput ,328765.6821230373, points/s
11:50:01.080 [DataClientService-thread-1] INFO cn.edu.tsinghua.iot.benchmark.tsdb.DBWrapper -- DataClientService-thread-1 insert one batch latency (device: d_14, sg: g_0) ,0.16, ms, throughput ,309329.37391734717, points/s
11:50:01.080 [DataClientService-thread-1] INFO cn.edu.tsinghua.iot.benchmark.tsdb.DBWrapper -- DataClientService-thread-1 insert one batch latency (device: d_15, sg: g_0) ,0.14, ms, throughput ,346150.11838334054, points/s
11:50:01.080 [DataClientService-thread-1] INFO cn.edu.tsinghua.iot.benchmark.tsdb.DBWrapper -- DataClientService-thread-1 insert one batch latency (device: d_16, sg: g_0) ,0.16, ms, throughput ,319509.23381685733, points/s
11:50:01.081 [DataClientService-thread-1] INFO cn.edu.tsinghua.iot.benchmark.tsdb.DBWrapper -- DataClientService-thread-1 insert one batch latency (device: d_17, sg: g_0) ,0.17, ms, throughput ,296394.6554115736, points/s
11:50:01.081 [DataClientService-thread-1] INFO cn.edu.tsinghua.iot.benchmark.tsdb.DBWrapper -- DataClientService-thread-1 insert one batch latency (device: d_18, sg: g_0) ,0.17, ms, throughput ,299931.01586635073, points/s
11:50:01.081 [DataClientService-thread-1] INFO cn.edu.tsinghua.iot.benchmark.tsdb.DBWrapper -- DataClientService-thread-1 insert one batch latency (device: d_19, sg: g_0) ,0.15, ms, throughput ,323009.9357856248, points/s
11:50:01.081 [DataClientService-thread-1] INFO cn.edu.tsinghua.iot.benchmark.tsdb.DBWrapper -- DataClientService-thread-1 insert one batch latency (device: d_0, sg: g_0) ,0.15, ms, throughput ,343496.2421511109, points/s
11:50:01.081 [DataClientService-thread-1] INFO cn.edu.tsinghua.iot.benchmark.tsdb.DBWrapper -- DataClientService-thread-1 insert one batch latency (device: d_1, sg: g_0) ,0.16, ms, throughput ,309729.8536216712, points/s
11:50:01.082 [DataClientService-thread-1] INFO cn.edu.tsinghua.iot.benchmark.tsdb.DBWrapper -- DataClientService-thread-1 insert one batch latency (device: d_2, sg: g_0) ,0.16, ms, throughput ,310431.7484757801, points/s
11:50:01.082 [DataClientService-thread-1] INFO cn.edu.tsinghua.iot.benchmark.tsdb.DBWrapper -- DataClientService-thread-1 insert one batch latency (device: d_3, sg: g_0) ,0.15, ms, throughput ,328951.69673285173, points/s
11:50:01.082 [DataClientService-thread-1] INFO cn.edu.tsinghua.iot.benchmark.tsdb.DBWrapper -- DataClientService-thread-1 insert one batch latency (device: d_4, sg: g_0) ,0.14, ms, throughput ,347465.9309654688, points/s
11:50:01.082 [DataClientService-thread-1] INFO cn.edu.tsinghua.iot.benchmark.tsdb.DBWrapper -- DataClientService-thread-1 insert one batch latency (device: d_5, sg: g_0) ,0.15, ms, throughput ,340031.96300452243, points/s
11:50:01.082 [DataClientService-thread-1] INFO cn.edu.tsinghua.iot.benchmark.tsdb.DBWrapper -- DataClientService-thread-1 insert one batch latency (device: d_6, sg: g_0) ,0.15, ms, throughput ,332181.7698644699, points/s
11:50:01.083 [DataClientService-thread-1] INFO cn.edu.tsinghua.iot.benchmark.tsdb.DBWrapper -- DataClientService-thread-1 insert one batch latency (device: d_7, sg: g_0) ,0.14, ms, throughput ,349413.33501051733, points/s
11:50:01.083 [DataClientService-thread-1] INFO cn.edu.tsinghua.iot.benchmark.tsdb.DBWrapper -- DataClientService-thread-1 insert one batch latency (device: d_8, sg: g_0) ,0.15, ms, throughput ,343670.95568019355, points/s
11:50:01.083 [DataClientService-thread-1] INFO cn.edu.tsinghua.iot.benchmark.tsdb.DBWrapper -- DataClientService-thread-1 insert one batch latency (device: d_9, sg: g_0) ,0.16, ms, throughput ,319203.2686414709, points/s
11:50:01.083 [DataClientService-thread-1] INFO cn.edu.tsinghua.iot.benchmark.tsdb.DBWrapper -- DataClientService-thread-1 insert one batch latency (device: d_10, sg: g_0) ,0.15, ms, throughput ,336247.4781439139, points/s
11:50:01.083 [DataClientService-thread-1] INFO cn.edu.tsinghua.iot.benchmark.tsdb.DBWrapper -- DataClientService-thread-1 insert one batch latency (device: d_11, sg: g_0) ,0.16, ms, throughput ,307601.44695720647, points/s
11:50:01.084 [DataClientService-thread-1] INFO cn.edu.tsinghua.iot.benchmark.tsdb.DBWrapper -- DataClientService-thread-1 insert one batch latency (device: d_12, sg: g_0) ,0.17, ms, throughput ,294438.06495303713, points/s
11:50:01.084 [DataClientService-thread-1] INFO cn.edu.tsinghua.iot.benchmark.tsdb.DBWrapper -- DataClientService-thread-1 insert one batch latency (device: d_13, sg: g_0) ,0.16, ms, throughput ,306453.2934535447, points/s
11:50:01.084 [DataClientService-thread-1] INFO cn.edu.tsinghua.iot.benchmark.tsdb.DBWrapper -- DataClientService-thread-1 insert one batch latency (device: d_14, sg: g_0) ,0.18, ms, throughput ,277429.4496909436, points/s
11:50:01.084 [DataClientService-thread-1] INFO cn.edu.tsinghua.iot.benchmark.tsdb.DBWrapper -- DataClientService-thread-1 insert one batch latency (device: d_15, sg: g_0) ,0.20, ms, throughput ,248793.3522416281, points/s
11:50:01.085 [DataClientService-thread-1] INFO cn.edu.tsinghua.iot.benchmark.tsdb.DBWrapper -- DataClientService-thread-1 insert one batch latency (device: d_16, sg: g_0) ,0.19, ms, throughput ,260214.72919453133, points/s
11:50:01.085 [DataClientService-thread-1] INFO cn.edu.tsinghua.iot.benchmark.tsdb.DBWrapper -- DataClientService-thread-1 insert one batch latency (device: d_17, sg: g_0) ,0.19, ms, throughput ,263881.485547211, points/s
11:50:01.085 [DataClientService-thread-1] INFO cn.edu.tsinghua.iot.benchmark.tsdb.DBWrapper -- DataClientService-thread-1 insert one batch latency (device: d_18, sg: g_0) ,0.19, ms, throughput ,267774.89770998905, points/s
11:50:01.085 [DataClientService-thread-1] INFO cn.edu.tsinghua.iot.benchmark.tsdb.DBWrapper -- DataClientService-thread-1 insert one batch latency (device: d_19, sg: g_0) ,0.19, ms, throughput ,262244.18080162804, points/s
11:50:01.086 [DataClientService-thread-1] INFO cn.edu.tsinghua.iot.benchmark.tsdb.DBWrapper -- DataClientService-thread-1 insert one batch latency (device: d_0, sg: g_0) ,0.19, ms, throughput ,269611.54368785454, points/s
11:50:01.086 [DataClientService-thread-1] INFO cn.edu.tsinghua.iot.benchmark.tsdb.DBWrapper -- DataClientService-thread-1 insert one batch latency (device: d_1, sg: g_0) ,0.19, ms, throughput ,257827.64737428326, points/s
11:50:01.086 [DataClientService-thread-1] INFO cn.edu.tsinghua.iot.benchmark.tsdb.DBWrapper -- DataClientService-thread-1 insert one batch latency (device: d_2, sg: g_0) ,0.19, ms, throughput ,261926.83859544352, points/s
11:50:01.086 [DataClientService-thread-1] INFO cn.edu.tsinghua.iot.benchmark.tsdb.DBWrapper -- DataClientService-thread-1 insert one batch latency (device: d_3, sg: g_0) ,0.16, ms, throughput ,305461.0323361049, points/s
11:50:01.087 [DataClientService-thread-1] INFO cn.edu.tsinghua.iot.benchmark.tsdb.DBWrapper -- DataClientService-thread-1 insert one batch latency (device: d_4, sg: g_0) ,0.15, ms, throughput ,325947.36601933517, points/s
11:50:01.087 [DataClientService-thread-1] INFO cn.edu.tsinghua.iot.benchmark.tsdb.DBWrapper -- DataClientService-thread-1 insert one batch latency (device: d_5, sg: g_0) ,0.15, ms, throughput ,333698.17667316267, points/s
11:50:01.087 [DataClientService-thread-1] INFO cn.edu.tsinghua.iot.benchmark.tsdb.DBWrapper -- DataClientService-thread-1 insert one batch latency (device: d_6, sg: g_0) ,0.16, ms, throughput ,303368.60498980683, points/s
11:50:01.087 [DataClientService-thread-1] INFO cn.edu.tsinghua.iot.benchmark.tsdb.DBWrapper -- DataClientService-thread-1 insert one batch latency (device: d_7, sg: g_0) ,0.19, ms, throughput ,269659.5278800986, points/s
11:50:01.087 [DataClientService-thread-1] INFO cn.edu.tsinghua.iot.benchmark.tsdb.DBWrapper -- DataClientService-thread-1 insert one batch latency (device: d_8, sg: g_0) ,0.20, ms, throughput ,249670.435025766, points/s
11:50:01.088 [DataClientService-thread-1] INFO cn.edu.tsinghua.iot.benchmark.tsdb.DBWrapper -- DataClientService-thread-1 insert one batch latency (device: d_9, sg: g_0) ,0.17, ms, throughput ,300543.98461214796, points/s
11:50:01.088 [DataClientService-thread-1] INFO cn.edu.tsinghua.iot.benchmark.tsdb.DBWrapper -- DataClientService-thread-1 insert one batch latency (device: d_10, sg: g_0) ,0.17, ms, throughput ,298000.4172005841, points/s
11:50:01.088 [DataClientService-thread-1] INFO cn.edu.tsinghua.iot.benchmark.tsdb.DBWrapper -- DataClientService-thread-1 insert one batch latency (device: d_11, sg: g_0) ,0.14, ms, throughput ,348157.89656925213, points/s
11:50:01.088 [DataClientService-thread-1] INFO cn.edu.tsinghua.iot.benchmark.tsdb.DBWrapper -- DataClientService-thread-1 insert one batch latency (device: d_12, sg: g_0) ,0.14, ms, throughput ,359254.7619218693, points/s
11:50:01.088 [DataClientService-thread-1] INFO cn.edu.tsinghua.iot.benchmark.tsdb.DBWrapper -- DataClientService-thread-1 insert one batch latency (device: d_13, sg: g_0) ,0.16, ms, throughput ,322243.84836493473, points/s
11:50:01.089 [DataClientService-thread-1] INFO cn.edu.tsinghua.iot.benchmark.tsdb.DBWrapper -- DataClientService-thread-1 insert one batch latency (device: d_14, sg: g_0) ,0.16, ms, throughput ,313629.06463267765, points/s
11:50:01.089 [DataClientService-thread-1] INFO cn.edu.tsinghua.iot.benchmark.tsdb.DBWrapper -- DataClientService-thread-1 insert one batch latency (device: d_15, sg: g_0) ,0.16, ms, throughput ,310597.5897627034, points/s
11:50:01.089 [DataClientService-thread-1] INFO cn.edu.tsinghua.iot.benchmark.tsdb.DBWrapper -- DataClientService-thread-1 insert one batch latency (device: d_16, sg: g_0) ,0.15, ms, throughput ,340219.37345200183, points/s
11:50:01.089 [DataClientService-thread-1] INFO cn.edu.tsinghua.iot.benchmark.tsdb.DBWrapper -- DataClientService-thread-1 insert one batch latency (device: d_17, sg: g_0) ,0.18, ms, throughput ,273189.7083973053, points/s
11:50:01.089 [DataClientService-thread-1] INFO cn.edu.tsinghua.iot.benchmark.tsdb.DBWrapper -- DataClientService-thread-1 insert one batch latency (device: d_18, sg: g_0) ,0.16, ms, throughput ,309168.707180134, points/s
11:50:01.090 [DataClientService-thread-1] INFO cn.edu.tsinghua.iot.benchmark.tsdb.DBWrapper -- DataClientService-thread-1 insert one batch latency (device: d_19, sg: g_0) ,0.15, ms, throughput ,326034.507492273, points/s
11:50:01.090 [DataClientService-thread-1] INFO cn.edu.tsinghua.iot.benchmark.tsdb.DBWrapper -- DataClientService-thread-1 insert one batch latency (device: d_0, sg: g_0) ,0.14, ms, throughput ,361676.7333357445, points/s
11:50:01.090 [DataClientService-thread-1] INFO cn.edu.tsinghua.iot.benchmark.tsdb.DBWrapper -- DataClientService-thread-1 insert one batch latency (device: d_1, sg: g_0) ,0.15, ms, throughput ,336786.51776212093, points/s
11:50:01.090 [DataClientService-thread-1] INFO cn.edu.tsinghua.iot.benchmark.tsdb.DBWrapper -- DataClientService-thread-1 insert one batch latency (device: d_2, sg: g_0) ,0.17, ms, throughput ,293146.81378728093, points/s
11:50:01.091 [DataClientService-thread-1] INFO cn.edu.tsinghua.iot.benchmark.tsdb.DBWrapper -- DataClientService-thread-1 insert one batch latency (device: d_3, sg: g_0) ,0.31, ms, throughput ,162522.34682268812, points/s
11:50:01.091 [DataClientService-thread-1] INFO cn.edu.tsinghua.iot.benchmark.tsdb.DBWrapper -- DataClientService-thread-1 insert one batch latency (device: d_4, sg: g_0) ,0.20, ms, throughput ,250988.89625122983, points/s
11:50:01.091 [DataClientService-thread-1] INFO cn.edu.tsinghua.iot.benchmark.tsdb.DBWrapper -- DataClientService-thread-1 insert one batch latency (device: d_5, sg: g_0) ,0.17, ms, throughput ,295511.76727857307, points/s
11:50:01.092 [DataClientService-thread-1] INFO cn.edu.tsinghua.iot.benchmark.tsdb.DBWrapper -- DataClientService-thread-1 insert one batch latency (device: d_6, sg: g_0) ,0.17, ms, throughput ,295796.72848818294, points/s
11:50:01.092 [DataClientService-thread-1] INFO cn.edu.tsinghua.iot.benchmark.tsdb.DBWrapper -- DataClientService-thread-1 insert one batch latency (device: d_7, sg: g_0) ,0.17, ms, throughput ,287478.582845578, points/s
11:50:01.092 [DataClientService-thread-1] INFO cn.edu.tsinghua.iot.benchmark.tsdb.DBWrapper -- DataClientService-thread-1 insert one batch latency (device: d_8, sg: g_0) ,0.19, ms, throughput ,268103.7025121317, points/s
11:50:01.092 [DataClientService-thread-1] INFO cn.edu.tsinghua.iot.benchmark.tsdb.DBWrapper -- DataClientService-thread-1 insert one batch latency (device: d_9, sg: g_0) ,0.17, ms, throughput ,300033.60376362153, points/s
11:50:01.092 [DataClientService-thread-1] INFO cn.edu.tsinghua.iot.benchmark.tsdb.DBWrapper -- DataClientService-thread-1 insert one batch latency (device: d_10, sg: g_0) ,0.15, ms, throughput ,322872.2717293039, points/s
11:50:01.093 [DataClientService-thread-1] INFO cn.edu.tsinghua.iot.benchmark.tsdb.DBWrapper -- DataClientService-thread-1 insert one batch latency (device: d_11, sg: g_0) ,0.21, ms, throughput ,238836.76939832242, points/s
11:50:01.093 [DataClientService-thread-1] INFO cn.edu.tsinghua.iot.benchmark.tsdb.DBWrapper -- DataClientService-thread-1 insert one batch latency (device: d_12, sg: g_0) ,0.18, ms, throughput ,281243.3204711388, points/s
11:50:01.093 [DataClientService-thread-1] INFO cn.edu.tsinghua.iot.benchmark.tsdb.DBWrapper -- DataClientService-thread-1 insert one batch latency (device: d_13, sg: g_0) ,0.18, ms, throughput ,278195.0703833528, points/s
11:50:01.093 [DataClientService-thread-1] INFO cn.edu.tsinghua.iot.benchmark.tsdb.DBWrapper -- DataClientService-thread-1 insert one batch latency (device: d_14, sg: g_0) ,0.14, ms, throughput ,360191.62194287364, points/s
11:50:01.093 [DataClientService-thread-1] INFO cn.edu.tsinghua.iot.benchmark.tsdb.DBWrapper -- DataClientService-thread-1 insert one batch latency (device: d_15, sg: g_0) ,0.15, ms, throughput ,340840.922724546, points/s
11:50:01.094 [DataClientService-thread-1] INFO cn.edu.tsinghua.iot.benchmark.tsdb.DBWrapper -- DataClientService-thread-1 insert one batch latency (device: d_16, sg: g_0) ,0.13, ms, throughput ,370427.99250253744, points/s
11:50:01.094 [DataClientService-thread-1] INFO cn.edu.tsinghua.iot.benchmark.tsdb.DBWrapper -- DataClientService-thread-1 insert one batch latency (device: d_17, sg: g_0) ,0.13, ms, throughput ,393542.75054899213, points/s
11:50:01.094 [DataClientService-thread-1] INFO cn.edu.tsinghua.iot.benchmark.tsdb.DBWrapper -- DataClientService-thread-1 insert one batch latency (device: d_18, sg: g_0) ,0.14, ms, throughput ,361852.10380813153, points/s
11:50:01.094 [DataClientService-thread-1] INFO cn.edu.tsinghua.iot.benchmark.tsdb.DBWrapper -- DataClientService-thread-1 insert one batch latency (device: d_19, sg: g_0) ,0.12, ms, throughput ,425267.7060209402, points/s
11:50:01.094 [DataClientService-thread-1] INFO cn.edu.tsinghua.iot.benchmark.tsdb.DBWrapper -- DataClientService-thread-1 insert one batch latency (device: d_0, sg: g_0) ,0.12, ms, throughput ,434046.6166066235, points/s
11:50:01.095 [DataClientService-thread-1] INFO cn.edu.tsinghua.iot.benchmark.tsdb.DBWrapper -- DataClientService-thread-1 insert one batch latency (device: d_1, sg: g_0) ,0.12, ms, throughput ,420857.7080089222, points/s
11:50:01.095 [DataClientService-thread-1] INFO cn.edu.tsinghua.iot.benchmark.tsdb.DBWrapper -- DataClientService-thread-1 insert one batch latency (device: d_2, sg: g_0) ,0.13, ms, throughput ,399236.6595070226, points/s
11:50:01.095 [DataClientService-thread-1] INFO cn.edu.tsinghua.iot.benchmark.tsdb.DBWrapper -- DataClientService-thread-1 insert one batch latency (device: d_3, sg: g_0) ,0.11, ms, throughput ,465579.69327609806, points/s
11:50:01.095 [DataClientService-thread-1] INFO cn.edu.tsinghua.iot.benchmark.tsdb.DBWrapper -- DataClientService-thread-1 insert one batch latency (device: d_4, sg: g_0) ,0.13, ms, throughput ,394240.92851623485, points/s
11:50:01.095 [DataClientService-thread-1] INFO cn.edu.tsinghua.iot.benchmark.tsdb.DBWrapper -- DataClientService-thread-1 insert one batch latency (device: d_5, sg: g_0) ,0.10, ms, throughput ,523631.4891032287, points/s
11:50:01.095 [DataClientService-thread-1] INFO cn.edu.tsinghua.iot.benchmark.tsdb.DBWrapper -- DataClientService-thread-1 insert one batch latency (device: d_6, sg: g_0) ,0.10, ms, throughput ,497913.74142343586, points/s
11:50:01.095 [DataClientService-thread-1] INFO cn.edu.tsinghua.iot.benchmark.tsdb.DBWrapper -- DataClientService-thread-1 insert one batch latency (device: d_7, sg: g_0) ,0.12, ms, throughput ,425579.0002298127, points/s
11:50:01.096 [DataClientService-thread-1] INFO cn.edu.tsinghua.iot.benchmark.tsdb.DBWrapper -- DataClientService-thread-1 insert one batch latency (device: d_8, sg: g_0) ,0.15, ms, throughput ,334139.7238669322, points/s
11:50:01.096 [DataClientService-thread-1] INFO cn.edu.tsinghua.iot.benchmark.tsdb.DBWrapper -- DataClientService-thread-1 insert one batch latency (device: d_9, sg: g_0) ,0.13, ms, throughput ,383203.42737145437, points/s
11:50:01.096 [DataClientService-thread-1] INFO cn.edu.tsinghua.iot.benchmark.tsdb.DBWrapper -- DataClientService-thread-1 insert one batch latency (device: d_10, sg: g_0) ,0.12, ms, throughput ,418053.2098125449, points/s
11:50:01.096 [DataClientService-thread-1] INFO cn.edu.tsinghua.iot.benchmark.tsdb.DBWrapper -- DataClientService-thread-1 insert one batch latency (device: d_11, sg: g_0) ,0.11, ms, throughput ,437020.9158210312, points/s
11:50:01.096 [DataClientService-thread-1] INFO cn.edu.tsinghua.iot.benchmark.tsdb.DBWrapper -- DataClientService-thread-1 insert one batch latency (device: d_12, sg: g_0) ,0.11, ms, throughput ,444033.9597172392, points/s
11:50:01.097 [DataClientService-thread-1] INFO cn.edu.tsinghua.iot.benchmark.tsdb.DBWrapper -- DataClientService-thread-1 insert one batch latency (device: d_13, sg: g_0) ,0.14, ms, throughput ,352460.1720005639, points/s
11:50:01.098 [DataClientService-thread-1] INFO cn.edu.tsinghua.iot.benchmark.tsdb.DBWrapper -- DataClientService-thread-1 insert one batch latency (device: d_14, sg: g_0) ,0.92, ms, throughput ,54217.23327289919, points/s
11:50:01.098 [DataClientService-thread-1] INFO cn.edu.tsinghua.iot.benchmark.tsdb.DBWrapper -- DataClientService-thread-1 insert one batch latency (device: d_15, sg: g_0) ,0.22, ms, throughput ,231763.67521565608, points/s
11:50:01.098 [DataClientService-thread-1] INFO cn.edu.tsinghua.iot.benchmark.tsdb.DBWrapper -- DataClientService-thread-1 insert one batch latency (device: d_16, sg: g_0) ,0.13, ms, throughput ,399808.0921157844, points/s
11:50:01.098 [DataClientService-thread-1] INFO cn.edu.tsinghua.iot.benchmark.tsdb.DBWrapper -- DataClientService-thread-1 insert one batch latency (device: d_17, sg: g_0) ,0.12, ms, throughput ,416513.9448868748, points/s
11:50:01.099 [DataClientService-thread-1] INFO cn.edu.tsinghua.iot.benchmark.tsdb.DBWrapper -- DataClientService-thread-1 insert one batch latency (device: d_18, sg: g_0) ,0.57, ms, throughput ,87137.0090047385, points/s
11:50:01.099 [DataClientService-thread-1] INFO cn.edu.tsinghua.iot.benchmark.tsdb.DBWrapper -- DataClientService-thread-1 insert one batch latency (device: d_19, sg: g_0) ,0.21, ms, throughput ,235508.01433772792, points/s
11:50:01.099 [DataClientService-thread-1] INFO cn.edu.tsinghua.iot.benchmark.tsdb.DBWrapper -- DataClientService-thread-1 insert one batch latency (device: d_0, sg: g_0) ,0.15, ms, throughput ,322601.4581585909, points/s
11:50:01.100 [DataClientService-thread-1] INFO cn.edu.tsinghua.iot.benchmark.tsdb.DBWrapper -- DataClientService-thread-1 insert one batch latency (device: d_1, sg: g_0) ,0.14, ms, throughput ,351390.09923256404, points/s
11:50:01.100 [DataClientService-thread-1] INFO cn.edu.tsinghua.iot.benchmark.tsdb.DBWrapper -- DataClientService-thread-1 insert one batch latency (device: d_2, sg: g_0) ,0.19, ms, throughput ,256703.8202662532, points/s
11:50:01.100 [DataClientService-thread-1] INFO cn.edu.tsinghua.iot.benchmark.tsdb.DBWrapper -- DataClientService-thread-1 insert one batch latency (device: d_3, sg: g_0) ,0.27, ms, throughput ,182154.6711743876, points/s
11:50:01.100 [DataClientService-thread-1] INFO cn.edu.tsinghua.iot.benchmark.tsdb.DBWrapper -- DataClientService-thread-1 insert one batch latency (device: d_4, sg: g_0) ,0.20, ms, throughput ,250914.58365743133, points/s
11:50:01.101 [DataClientService-thread-1] INFO cn.edu.tsinghua.iot.benchmark.tsdb.DBWrapper -- DataClientService-thread-1 insert one batch latency (device: d_5, sg: g_0) ,0.11, ms, throughput ,439610.68078110024, points/s
11:50:01.101 [DataClientService-thread-1] INFO cn.edu.tsinghua.iot.benchmark.tsdb.DBWrapper -- DataClientService-thread-1 insert one batch latency (device: d_6, sg: g_0) ,0.11, ms, throughput ,447635.5888198535, points/s
11:50:01.101 [DataClientService-thread-1] INFO cn.edu.tsinghua.iot.benchmark.tsdb.DBWrapper -- DataClientService-thread-1 insert one batch latency (device: d_7, sg: g_0) ,0.10, ms, throughput ,494017.448696288, points/s
11:50:01.101 [DataClientService-thread-1] INFO cn.edu.tsinghua.iot.benchmark.tsdb.DBWrapper -- DataClientService-thread-1 insert one batch latency (device: d_8, sg: g_0) ,0.09, ms, throughput ,532158.3277456709, points/s
11:50:01.101 [DataClientService-thread-1] INFO cn.edu.tsinghua.iot.benchmark.tsdb.DBWrapper -- DataClientService-thread-1 insert one batch latency (device: d_9, sg: g_0) ,0.13, ms, throughput ,399827.2746173653, points/s
11:50:01.101 [DataClientService-thread-1] INFO cn.edu.tsinghua.iot.benchmark.tsdb.DBWrapper -- DataClientService-thread-1 insert one batch latency (device: d_10, sg: g_0) ,0.13, ms, throughput ,393787.6067164414, points/s
11:50:01.102 [DataClientService-thread-1] INFO cn.edu.tsinghua.iot.benchmark.tsdb.DBWrapper -- DataClientService-thread-1 insert one batch latency (device: d_11, sg: g_0) ,0.14, ms, throughput ,346351.53295188484, points/s
11:50:01.102 [DataClientService-thread-1] INFO cn.edu.tsinghua.iot.benchmark.tsdb.DBWrapper -- DataClientService-thread-1 insert one batch latency (device: d_12, sg: g_0) ,0.12, ms, throughput ,408099.9681682025, points/s
11:50:01.102 [DataClientService-thread-1] INFO cn.edu.tsinghua.iot.benchmark.tsdb.DBWrapper -- DataClientService-thread-1 insert one batch latency (device: d_13, sg: g_0) ,0.12, ms, throughput ,422325.8328265423, points/s
11:50:01.102 [DataClientService-thread-1] INFO cn.edu.tsinghua.iot.benchmark.tsdb.DBWrapper -- DataClientService-thread-1 insert one batch latency (device: d_14, sg: g_0) ,0.11, ms, throughput ,449426.0828921467, points/s
11:50:01.102 [DataClientService-thread-1] INFO cn.edu.tsinghua.iot.benchmark.tsdb.DBWrapper -- DataClientService-thread-1 insert one batch latency (device: d_15, sg: g_0) ,0.10, ms, throughput ,478973.08171280776, points/s
11:50:01.102 [DataClientService-thread-1] INFO cn.edu.tsinghua.iot.benchmark.tsdb.DBWrapper -- DataClientService-thread-1 insert one batch latency (device: d_16, sg: g_0) ,0.17, ms, throughput ,302094.72482191515, points/s
11:50:01.102 [DataClientService-thread-1] INFO cn.edu.tsinghua.iot.benchmark.tsdb.DBWrapper -- DataClientService-thread-1 insert one batch latency (device: d_17, sg: g_0) ,0.13, ms, throughput ,372556.03242727707, points/s
11:50:01.103 [DataClientService-thread-1] INFO cn.edu.tsinghua.iot.benchmark.tsdb.DBWrapper -- DataClientService-thread-1 insert one batch latency (device: d_18, sg: g_0) ,0.11, ms, throughput ,443396.05909582676, points/s
11:50:01.103 [DataClientService-thread-1] INFO cn.edu.tsinghua.iot.benchmark.tsdb.DBWrapper -- DataClientService-thread-1 insert one batch latency (device: d_19, sg: g_0) ,0.12, ms, throughput ,420599.26983966754, points/s
11:50:01.103 [DataClientService-thread-1] INFO cn.edu.tsinghua.iot.benchmark.tsdb.DBWrapper -- DataClientService-thread-1 insert one batch latency (device: d_0, sg: g_0) ,0.12, ms, throughput ,406154.04610660736, points/s
11:50:01.103 [DataClientService-thread-1] INFO cn.edu.tsinghua.iot.benchmark.tsdb.DBWrapper -- DataClientService-thread-1 insert one batch latency (device: d_1, sg: g_0) ,0.13, ms, throughput ,390774.5933990355, points/s
11:50:01.103 [DataClientService-thread-1] INFO cn.edu.tsinghua.iot.benchmark.tsdb.DBWrapper -- DataClientService-thread-1 insert one batch latency (device: d_2, sg: g_0) ,0.18, ms, throughput ,284090.9090909091, points/s
11:50:01.104 [DataClientService-thread-1] INFO cn.edu.tsinghua.iot.benchmark.tsdb.DBWrapper -- DataClientService-thread-1 insert one batch latency (device: d_3, sg: g_0) ,0.14, ms, throughput ,360121.5770444102, points/s
11:50:01.104 [DataClientService-thread-1] INFO cn.edu.tsinghua.iot.benchmark.tsdb.DBWrapper -- DataClientService-thread-1 insert one batch latency (device: d_4, sg: g_0) ,0.12, ms, throughput ,431119.9634410271, points/s
11:50:01.104 [DataClientService-thread-1] INFO cn.edu.tsinghua.iot.benchmark.tsdb.DBWrapper -- DataClientService-thread-1 insert one batch latency (device: d_5, sg: g_0) ,0.11, ms, throughput ,450482.9176877613, points/s
11:50:01.104 [DataClientService-thread-1] INFO cn.edu.tsinghua.iot.benchmark.tsdb.DBWrapper -- DataClientService-thread-1 insert one batch latency (device: d_6, sg: g_0) ,0.11, ms, throughput ,470101.54193305754, points/s
11:50:01.104 [DataClientService-thread-1] INFO cn.edu.tsinghua.iot.benchmark.tsdb.DBWrapper -- DataClientService-thread-1 insert one batch latency (device: d_7, sg: g_0) ,0.12, ms, throughput ,433512.22937999084, points/s
11:50:01.104 [DataClientService-thread-1] INFO cn.edu.tsinghua.iot.benchmark.tsdb.DBWrapper -- DataClientService-thread-1 insert one batch latency (device: d_8, sg: g_0) ,0.15, ms, throughput ,337320.46118453454, points/s
11:50:01.104 [DataClientService-thread-1] INFO cn.edu.tsinghua.iot.benchmark.tsdb.DBWrapper -- DataClientService-thread-1 insert one batch latency (device: d_9, sg: g_0) ,0.13, ms, throughput ,373809.41700683325, points/s
11:50:01.105 [DataClientService-thread-1] INFO cn.edu.tsinghua.iot.benchmark.tsdb.DBWrapper -- DataClientService-thread-1 insert one batch latency (device: d_10, sg: g_0) ,0.13, ms, throughput ,386658.72727413324, points/s
11:50:01.105 [DataClientService-thread-1] INFO cn.edu.tsinghua.iot.benchmark.tsdb.DBWrapper -- DataClientService-thread-1 insert one batch latency (device: d_11, sg: g_0) ,0.12, ms, throughput ,419829.3813394237, points/s
11:50:01.105 [DataClientService-thread-1] INFO cn.edu.tsinghua.iot.benchmark.tsdb.DBWrapper -- DataClientService-thread-1 insert one batch latency (device: d_12, sg: g_0) ,0.13, ms, throughput ,376684.72242102807, points/s
11:50:01.105 [DataClientService-thread-1] INFO cn.edu.tsinghua.iot.benchmark.tsdb.DBWrapper -- DataClientService-thread-1 insert one batch latency (device: d_13, sg: g_0) ,0.12, ms, throughput ,408379.9567117246, points/s
11:50:01.106 [DataClientService-thread-1] INFO cn.edu.tsinghua.iot.benchmark.tsdb.DBWrapper -- DataClientService-thread-1 insert one batch latency (device: d_14, sg: g_0) ,0.13, ms, throughput ,379910.3411594863, points/s
11:50:01.106 [DataClientService-thread-1] INFO cn.edu.tsinghua.iot.benchmark.tsdb.DBWrapper -- DataClientService-thread-1 insert one batch latency (device: d_15, sg: g_0) ,0.12, ms, throughput ,421400.39780197555, points/s
11:50:01.106 [DataClientService-thread-1] INFO cn.edu.tsinghua.iot.benchmark.tsdb.DBWrapper -- DataClientService-thread-1 insert one batch latency (device: d_16, sg: g_0) ,0.11, ms, throughput ,440307.51076551864, points/s
11:50:01.106 [DataClientService-thread-1] INFO cn.edu.tsinghua.iot.benchmark.tsdb.DBWrapper -- DataClientService-thread-1 insert one batch latency (device: d_17, sg: g_0) ,0.11, ms, throughput ,443014.98276671715, points/s
11:50:01.106 [DataClientService-thread-1] INFO cn.edu.tsinghua.iot.benchmark.tsdb.DBWrapper -- DataClientService-thread-1 insert one batch latency (device: d_18, sg: g_0) ,0.14, ms, throughput ,352241.6659621834, points/s
11:50:01.106 [DataClientService-thread-1] INFO cn.edu.tsinghua.iot.benchmark.tsdb.DBWrapper -- DataClientService-thread-1 insert one batch latency (device: d_19, sg: g_0) ,0.11, ms, throughput ,440687.8255581311, points/s
11:50:01.106 [DataClientService-thread-1] INFO cn.edu.tsinghua.iot.benchmark.tsdb.DBWrapper -- DataClientService-thread-1 insert one batch latency (device: d_0, sg: g_0) ,0.12, ms, throughput ,426537.4542538581, points/s
11:50:01.107 [DataClientService-thread-1] INFO cn.edu.tsinghua.iot.benchmark.tsdb.DBWrapper -- DataClientService-thread-1 insert one batch latency (device: d_1, sg: g_0) ,0.11, ms, throughput ,440109.85141891416, points/s
11:50:01.107 [DataClientService-thread-1] INFO cn.edu.tsinghua.iot.benchmark.tsdb.DBWrapper -- DataClientService-thread-1 insert one batch latency (device: d_2, sg: g_0) ,0.14, ms, throughput ,366101.8934789931, points/s
11:50:01.107 [DataClientService-thread-1] INFO cn.edu.tsinghua.iot.benchmark.tsdb.DBWrapper -- DataClientService-thread-1 insert one batch latency (device: d_3, sg: g_0) ,0.15, ms, throughput ,323452.9246613448, points/s
11:50:01.107 [DataClientService-thread-1] INFO cn.edu.tsinghua.iot.benchmark.tsdb.DBWrapper -- DataClientService-thread-1 insert one batch latency (device: d_4, sg: g_0) ,0.11, ms, throughput ,435210.2500718097, points/s
11:50:01.107 [DataClientService-thread-1] INFO cn.edu.tsinghua.iot.benchmark.tsdb.DBWrapper -- DataClientService-thread-1 insert one batch latency (device: d_5, sg: g_0) ,0.14, ms, throughput ,350223.44255635096, points/s
11:50:01.107 [DataClientService-thread-1] INFO cn.edu.tsinghua.iot.benchmark.tsdb.DBWrapper -- DataClientService-thread-1 insert one batch latency (device: d_6, sg: g_0) ,0.15, ms, throughput ,322745.14107190113, points/s
11:50:01.108 [DataClientService-thread-1] INFO cn.edu.tsinghua.iot.benchmark.tsdb.DBWrapper -- DataClientService-thread-1 insert one batch latency (device: d_7, sg: g_0) ,0.19, ms, throughput ,267161.09279573394, points/s
11:50:01.108 [DataClientService-thread-1] INFO cn.edu.tsinghua.iot.benchmark.tsdb.DBWrapper -- DataClientService-thread-1 insert one batch latency (device: d_8, sg: g_0) ,0.14, ms, throughput ,361430.97752622183, points/s
11:50:01.108 [DataClientService-thread-1] INFO cn.edu.tsinghua.iot.benchmark.tsdb.DBWrapper -- DataClientService-thread-1 insert one batch latency (device: d_9, sg: g_0) ,0.12, ms, throughput ,411505.69935393607, points/s
11:50:01.108 [DataClientService-thread-1] INFO cn.edu.tsinghua.iot.benchmark.tsdb.DBWrapper -- DataClientService-thread-1 insert one batch latency (device: d_10, sg: g_0) ,0.13, ms, throughput ,392076.90980662766, points/s
11:50:01.108 [DataClientService-thread-1] INFO cn.edu.tsinghua.iot.benchmark.tsdb.DBWrapper -- DataClientService-thread-1 insert one batch latency (device: d_11, sg: g_0) ,0.14, ms, throughput ,354642.62662514986, points/s
11:50:01.109 [DataClientService-thread-1] INFO cn.edu.tsinghua.iot.benchmark.tsdb.DBWrapper -- DataClientService-thread-1 insert one batch latency (device: d_12, sg: g_0) ,0.16, ms, throughput ,313479.6238244514, points/s
11:50:01.109 [DataClientService-thread-1] INFO cn.edu.tsinghua.iot.benchmark.tsdb.DBWrapper -- DataClientService-thread-1 insert one batch latency (device: d_13, sg: g_0) ,0.15, ms, throughput ,336859.12551371014, points/s
11:50:01.109 [DataClientService-thread-1] INFO cn.edu.tsinghua.iot.benchmark.tsdb.DBWrapper -- DataClientService-thread-1 insert one batch latency (device: d_14, sg: g_0) ,0.14, ms, throughput ,349983.20080636133, points/s
11:50:01.109 [DataClientService-thread-1] INFO cn.edu.tsinghua.iot.benchmark.tsdb.DBWrapper -- DataClientService-thread-1 insert one batch latency (device: d_15, sg: g_0) ,0.16, ms, throughput ,317724.5836219331, points/s
11:50:01.109 [DataClientService-thread-1] INFO cn.edu.tsinghua.iot.benchmark.tsdb.DBWrapper -- DataClientService-thread-1 insert one batch latency (device: d_16, sg: g_0) ,0.14, ms, throughput ,363848.0570513754, points/s
11:50:01.109 [DataClientService-thread-1] INFO cn.edu.tsinghua.iot.benchmark.tsdb.DBWrapper -- DataClientService-thread-1 insert one batch latency (device: d_17, sg: g_0) ,0.14, ms, throughput ,357564.272177924, points/s
11:50:01.110 [DataClientService-thread-1] INFO cn.edu.tsinghua.iot.benchmark.tsdb.DBWrapper -- DataClientService-thread-1 insert one batch latency (device: d_18, sg: g_0) ,0.14, ms, throughput ,355998.57600569597, points/s
11:50:01.110 [DataClientService-thread-1] INFO cn.edu.tsinghua.iot.benchmark.tsdb.DBWrapper -- DataClientService-thread-1 insert one batch latency (device: d_19, sg: g_0) ,0.14, ms, throughput ,367007.4942930335, points/s
11:50:01.110 [DataClientService-thread-1] INFO cn.edu.tsinghua.iot.benchmark.tsdb.DBWrapper -- DataClientService-thread-1 insert one batch latency (device: d_0, sg: g_0) ,0.13, ms, throughput ,390119.06433843606, points/s
11:50:01.110 [DataClientService-thread-1] INFO cn.edu.tsinghua.iot.benchmark.tsdb.DBWrapper -- DataClientService-thread-1 insert one batch latency (device: d_1, sg: g_0) ,0.16, ms, throughput ,316764.44129087846, points/s
11:50:01.110 [DataClientService-thread-1] INFO cn.edu.tsinghua.iot.benchmark.tsdb.DBWrapper -- DataClientService-thread-1 insert one batch latency (device: d_2, sg: g_0) ,0.16, ms, throughput ,303838.6981119463, points/s
11:50:01.110 [DataClientService-thread-1] INFO cn.edu.tsinghua.iot.benchmark.tsdb.DBWrapper -- DataClientService-thread-1 insert one batch latency (device: d_3, sg: g_0) ,0.14, ms, throughput ,351002.81504257664, points/s
11:50:01.111 [DataClientService-thread-1] INFO cn.edu.tsinghua.iot.benchmark.tsdb.DBWrapper -- DataClientService-thread-1 insert one batch latency (device: d_4, sg: g_0) ,0.13, ms, throughput ,379385.6986767027, points/s
11:50:01.111 [DataClientService-thread-1] INFO cn.edu.tsinghua.iot.benchmark.tsdb.DBWrapper -- DataClientService-thread-1 insert one batch latency (device: d_5, sg: g_0) ,0.13, ms, throughput ,370664.1560347831, points/s
11:50:01.111 [DataClientService-thread-1] INFO cn.edu.tsinghua.iot.benchmark.tsdb.DBWrapper -- DataClientService-thread-1 insert one batch latency (device: d_6, sg: g_0) ,0.13, ms, throughput ,378650.18781049317, points/s
11:50:01.111 [DataClientService-thread-1] INFO cn.edu.tsinghua.iot.benchmark.tsdb.DBWrapper -- DataClientService-thread-1 insert one batch latency (device: d_7, sg: g_0) ,0.13, ms, throughput ,375037.50375037506, points/s
11:50:01.111 [DataClientService-thread-1] INFO cn.edu.tsinghua.iot.benchmark.tsdb.DBWrapper -- DataClientService-thread-1 insert one batch latency (device: d_8, sg: g_0) ,0.14, ms, throughput ,367728.17533279397, points/s
11:50:01.111 [DataClientService-thread-1] INFO cn.edu.tsinghua.iot.benchmark.tsdb.DBWrapper -- DataClientService-thread-1 insert one batch latency (device: d_9, sg: g_0) ,0.15, ms, throughput ,338173.7266068324, points/s
11:50:01.112 [DataClientService-thread-1] INFO cn.edu.tsinghua.iot.benchmark.tsdb.DBWrapper -- DataClientService-thread-1 insert one batch latency (device: d_10, sg: g_0) ,0.14, ms, throughput ,364774.45995141205, points/s
11:50:01.112 [DataClientService-thread-1] INFO cn.edu.tsinghua.iot.benchmark.tsdb.DBWrapper -- DataClientService-thread-1 insert one batch latency (device: d_11, sg: g_0) ,0.14, ms, throughput ,358628.6042174724, points/s
11:50:01.112 [DataClientService-thread-1] INFO cn.edu.tsinghua.iot.benchmark.tsdb.DBWrapper -- DataClientService-thread-1 insert one batch latency (device: d_12, sg: g_0) ,0.13, ms, throughput ,390826.519924336, points/s
11:50:01.112 [DataClientService-thread-1] INFO cn.edu.tsinghua.iot.benchmark.tsdb.DBWrapper -- DataClientService-thread-1 insert one batch latency (device: d_13, sg: g_0) ,0.13, ms, throughput ,383168.1878443724, points/s
11:50:01.112 [DataClientService-thread-1] INFO cn.edu.tsinghua.iot.benchmark.tsdb.DBWrapper -- DataClientService-thread-1 insert one batch latency (device: d_14, sg: g_0) ,0.13, ms, throughput ,399897.6262076908, points/s
11:50:01.112 [DataClientService-thread-1] INFO cn.edu.tsinghua.iot.benchmark.tsdb.DBWrapper -- DataClientService-thread-1 insert one batch latency (device: d_15, sg: g_0) ,0.14, ms, throughput ,349762.8607803909, points/s
11:50:01.113 [DataClientService-thread-1] INFO cn.edu.tsinghua.iot.benchmark.tsdb.DBWrapper -- DataClientService-thread-1 insert one batch latency (device: d_16, sg: g_0) ,0.16, ms, throughput ,310006.38613155426, points/s
11:50:01.113 [DataClientService-thread-1] INFO cn.edu.tsinghua.iot.benchmark.tsdb.DBWrapper -- DataClientService-thread-1 insert one batch latency (device: d_17, sg: g_0) ,0.17, ms, throughput ,287778.0655558433, points/s
11:50:01.113 [DataClientService-thread-1] INFO cn.edu.tsinghua.iot.benchmark.tsdb.DBWrapper -- DataClientService-thread-1 insert one batch latency (device: d_18, sg: g_0) ,0.14, ms, throughput ,346557.98608223133, points/s
11:50:01.113 [DataClientService-thread-1] INFO cn.edu.tsinghua.iot.benchmark.tsdb.DBWrapper -- DataClientService-thread-1 insert one batch latency (device: d_19, sg: g_0) ,0.14, ms, throughput ,366724.8536767834, points/s
11:50:01.113 [DataClientService-thread-1] INFO cn.edu.tsinghua.iot.benchmark.tsdb.DBWrapper -- DataClientService-thread-1 insert one batch latency (device: d_0, sg: g_0) ,0.14, ms, throughput ,357198.98841246485, points/s
11:50:01.114 [DataClientService-thread-1] INFO cn.edu.tsinghua.iot.benchmark.tsdb.DBWrapper -- DataClientService-thread-1 insert one batch latency (device: d_1, sg: g_0) ,0.22, ms, throughput ,226196.2388089411, points/s
11:50:01.114 [DataClientService-thread-1] INFO cn.edu.tsinghua.iot.benchmark.tsdb.DBWrapper -- DataClientService-thread-1 insert one batch latency (device: d_2, sg: g_0) ,0.17, ms, throughput ,288635.27469419094, points/s
11:50:01.114 [DataClientService-thread-1] INFO cn.edu.tsinghua.iot.benchmark.tsdb.DBWrapper -- DataClientService-thread-1 insert one batch latency (device: d_3, sg: g_0) ,0.16, ms, throughput ,307931.0727086849, points/s
11:50:01.114 [DataClientService-thread-1] INFO cn.edu.tsinghua.iot.benchmark.tsdb.DBWrapper -- DataClientService-thread-1 insert one batch latency (device: d_4, sg: g_0) ,0.16, ms, throughput ,312146.8838376587, points/s
11:50:01.114 [DataClientService-thread-1] INFO cn.edu.tsinghua.iot.benchmark.tsdb.DBWrapper -- DataClientService-thread-1 insert one batch latency (device: d_5, sg: g_0) ,0.16, ms, throughput ,318714.9413564508, points/s
11:50:01.115 [DataClientService-thread-1] INFO cn.edu.tsinghua.iot.benchmark.tsdb.DBWrapper -- DataClientService-thread-1 insert one batch latency (device: d_6, sg: g_0) ,0.15, ms, throughput ,331729.9718029524, points/s
11:50:01.115 [DataClientService-thread-1] INFO cn.edu.tsinghua.iot.benchmark.tsdb.DBWrapper -- DataClientService-thread-1 insert one batch latency (device: d_7, sg: g_0) ,0.14, ms, throughput ,351605.07717731444, points/s
11:50:01.116 [DataClientService-thread-1] INFO cn.edu.tsinghua.iot.benchmark.tsdb.DBWrapper -- DataClientService-thread-1 insert one batch latency (device: d_8, sg: g_0) ,0.99, ms, throughput ,50497.24638515462, points/s
11:50:01.116 [DataClientService-thread-1] INFO cn.edu.tsinghua.iot.benchmark.tsdb.DBWrapper -- DataClientService-thread-1 insert one batch latency (device: d_9, sg: g_0) ,0.19, ms, throughput ,267391.11833661335, points/s
11:50:01.116 [DataClientService-thread-1] INFO cn.edu.tsinghua.iot.benchmark.tsdb.DBWrapper -- DataClientService-thread-1 insert one batch latency (device: d_10, sg: g_0) ,0.15, ms, throughput ,338201.17558728636, points/s
11:50:01.116 [DataClientService-thread-1] INFO cn.edu.tsinghua.iot.benchmark.tsdb.DBWrapper -- DataClientService-thread-1 insert one batch latency (device: d_11, sg: g_0) ,0.13, ms, throughput ,392594.1048069222, points/s
11:50:01.116 [DataClientService-thread-1] INFO cn.edu.tsinghua.iot.benchmark.tsdb.DBWrapper -- DataClientService-thread-1 insert one batch latency (device: d_12, sg: g_0) ,0.13, ms, throughput ,376118.01078706456, points/s
11:50:01.117 [DataClientService-thread-1] INFO cn.edu.tsinghua.iot.benchmark.tsdb.DBWrapper -- DataClientService-thread-1 insert one batch latency (device: d_13, sg: g_0) ,0.18, ms, throughput ,270786.96106625075, points/s
11:50:01.117 [DataClientService-thread-1] INFO cn.edu.tsinghua.iot.benchmark.tsdb.DBWrapper -- DataClientService-thread-1 insert one batch latency (device: d_14, sg: g_0) ,0.15, ms, throughput ,328884.62069736695, points/s
11:50:01.117 [DataClientService-thread-1] INFO cn.edu.tsinghua.iot.benchmark.tsdb.DBWrapper -- DataClientService-thread-1 insert one batch latency (device: d_15, sg: g_0) ,0.14, ms, throughput ,365238.09871655336, points/s
11:50:01.117 [DataClientService-thread-1] INFO cn.edu.tsinghua.iot.benchmark.tsdb.DBWrapper -- DataClientService-thread-1 insert one batch latency (device: d_16, sg: g_0) ,0.13, ms, throughput ,370499.3590361089, points/s
11:50:01.117 [DataClientService-thread-1] INFO cn.edu.tsinghua.iot.benchmark.tsdb.DBWrapper -- DataClientService-thread-1 insert one batch latency (device: d_17, sg: g_0) ,0.19, ms, throughput ,263412.98942133435, points/s
11:50:01.118 [DataClientService-thread-1] INFO cn.edu.tsinghua.iot.benchmark.tsdb.DBWrapper -- DataClientService-thread-1 insert one batch latency (device: d_18, sg: g_0) ,0.18, ms, throughput ,283027.9461794057, points/s
11:50:01.118 [DataClientService-thread-1] INFO cn.edu.tsinghua.iot.benchmark.tsdb.DBWrapper -- DataClientService-thread-1 insert one batch latency (device: d_19, sg: g_0) ,0.18, ms, throughput ,283699.21074879565, points/s
11:50:01.118 [DataClientService-thread-1] INFO cn.edu.tsinghua.iot.benchmark.tsdb.DBWrapper -- DataClientService-thread-1 insert one batch latency (device: d_0, sg: g_0) ,0.18, ms, throughput ,273009.2167911589, points/s
11:50:01.118 [DataClientService-thread-1] INFO cn.edu.tsinghua.iot.benchmark.tsdb.DBWrapper -- DataClientService-thread-1 insert one batch latency (device: d_1, sg: g_0) ,0.16, ms, throughput ,303726.11194129585, points/s
11:50:01.119 [DataClientService-thread-1] INFO cn.edu.tsinghua.iot.benchmark.tsdb.DBWrapper -- DataClientService-thread-1 insert one batch latency (device: d_2, sg: g_0) ,0.16, ms, throughput ,315282.3668877847, points/s
11:50:01.119 [DataClientService-thread-1] INFO cn.edu.tsinghua.iot.benchmark.tsdb.DBWrapper -- DataClientService-thread-1 insert one batch latency (device: d_3, sg: g_0) ,0.12, ms, throughput ,421102.2773211158, points/s
11:50:01.119 [DataClientService-thread-1] INFO cn.edu.tsinghua.iot.benchmark.tsdb.DBWrapper -- DataClientService-thread-1 insert one batch latency (device: d_4, sg: g_0) ,0.12, ms, throughput ,417826.1341890413, points/s
11:50:01.119 [DataClientService-thread-1] INFO cn.edu.tsinghua.iot.benchmark.tsdb.DBWrapper -- DataClientService-thread-1 insert one batch latency (device: d_5, sg: g_0) ,0.13, ms, throughput ,383450.2856704628, points/s
11:50:01.119 [DataClientService-thread-1] INFO cn.edu.tsinghua.iot.benchmark.tsdb.DBWrapper -- DataClientService-thread-1 insert one batch latency (device: d_6, sg: g_0) ,0.12, ms, throughput ,409678.23871131614, points/s
11:50:01.119 [DataClientService-thread-1] INFO cn.edu.tsinghua.iot.benchmark.tsdb.DBWrapper -- DataClientService-thread-1 insert one batch latency (device: d_7, sg: g_0) ,0.11, ms, throughput ,442830.5730227615, points/s
11:50:01.119 [DataClientService-thread-1] INFO cn.edu.tsinghua.iot.benchmark.tsdb.DBWrapper -- DataClientService-thread-1 insert one batch latency (device: d_8, sg: g_0) ,0.12, ms, throughput ,434782.60869565216, points/s
11:50:01.120 [DataClientService-thread-1] INFO cn.edu.tsinghua.iot.benchmark.tsdb.DBWrapper -- DataClientService-thread-1 insert one batch latency (device: d_9, sg: g_0) ,0.15, ms, throughput ,335399.3935978964, points/s
11:50:01.120 [DataClientService-thread-1] INFO cn.edu.tsinghua.iot.benchmark.tsdb.DBWrapper -- DataClientService-thread-1 insert one batch latency (device: d_10, sg: g_0) ,0.14, ms, throughput ,352985.1958008881, points/s
11:50:01.120 [DataClientService-thread-1] INFO cn.edu.tsinghua.iot.benchmark.tsdb.DBWrapper -- DataClientService-thread-1 insert one batch latency (device: d_11, sg: g_0) ,0.11, ms, throughput ,474851.8462239781, points/s
11:50:01.120 [DataClientService-thread-1] INFO cn.edu.tsinghua.iot.benchmark.tsdb.DBWrapper -- DataClientService-thread-1 insert one batch latency (device: d_12, sg: g_0) ,0.14, ms, throughput ,348080.33694176615, points/s
11:50:01.120 [DataClientService-thread-1] INFO cn.edu.tsinghua.iot.benchmark.tsdb.DBWrapper -- DataClientService-thread-1 insert one batch latency (device: d_13, sg: g_0) ,0.11, ms, throughput ,473884.2395579608, points/s
11:50:01.120 [DataClientService-thread-1] INFO cn.edu.tsinghua.iot.benchmark.tsdb.DBWrapper -- DataClientService-thread-1 insert one batch latency (device: d_14, sg: g_0) ,0.10, ms, throughput ,487971.5024642561, points/s
11:50:01.121 [DataClientService-thread-1] INFO cn.edu.tsinghua.iot.benchmark.tsdb.DBWrapper -- DataClientService-thread-1 insert one batch latency (device: d_15, sg: g_0) ,0.12, ms, throughput ,431767.7434954189, points/s
11:50:01.121 [DataClientService-thread-1] INFO cn.edu.tsinghua.iot.benchmark.tsdb.DBWrapper -- DataClientService-thread-1 insert one batch latency (device: d_16, sg: g_0) ,0.10, ms, throughput ,505428.2999413703, points/s
11:50:01.121 [DataClientService-thread-1] INFO cn.edu.tsinghua.iot.benchmark.tsdb.DBWrapper -- DataClientService-thread-1 insert one batch latency (device: d_17, sg: g_0) ,0.11, ms, throughput ,453243.40984082094, points/s
11:50:01.121 [DataClientService-thread-1] INFO cn.edu.tsinghua.iot.benchmark.tsdb.DBWrapper -- DataClientService-thread-1 insert one batch latency (device: d_18, sg: g_0) ,0.10, ms, throughput ,486073.980459826, points/s
11:50:01.121 [DataClientService-thread-1] INFO cn.edu.tsinghua.iot.benchmark.tsdb.DBWrapper -- DataClientService-thread-1 insert one batch latency (device: d_19, sg: g_0) ,0.12, ms, throughput ,431451.05619218556, points/s
11:50:01.121 [DataClientService-thread-1] INFO cn.edu.tsinghua.iot.benchmark.tsdb.DBWrapper -- DataClientService-thread-1 insert one batch latency (device: d_0, sg: g_0) ,0.14, ms, throughput ,367560.5739825924, points/s
11:50:01.121 [DataClientService-thread-1] INFO cn.edu.tsinghua.iot.benchmark.tsdb.DBWrapper -- DataClientService-thread-1 insert one batch latency (device: d_1, sg: g_0) ,0.11, ms, throughput ,463615.458793858, points/s
11:50:01.121 [DataClientService-thread-1] INFO cn.edu.tsinghua.iot.benchmark.tsdb.DBWrapper -- DataClientService-thread-1 insert one batch latency (device: d_2, sg: g_0) ,0.12, ms, throughput ,431101.37780000345, points/s
11:50:01.122 [DataClientService-thread-1] INFO cn.edu.tsinghua.iot.benchmark.tsdb.DBWrapper -- DataClientService-thread-1 insert one batch latency (device: d_3, sg: g_0) ,0.12, ms, throughput ,429752.63438364875, points/s
11:50:01.122 [DataClientService-thread-1] INFO cn.edu.tsinghua.iot.benchmark.tsdb.DBWrapper -- DataClientService-thread-1 insert one batch latency (device: d_4, sg: g_0) ,0.11, ms, throughput ,446149.727848666, points/s
11:50:01.122 [DataClientService-thread-1] INFO cn.edu.tsinghua.iot.benchmark.tsdb.DBWrapper -- DataClientService-thread-1 insert one batch latency (device: d_5, sg: g_0) ,0.11, ms, throughput ,462770.1420704336, points/s
11:50:01.122 [DataClientService-thread-1] INFO cn.edu.tsinghua.iot.benchmark.tsdb.DBWrapper -- DataClientService-thread-1 insert one batch latency (device: d_6, sg: g_0) ,0.10, ms, throughput ,478473.4782151026, points/s
11:50:01.122 [DataClientService-thread-1] INFO cn.edu.tsinghua.iot.benchmark.tsdb.DBWrapper -- DataClientService-thread-1 insert one batch latency (device: d_7, sg: g_0) ,0.11, ms, throughput ,462641.6840157298, points/s
11:50:01.122 [DataClientService-thread-1] INFO cn.edu.tsinghua.iot.benchmark.tsdb.DBWrapper -- DataClientService-thread-1 insert one batch latency (device: d_8, sg: g_0) ,0.11, ms, throughput ,456917.2705589926, points/s
11:50:01.122 [DataClientService-thread-1] INFO cn.edu.tsinghua.iot.benchmark.tsdb.DBWrapper -- DataClientService-thread-1 insert one batch latency (device: d_9, sg: g_0) ,0.13, ms, throughput ,396611.3526033569, points/s
11:50:01.123 [DataClientService-thread-1] INFO cn.edu.tsinghua.iot.benchmark.tsdb.DBWrapper -- DataClientService-thread-1 insert one batch latency (device: d_10, sg: g_0) ,0.11, ms, throughput ,440610.1569453379, points/s
11:50:01.123 [DataClientService-thread-1] INFO cn.edu.tsinghua.iot.benchmark.tsdb.DBWrapper -- DataClientService-thread-1 insert one batch latency (device: d_11, sg: g_0) ,0.23, ms, throughput ,214955.76210415896, points/s
11:50:01.123 [DataClientService-thread-1] INFO cn.edu.tsinghua.iot.benchmark.tsdb.DBWrapper -- DataClientService-thread-1 insert one batch latency (device: d_12, sg: g_0) ,0.15, ms, throughput ,324898.95642455196, points/s
11:50:01.123 [DataClientService-thread-1] INFO cn.edu.tsinghua.iot.benchmark.tsdb.DBWrapper -- DataClientService-thread-1 insert one batch latency (device: d_13, sg: g_0) ,0.15, ms, throughput ,342437.6078678465, points/s
11:50:01.124 [DataClientService-thread-1] INFO cn.edu.tsinghua.iot.benchmark.tsdb.DBWrapper -- DataClientService-thread-1 insert one batch latency (device: d_14, sg: g_0) ,0.13, ms, throughput ,395310.0416656784, points/s
11:50:01.124 [DataClientService-thread-1] INFO cn.edu.tsinghua.iot.benchmark.tsdb.DBWrapper -- DataClientService-thread-1 insert one batch latency (device: d_15, sg: g_0) ,0.12, ms, throughput ,433888.4212535904, points/s
11:50:01.124 [DataClientService-thread-1] INFO cn.edu.tsinghua.iot.benchmark.tsdb.DBWrapper -- DataClientService-thread-1 insert one batch latency (device: d_16, sg: g_0) ,0.12, ms, throughput ,422547.1140032113, points/s
11:50:01.124 [DataClientService-thread-1] INFO cn.edu.tsinghua.iot.benchmark.tsdb.DBWrapper -- DataClientService-thread-1 insert one batch latency (device: d_17, sg: g_0) ,0.14, ms, throughput ,365935.77095348225, points/s
11:50:01.124 [DataClientService-thread-1] INFO cn.edu.tsinghua.iot.benchmark.tsdb.DBWrapper -- DataClientService-thread-1 insert one batch latency (device: d_18, sg: g_0) ,0.11, ms, throughput ,439954.948613262, points/s
11:50:01.124 [DataClientService-thread-1] INFO cn.edu.tsinghua.iot.benchmark.tsdb.DBWrapper -- DataClientService-thread-1 insert one batch latency (device: d_19, sg: g_0) ,0.12, ms, throughput ,407106.4501945969, points/s
11:50:01.125 [DataClientService-thread-1] INFO cn.edu.tsinghua.iot.benchmark.tsdb.DBWrapper -- DataClientService-thread-1 insert one batch latency (device: d_0, sg: g_0) ,0.11, ms, throughput ,471111.446123695, points/s
11:50:01.125 [DataClientService-thread-1] INFO cn.edu.tsinghua.iot.benchmark.tsdb.DBWrapper -- DataClientService-thread-1 insert one batch latency (device: d_1, sg: g_0) ,0.12, ms, throughput ,420914.3944304607, points/s
11:50:01.125 [DataClientService-thread-1] INFO cn.edu.tsinghua.iot.benchmark.tsdb.DBWrapper -- DataClientService-thread-1 insert one batch latency (device: d_2, sg: g_0) ,0.13, ms, throughput ,377660.61906128674, points/s
11:50:01.125 [DataClientService-thread-1] INFO cn.edu.tsinghua.iot.benchmark.tsdb.DBWrapper -- DataClientService-thread-1 insert one batch latency (device: d_3, sg: g_0) ,0.11, ms, throughput ,450004.50004500046, points/s
11:50:01.125 [DataClientService-thread-1] INFO cn.edu.tsinghua.iot.benchmark.tsdb.DBWrapper -- DataClientService-thread-1 insert one batch latency (device: d_4, sg: g_0) ,0.11, ms, throughput ,448551.1796896026, points/s
11:50:01.125 [DataClientService-thread-1] INFO cn.edu.tsinghua.iot.benchmark.tsdb.DBWrapper -- DataClientService-thread-1 insert one batch latency (device: d_5, sg: g_0) ,0.11, ms, throughput ,438650.36057059636, points/s
11:50:01.125 [DataClientService-thread-1] INFO cn.edu.tsinghua.iot.benchmark.tsdb.DBWrapper -- DataClientService-thread-1 insert one batch latency (device: d_6, sg: g_0) ,0.11, ms, throughput ,461092.97478743613, points/s
11:50:01.126 [DataClientService-thread-1] INFO cn.edu.tsinghua.iot.benchmark.tsdb.DBWrapper -- DataClientService-thread-1 insert one batch latency (device: d_7, sg: g_0) ,0.10, ms, throughput ,485922.8160199034, points/s
11:50:01.126 [DataClientService-thread-1] INFO cn.edu.tsinghua.iot.benchmark.tsdb.DBWrapper -- DataClientService-thread-1 insert one batch latency (device: d_8, sg: g_0) ,0.10, ms, throughput ,479662.31772831926, points/s
11:50:01.126 [DataClientService-thread-1] INFO cn.edu.tsinghua.iot.benchmark.tsdb.DBWrapper -- DataClientService-thread-1 insert one batch latency (device: d_9, sg: g_0) ,0.10, ms, throughput ,486570.6500583885, points/s
11:50:01.126 [DataClientService-thread-1] INFO cn.edu.tsinghua.iot.benchmark.tsdb.DBWrapper -- DataClientService-thread-1 insert one batch latency (device: d_10, sg: g_0) ,0.11, ms, throughput ,475217.41196597443, points/s
11:50:01.126 [DataClientService-thread-1] INFO cn.edu.tsinghua.iot.benchmark.tsdb.DBWrapper -- DataClientService-thread-1 insert one batch latency (device: d_11, sg: g_0) ,0.10, ms, throughput ,494985.79390771483, points/s
11:50:01.126 [DataClientService-thread-1] INFO cn.edu.tsinghua.iot.benchmark.tsdb.DBWrapper -- DataClientService-thread-1 insert one batch latency (device: d_12, sg: g_0) ,0.12, ms, throughput ,425633.3424135113, points/s
11:50:01.126 [DataClientService-thread-1] INFO cn.edu.tsinghua.iot.benchmark.tsdb.DBWrapper -- DataClientService-thread-1 insert one batch latency (device: d_13, sg: g_0) ,0.10, ms, throughput ,479101.58870086813, points/s
11:50:01.126 [DataClientService-thread-1] INFO cn.edu.tsinghua.iot.benchmark.tsdb.DBWrapper -- DataClientService-thread-1 insert one batch latency (device: d_14, sg: g_0) ,0.10, ms, throughput ,487543.26946516504, points/s
11:50:01.127 [DataClientService-thread-1] INFO cn.edu.tsinghua.iot.benchmark.tsdb.DBWrapper -- DataClientService-thread-1 insert one batch latency (device: d_15, sg: g_0) ,0.10, ms, throughput ,487652.63527484104, points/s
11:50:01.127 [DataClientService-thread-1] INFO cn.edu.tsinghua.iot.benchmark.tsdb.DBWrapper -- DataClientService-thread-1 insert one batch latency (device: d_16, sg: g_0) ,0.10, ms, throughput ,487324.6849445912, points/s
11:50:01.127 [DataClientService-thread-1] INFO cn.edu.tsinghua.iot.benchmark.tsdb.DBWrapper -- DataClientService-thread-1 insert one batch latency (device: d_17, sg: g_0) ,0.10, ms, throughput ,491106.0690888018, points/s
11:50:01.127 [DataClientService-thread-1] INFO cn.edu.tsinghua.iot.benchmark.tsdb.DBWrapper -- DataClientService-thread-1 insert one batch latency (device: d_18, sg: g_0) ,0.10, ms, throughput ,486556.44541323243, points/s
11:50:01.127 [DataClientService-thread-1] INFO cn.edu.tsinghua.iot.benchmark.tsdb.DBWrapper -- DataClientService-thread-1 insert one batch latency (device: d_19, sg: g_0) ,0.10, ms, throughput ,503479.04016755783, points/s
11:50:01.127 [DataClientService-thread-1] INFO cn.edu.tsinghua.iot.benchmark.tsdb.DBWrapper -- DataClientService-thread-1 insert one batch latency (device: d_0, sg: g_0) ,0.10, ms, throughput ,491154.3108613864, points/s
11:50:01.127 [DataClientService-thread-1] INFO cn.edu.tsinghua.iot.benchmark.tsdb.DBWrapper -- DataClientService-thread-1 insert one batch latency (device: d_1, sg: g_0) ,0.11, ms, throughput ,467814.371257485, points/s
11:50:01.128 [DataClientService-thread-1] INFO cn.edu.tsinghua.iot.benchmark.tsdb.DBWrapper -- DataClientService-thread-1 insert one batch latency (device: d_2, sg: g_0) ,0.10, ms, throughput ,505990.93264248705, points/s
11:50:01.128 [DataClientService-thread-1] INFO cn.edu.tsinghua.iot.benchmark.tsdb.DBWrapper -- DataClientService-thread-1 insert one batch latency (device: d_3, sg: g_0) ,0.11, ms, throughput ,472446.8969687807, points/s
11:50:01.128 [DataClientService-thread-1] INFO cn.edu.tsinghua.iot.benchmark.tsdb.DBWrapper -- DataClientService-thread-1 insert one batch latency (device: d_4, sg: g_0) ,0.10, ms, throughput ,494178.5763703572, points/s
11:50:01.128 [DataClientService-thread-1] INFO cn.edu.tsinghua.iot.benchmark.tsdb.DBWrapper -- DataClientService-thread-1 insert one batch latency (device: d_5, sg: g_0) ,0.10, ms, throughput ,485512.3125922473, points/s
11:50:01.128 [DataClientService-thread-1] INFO cn.edu.tsinghua.iot.benchmark.tsdb.DBWrapper -- DataClientService-thread-1 insert one batch latency (device: d_6, sg: g_0) ,0.10, ms, throughput ,482965.7963623016, points/s
11:50:01.128 [DataClientService-thread-1] INFO cn.edu.tsinghua.iot.benchmark.tsdb.DBWrapper -- DataClientService-thread-1 insert one batch latency (device: d_7, sg: g_0) ,0.10, ms, throughput ,494496.25666333706, points/s
11:50:01.128 [DataClientService-thread-1] INFO cn.edu.tsinghua.iot.benchmark.tsdb.DBWrapper -- DataClientService-thread-1 insert one batch latency (device: d_8, sg: g_0) ,0.11, ms, throughput ,467932.5802738341, points/s
11:50:01.129 [DataClientService-thread-1] INFO cn.edu.tsinghua.iot.benchmark.tsdb.DBWrapper -- DataClientService-thread-1 insert one batch latency (device: d_9, sg: g_0) ,0.12, ms, throughput ,433159.2033335932, points/s
11:50:01.129 [DataClientService-thread-1] INFO cn.edu.tsinghua.iot.benchmark.tsdb.DBWrapper -- DataClientService-thread-1 insert one batch latency (device: d_10, sg: g_0) ,0.32, ms, throughput ,158019.32260276788, points/s
11:50:01.129 [DataClientService-thread-1] INFO cn.edu.tsinghua.iot.benchmark.tsdb.DBWrapper -- DataClientService-thread-1 insert one batch latency (device: d_11, sg: g_0) ,0.11, ms, throughput ,450296.2949620851, points/s
11:50:01.129 [DataClientService-thread-1] INFO cn.edu.tsinghua.iot.benchmark.tsdb.DBWrapper -- DataClientService-thread-1 insert one batch latency (device: d_12, sg: g_0) ,0.11, ms, throughput ,468594.7779797942, points/s
11:50:01.129 [DataClientService-thread-1] INFO cn.edu.tsinghua.iot.benchmark.tsdb.DBWrapper -- DataClientService-thread-1 insert one batch latency (device: d_13, sg: g_0) ,0.15, ms, throughput ,340773.5559720566, points/s
11:50:01.130 [DataClientService-thread-1] INFO cn.edu.tsinghua.iot.benchmark.tsdb.DBWrapper -- DataClientService-thread-1 insert one batch latency (device: d_14, sg: g_0) ,0.13, ms, throughput ,379057.8138977757, points/s
11:50:01.130 [DataClientService-thread-1] INFO cn.edu.tsinghua.iot.benchmark.tsdb.DBWrapper -- DataClientService-thread-1 insert one batch latency (device: d_15, sg: g_0) ,0.15, ms, throughput ,330059.1465990705, points/s
11:50:01.130 [DataClientService-thread-1] INFO cn.edu.tsinghua.iot.benchmark.tsdb.DBWrapper -- DataClientService-thread-1 insert one batch latency (device: d_16, sg: g_0) ,0.16, ms, throughput ,304423.2701147676, points/s
11:50:01.130 [DataClientService-thread-1] INFO cn.edu.tsinghua.iot.benchmark.tsdb.DBWrapper -- DataClientService-thread-1 insert one batch latency (device: d_17, sg: g_0) ,0.11, ms, throughput ,446424.58549477236, points/s
11:50:01.130 [DataClientService-thread-1] INFO cn.edu.tsinghua.iot.benchmark.tsdb.DBWrapper -- DataClientService-thread-1 insert one batch latency (device: d_18, sg: g_0) ,0.14, ms, throughput ,361402.2406938923, points/s
11:50:01.130 [DataClientService-thread-1] INFO cn.edu.tsinghua.iot.benchmark.tsdb.DBWrapper -- DataClientService-thread-1 insert one batch latency (device: d_19, sg: g_0) ,0.11, ms, throughput ,439676.39817094617, points/s
11:50:01.131 [DataClientService-thread-1] INFO cn.edu.tsinghua.iot.benchmark.tsdb.DBWrapper -- DataClientService-thread-1 insert one batch latency (device: d_0, sg: g_0) ,0.17, ms, throughput ,289573.0534899345, points/s
11:50:01.132 [DataClientService-thread-1] INFO cn.edu.tsinghua.iot.benchmark.tsdb.DBWrapper -- DataClientService-thread-1 insert one batch latency (device: d_1, sg: g_0) ,0.89, ms, throughput ,56169.424959895034, points/s
11:50:01.132 [DataClientService-thread-1] INFO cn.edu.tsinghua.iot.benchmark.tsdb.DBWrapper -- DataClientService-thread-1 insert one batch latency (device: d_2, sg: g_0) ,0.21, ms, throughput ,242634.82003775396, points/s
11:50:01.132 [DataClientService-thread-1] INFO cn.edu.tsinghua.iot.benchmark.tsdb.DBWrapper -- DataClientService-thread-1 insert one batch latency (device: d_3, sg: g_0) ,0.13, ms, throughput ,384565.09533368715, points/s
11:50:01.132 [DataClientService-thread-1] INFO cn.edu.tsinghua.iot.benchmark.tsdb.DBWrapper -- DataClientService-thread-1 insert one batch latency (device: d_4, sg: g_0) ,0.13, ms, throughput ,388011.9818099983, points/s
11:50:01.132 [DataClientService-thread-1] INFO cn.edu.tsinghua.iot.benchmark.tsdb.DBWrapper -- DataClientService-thread-1 insert one batch latency (device: d_5, sg: g_0) ,0.10, ms, throughput ,488624.8143225706, points/s
11:50:01.132 [DataClientService-thread-1] INFO cn.edu.tsinghua.iot.benchmark.tsdb.DBWrapper -- DataClientService-thread-1 insert one batch latency (device: d_6, sg: g_0) ,0.13, ms, throughput ,391861.813849964, points/s
11:50:01.133 [DataClientService-thread-1] INFO cn.edu.tsinghua.iot.benchmark.tsdb.DBWrapper -- DataClientService-thread-1 insert one batch latency (device: d_7, sg: g_0) ,0.10, ms, throughput ,479851.05423276615, points/s
11:50:01.133 [DataClientService-thread-1] INFO cn.edu.tsinghua.iot.benchmark.tsdb.DBWrapper -- DataClientService-thread-1 insert one batch latency (device: d_8, sg: g_0) ,0.13, ms, throughput ,394231.60318223754, points/s
11:50:01.133 [DataClientService-thread-1] INFO cn.edu.tsinghua.iot.benchmark.tsdb.DBWrapper -- DataClientService-thread-1 insert one batch latency (device: d_9, sg: g_0) ,0.10, ms, throughput ,502164.32825477805, points/s
11:50:01.133 [DataClientService-thread-1] INFO cn.edu.tsinghua.iot.benchmark.tsdb.DBWrapper -- DataClientService-thread-1 insert one batch latency (device: d_10, sg: g_0) ,0.14, ms, throughput ,368459.83787767135, points/s
11:50:01.133 [DataClientService-thread-1] INFO cn.edu.tsinghua.iot.benchmark.tsdb.DBWrapper -- DataClientService-thread-1 insert one batch latency (device: d_11, sg: g_0) ,0.10, ms, throughput ,525989.1225449458, points/s
11:50:01.133 [DataClientService-thread-1] INFO cn.edu.tsinghua.iot.benchmark.tsdb.DBWrapper -- DataClientService-thread-1 insert one batch latency (device: d_12, sg: g_0) ,0.10, ms, throughput ,503261.1321362429, points/s
11:50:01.133 [DataClientService-thread-1] INFO cn.edu.tsinghua.iot.benchmark.tsdb.DBWrapper -- DataClientService-thread-1 insert one batch latency (device: d_13, sg: g_0) ,0.13, ms, throughput ,378963.00563139026, points/s
11:50:01.134 [DataClientService-thread-1] INFO cn.edu.tsinghua.iot.benchmark.tsdb.DBWrapper -- DataClientService-thread-1 insert one batch latency (device: d_14, sg: g_0) ,0.15, ms, throughput ,342072.136172076, points/s
11:50:01.134 [DataClientService-thread-1] INFO cn.edu.tsinghua.iot.benchmark.tsdb.DBWrapper -- DataClientService-thread-1 insert one batch latency (device: d_15, sg: g_0) ,0.14, ms, throughput ,349476.8331807284, points/s
11:50:01.134 [DataClientService-thread-1] INFO cn.edu.tsinghua.iot.benchmark.tsdb.DBWrapper -- DataClientService-thread-1 insert one batch latency (device: d_16, sg: g_0) ,0.12, ms, throughput ,426978.18995405716, points/s
11:50:01.134 [DataClientService-thread-1] INFO cn.edu.tsinghua.iot.benchmark.tsdb.DBWrapper -- DataClientService-thread-1 insert one batch latency (device: d_17, sg: g_0) ,0.11, ms, throughput ,447619.5591842581, points/s
11:50:01.134 [DataClientService-thread-1] INFO cn.edu.tsinghua.iot.benchmark.tsdb.DBWrapper -- DataClientService-thread-1 insert one batch latency (device: d_18, sg: g_0) ,0.11, ms, throughput ,473561.0846443083, points/s
11:50:01.134 [DataClientService-thread-1] INFO cn.edu.tsinghua.iot.benchmark.tsdb.DBWrapper -- DataClientService-thread-1 insert one batch latency (device: d_19, sg: g_0) ,0.11, ms, throughput ,443297.7808513091, points/s
11:50:01.135 [DataClientService-thread-1] INFO cn.edu.tsinghua.iot.benchmark.tsdb.DBWrapper -- DataClientService-thread-1 insert one batch latency (device: d_0, sg: g_0) ,0.12, ms, throughput ,418291.0301671491, points/s
11:50:01.135 [DataClientService-thread-1] INFO cn.edu.tsinghua.iot.benchmark.tsdb.DBWrapper -- DataClientService-thread-1 insert one batch latency (device: d_1, sg: g_0) ,0.11, ms, throughput ,472554.0601844851, points/s
11:50:01.135 [DataClientService-thread-1] INFO cn.edu.tsinghua.iot.benchmark.tsdb.DBWrapper -- DataClientService-thread-1 insert one batch latency (device: d_2, sg: g_0) ,0.10, ms, throughput ,497131.55095101264, points/s
11:50:01.135 [DataClientService-thread-1] INFO cn.edu.tsinghua.iot.benchmark.tsdb.DBWrapper -- DataClientService-thread-1 insert one batch latency (device: d_3, sg: g_0) ,0.10, ms, throughput ,486121.23863691604, points/s
11:50:01.135 [DataClientService-thread-1] INFO cn.edu.tsinghua.iot.benchmark.tsdb.DBWrapper -- DataClientService-thread-1 insert one batch latency (device: d_4, sg: g_0) ,0.10, ms, throughput ,483568.34755024273, points/s
11:50:01.135 [DataClientService-thread-1] INFO cn.edu.tsinghua.iot.benchmark.tsdb.DBWrapper -- DataClientService-thread-1 insert one batch latency (device: d_5, sg: g_0) ,0.10, ms, throughput ,490205.69030765304, points/s
11:50:01.135 [DataClientService-thread-1] INFO cn.edu.tsinghua.iot.benchmark.tsdb.DBWrapper -- DataClientService-thread-1 insert one batch latency (device: d_6, sg: g_0) ,0.11, ms, throughput ,453872.89743380266, points/s
11:50:01.136 [DataClientService-thread-1] INFO cn.edu.tsinghua.iot.benchmark.tsdb.DBWrapper -- DataClientService-thread-1 insert one batch latency (device: d_7, sg: g_0) ,0.11, ms, throughput ,475484.04275552515, points/s
11:50:01.136 [DataClientService-thread-1] INFO cn.edu.tsinghua.iot.benchmark.tsdb.DBWrapper -- DataClientService-thread-1 insert one batch latency (device: d_8, sg: g_0) ,0.10, ms, throughput ,487467.21782960097, points/s
11:50:01.136 [DataClientService-thread-1] INFO cn.edu.tsinghua.iot.benchmark.tsdb.DBWrapper -- DataClientService-thread-1 insert one batch latency (device: d_9, sg: g_0) ,0.11, ms, throughput ,455112.2761985382, points/s
11:50:01.136 [DataClientService-thread-1] INFO cn.edu.tsinghua.iot.benchmark.tsdb.DBWrapper -- DataClientService-thread-1 insert one batch latency (device: d_10, sg: g_0) ,0.10, ms, throughput ,488710.780959828, points/s
11:50:01.136 [DataClientService-thread-1] INFO cn.edu.tsinghua.iot.benchmark.tsdb.DBWrapper -- DataClientService-thread-1 insert one batch latency (device: d_11, sg: g_0) ,0.12, ms, throughput ,418543.1350554988, points/s
11:50:01.136 [DataClientService-thread-1] INFO cn.edu.tsinghua.iot.benchmark.tsdb.DBWrapper -- DataClientService-thread-1 insert one batch latency (device: d_12, sg: g_0) ,0.11, ms, throughput ,474140.38348474214, points/s
11:50:01.136 [DataClientService-thread-1] INFO cn.edu.tsinghua.iot.benchmark.tsdb.DBWrapper -- DataClientService-thread-1 insert one batch latency (device: d_13, sg: g_0) ,0.11, ms, throughput ,454074.8678642134, points/s
11:50:01.137 [DataClientService-thread-1] INFO cn.edu.tsinghua.iot.benchmark.tsdb.DBWrapper -- DataClientService-thread-1 insert one batch latency (device: d_14, sg: g_0) ,0.10, ms, throughput ,481500.7415111419, points/s
11:50:01.137 [DataClientService-thread-1] INFO cn.edu.tsinghua.iot.benchmark.tsdb.DBWrapper -- DataClientService-thread-1 insert one batch latency (device: d_15, sg: g_0) ,0.10, ms, throughput ,486968.7171296116, points/s
11:50:01.137 [DataClientService-thread-1] INFO cn.edu.tsinghua.iot.benchmark.tsdb.DBWrapper -- DataClientService-thread-1 insert one batch latency (device: d_16, sg: g_0) ,0.10, ms, throughput ,477518.43221148336, points/s
11:50:01.137 [DataClientService-thread-1] INFO cn.edu.tsinghua.iot.benchmark.tsdb.DBWrapper -- DataClientService-thread-1 insert one batch latency (device: d_17, sg: g_0) ,0.11, ms, throughput ,466548.4743864887, points/s
11:50:01.137 [DataClientService-thread-1] INFO cn.edu.tsinghua.iot.benchmark.tsdb.DBWrapper -- DataClientService-thread-1 insert one batch latency (device: d_18, sg: g_0) ,0.11, ms, throughput ,446999.2937411159, points/s
11:50:01.137 [DataClientService-thread-1] INFO cn.edu.tsinghua.iot.benchmark.tsdb.DBWrapper -- DataClientService-thread-1 insert one batch latency (device: d_19, sg: g_0) ,0.10, ms, throughput ,510704.3634580814, points/s
11:50:01.137 [DataClientService-thread-1] INFO cn.edu.tsinghua.iot.benchmark.tsdb.DBWrapper -- DataClientService-thread-1 insert one batch latency (device: d_0, sg: g_0) ,0.11, ms, throughput ,464084.5005058521, points/s
11:50:01.138 [DataClientService-thread-1] INFO cn.edu.tsinghua.iot.benchmark.tsdb.DBWrapper -- DataClientService-thread-1 insert one batch latency (device: d_1, sg: g_0) ,0.12, ms, throughput ,405449.237755433, points/s
11:50:01.138 [DataClientService-thread-1] INFO cn.edu.tsinghua.iot.benchmark.tsdb.DBWrapper -- DataClientService-thread-1 insert one batch latency (device: d_2, sg: g_0) ,0.09, ms, throughput ,549215.1715198981, points/s
11:50:01.138 [DataClientService-thread-1] INFO cn.edu.tsinghua.iot.benchmark.tsdb.DBWrapper -- DataClientService-thread-1 insert one batch latency (device: d_3, sg: g_0) ,0.09, ms, throughput ,547597.1437332983, points/s
11:50:01.138 [DataClientService-thread-1] INFO cn.edu.tsinghua.iot.benchmark.tsdb.DBWrapper -- DataClientService-thread-1 insert one batch latency (device: d_4, sg: g_0) ,0.10, ms, throughput ,497260.09686626686, points/s
11:50:01.138 [DataClientService-thread-1] INFO cn.edu.tsinghua.iot.benchmark.tsdb.DBWrapper -- DataClientService-thread-1 insert one batch latency (device: d_5, sg: g_0) ,0.10, ms, throughput ,480524.34816872166, points/s
11:50:01.138 [DataClientService-thread-1] INFO cn.edu.tsinghua.iot.benchmark.tsdb.DBWrapper -- DataClientService-thread-1 insert one batch latency (device: d_6, sg: g_0) ,0.11, ms, throughput ,452570.60101375816, points/s
11:50:01.138 [DataClientService-thread-1] INFO cn.edu.tsinghua.iot.benchmark.tsdb.DBWrapper -- DataClientService-thread-1 insert one batch latency (device: d_7, sg: g_0) ,0.12, ms, throughput ,428397.62153640523, points/s
11:50:01.138 [DataClientService-thread-1] INFO cn.edu.tsinghua.iot.benchmark.tsdb.DBWrapper -- DataClientService-thread-1 insert one batch latency (device: d_8, sg: g_0) ,0.11, ms, throughput ,439004.6885700739, points/s
11:50:01.139 [DataClientService-thread-1] INFO cn.edu.tsinghua.iot.benchmark.tsdb.DBWrapper -- DataClientService-thread-1 insert one batch latency (device: d_9, sg: g_0) ,0.10, ms, throughput ,502421.6724612633, points/s
11:50:01.139 [DataClientService-thread-1] INFO cn.edu.tsinghua.iot.benchmark.tsdb.DBWrapper -- DataClientService-thread-1 insert one batch latency (device: d_10, sg: g_0) ,0.10, ms, throughput ,494432.6879338647, points/s
11:50:01.139 [DataClientService-thread-1] INFO cn.edu.tsinghua.iot.benchmark.tsdb.DBWrapper -- DataClientService-thread-1 insert one batch latency (device: d_11, sg: g_0) ,0.10, ms, throughput ,502366.1445407871, points/s
11:50:01.139 [DataClientService-thread-1] INFO cn.edu.tsinghua.iot.benchmark.tsdb.DBWrapper -- DataClientService-thread-1 insert one batch latency (device: d_12, sg: g_0) ,0.10, ms, throughput ,499360.81815276446, points/s
11:50:01.139 [DataClientService-thread-1] INFO cn.edu.tsinghua.iot.benchmark.tsdb.DBWrapper -- DataClientService-thread-1 insert one batch latency (device: d_13, sg: g_0) ,0.10, ms, throughput ,506236.83784221613, points/s
11:50:01.139 [DataClientService-thread-1] INFO cn.edu.tsinghua.iot.benchmark.tsdb.DBWrapper -- DataClientService-thread-1 insert one batch latency (device: d_14, sg: g_0) ,0.10, ms, throughput ,490047.14253511187, points/s
11:50:01.139 [DataClientService-thread-1] INFO cn.edu.tsinghua.iot.benchmark.tsdb.DBWrapper -- DataClientService-thread-1 insert one batch latency (device: d_15, sg: g_0) ,0.10, ms, throughput ,485465.1727285084, points/s
11:50:01.139 [DataClientService-thread-1] INFO cn.edu.tsinghua.iot.benchmark.tsdb.DBWrapper -- DataClientService-thread-1 insert one batch latency (device: d_16, sg: g_0) ,0.11, ms, throughput ,466905.7223965337, points/s
11:50:01.140 [DataClientService-thread-1] INFO cn.edu.tsinghua.iot.benchmark.tsdb.DBWrapper -- DataClientService-thread-1 insert one batch latency (device: d_17, sg: g_0) ,0.11, ms, throughput ,473713.6306360079, points/s
11:50:01.140 [DataClientService-thread-1] INFO cn.edu.tsinghua.iot.benchmark.tsdb.DBWrapper -- DataClientService-thread-1 insert one batch latency (device: d_18, sg: g_0) ,0.10, ms, throughput ,484003.67842795607, points/s
11:50:01.140 [DataClientService-thread-1] INFO cn.edu.tsinghua.iot.benchmark.tsdb.DBWrapper -- DataClientService-thread-1 insert one batch latency (device: d_19, sg: g_0) ,0.11, ms, throughput ,444077.3405096232, points/s
11:50:01.140 [DataClientService-thread-1] INFO cn.edu.tsinghua.iot.benchmark.tsdb.DBWrapper -- DataClientService-thread-1 insert one batch latency (device: d_0, sg: g_0) ,0.10, ms, throughput ,476680.77641764865, points/s
11:50:01.140 [DataClientService-thread-1] INFO cn.edu.tsinghua.iot.benchmark.tsdb.DBWrapper -- DataClientService-thread-1 insert one batch latency (device: d_1, sg: g_0) ,0.11, ms, throughput ,468941.97312024614, points/s
11:50:01.140 [DataClientService-thread-1] INFO cn.edu.tsinghua.iot.benchmark.tsdb.DBWrapper -- DataClientService-thread-1 insert one batch latency (device: d_2, sg: g_0) ,0.12, ms, throughput ,424682.5497940289, points/s
11:50:01.140 [DataClientService-thread-1] INFO cn.edu.tsinghua.iot.benchmark.tsdb.DBWrapper -- DataClientService-thread-1 insert one batch latency (device: d_3, sg: g_0) ,0.11, ms, throughput ,455099.84890685015, points/s
11:50:01.141 [DataClientService-thread-1] INFO cn.edu.tsinghua.iot.benchmark.tsdb.DBWrapper -- DataClientService-thread-1 insert one batch latency (device: d_4, sg: g_0) ,0.10, ms, throughput ,478606.29845888773, points/s
11:50:01.141 [DataClientService-thread-1] INFO cn.edu.tsinghua.iot.benchmark.tsdb.DBWrapper -- DataClientService-thread-1 insert one batch latency (device: d_5, sg: g_0) ,0.11, ms, throughput ,462753.0102083314, points/s
11:50:01.141 [DataClientService-thread-1] INFO cn.edu.tsinghua.iot.benchmark.tsdb.DBWrapper -- DataClientService-thread-1 insert one batch latency (device: d_6, sg: g_0) ,0.10, ms, throughput ,497606.5126740379, points/s
11:50:01.141 [DataClientService-thread-1] INFO cn.edu.tsinghua.iot.benchmark.tsdb.DBWrapper -- DataClientService-thread-1 insert one batch latency (device: d_7, sg: g_0) ,0.10, ms, throughput ,495181.8803046359, points/s
11:50:01.141 [DataClientService-thread-1] INFO cn.edu.tsinghua.iot.benchmark.tsdb.DBWrapper -- DataClientService-thread-1 insert one batch latency (device: d_8, sg: g_0) ,0.10, ms, throughput ,499395.73116529, points/s
11:50:01.141 [DataClientService-thread-1] INFO cn.edu.tsinghua.iot.benchmark.tsdb.DBWrapper -- DataClientService-thread-1 insert one batch latency (device: d_9, sg: g_0) ,0.10, ms, throughput ,503240.87121059623, points/s
11:50:01.141 [DataClientService-thread-1] INFO cn.edu.tsinghua.iot.benchmark.tsdb.DBWrapper -- DataClientService-thread-1 insert one batch latency (device: d_10, sg: g_0) ,0.10, ms, throughput ,480478.17187665164, points/s
11:50:01.142 [DataClientService-thread-1] INFO cn.edu.tsinghua.iot.benchmark.tsdb.DBWrapper -- DataClientService-thread-1 insert one batch latency (device: d_11, sg: g_0) ,0.10, ms, throughput ,487895.3171807457, points/s
11:50:01.142 [DataClientService-thread-1] INFO cn.edu.tsinghua.iot.benchmark.tsdb.DBWrapper -- DataClientService-thread-1 insert one batch latency (device: d_12, sg: g_0) ,0.10, ms, throughput ,483031.1168645484, points/s
11:50:01.142 [DataClientService-thread-1] INFO cn.edu.tsinghua.iot.benchmark.tsdb.DBWrapper -- DataClientService-thread-1 insert one batch latency (device: d_13, sg: g_0) ,0.10, ms, throughput ,501454.21722996695, points/s
11:50:01.142 [DataClientService-thread-1] INFO cn.edu.tsinghua.iot.benchmark.tsdb.DBWrapper -- DataClientService-thread-1 insert one batch latency (device: d_14, sg: g_0) ,0.10, ms, throughput ,498231.2789596931, points/s
11:50:01.142 [DataClientService-thread-1] INFO cn.edu.tsinghua.iot.benchmark.tsdb.DBWrapper -- DataClientService-thread-1 insert one batch latency (device: d_15, sg: g_0) ,0.10, ms, throughput ,505290.39038735564, points/s
11:50:01.142 [DataClientService-thread-1] INFO cn.edu.tsinghua.iot.benchmark.tsdb.DBWrapper -- DataClientService-thread-1 insert one batch latency (device: d_16, sg: g_0) ,0.11, ms, throughput ,462962.962962963, points/s
11:50:01.142 [DataClientService-thread-1] INFO cn.edu.tsinghua.iot.benchmark.tsdb.DBWrapper -- DataClientService-thread-1 insert one batch latency (device: d_17, sg: g_0) ,0.11, ms, throughput ,456033.78298264334, points/s
11:50:01.143 [DataClientService-thread-1] INFO cn.edu.tsinghua.iot.benchmark.tsdb.DBWrapper -- DataClientService-thread-1 insert one batch latency (device: d_18, sg: g_0) ,0.11, ms, throughput ,462740.16214415286, points/s
11:50:01.143 [DataClientService-thread-1] INFO cn.edu.tsinghua.iot.benchmark.tsdb.DBWrapper -- DataClientService-thread-1 insert one batch latency (device: d_19, sg: g_0) ,0.14, ms, throughput ,356541.82948743546, points/s
11:50:01.143 [DataClientService-thread-1] INFO cn.edu.tsinghua.iot.benchmark.tsdb.DBWrapper -- DataClientService-thread-1 insert one batch latency (device: d_0, sg: g_0) ,0.22, ms, throughput ,227627.61942483054, points/s
11:50:01.143 [DataClientService-thread-1] INFO cn.edu.tsinghua.iot.benchmark.tsdb.DBWrapper -- DataClientService-thread-1 insert one batch latency (device: d_1, sg: g_0) ,0.13, ms, throughput ,375276.76661537885, points/s
11:50:01.143 [DataClientService-thread-1] INFO cn.edu.tsinghua.iot.benchmark.tsdb.DBWrapper -- DataClientService-thread-1 insert one batch latency (device: d_2, sg: g_0) ,0.10, ms, throughput ,492868.19718670833, points/s
11:50:01.144 [DataClientService-thread-1] INFO cn.edu.tsinghua.iot.benchmark.tsdb.DBWrapper -- DataClientService-thread-1 insert one batch latency (device: d_3, sg: g_0) ,0.12, ms, throughput ,413585.4550267176, points/s
11:50:01.144 [DataClientService-thread-1] INFO cn.edu.tsinghua.iot.benchmark.tsdb.DBWrapper -- DataClientService-thread-1 insert one batch latency (device: d_4, sg: g_0) ,0.14, ms, throughput ,354718.105521542, points/s
11:50:01.144 [DataClientService-thread-1] INFO cn.edu.tsinghua.iot.benchmark.tsdb.DBWrapper -- DataClientService-thread-1 insert one batch latency (device: d_5, sg: g_0) ,0.16, ms, throughput ,307868.50320491113, points/s
11:50:01.144 [DataClientService-thread-1] INFO cn.edu.tsinghua.iot.benchmark.tsdb.DBWrapper -- DataClientService-thread-1 insert one batch latency (device: d_6, sg: g_0) ,0.10, ms, throughput ,478858.4015706556, points/s
11:50:01.144 [DataClientService-thread-1] INFO cn.edu.tsinghua.iot.benchmark.tsdb.DBWrapper -- DataClientService-thread-1 insert one batch latency (device: d_7, sg: g_0) ,0.09, ms, throughput ,533857.2252236862, points/s
11:50:01.144 [DataClientService-thread-1] INFO cn.edu.tsinghua.iot.benchmark.tsdb.DBWrapper -- DataClientService-thread-1 insert one batch latency (device: d_8, sg: g_0) ,0.10, ms, throughput ,488725.11167368805, points/s
11:50:01.145 [DataClientService-thread-1] INFO cn.edu.tsinghua.iot.benchmark.tsdb.DBWrapper -- DataClientService-thread-1 insert one batch latency (device: d_9, sg: g_0) ,0.12, ms, throughput ,427244.5291338045, points/s
11:50:01.145 [DataClientService-thread-1] INFO cn.edu.tsinghua.iot.benchmark.tsdb.DBWrapper -- DataClientService-thread-1 insert one batch latency (device: d_10, sg: g_0) ,0.12, ms, throughput ,409533.9503644852, points/s
11:50:01.145 [DataClientService-thread-1] INFO cn.edu.tsinghua.iot.benchmark.tsdb.DBWrapper -- DataClientService-thread-1 insert one batch latency (device: d_11, sg: g_0) ,0.10, ms, throughput ,516123.7045295016, points/s
11:50:01.145 [DataClientService-thread-1] INFO cn.edu.tsinghua.iot.benchmark.tsdb.DBWrapper -- DataClientService-thread-1 insert one batch latency (device: d_12, sg: g_0) ,0.09, ms, throughput ,549577.3749986261, points/s
11:50:01.145 [DataClientService-thread-1] INFO cn.edu.tsinghua.iot.benchmark.tsdb.DBWrapper -- DataClientService-thread-1 insert one batch latency (device: d_13, sg: g_0) ,0.10, ms, throughput ,492121.14053995535, points/s
11:50:01.145 [DataClientService-thread-1] INFO cn.edu.tsinghua.iot.benchmark.tsdb.DBWrapper -- DataClientService-thread-1 insert one batch latency (device: d_14, sg: g_0) ,0.11, ms, throughput ,464015.590923855, points/s
11:50:01.146 [DataClientService-thread-1] INFO cn.edu.tsinghua.iot.benchmark.tsdb.DBWrapper -- DataClientService-thread-1 insert one batch latency (device: d_15, sg: g_0) ,0.93, ms, throughput ,53662.86626247796, points/s
11:50:01.146 [DataClientService-thread-1] INFO cn.edu.tsinghua.iot.benchmark.tsdb.DBWrapper -- DataClientService-thread-1 insert one batch latency (device: d_16, sg: g_0) ,0.14, ms, throughput ,360435.6946677143, points/s
11:50:01.146 [DataClientService-thread-1] INFO cn.edu.tsinghua.iot.benchmark.tsdb.DBWrapper -- DataClientService-thread-1 insert one batch latency (device: d_17, sg: g_0) ,0.09, ms, throughput ,527142.5709797471, points/s
11:50:01.147 [DataClientService-thread-1] INFO cn.edu.tsinghua.iot.benchmark.tsdb.DBWrapper -- DataClientService-thread-1 insert one batch latency (device: d_18, sg: g_0) ,0.09, ms, throughput ,527164.8022604827, points/s
11:50:01.147 [DataClientService-thread-1] INFO cn.edu.tsinghua.iot.benchmark.tsdb.DBWrapper -- DataClientService-thread-1 insert one batch latency (device: d_19, sg: g_0) ,0.11, ms, throughput ,467119.46113098966, points/s
11:50:01.147 [DataClientService-thread-1] INFO cn.edu.tsinghua.iot.benchmark.tsdb.DBWrapper -- DataClientService-thread-1 insert one batch latency (device: d_0, sg: g_0) ,0.09, ms, throughput ,550176.0563380282, points/s
11:50:01.147 [DataClientService-thread-1] INFO cn.edu.tsinghua.iot.benchmark.tsdb.DBWrapper -- DataClientService-thread-1 insert one batch latency (device: d_1, sg: g_0) ,0.09, ms, throughput ,571696.4520518186, points/s
11:50:01.147 [DataClientService-thread-1] INFO cn.edu.tsinghua.iot.benchmark.tsdb.DBWrapper -- DataClientService-thread-1 insert one batch latency (device: d_2, sg: g_0) ,0.08, ms, throughput ,599549.1390474363, points/s
11:50:01.147 [DataClientService-thread-1] INFO cn.edu.tsinghua.iot.benchmark.tsdb.DBWrapper -- DataClientService-thread-1 insert one batch latency (device: d_3, sg: g_0) ,0.10, ms, throughput ,511503.71863203443, points/s
11:50:01.147 [DataClientService-thread-1] INFO cn.edu.tsinghua.iot.benchmark.tsdb.DBWrapper -- DataClientService-thread-1 insert one batch latency (device: d_4, sg: g_0) ,0.13, ms, throughput ,374970.002399808, points/s
11:50:01.147 [DataClientService-thread-1] INFO cn.edu.tsinghua.iot.benchmark.tsdb.DBWrapper -- DataClientService-thread-1 insert one batch latency (device: d_5, sg: g_0) ,0.09, ms, throughput ,530453.325411897, points/s
11:50:01.147 [DataClientService-thread-1] INFO cn.edu.tsinghua.iot.benchmark.tsdb.DBWrapper -- DataClientService-thread-1 insert one batch latency (device: d_6, sg: g_0) ,0.11, ms, throughput ,463117.335408099, points/s
11:50:01.148 [DataClientService-thread-1] INFO cn.edu.tsinghua.iot.benchmark.tsdb.DBWrapper -- DataClientService-thread-1 insert one batch latency (device: d_7, sg: g_0) ,0.10, ms, throughput ,513990.83040358557, points/s
11:50:01.148 [DataClientService-thread-1] INFO cn.edu.tsinghua.iot.benchmark.tsdb.DBWrapper -- DataClientService-thread-1 insert one batch latency (device: d_8, sg: g_0) ,0.11, ms, throughput ,450365.24621468014, points/s
11:50:01.148 [DataClientService-thread-1] INFO cn.edu.tsinghua.iot.benchmark.tsdb.DBWrapper -- DataClientService-thread-1 insert one batch latency (device: d_9, sg: g_0) ,0.10, ms, throughput ,523598.5883782058, points/s
11:50:01.148 [DataClientService-thread-1] INFO cn.edu.tsinghua.iot.benchmark.tsdb.DBWrapper -- DataClientService-thread-1 insert one batch latency (device: d_10, sg: g_0) ,0.10, ms, throughput ,521986.0525326763, points/s
11:50:01.148 [DataClientService-thread-1] INFO cn.edu.tsinghua.iot.benchmark.tsdb.DBWrapper -- DataClientService-thread-1 insert one batch latency (device: d_11, sg: g_0) ,0.09, ms, throughput ,550497.0988802889, points/s
11:50:01.148 [DataClientService-thread-1] INFO cn.edu.tsinghua.iot.benchmark.tsdb.DBWrapper -- DataClientService-thread-1 insert one batch latency (device: d_12, sg: g_0) ,0.09, ms, throughput ,574977.0009199632, points/s
11:50:01.148 [DataClientService-thread-1] INFO cn.edu.tsinghua.iot.benchmark.tsdb.DBWrapper -- DataClientService-thread-1 insert one batch latency (device: d_13, sg: g_0) ,0.09, ms, throughput ,564678.2463352382, points/s
11:50:01.148 [DataClientService-thread-1] INFO cn.edu.tsinghua.iot.benchmark.tsdb.DBWrapper -- DataClientService-thread-1 insert one batch latency (device: d_14, sg: g_0) ,0.10, ms, throughput ,497240.3162448411, points/s
11:50:01.149 [DataClientService-thread-1] INFO cn.edu.tsinghua.iot.benchmark.tsdb.DBWrapper -- DataClientService-thread-1 insert one batch latency (device: d_15, sg: g_0) ,0.12, ms, throughput ,403688.09443071904, points/s
11:50:01.149 [DataClientService-thread-1] INFO cn.edu.tsinghua.iot.benchmark.tsdb.DBWrapper -- DataClientService-thread-1 insert one batch latency (device: d_16, sg: g_0) ,0.10, ms, throughput ,507320.6367888633, points/s
11:50:01.149 [DataClientService-thread-1] INFO cn.edu.tsinghua.iot.benchmark.tsdb.DBWrapper -- DataClientService-thread-1 insert one batch latency (device: d_17, sg: g_0) ,0.09, ms, throughput ,533151.3510055235, points/s
11:50:01.149 [DataClientService-thread-1] INFO cn.edu.tsinghua.iot.benchmark.tsdb.DBWrapper -- DataClientService-thread-1 insert one batch latency (device: d_18, sg: g_0) ,0.09, ms, throughput ,552315.3057617532, points/s
11:50:01.149 [DataClientService-thread-1] INFO cn.edu.tsinghua.iot.benchmark.tsdb.DBWrapper -- DataClientService-thread-1 insert one batch latency (device: d_19, sg: g_0) ,0.09, ms, throughput ,570939.194975735, points/s
11:50:01.149 [DataClientService-thread-1] INFO cn.edu.tsinghua.iot.benchmark.tsdb.DBWrapper -- DataClientService-thread-1 insert one batch latency (device: d_0, sg: g_0) ,0.09, ms, throughput ,540750.9949818307, points/s
11:50:01.149 [DataClientService-thread-1] INFO cn.edu.tsinghua.iot.benchmark.tsdb.DBWrapper -- DataClientService-thread-1 insert one batch latency (device: d_1, sg: g_0) ,0.09, ms, throughput ,530532.1237200913, points/s
11:50:01.149 [DataClientService-thread-1] INFO cn.edu.tsinghua.iot.benchmark.tsdb.DBWrapper -- DataClientService-thread-1 insert one batch latency (device: d_2, sg: g_0) ,0.10, ms, throughput ,492950.8035098097, points/s
11:50:01.150 [DataClientService-thread-1] INFO cn.edu.tsinghua.iot.benchmark.tsdb.DBWrapper -- DataClientService-thread-1 insert one batch latency (device: d_3, sg: g_0) ,0.09, ms, throughput ,534022.5784746179, points/s
11:50:01.150 [DataClientService-thread-1] INFO cn.edu.tsinghua.iot.benchmark.tsdb.DBWrapper -- DataClientService-thread-1 insert one batch latency (device: d_4, sg: g_0) ,0.14, ms, throughput ,363440.7664238882, points/s
11:50:01.150 [DataClientService-thread-1] INFO cn.edu.tsinghua.iot.benchmark.tsdb.DBWrapper -- DataClientService-thread-1 insert one batch latency (device: d_5, sg: g_0) ,0.09, ms, throughput ,545422.8117636791, points/s
11:50:01.150 [DataClientService-thread-1] INFO cn.edu.tsinghua.iot.benchmark.tsdb.DBWrapper -- DataClientService-thread-1 insert one batch latency (device: d_6, sg: g_0) ,0.10, ms, throughput ,524741.5647793462, points/s
11:50:01.150 [DataClientService-thread-1] INFO cn.edu.tsinghua.iot.benchmark.tsdb.DBWrapper -- DataClientService-thread-1 insert one batch latency (device: d_7, sg: g_0) ,0.10, ms, throughput ,525353.562947864, points/s
11:50:01.150 [DataClientService-thread-1] INFO cn.edu.tsinghua.iot.benchmark.tsdb.DBWrapper -- DataClientService-thread-1 insert one batch latency (device: d_8, sg: g_0) ,0.13, ms, throughput ,391496.69185295387, points/s
11:50:01.151 [DataClientService-thread-1] INFO cn.edu.tsinghua.iot.benchmark.tsdb.DBWrapper -- DataClientService-thread-1 insert one batch latency (device: d_9, sg: g_0) ,0.20, ms, throughput ,250385.59381447427, points/s
11:50:01.151 [DataClientService-thread-1] INFO cn.edu.tsinghua.iot.benchmark.tsdb.DBWrapper -- DataClientService-thread-1 insert one batch latency (device: d_10, sg: g_0) ,0.14, ms, throughput ,351353.06063651125, points/s
11:50:01.151 [DataClientService-thread-1] INFO cn.edu.tsinghua.iot.benchmark.tsdb.DBWrapper -- DataClientService-thread-1 insert one batch latency (device: d_11, sg: g_0) ,0.11, ms, throughput ,442873.7189877678, points/s
11:50:01.151 [DataClientService-thread-1] INFO cn.edu.tsinghua.iot.benchmark.tsdb.DBWrapper -- DataClientService-thread-1 insert one batch latency (device: d_12, sg: g_0) ,0.12, ms, throughput ,413359.78835978836, points/s
11:50:01.151 [DataClientService-thread-1] INFO cn.edu.tsinghua.iot.benchmark.tsdb.DBWrapper -- DataClientService-thread-1 insert one batch latency (device: d_13, sg: g_0) ,0.12, ms, throughput ,432099.8323452651, points/s
11:50:01.151 [DataClientService-thread-1] INFO cn.edu.tsinghua.iot.benchmark.tsdb.DBWrapper -- DataClientService-thread-1 insert one batch latency (device: d_14, sg: g_0) ,0.11, ms, throughput ,460201.75244827336, points/s
11:50:01.151 [DataClientService-thread-1] INFO cn.edu.tsinghua.iot.benchmark.tsdb.DBWrapper -- DataClientService-thread-1 insert one batch latency (device: d_15, sg: g_0) ,0.16, ms, throughput ,321692.3591630851, points/s
11:50:01.151 [DataClientService-thread-1] INFO cn.edu.tsinghua.iot.benchmark.tsdb.DBWrapper -- DataClientService-thread-1 insert one batch latency (device: d_16, sg: g_0) ,0.10, ms, throughput ,478936.3780915343, points/s
11:50:01.152 [DataClientService-thread-1] INFO cn.edu.tsinghua.iot.benchmark.tsdb.DBWrapper -- DataClientService-thread-1 insert one batch latency (device: d_17, sg: g_0) ,0.11, ms, throughput ,441895.20013433613, points/s
11:50:01.152 [DataClientService-thread-1] INFO cn.edu.tsinghua.iot.benchmark.tsdb.DBWrapper -- DataClientService-thread-1 insert one batch latency (device: d_18, sg: g_0) ,0.11, ms, throughput ,462988.6845565494, points/s
11:50:01.152 [DataClientService-thread-1] INFO cn.edu.tsinghua.iot.benchmark.tsdb.DBWrapper -- DataClientService-thread-1 insert one batch latency (device: d_19, sg: g_0) ,0.10, ms, throughput ,513194.22348582046, points/s
11:50:01.152 [DataClientService-thread-1] INFO cn.edu.tsinghua.iot.benchmark.tsdb.DBWrapper -- DataClientService-thread-1 insert one batch latency (device: d_0, sg: g_0) ,0.12, ms, throughput ,408924.36534938496, points/s
11:50:01.152 [DataClientService-thread-1] INFO cn.edu.tsinghua.iot.benchmark.tsdb.DBWrapper -- DataClientService-thread-1 insert one batch latency (device: d_1, sg: g_0) ,0.13, ms, throughput ,389769.33450783824, points/s
11:50:01.152 [DataClientService-thread-1] INFO cn.edu.tsinghua.iot.benchmark.tsdb.DBWrapper -- DataClientService-thread-1 insert one batch latency (device: d_2, sg: g_0) ,0.11, ms, throughput ,435885.5887506647, points/s
11:50:01.152 [DataClientService-thread-1] INFO cn.edu.tsinghua.iot.benchmark.tsdb.DBWrapper -- DataClientService-thread-1 insert one batch latency (device: d_3, sg: g_0) ,0.15, ms, throughput ,335426.3940320936, points/s
11:50:01.153 [DataClientService-thread-1] INFO cn.edu.tsinghua.iot.benchmark.tsdb.DBWrapper -- DataClientService-thread-1 insert one batch latency (device: d_4, sg: g_0) ,0.12, ms, throughput ,405748.64682826283, points/s
11:50:01.153 [DataClientService-thread-1] INFO cn.edu.tsinghua.iot.benchmark.tsdb.DBWrapper -- DataClientService-thread-1 insert one batch latency (device: d_5, sg: g_0) ,0.19, ms, throughput ,260582.24496815685, points/s
11:50:01.153 [DataClientService-thread-1] INFO cn.edu.tsinghua.iot.benchmark.tsdb.DBWrapper -- DataClientService-thread-1 insert one batch latency (device: d_6, sg: g_0) ,0.11, ms, throughput ,449276.6645700422, points/s
11:50:01.153 [DataClientService-thread-1] INFO cn.edu.tsinghua.iot.benchmark.tsdb.DBWrapper -- DataClientService-thread-1 insert one batch latency (device: d_7, sg: g_0) ,0.11, ms, throughput ,451064.0601178179, points/s
11:50:01.153 [DataClientService-thread-1] INFO cn.edu.tsinghua.iot.benchmark.tsdb.DBWrapper -- DataClientService-thread-1 insert one batch latency (device: d_8, sg: g_0) ,0.10, ms, throughput ,483554.3176565023, points/s
11:50:01.153 [DataClientService-thread-1] INFO cn.edu.tsinghua.iot.benchmark.tsdb.DBWrapper -- DataClientService-thread-1 insert one batch latency (device: d_9, sg: g_0) ,0.10, ms, throughput ,523839.9564165156, points/s
11:50:01.153 [DataClientService-thread-1] INFO cn.edu.tsinghua.iot.benchmark.tsdb.DBWrapper -- DataClientService-thread-1 insert one batch latency (device: d_10, sg: g_0) ,0.10, ms, throughput ,496199.11478077923, points/s
11:50:01.153 [DataClientService-thread-1] INFO cn.edu.tsinghua.iot.benchmark.tsdb.DBWrapper -- DataClientService-thread-1 insert one batch latency (device: d_11, sg: g_0) ,0.10, ms, throughput ,483994.3082269353, points/s
11:50:01.154 [DataClientService-thread-1] INFO cn.edu.tsinghua.iot.benchmark.tsdb.DBWrapper -- DataClientService-thread-1 insert one batch latency (device: d_12, sg: g_0) ,0.10, ms, throughput ,514170.5400847353, points/s
11:50:01.154 [DataClientService-thread-1] INFO cn.edu.tsinghua.iot.benchmark.tsdb.DBWrapper -- DataClientService-thread-1 insert one batch latency (device: d_13, sg: g_0) ,0.11, ms, throughput ,462329.4004512335, points/s
11:50:01.154 [DataClientService-thread-1] INFO cn.edu.tsinghua.iot.benchmark.tsdb.DBWrapper -- DataClientService-thread-1 insert one batch latency (device: d_14, sg: g_0) ,0.10, ms, throughput ,512011.79675179714, points/s
11:50:01.154 [DataClientService-thread-1] INFO cn.edu.tsinghua.iot.benchmark.tsdb.DBWrapper -- DataClientService-thread-1 insert one batch latency (device: d_15, sg: g_0) ,0.09, ms, throughput ,534759.3582887701, points/s
11:50:01.154 [DataClientService-thread-1] INFO cn.edu.tsinghua.iot.benchmark.tsdb.DBWrapper -- DataClientService-thread-1 insert one batch latency (device: d_16, sg: g_0) ,0.10, ms, throughput ,494251.8509731819, points/s
11:50:01.154 [DataClientService-thread-1] INFO cn.edu.tsinghua.iot.benchmark.tsdb.DBWrapper -- DataClientService-thread-1 insert one batch latency (device: d_17, sg: g_0) ,0.13, ms, throughput ,385582.3063991239, points/s
11:50:01.154 [DataClientService-thread-1] INFO cn.edu.tsinghua.iot.benchmark.tsdb.DBWrapper -- DataClientService-thread-1 insert one batch latency (device: d_18, sg: g_0) ,0.12, ms, throughput ,417062.8763992459, points/s
11:50:01.154 [DataClientService-thread-1] INFO cn.edu.tsinghua.iot.benchmark.tsdb.DBWrapper -- DataClientService-thread-1 insert one batch latency (device: d_19, sg: g_0) ,0.13, ms, throughput ,397127.9705172195, points/s
11:50:01.155 [DataClientService-thread-1] INFO cn.edu.tsinghua.iot.benchmark.tsdb.DBWrapper -- DataClientService-thread-1 insert one batch latency (device: d_0, sg: g_0) ,0.12, ms, throughput ,410014.18649085256, points/s
11:50:01.155 [DataClientService-thread-1] INFO cn.edu.tsinghua.iot.benchmark.tsdb.DBWrapper -- DataClientService-thread-1 insert one batch latency (device: d_1, sg: g_0) ,0.12, ms, throughput ,411983.7843182492, points/s
11:50:01.155 [DataClientService-thread-1] INFO cn.edu.tsinghua.iot.benchmark.tsdb.DBWrapper -- DataClientService-thread-1 insert one batch latency (device: d_2, sg: g_0) ,0.11, ms, throughput ,447595.5168833029, points/s
11:50:01.155 [DataClientService-thread-1] INFO cn.edu.tsinghua.iot.benchmark.tsdb.DBWrapper -- DataClientService-thread-1 insert one batch latency (device: d_3, sg: g_0) ,0.11, ms, throughput ,440423.863926643, points/s
11:50:01.155 [DataClientService-thread-1] INFO cn.edu.tsinghua.iot.benchmark.tsdb.DBWrapper -- DataClientService-thread-1 insert one batch latency (device: d_4, sg: g_0) ,0.12, ms, throughput ,419122.02318583033, points/s
11:50:01.155 [DataClientService-thread-1] INFO cn.edu.tsinghua.iot.benchmark.tsdb.DBWrapper -- DataClientService-thread-1 insert one batch latency (device: d_5, sg: g_0) ,0.12, ms, throughput ,425141.1468607578, points/s
11:50:01.155 [DataClientService-thread-1] INFO cn.edu.tsinghua.iot.benchmark.tsdb.DBWrapper -- DataClientService-thread-1 insert one batch latency (device: d_6, sg: g_0) ,0.12, ms, throughput ,409990.6522131295, points/s
11:50:01.156 [DataClientService-thread-1] INFO cn.edu.tsinghua.iot.benchmark.tsdb.DBWrapper -- DataClientService-thread-1 insert one batch latency (device: d_7, sg: g_0) ,0.12, ms, throughput ,421634.9316108141, points/s
11:50:01.156 [DataClientService-thread-1] INFO cn.edu.tsinghua.iot.benchmark.tsdb.DBWrapper -- DataClientService-thread-1 insert one batch latency (device: d_8, sg: g_0) ,0.12, ms, throughput ,430615.0043492116, points/s
11:50:01.156 [DataClientService-thread-1] INFO cn.edu.tsinghua.iot.benchmark.tsdb.DBWrapper -- DataClientService-thread-1 insert one batch latency (device: d_9, sg: g_0) ,0.21, ms, throughput ,240358.03733241034, points/s
11:50:01.156 [DataClientService-thread-1] INFO cn.edu.tsinghua.iot.benchmark.tsdb.DBWrapper -- DataClientService-thread-1 insert one batch latency (device: d_10, sg: g_0) ,0.14, ms, throughput ,367644.3555562091, points/s
11:50:01.156 [DataClientService-thread-1] INFO cn.edu.tsinghua.iot.benchmark.tsdb.DBWrapper -- DataClientService-thread-1 insert one batch latency (device: d_11, sg: g_0) ,0.13, ms, throughput ,379875.7046694322, points/s
11:50:01.156 [DataClientService-thread-1] INFO cn.edu.tsinghua.iot.benchmark.tsdb.DBWrapper -- DataClientService-thread-1 insert one batch latency (device: d_12, sg: g_0) ,0.13, ms, throughput ,398959.51358856104, points/s
11:50:01.157 [DataClientService-thread-1] INFO cn.edu.tsinghua.iot.benchmark.tsdb.DBWrapper -- DataClientService-thread-1 insert one batch latency (device: d_13, sg: g_0) ,0.12, ms, throughput ,434103.1429067546, points/s
11:50:01.157 [DataClientService-thread-1] INFO cn.edu.tsinghua.iot.benchmark.tsdb.DBWrapper -- DataClientService-thread-1 insert one batch latency (device: d_14, sg: g_0) ,0.14, ms, throughput ,354366.1452759449, points/s
11:50:01.157 [DataClientService-thread-1] INFO cn.edu.tsinghua.iot.benchmark.tsdb.DBWrapper -- DataClientService-thread-1 insert one batch latency (device: d_15, sg: g_0) ,0.12, ms, throughput ,409275.82735108497, points/s
11:50:01.157 [DataClientService-thread-1] INFO cn.edu.tsinghua.iot.benchmark.tsdb.DBWrapper -- DataClientService-thread-1 insert one batch latency (device: d_16, sg: g_0) ,0.12, ms, throughput ,426741.31794788636, points/s
11:50:01.157 [DataClientService-thread-1] INFO cn.edu.tsinghua.iot.benchmark.tsdb.DBWrapper -- DataClientService-thread-1 insert one batch latency (device: d_17, sg: g_0) ,0.11, ms, throughput ,438427.2736838413, points/s
11:50:01.157 [DataClientService-thread-1] INFO cn.edu.tsinghua.iot.benchmark.tsdb.DBWrapper -- DataClientService-thread-1 insert one batch latency (device: d_18, sg: g_0) ,0.11, ms, throughput ,446245.2921121682, points/s
11:50:01.157 [DataClientService-thread-1] INFO cn.edu.tsinghua.iot.benchmark.tsdb.DBWrapper -- DataClientService-thread-1 insert one batch latency (device: d_19, sg: g_0) ,0.14, ms, throughput ,349269.32856464275, points/s
11:50:01.158 [DataClientService-thread-1] INFO cn.edu.tsinghua.iot.benchmark.tsdb.DBWrapper -- DataClientService-thread-1 insert one batch latency (device: d_0, sg: g_0) ,0.14, ms, throughput ,367403.923873907, points/s
11:50:01.158 [DataClientService-thread-1] INFO cn.edu.tsinghua.iot.benchmark.tsdb.DBWrapper -- DataClientService-thread-1 insert one batch latency (device: d_1, sg: g_0) ,0.12, ms, throughput ,409359.59784513107, points/s
11:50:01.158 [DataClientService-thread-1] INFO cn.edu.tsinghua.iot.benchmark.tsdb.DBWrapper -- DataClientService-thread-1 insert one batch latency (device: d_2, sg: g_0) ,0.13, ms, throughput ,393768.99935421883, points/s
11:50:01.158 [DataClientService-thread-1] INFO cn.edu.tsinghua.iot.benchmark.tsdb.DBWrapper -- DataClientService-thread-1 insert one batch latency (device: d_3, sg: g_0) ,0.12, ms, throughput ,415458.3752253862, points/s
11:50:01.158 [DataClientService-thread-1] INFO cn.edu.tsinghua.iot.benchmark.tsdb.DBWrapper -- DataClientService-thread-1 insert one batch latency (device: d_4, sg: g_0) ,0.12, ms, throughput ,424174.5563134141, points/s
11:50:01.158 [DataClientService-thread-1] INFO cn.edu.tsinghua.iot.benchmark.tsdb.DBWrapper -- DataClientService-thread-1 insert one batch latency (device: d_5, sg: g_0) ,0.12, ms, throughput ,431663.37163626315, points/s
11:50:01.158 [DataClientService-thread-1] INFO cn.edu.tsinghua.iot.benchmark.tsdb.DBWrapper -- DataClientService-thread-1 insert one batch latency (device: d_6, sg: g_0) ,0.12, ms, throughput ,412078.8554097712, points/s
11:50:01.159 [DataClientService-thread-1] INFO cn.edu.tsinghua.iot.benchmark.tsdb.DBWrapper -- DataClientService-thread-1 insert one batch latency (device: d_7, sg: g_0) ,0.11, ms, throughput ,437009.45688464696, points/s
11:50:01.159 [DataClientService-thread-1] INFO cn.edu.tsinghua.iot.benchmark.tsdb.DBWrapper -- DataClientService-thread-1 insert one batch latency (device: d_8, sg: g_0) ,0.12, ms, throughput ,415213.41969772463, points/s
11:50:01.159 [DataClientService-thread-1] INFO cn.edu.tsinghua.iot.benchmark.tsdb.DBWrapper -- DataClientService-thread-1 insert one batch latency (device: d_9, sg: g_0) ,0.13, ms, throughput ,399485.4627240115, points/s
11:50:01.160 [DataClientService-thread-1] INFO cn.edu.tsinghua.iot.benchmark.tsdb.DBWrapper -- DataClientService-thread-1 insert one batch latency (device: d_10, sg: g_0) ,0.88, ms, throughput ,56627.899206869646, points/s
11:50:01.160 [DataClientService-thread-1] INFO cn.edu.tsinghua.iot.benchmark.tsdb.DBWrapper -- DataClientService-thread-1 insert one batch latency (device: d_11, sg: g_0) ,0.16, ms, throughput ,313083.1173059824, points/s
11:50:01.160 [DataClientService-thread-1] INFO cn.edu.tsinghua.iot.benchmark.tsdb.DBWrapper -- DataClientService-thread-1 insert one batch latency (device: d_12, sg: g_0) ,0.12, ms, throughput ,422554.2559664661, points/s
11:50:01.160 [DataClientService-thread-1] INFO cn.edu.tsinghua.iot.benchmark.tsdb.DBWrapper -- DataClientService-thread-1 insert one batch latency (device: d_13, sg: g_0) ,0.11, ms, throughput ,435593.1908072413, points/s
11:50:01.160 [DataClientService-thread-1] INFO cn.edu.tsinghua.iot.benchmark.tsdb.DBWrapper -- DataClientService-thread-1 insert one batch latency (device: d_14, sg: g_0) ,0.12, ms, throughput ,429037.2404324695, points/s
11:50:01.160 [DataClientService-thread-1] INFO cn.edu.tsinghua.iot.benchmark.tsdb.DBWrapper -- DataClientService-thread-1 insert one batch latency (device: d_15, sg: g_0) ,0.12, ms, throughput ,424877.4228635039, points/s
11:50:01.161 [DataClientService-thread-1] INFO cn.edu.tsinghua.iot.benchmark.tsdb.DBWrapper -- DataClientService-thread-1 insert one batch latency (device: d_16, sg: g_0) ,0.13, ms, throughput ,373192.81379917753, points/s
11:50:01.161 [DataClientService-thread-1] INFO cn.edu.tsinghua.iot.benchmark.tsdb.DBWrapper -- DataClientService-thread-1 insert one batch latency (device: d_17, sg: g_0) ,0.12, ms, throughput ,400438.8810135909, points/s
11:50:01.161 [DataClientService-thread-1] INFO cn.edu.tsinghua.iot.benchmark.tsdb.DBWrapper -- DataClientService-thread-1 insert one batch latency (device: d_18, sg: g_0) ,0.12, ms, throughput ,427489.2700193225, points/s
11:50:01.161 [DataClientService-thread-1] INFO cn.edu.tsinghua.iot.benchmark.tsdb.DBWrapper -- DataClientService-thread-1 insert one batch latency (device: d_19, sg: g_0) ,0.12, ms, throughput ,423352.10194318614, points/s
11:50:01.161 [DataClientService-thread-1] INFO cn.edu.tsinghua.iot.benchmark.tsdb.DBWrapper -- DataClientService-thread-1 insert one batch latency (device: d_0, sg: g_0) ,0.11, ms, throughput ,439718.93165888364, points/s
11:50:01.161 [DataClientService-thread-1] INFO cn.edu.tsinghua.iot.benchmark.tsdb.DBWrapper -- DataClientService-thread-1 insert one batch latency (device: d_1, sg: g_0) ,0.11, ms, throughput ,438808.1969371188, points/s
11:50:01.161 [DataClientService-thread-1] INFO cn.edu.tsinghua.iot.benchmark.tsdb.DBWrapper -- DataClientService-thread-1 insert one batch latency (device: d_2, sg: g_0) ,0.11, ms, throughput ,452636.1529548088, points/s
11:50:01.161 [DataClientService-thread-1] INFO cn.edu.tsinghua.iot.benchmark.tsdb.DBWrapper -- DataClientService-thread-1 insert one batch latency (device: d_3, sg: g_0) ,0.11, ms, throughput ,475565.4473168598, points/s
11:50:01.162 [DataClientService-thread-1] INFO cn.edu.tsinghua.iot.benchmark.tsdb.DBWrapper -- DataClientService-thread-1 insert one batch latency (device: d_4, sg: g_0) ,0.12, ms, throughput ,424368.9633514963, points/s
11:50:01.162 [DataClientService-thread-1] INFO cn.edu.tsinghua.iot.benchmark.tsdb.DBWrapper -- DataClientService-thread-1 insert one batch latency (device: d_5, sg: g_0) ,0.12, ms, throughput ,434567.2145110684, points/s
11:50:01.162 [DataClientService-thread-1] INFO cn.edu.tsinghua.iot.benchmark.tsdb.DBWrapper -- DataClientService-thread-1 insert one batch latency (device: d_6, sg: g_0) ,0.11, ms, throughput ,449458.40262483706, points/s
11:50:01.162 [DataClientService-thread-1] INFO cn.edu.tsinghua.iot.benchmark.tsdb.DBWrapper -- DataClientService-thread-1 insert one batch latency (device: d_7, sg: g_0) ,0.10, ms, throughput ,480806.2158627587, points/s
11:50:01.162 [DataClientService-thread-1] INFO cn.edu.tsinghua.iot.benchmark.tsdb.DBWrapper -- DataClientService-thread-1 insert one batch latency (device: d_8, sg: g_0) ,0.10, ms, throughput ,486745.9089006357, points/s
11:50:01.162 [DataClientService-thread-1] INFO cn.edu.tsinghua.iot.benchmark.tsdb.DBWrapper -- DataClientService-thread-1 insert one batch latency (device: d_9, sg: g_0) ,0.10, ms, throughput ,484980.1643112797, points/s
11:50:01.162 [DataClientService-thread-1] INFO cn.edu.tsinghua.iot.benchmark.tsdb.DBWrapper -- DataClientService-thread-1 insert one batch latency (device: d_10, sg: g_0) ,0.10, ms, throughput ,489327.7615212222, points/s
11:50:01.162 [DataClientService-thread-1] INFO cn.edu.tsinghua.iot.benchmark.tsdb.DBWrapper -- DataClientService-thread-1 insert one batch latency (device: d_11, sg: g_0) ,0.11, ms, throughput ,462141.37829044665, points/s
11:50:01.163 [DataClientService-thread-1] INFO cn.edu.tsinghua.iot.benchmark.tsdb.DBWrapper -- DataClientService-thread-1 insert one batch latency (device: d_12, sg: g_0) ,0.11, ms, throughput ,471257.9760412445, points/s
11:50:01.163 [DataClientService-thread-1] INFO cn.edu.tsinghua.iot.benchmark.tsdb.DBWrapper -- DataClientService-thread-1 insert one batch latency (device: d_13, sg: g_0) ,0.10, ms, throughput ,477892.68441878696, points/s
11:50:01.163 [DataClientService-thread-1] INFO cn.edu.tsinghua.iot.benchmark.tsdb.DBWrapper -- DataClientService-thread-1 insert one batch latency (device: d_14, sg: g_0) ,0.10, ms, throughput ,494711.53370469675, points/s
11:50:01.163 [DataClientService-thread-1] INFO cn.edu.tsinghua.iot.benchmark.tsdb.DBWrapper -- DataClientService-thread-1 insert one batch latency (device: d_15, sg: g_0) ,0.11, ms, throughput ,466709.60395023006, points/s
11:50:01.163 [DataClientService-thread-1] INFO cn.edu.tsinghua.iot.benchmark.tsdb.DBWrapper -- DataClientService-thread-1 insert one batch latency (device: d_16, sg: g_0) ,0.11, ms, throughput ,436837.6449208887, points/s
11:50:01.163 [DataClientService-thread-1] INFO cn.edu.tsinghua.iot.benchmark.tsdb.DBWrapper -- DataClientService-thread-1 insert one batch latency (device: d_17, sg: g_0) ,0.11, ms, throughput ,467560.64261534717, points/s
11:50:01.163 [DataClientService-thread-1] INFO cn.edu.tsinghua.iot.benchmark.tsdb.DBWrapper -- DataClientService-thread-1 insert one batch latency (device: d_18, sg: g_0) ,0.10, ms, throughput ,486428.64091837726, points/s
11:50:01.163 [DataClientService-thread-1] INFO cn.edu.tsinghua.iot.benchmark.tsdb.DBWrapper -- DataClientService-thread-1 insert one batch latency (device: d_19, sg: g_0) ,0.11, ms, throughput ,438912.2000035113, points/s
11:50:01.163 [DataClientService-thread-1] INFO cn.edu.tsinghua.iot.benchmark.tsdb.DBWrapper -- DataClientService-thread-1 insert one batch latency (device: d_0, sg: g_0) ,0.12, ms, throughput ,419713.0841356848, points/s
11:50:01.164 [DataClientService-thread-1] INFO cn.edu.tsinghua.iot.benchmark.tsdb.DBWrapper -- DataClientService-thread-1 insert one batch latency (device: d_1, sg: g_0) ,0.11, ms, throughput ,444468.1494124131, points/s
11:50:01.164 [DataClientService-thread-1] INFO cn.edu.tsinghua.iot.benchmark.tsdb.DBWrapper -- DataClientService-thread-1 insert one batch latency (device: d_2, sg: g_0) ,0.11, ms, throughput ,474032.4996681772, points/s
11:50:01.164 [DataClientService-thread-1] INFO cn.edu.tsinghua.iot.benchmark.tsdb.DBWrapper -- DataClientService-thread-1 insert one batch latency (device: d_3, sg: g_0) ,0.11, ms, throughput ,440893.7798705536, points/s
11:50:01.164 [DataClientService-thread-1] INFO cn.edu.tsinghua.iot.benchmark.tsdb.DBWrapper -- DataClientService-thread-1 insert one batch latency (device: d_4, sg: g_0) ,0.11, ms, throughput ,463065.86648884934, points/s
11:50:01.164 [DataClientService-thread-1] INFO cn.edu.tsinghua.iot.benchmark.tsdb.DBWrapper -- DataClientService-thread-1 insert one batch latency (device: d_5, sg: g_0) ,0.10, ms, throughput ,503332.0582254525, points/s
11:50:01.164 [DataClientService-thread-1] INFO cn.edu.tsinghua.iot.benchmark.tsdb.DBWrapper -- DataClientService-thread-1 insert one batch latency (device: d_6, sg: g_0) ,0.11, ms, throughput ,461331.2173608164, points/s
11:50:01.164 [DataClientService-thread-1] INFO cn.edu.tsinghua.iot.benchmark.tsdb.DBWrapper -- DataClientService-thread-1 insert one batch latency (device: d_7, sg: g_0) ,0.11, ms, throughput ,449220.1538129807, points/s
11:50:01.164 [DataClientService-thread-1] INFO cn.edu.tsinghua.iot.benchmark.tsdb.DBWrapper -- DataClientService-thread-1 insert one batch latency (device: d_8, sg: g_0) ,0.13, ms, throughput ,387149.72628514346, points/s
11:50:01.165 [DataClientService-thread-1] INFO cn.edu.tsinghua.iot.benchmark.tsdb.DBWrapper -- DataClientService-thread-1 insert one batch latency (device: d_9, sg: g_0) ,0.13, ms, throughput ,396479.26413448574, points/s
11:50:01.165 [DataClientService-thread-1] INFO cn.edu.tsinghua.iot.benchmark.tsdb.DBWrapper -- DataClientService-thread-1 insert one batch latency (device: d_10, sg: g_0) ,0.12, ms, throughput ,423090.59215759276, points/s
11:50:01.165 [DataClientService-thread-1] INFO cn.edu.tsinghua.iot.benchmark.tsdb.DBWrapper -- DataClientService-thread-1 insert one batch latency (device: d_11, sg: g_0) ,0.11, ms, throughput ,451965.14444806013, points/s
11:50:01.165 [DataClientService-thread-1] INFO cn.edu.tsinghua.iot.benchmark.tsdb.DBWrapper -- DataClientService-thread-1 insert one batch latency (device: d_12, sg: g_0) ,0.11, ms, throughput ,451483.5750275405, points/s
11:50:01.165 [DataClientService-thread-1] INFO cn.edu.tsinghua.iot.benchmark.tsdb.DBWrapper -- DataClientService-thread-1 insert one batch latency (device: d_13, sg: g_0) ,0.11, ms, throughput ,462491.90639163816, points/s
11:50:01.165 [DataClientService-thread-1] INFO cn.edu.tsinghua.iot.benchmark.tsdb.DBWrapper -- DataClientService-thread-1 insert one batch latency (device: d_14, sg: g_0) ,0.10, ms, throughput ,477144.76572192006, points/s
11:50:01.165 [DataClientService-thread-1] INFO cn.edu.tsinghua.iot.benchmark.tsdb.DBWrapper -- DataClientService-thread-1 insert one batch latency (device: d_15, sg: g_0) ,0.10, ms, throughput ,503580.4570496228, points/s
11:50:01.165 [DataClientService-thread-1] INFO cn.edu.tsinghua.iot.benchmark.tsdb.DBWrapper -- DataClientService-thread-1 insert one batch latency (device: d_16, sg: g_0) ,0.11, ms, throughput ,443943.2818063164, points/s
11:50:01.166 [DataClientService-thread-1] INFO cn.edu.tsinghua.iot.benchmark.tsdb.DBWrapper -- DataClientService-thread-1 insert one batch latency (device: d_17, sg: g_0) ,0.10, ms, throughput ,490855.3645582793, points/s
11:50:01.166 [DataClientService-thread-1] INFO cn.edu.tsinghua.iot.benchmark.tsdb.DBWrapper -- DataClientService-thread-1 insert one batch latency (device: d_18, sg: g_0) ,0.10, ms, throughput ,494946.5952623712, points/s
11:50:01.166 [DataClientService-thread-1] INFO cn.edu.tsinghua.iot.benchmark.tsdb.DBWrapper -- DataClientService-thread-1 insert one batch latency (device: d_19, sg: g_0) ,0.10, ms, throughput ,501781.32369913196, points/s
11:50:01.166 [DataClientService-thread-1] INFO cn.edu.tsinghua.iot.benchmark.tsdb.DBWrapper -- DataClientService-thread-1 insert one batch latency (device: d_0, sg: g_0) ,0.10, ms, throughput ,490744.55764285574, points/s
11:50:01.166 [DataClientService-thread-1] INFO cn.edu.tsinghua.iot.benchmark.tsdb.DBWrapper -- DataClientService-thread-1 insert one batch latency (device: d_1, sg: g_0) ,0.10, ms, throughput ,507155.9707472436, points/s
11:50:01.166 [DataClientService-thread-1] INFO cn.edu.tsinghua.iot.benchmark.tsdb.DBWrapper -- DataClientService-thread-1 insert one batch latency (device: d_2, sg: g_0) ,0.13, ms, throughput ,388210.8140004348, points/s
11:50:01.166 [DataClientService-thread-1] INFO cn.edu.tsinghua.iot.benchmark.tsdb.DBWrapper -- DataClientService-thread-1 insert one batch latency (device: d_3, sg: g_0) ,0.13, ms, throughput ,396083.52609398274, points/s
11:50:01.166 [DataClientService-thread-1] INFO cn.edu.tsinghua.iot.benchmark.tsdb.DBWrapper -- DataClientService-thread-1 insert one batch latency (device: d_4, sg: g_0) ,0.12, ms, throughput ,432713.1112072696, points/s
11:50:01.167 [DataClientService-thread-1] INFO cn.edu.tsinghua.iot.benchmark.tsdb.DBWrapper -- DataClientService-thread-1 insert one batch latency (device: d_5, sg: g_0) ,0.13, ms, throughput ,378501.1355034065, points/s
11:50:01.167 [DataClientService-thread-1] INFO cn.edu.tsinghua.iot.benchmark.tsdb.DBWrapper -- DataClientService-thread-1 insert one batch latency (device: d_6, sg: g_0) ,0.51, ms, throughput ,97253.55948027698, points/s
11:50:01.167 [DataClientService-thread-1] INFO cn.edu.tsinghua.iot.benchmark.tsdb.DBWrapper -- DataClientService-thread-1 insert one batch latency (device: d_7, sg: g_0) ,0.15, ms, throughput ,340337.47864382324, points/s
11:50:01.167 [DataClientService-thread-1] INFO cn.edu.tsinghua.iot.benchmark.tsdb.DBWrapper -- DataClientService-thread-1 insert one batch latency (device: d_8, sg: g_0) ,0.12, ms, throughput ,410276.60848944355, points/s
11:50:01.168 [DataClientService-thread-1] INFO cn.edu.tsinghua.iot.benchmark.tsdb.DBWrapper -- DataClientService-thread-1 insert one batch latency (device: d_9, sg: g_0) ,0.11, ms, throughput ,436604.9598323437, points/s
11:50:01.168 [DataClientService-thread-1] INFO cn.edu.tsinghua.iot.benchmark.tsdb.DBWrapper -- DataClientService-thread-1 insert one batch latency (device: d_10, sg: g_0) ,0.11, ms, throughput ,442665.9111835116, points/s
11:50:01.168 [DataClientService-thread-1] INFO cn.edu.tsinghua.iot.benchmark.tsdb.DBWrapper -- DataClientService-thread-1 insert one batch latency (device: d_11, sg: g_0) ,0.13, ms, throughput ,391708.3183178478, points/s
11:50:01.168 [DataClientService-thread-1] INFO cn.edu.tsinghua.iot.benchmark.tsdb.DBWrapper -- DataClientService-thread-1 insert one batch latency (device: d_12, sg: g_0) ,0.11, ms, throughput ,476058.9932304411, points/s
11:50:01.168 [DataClientService-thread-1] INFO cn.edu.tsinghua.iot.benchmark.tsdb.DBWrapper -- DataClientService-thread-1 insert one batch latency (device: d_13, sg: g_0) ,0.12, ms, throughput ,428478.38755013194, points/s
11:50:01.168 [DataClientService-thread-1] INFO cn.edu.tsinghua.iot.benchmark.tsdb.DBWrapper -- DataClientService-thread-1 insert one batch latency (device: d_14, sg: g_0) ,0.10, ms, throughput ,512731.11354943237, points/s
11:50:01.168 [DataClientService-thread-1] INFO cn.edu.tsinghua.iot.benchmark.tsdb.DBWrapper -- DataClientService-thread-1 insert one batch latency (device: d_15, sg: g_0) ,0.09, ms, throughput ,542982.4942443855, points/s
11:50:01.168 [DataClientService-thread-1] INFO cn.edu.tsinghua.iot.benchmark.tsdb.DBWrapper -- DataClientService-thread-1 insert one batch latency (device: d_16, sg: g_0) ,0.12, ms, throughput ,414452.79797083914, points/s
11:50:01.168 [DataClientService-thread-1] INFO cn.edu.tsinghua.iot.benchmark.tsdb.DBWrapper -- DataClientService-thread-1 insert one batch latency (device: d_17, sg: g_0) ,0.11, ms, throughput ,444156.2363977152, points/s
11:50:01.169 [DataClientService-thread-1] INFO cn.edu.tsinghua.iot.benchmark.tsdb.DBWrapper -- DataClientService-thread-1 insert one batch latency (device: d_18, sg: g_0) ,0.11, ms, throughput ,466897.0025212438, points/s
11:50:01.169 [DataClientService-thread-1] INFO cn.edu.tsinghua.iot.benchmark.tsdb.DBWrapper -- DataClientService-thread-1 insert one batch latency (device: d_19, sg: g_0) ,0.10, ms, throughput ,508766.0388493747, points/s
11:50:01.169 [DataClientService-thread-1] INFO cn.edu.tsinghua.iot.benchmark.tsdb.DBWrapper -- DataClientService-thread-1 insert one batch latency (device: d_0, sg: g_0) ,0.13, ms, throughput ,397336.2577281902, points/s
11:50:01.169 [DataClientService-thread-1] INFO cn.edu.tsinghua.iot.benchmark.tsdb.DBWrapper -- DataClientService-thread-1 insert one batch latency (device: d_1, sg: g_0) ,0.13, ms, throughput ,378455.2968603348, points/s
11:50:01.169 [DataClientService-thread-1] INFO cn.edu.tsinghua.iot.benchmark.tsdb.DBWrapper -- DataClientService-thread-1 insert one batch latency (device: d_2, sg: g_0) ,0.16, ms, throughput ,304176.9579870786, points/s
11:50:01.169 [DataClientService-thread-1] INFO cn.edu.tsinghua.iot.benchmark.tsdb.DBWrapper -- DataClientService-thread-1 insert one batch latency (device: d_3, sg: g_0) ,0.12, ms, throughput ,421905.3244451945, points/s
11:50:01.169 [DataClientService-thread-1] INFO cn.edu.tsinghua.iot.benchmark.tsdb.DBWrapper -- DataClientService-thread-1 insert one batch latency (device: d_4, sg: g_0) ,0.12, ms, throughput ,400785.53965772915, points/s
11:50:01.170 [DataClientService-thread-1] INFO cn.edu.tsinghua.iot.benchmark.tsdb.DBWrapper -- DataClientService-thread-1 insert one batch latency (device: d_5, sg: g_0) ,0.11, ms, throughput ,455062.57110352674, points/s
11:50:01.170 [DataClientService-thread-1] INFO cn.edu.tsinghua.iot.benchmark.tsdb.DBWrapper -- DataClientService-thread-1 insert one batch latency (device: d_6, sg: g_0) ,0.10, ms, throughput ,498395.1675604554, points/s
11:50:01.170 [DataClientService-thread-1] INFO cn.edu.tsinghua.iot.benchmark.tsdb.DBWrapper -- DataClientService-thread-1 insert one batch latency (device: d_7, sg: g_0) ,0.10, ms, throughput ,499006.9761175261, points/s
11:50:01.170 [DataClientService-thread-1] INFO cn.edu.tsinghua.iot.benchmark.tsdb.DBWrapper -- DataClientService-thread-1 insert one batch latency (device: d_8, sg: g_0) ,0.10, ms, throughput ,524807.6579933454, points/s
11:50:01.170 [DataClientService-thread-1] INFO cn.edu.tsinghua.iot.benchmark.tsdb.DBWrapper -- DataClientService-thread-1 insert one batch latency (device: d_9, sg: g_0) ,0.09, ms, throughput ,573749.7991875702, points/s
11:50:01.170 [DataClientService-thread-1] INFO cn.edu.tsinghua.iot.benchmark.tsdb.DBWrapper -- DataClientService-thread-1 insert one batch latency (device: d_10, sg: g_0) ,0.09, ms, throughput ,583750.715094626, points/s
11:50:01.170 [DataClientService-thread-1] INFO cn.edu.tsinghua.iot.benchmark.tsdb.DBWrapper -- DataClientService-thread-1 insert one batch latency (device: d_11, sg: g_0) ,0.09, ms, throughput ,574917.4993388448, points/s
11:50:01.170 [DataClientService-thread-1] INFO cn.edu.tsinghua.iot.benchmark.tsdb.DBWrapper -- DataClientService-thread-1 insert one batch latency (device: d_12, sg: g_0) ,0.10, ms, throughput ,488944.9545770137, points/s
11:50:01.170 [DataClientService-thread-1] INFO cn.edu.tsinghua.iot.benchmark.tsdb.DBWrapper -- DataClientService-thread-1 insert one batch latency (device: d_13, sg: g_0) ,0.11, ms, throughput ,456512.6088782572, points/s
11:50:01.171 [DataClientService-thread-1] INFO cn.edu.tsinghua.iot.benchmark.tsdb.DBWrapper -- DataClientService-thread-1 insert one batch latency (device: d_14, sg: g_0) ,0.10, ms, throughput ,512783.69758068654, points/s
11:50:01.171 [DataClientService-thread-1] INFO cn.edu.tsinghua.iot.benchmark.tsdb.DBWrapper -- DataClientService-thread-1 insert one batch latency (device: d_15, sg: g_0) ,0.11, ms, throughput ,453914.10129547084, points/s
11:50:01.171 [DataClientService-thread-1] INFO cn.edu.tsinghua.iot.benchmark.tsdb.DBWrapper -- DataClientService-thread-1 insert one batch latency (device: d_16, sg: g_0) ,0.10, ms, throughput ,515474.5458669251, points/s
11:50:01.171 [DataClientService-thread-1] INFO cn.edu.tsinghua.iot.benchmark.tsdb.DBWrapper -- DataClientService-thread-1 insert one batch latency (device: d_17, sg: g_0) ,0.10, ms, throughput ,493018.85304094024, points/s
11:50:01.171 [DataClientService-thread-1] INFO cn.edu.tsinghua.iot.benchmark.tsdb.DBWrapper -- DataClientService-thread-1 insert one batch latency (device: d_18, sg: g_0) ,0.09, ms, throughput ,572455.7205500155, points/s
11:50:01.171 [DataClientService-thread-1] INFO cn.edu.tsinghua.iot.benchmark.tsdb.DBWrapper -- DataClientService-thread-1 insert one batch latency (device: d_19, sg: g_0) ,0.09, ms, throughput ,538415.9801862919, points/s
11:50:01.171 [DataClientService-thread-1] INFO cn.edu.tsinghua.iot.benchmark.tsdb.DBWrapper -- DataClientService-thread-1 insert one batch latency (device: d_0, sg: g_0) ,0.09, ms, throughput ,585980.9907766592, points/s
11:50:01.171 [DataClientService-thread-1] INFO cn.edu.tsinghua.iot.benchmark.tsdb.DBWrapper -- DataClientService-thread-1 insert one batch latency (device: d_1, sg: g_0) ,0.10, ms, throughput ,489284.6658185732, points/s
11:50:01.171 [DataClientService-thread-1] INFO cn.edu.tsinghua.iot.benchmark.tsdb.DBWrapper -- DataClientService-thread-1 insert one batch latency (device: d_2, sg: g_0) ,0.09, ms, throughput ,556520.1905525132, points/s
11:50:01.171 [DataClientService-thread-1] INFO cn.edu.tsinghua.iot.benchmark.tsdb.DBWrapper -- DataClientService-thread-1 insert one batch latency (device: d_3, sg: g_0) ,0.13, ms, throughput ,390320.06245121, points/s
11:50:01.172 [DataClientService-thread-1] INFO cn.edu.tsinghua.iot.benchmark.tsdb.DBWrapper -- DataClientService-thread-1 insert one batch latency (device: d_4, sg: g_0) ,0.85, ms, throughput ,58904.748665218394, points/s
11:50:01.173 [DataClientService-thread-1] INFO cn.edu.tsinghua.iot.benchmark.tsdb.DBWrapper -- DataClientService-thread-1 insert one batch latency (device: d_5, sg: g_0) ,0.30, ms, throughput ,168564.7052477564, points/s
11:50:01.173 [DataClientService-thread-1] INFO cn.edu.tsinghua.iot.benchmark.tsdb.DBWrapper -- DataClientService-thread-1 insert one batch latency (device: d_6, sg: g_0) ,0.11, ms, throughput ,446823.53151446366, points/s
11:50:01.173 [DataClientService-thread-1] INFO cn.edu.tsinghua.iot.benchmark.tsdb.DBWrapper -- DataClientService-thread-1 insert one batch latency (device: d_7, sg: g_0) ,0.13, ms, throughput ,394427.52788602625, points/s
11:50:01.173 [DataClientService-thread-1] INFO cn.edu.tsinghua.iot.benchmark.tsdb.DBWrapper -- DataClientService-thread-1 insert one batch latency (device: d_8, sg: g_0) ,0.12, ms, throughput ,421304.5273384508, points/s
11:50:01.173 [DataClientService-thread-1] INFO cn.edu.tsinghua.iot.benchmark.tsdb.DBWrapper -- DataClientService-thread-1 insert one batch latency (device: d_9, sg: g_0) ,0.11, ms, throughput ,452345.41095580586, points/s
11:50:01.173 [DataClientService-thread-1] INFO cn.edu.tsinghua.iot.benchmark.tsdb.DBWrapper -- DataClientService-thread-1 insert one batch latency (device: d_10, sg: g_0) ,0.11, ms, throughput ,443215.26078785944, points/s
11:50:01.173 [DataClientService-thread-1] INFO cn.edu.tsinghua.iot.benchmark.tsdb.DBWrapper -- DataClientService-thread-1 insert one batch latency (device: d_11, sg: g_0) ,0.09, ms, throughput ,543531.432422737, points/s
11:50:01.174 [DataClientService-thread-1] INFO cn.edu.tsinghua.iot.benchmark.tsdb.DBWrapper -- DataClientService-thread-1 insert one batch latency (device: d_12, sg: g_0) ,0.11, ms, throughput ,458719.8047688511, points/s
11:50:01.174 [DataClientService-thread-1] INFO cn.edu.tsinghua.iot.benchmark.tsdb.DBWrapper -- DataClientService-thread-1 insert one batch latency (device: d_13, sg: g_0) ,0.14, ms, throughput ,346035.12948634545, points/s
11:50:01.174 [DataClientService-thread-1] INFO cn.edu.tsinghua.iot.benchmark.tsdb.DBWrapper -- DataClientService-thread-1 insert one batch latency (device: d_14, sg: g_0) ,0.12, ms, throughput ,423912.029775581, points/s
11:50:01.174 [DataClientService-thread-1] INFO cn.edu.tsinghua.iot.benchmark.tsdb.DBWrapper -- DataClientService-thread-1 insert one batch latency (device: d_15, sg: g_0) ,0.12, ms, throughput ,431212.91568925075, points/s
11:50:01.174 [DataClientService-thread-1] INFO cn.edu.tsinghua.iot.benchmark.tsdb.DBWrapper -- DataClientService-thread-1 insert one batch latency (device: d_16, sg: g_0) ,0.13, ms, throughput ,386826.245387097, points/s
11:50:01.174 [DataClientService-thread-1] INFO cn.edu.tsinghua.iot.benchmark.tsdb.DBWrapper -- DataClientService-thread-1 insert one batch latency (device: d_17, sg: g_0) ,0.12, ms, throughput ,417390.14291438495, points/s
11:50:01.174 [DataClientService-thread-1] INFO cn.edu.tsinghua.iot.benchmark.tsdb.DBWrapper -- DataClientService-thread-1 insert one batch latency (device: d_18, sg: g_0) ,0.11, ms, throughput ,437816.8699596333, points/s
11:50:01.174 [DataClientService-thread-1] INFO cn.edu.tsinghua.iot.benchmark.tsdb.DBWrapper -- DataClientService-thread-1 insert one batch latency (device: d_19, sg: g_0) ,0.11, ms, throughput ,469748.2149567831, points/s
11:50:01.175 [DataClientService-thread-1] INFO cn.edu.tsinghua.iot.benchmark.tsdb.DBWrapper -- DataClientService-thread-1 insert one batch latency (device: d_0, sg: g_0) ,0.12, ms, throughput ,421901.7643931787, points/s
11:50:01.175 [DataClientService-thread-1] INFO cn.edu.tsinghua.iot.benchmark.tsdb.DBWrapper -- DataClientService-thread-1 insert one batch latency (device: d_1, sg: g_0) ,0.09, ms, throughput ,547004.0587701161, points/s
11:50:01.175 [DataClientService-thread-1] INFO cn.edu.tsinghua.iot.benchmark.tsdb.DBWrapper -- DataClientService-thread-1 insert one batch latency (device: d_2, sg: g_0) ,0.10, ms, throughput ,490773.4589713388, points/s
11:50:01.175 [DataClientService-thread-1] INFO cn.edu.tsinghua.iot.benchmark.tsdb.DBWrapper -- DataClientService-thread-1 insert one batch latency (device: d_3, sg: g_0) ,0.11, ms, throughput ,448700.11576462985, points/s
11:50:01.175 [DataClientService-thread-1] INFO cn.edu.tsinghua.iot.benchmark.tsdb.DBWrapper -- DataClientService-thread-1 insert one batch latency (device: d_4, sg: g_0) ,0.09, ms, throughput ,546084.0314107535, points/s
11:50:01.175 [DataClientService-thread-1] INFO cn.edu.tsinghua.iot.benchmark.tsdb.DBWrapper -- DataClientService-thread-1 insert one batch latency (device: d_5, sg: g_0) ,0.09, ms, throughput ,557072.0294134031, points/s
11:50:01.175 [DataClientService-thread-1] INFO cn.edu.tsinghua.iot.benchmark.tsdb.DBWrapper -- DataClientService-thread-1 insert one batch latency (device: d_6, sg: g_0) ,0.10, ms, throughput ,488758.5532746823, points/s
11:50:01.175 [DataClientService-thread-1] INFO cn.edu.tsinghua.iot.benchmark.tsdb.DBWrapper -- DataClientService-thread-1 insert one batch latency (device: d_7, sg: g_0) ,0.10, ms, throughput ,489461.8856029681, points/s
11:50:01.175 [DataClientService-thread-1] INFO cn.edu.tsinghua.iot.benchmark.tsdb.DBWrapper -- DataClientService-thread-1 insert one batch latency (device: d_8, sg: g_0) ,0.09, ms, throughput ,535016.8530308704, points/s
11:50:01.176 [DataClientService-thread-1] INFO cn.edu.tsinghua.iot.benchmark.tsdb.DBWrapper -- DataClientService-thread-1 insert one batch latency (device: d_9, sg: g_0) ,0.09, ms, throughput ,534091.0304752341, points/s
11:50:01.176 [DataClientService-thread-1] INFO cn.edu.tsinghua.iot.benchmark.tsdb.DBWrapper -- DataClientService-thread-1 insert one batch latency (device: d_10, sg: g_0) ,0.08, ms, throughput ,612204.9172298952, points/s
11:50:01.176 [DataClientService-thread-1] INFO cn.edu.tsinghua.iot.benchmark.tsdb.DBWrapper -- DataClientService-thread-1 insert one batch latency (device: d_11, sg: g_0) ,0.12, ms, throughput ,414841.3646621532, points/s
11:50:01.176 [DataClientService-thread-1] INFO cn.edu.tsinghua.iot.benchmark.tsdb.DBWrapper -- DataClientService-thread-1 insert one batch latency (device: d_12, sg: g_0) ,0.11, ms, throughput ,461241.84755034454, points/s
11:50:01.176 [DataClientService-thread-1] INFO cn.edu.tsinghua.iot.benchmark.tsdb.DBWrapper -- DataClientService-thread-1 insert one batch latency (device: d_13, sg: g_0) ,0.09, ms, throughput ,530464.5808799347, points/s
11:50:01.176 [DataClientService-thread-1] INFO cn.edu.tsinghua.iot.benchmark.tsdb.DBWrapper -- DataClientService-thread-1 insert one batch latency (device: d_14, sg: g_0) ,0.10, ms, throughput ,499565.3781210347, points/s
11:50:01.176 [DataClientService-thread-1] INFO cn.edu.tsinghua.iot.benchmark.tsdb.DBWrapper -- DataClientService-thread-1 insert one batch latency (device: d_15, sg: g_0) ,0.11, ms, throughput ,469047.5520408259, points/s
11:50:01.176 [DataClientService-thread-1] INFO cn.edu.tsinghua.iot.benchmark.tsdb.DBWrapper -- DataClientService-thread-1 insert one batch latency (device: d_16, sg: g_0) ,0.12, ms, throughput ,422404.32542029227, points/s
11:50:01.177 [DataClientService-thread-1] INFO cn.edu.tsinghua.iot.benchmark.tsdb.DBWrapper -- DataClientService-thread-1 insert one batch latency (device: d_17, sg: g_0) ,0.15, ms, throughput ,332623.73602980305, points/s
11:50:01.177 [DataClientService-thread-1] INFO cn.edu.tsinghua.iot.benchmark.tsdb.DBWrapper -- DataClientService-thread-1 insert one batch latency (device: d_18, sg: g_0) ,0.13, ms, throughput ,378063.25754425226, points/s
11:50:01.177 [DataClientService-thread-1] INFO cn.edu.tsinghua.iot.benchmark.tsdb.DBWrapper -- DataClientService-thread-1 insert one batch latency (device: d_19, sg: g_0) ,0.11, ms, throughput ,445799.6754578363, points/s
11:50:01.177 [DataClientService-thread-1] INFO cn.edu.tsinghua.iot.benchmark.tsdb.DBWrapper -- DataClientService-thread-1 insert one batch latency (device: d_0, sg: g_0) ,0.10, ms, throughput ,517191.44358475733, points/s
11:50:01.177 [DataClientService-thread-1] INFO cn.edu.tsinghua.iot.benchmark.tsdb.DBWrapper -- DataClientService-thread-1 insert one batch latency (device: d_1, sg: g_0) ,0.11, ms, throughput ,465224.47080716444, points/s
11:50:01.177 [DataClientService-thread-1] INFO cn.edu.tsinghua.iot.benchmark.tsdb.DBWrapper -- DataClientService-thread-1 insert one batch latency (device: d_2, sg: g_0) ,0.12, ms, throughput ,430826.49755290546, points/s
11:50:01.177 [DataClientService-thread-1] INFO cn.edu.tsinghua.iot.benchmark.tsdb.DBWrapper -- DataClientService-thread-1 insert one batch latency (device: d_3, sg: g_0) ,0.10, ms, throughput ,501459.24640704447, points/s
11:50:01.177 [DataClientService-thread-1] INFO cn.edu.tsinghua.iot.benchmark.tsdb.DBWrapper -- DataClientService-thread-1 insert one batch latency (device: d_4, sg: g_0) ,0.10, ms, throughput ,495157.3610093288, points/s
11:50:01.177 [DataClientService-thread-1] INFO cn.edu.tsinghua.iot.benchmark.tsdb.DBWrapper -- DataClientService-thread-1 insert one batch latency (device: d_5, sg: g_0) ,0.09, ms, throughput ,532107.3579805462, points/s
11:50:01.178 [DataClientService-thread-1] INFO cn.edu.tsinghua.iot.benchmark.tsdb.DBWrapper -- DataClientService-thread-1 insert one batch latency (device: d_6, sg: g_0) ,0.09, ms, throughput ,530031.589882757, points/s
11:50:01.178 [DataClientService-thread-1] INFO cn.edu.tsinghua.iot.benchmark.tsdb.DBWrapper -- DataClientService-thread-1 insert one batch latency (device: d_7, sg: g_0) ,0.10, ms, throughput ,477058.26789684093, points/s
11:50:01.178 [DataClientService-thread-1] INFO cn.edu.tsinghua.iot.benchmark.tsdb.DBWrapper -- DataClientService-thread-1 insert one batch latency (device: d_8, sg: g_0) ,0.12, ms, throughput ,403900.0589694086, points/s
11:50:01.178 [DataClientService-thread-1] INFO cn.edu.tsinghua.iot.benchmark.tsdb.DBWrapper -- DataClientService-thread-1 insert one batch latency (device: d_9, sg: g_0) ,0.12, ms, throughput ,411258.6158680024, points/s
11:50:01.178 [DataClientService-thread-1] INFO cn.edu.tsinghua.iot.benchmark.tsdb.DBWrapper -- DataClientService-thread-1 insert one batch latency (device: d_10, sg: g_0) ,0.10, ms, throughput ,509559.33308874484, points/s
11:50:01.178 [DataClientService-thread-1] INFO cn.edu.tsinghua.iot.benchmark.tsdb.DBWrapper -- DataClientService-thread-1 insert one batch latency (device: d_11, sg: g_0) ,0.09, ms, throughput ,565841.2928341859, points/s
11:50:01.178 [DataClientService-thread-1] INFO cn.edu.tsinghua.iot.benchmark.tsdb.DBWrapper -- DataClientService-thread-1 insert one batch latency (device: d_12, sg: g_0) ,0.11, ms, throughput ,465077.34236203483, points/s
11:50:01.178 [DataClientService-thread-1] INFO cn.edu.tsinghua.iot.benchmark.tsdb.DBWrapper -- DataClientService-thread-1 insert one batch latency (device: d_13, sg: g_0) ,0.09, ms, throughput ,537657.5336573616, points/s
11:50:01.178 [DataClientService-thread-1] INFO cn.edu.tsinghua.iot.benchmark.tsdb.DBWrapper -- DataClientService-thread-1 insert one batch latency (device: d_14, sg: g_0) ,0.08, ms, throughput ,600831.5508663991, points/s
11:50:01.179 [DataClientService-thread-1] INFO cn.edu.tsinghua.iot.benchmark.tsdb.DBWrapper -- DataClientService-thread-1 insert one batch latency (device: d_15, sg: g_0) ,0.10, ms, throughput ,489327.7615212222, points/s
11:50:01.179 [DataClientService-thread-1] INFO cn.edu.tsinghua.iot.benchmark.tsdb.DBWrapper -- DataClientService-thread-1 insert one batch latency (device: d_16, sg: g_0) ,0.10, ms, throughput ,524141.97957942844, points/s
11:50:01.179 [DataClientService-thread-1] INFO cn.edu.tsinghua.iot.benchmark.tsdb.DBWrapper -- DataClientService-thread-1 insert one batch latency (device: d_17, sg: g_0) ,0.11, ms, throughput ,471978.62880768755, points/s
11:50:01.179 [DataClientService-thread-1] INFO cn.edu.tsinghua.iot.benchmark.tsdb.DBWrapper -- DataClientService-thread-1 insert one batch latency (device: d_18, sg: g_0) ,0.09, ms, throughput ,547633.1296138092, points/s
11:50:01.179 [DataClientService-thread-1] INFO cn.edu.tsinghua.iot.benchmark.tsdb.DBWrapper -- DataClientService-thread-1 insert one batch latency (device: d_19, sg: g_0) ,0.09, ms, throughput ,551280.0723279455, points/s
11:50:01.179 [DataClientService-thread-1] INFO cn.edu.tsinghua.iot.benchmark.tsdb.DBWrapper -- DataClientService-thread-1 insert one batch latency (device: d_0, sg: g_0) ,0.09, ms, throughput ,533714.7614828731, points/s
11:50:01.179 [DataClientService-thread-1] INFO cn.edu.tsinghua.iot.benchmark.tsdb.DBWrapper -- DataClientService-thread-1 insert one batch latency (device: d_1, sg: g_0) ,0.09, ms, throughput ,552351.9144517354, points/s
11:50:01.179 [DataClientService-thread-1] INFO cn.edu.tsinghua.iot.benchmark.tsdb.DBWrapper -- DataClientService-thread-1 insert one batch latency (device: d_2, sg: g_0) ,0.10, ms, throughput ,514540.9265853006, points/s
11:50:01.179 [DataClientService-thread-1] INFO cn.edu.tsinghua.iot.benchmark.tsdb.DBWrapper -- DataClientService-thread-1 insert one batch latency (device: d_3, sg: g_0) ,0.09, ms, throughput ,532430.3314911244, points/s
11:50:01.180 [DataClientService-thread-1] INFO cn.edu.tsinghua.iot.benchmark.tsdb.DBWrapper -- DataClientService-thread-1 insert one batch latency (device: d_4, sg: g_0) ,0.09, ms, throughput ,549094.5430984307, points/s
11:50:01.180 [DataClientService-thread-1] INFO cn.edu.tsinghua.iot.benchmark.tsdb.DBWrapper -- DataClientService-thread-1 insert one batch latency (device: d_5, sg: g_0) ,0.09, ms, throughput ,566123.1884057971, points/s
11:50:01.180 [DataClientService-thread-1] INFO cn.edu.tsinghua.iot.benchmark.tsdb.DBWrapper -- DataClientService-thread-1 insert one batch latency (device: d_6, sg: g_0) ,0.09, ms, throughput ,548570.4254712219, points/s
11:50:01.180 [DataClientService-thread-1] INFO cn.edu.tsinghua.iot.benchmark.tsdb.DBWrapper -- DataClientService-thread-1 insert one batch latency (device: d_7, sg: g_0) ,0.11, ms, throughput ,464429.3556507119, points/s
11:50:01.180 [DataClientService-thread-1] INFO cn.edu.tsinghua.iot.benchmark.tsdb.DBWrapper -- DataClientService-thread-1 insert one batch latency (device: d_8, sg: g_0) ,0.08, ms, throughput ,590695.3665855445, points/s
11:50:01.180 [DataClientService-thread-1] INFO cn.edu.tsinghua.iot.benchmark.tsdb.DBWrapper -- DataClientService-thread-1 insert one batch latency (device: d_9, sg: g_0) ,0.10, ms, throughput ,519000.61242072267, points/s
11:50:01.181 [DataClientService-thread-1] INFO cn.edu.tsinghua.iot.benchmark.tsdb.DBWrapper -- DataClientService-thread-1 insert one batch latency (device: d_10, sg: g_0) ,0.89, ms, throughput ,56083.73975350075, points/s
11:50:01.181 [DataClientService-thread-1] INFO cn.edu.tsinghua.iot.benchmark.tsdb.DBWrapper -- DataClientService-thread-1 insert one batch latency (device: d_11, sg: g_0) ,0.13, ms, throughput ,391567.2085956834, points/s
11:50:01.181 [DataClientService-thread-1] INFO cn.edu.tsinghua.iot.benchmark.tsdb.DBWrapper -- DataClientService-thread-1 insert one batch latency (device: d_12, sg: g_0) ,0.15, ms, throughput ,341899.0440502728, points/s
11:50:01.181 [DataClientService-thread-1] INFO cn.edu.tsinghua.iot.benchmark.tsdb.DBWrapper -- DataClientService-thread-1 insert one batch latency (device: d_13, sg: g_0) ,0.14, ms, throughput ,349010.90310061286, points/s
11:50:01.182 [DataClientService-thread-1] INFO cn.edu.tsinghua.iot.benchmark.tsdb.DBWrapper -- DataClientService-thread-1 insert one batch latency (device: d_14, sg: g_0) ,0.12, ms, throughput ,433990.1050256054, points/s
11:50:01.182 [DataClientService-thread-1] INFO cn.edu.tsinghua.iot.benchmark.tsdb.DBWrapper -- DataClientService-thread-1 insert one batch latency (device: d_15, sg: g_0) ,0.11, ms, throughput ,452525.545067019, points/s
11:50:01.182 [DataClientService-thread-1] INFO cn.edu.tsinghua.iot.benchmark.tsdb.DBWrapper -- DataClientService-thread-1 insert one batch latency (device: d_16, sg: g_0) ,0.12, ms, throughput ,426112.1527185955, points/s
11:50:01.182 [DataClientService-thread-1] INFO cn.edu.tsinghua.iot.benchmark.tsdb.DBWrapper -- DataClientService-thread-1 insert one batch latency (device: d_17, sg: g_0) ,0.10, ms, throughput ,513990.83040358557, points/s
11:50:01.182 [DataClientService-thread-1] INFO cn.edu.tsinghua.iot.benchmark.tsdb.DBWrapper -- DataClientService-thread-1 insert one batch latency (device: d_18, sg: g_0) ,0.10, ms, throughput ,519377.99291568424, points/s
11:50:01.182 [DataClientService-thread-1] INFO cn.edu.tsinghua.iot.benchmark.tsdb.DBWrapper -- DataClientService-thread-1 insert one batch latency (device: d_19, sg: g_0) ,0.09, ms, throughput ,542322.877348258, points/s
11:50:01.182 [DataClientService-thread-1] INFO cn.edu.tsinghua.iot.benchmark.tsdb.DBWrapper -- DataClientService-thread-1 insert one batch latency (device: d_0, sg: g_0) ,0.09, ms, throughput ,571820.6770356816, points/s
11:50:01.182 [DataClientService-thread-1] INFO cn.edu.tsinghua.iot.benchmark.tsdb.DBWrapper -- DataClientService-thread-1 insert one batch latency (device: d_1, sg: g_0) ,0.09, ms, throughput ,570196.9460251571, points/s
11:50:01.182 [DataClientService-thread-1] INFO cn.edu.tsinghua.iot.benchmark.tsdb.DBWrapper -- DataClientService-thread-1 insert one batch latency (device: d_2, sg: g_0) ,0.11, ms, throughput ,459647.5422645915, points/s
11:50:01.183 [DataClientService-thread-1] INFO cn.edu.tsinghua.iot.benchmark.tsdb.DBWrapper -- DataClientService-thread-1 insert one batch latency (device: d_3, sg: g_0) ,0.39, ms, throughput ,127620.03940906817, points/s
11:50:01.183 [DataClientService-thread-1] INFO cn.edu.tsinghua.iot.benchmark.tsdb.DBWrapper -- DataClientService-thread-1 insert one batch latency (device: d_4, sg: g_0) ,0.11, ms, throughput ,436262.1062734491, points/s
11:50:01.183 [DataClientService-thread-1] INFO cn.edu.tsinghua.iot.benchmark.tsdb.DBWrapper -- DataClientService-thread-1 insert one batch latency (device: d_5, sg: g_0) ,0.10, ms, throughput ,500540.583830537, points/s
11:50:01.183 [DataClientService-thread-1] INFO cn.edu.tsinghua.iot.benchmark.tsdb.DBWrapper -- DataClientService-thread-1 insert one batch latency (device: d_6, sg: g_0) ,0.10, ms, throughput ,516769.159216578, points/s
11:50:01.183 [DataClientService-thread-1] INFO cn.edu.tsinghua.iot.benchmark.tsdb.DBWrapper -- DataClientService-thread-1 insert one batch latency (device: d_7, sg: g_0) ,0.12, ms, throughput ,406414.8520243524, points/s
11:50:01.183 [DataClientService-thread-1] INFO cn.edu.tsinghua.iot.benchmark.tsdb.DBWrapper -- DataClientService-thread-1 insert one batch latency (device: d_8, sg: g_0) ,0.11, ms, throughput ,445569.2592856634, points/s
11:50:01.183 [DataClientService-thread-1] INFO cn.edu.tsinghua.iot.benchmark.tsdb.DBWrapper -- DataClientService-thread-1 insert one batch latency (device: d_9, sg: g_0) ,0.11, ms, throughput ,469571.7505634861, points/s
11:50:01.184 [DataClientService-thread-1] INFO cn.edu.tsinghua.iot.benchmark.tsdb.DBWrapper -- DataClientService-thread-1 insert one batch latency (device: d_10, sg: g_0) ,0.10, ms, throughput ,509574.9126079025, points/s
11:50:01.184 [DataClientService-thread-1] INFO cn.edu.tsinghua.iot.benchmark.tsdb.DBWrapper -- DataClientService-thread-1 insert one batch latency (device: d_11, sg: g_0) ,0.10, ms, throughput ,486088.15694814414, points/s
11:50:01.184 [DataClientService-thread-1] INFO cn.edu.tsinghua.iot.benchmark.tsdb.DBWrapper -- DataClientService-thread-1 insert one batch latency (device: d_12, sg: g_0) ,0.10, ms, throughput ,518123.97670514596, points/s
11:50:01.184 [DataClientService-thread-1] INFO cn.edu.tsinghua.iot.benchmark.tsdb.DBWrapper -- DataClientService-thread-1 insert one batch latency (device: d_13, sg: g_0) ,0.13, ms, throughput ,390039.9400898652, points/s
11:50:01.184 [DataClientService-thread-1] INFO cn.edu.tsinghua.iot.benchmark.tsdb.DBWrapper -- DataClientService-thread-1 insert one batch latency (device: d_14, sg: g_0) ,0.15, ms, throughput ,339146.30093129573, points/s
11:50:01.184 [DataClientService-thread-1] INFO cn.edu.tsinghua.iot.benchmark.tsdb.DBWrapper -- DataClientService-thread-1 insert one batch latency (device: d_15, sg: g_0) ,0.13, ms, throughput ,382271.76464291994, points/s
11:50:01.184 [DataClientService-thread-1] INFO cn.edu.tsinghua.iot.benchmark.tsdb.DBWrapper -- DataClientService-thread-1 insert one batch latency (device: d_16, sg: g_0) ,0.12, ms, throughput ,415072.09802342666, points/s
11:50:01.185 [DataClientService-thread-1] INFO cn.edu.tsinghua.iot.benchmark.tsdb.DBWrapper -- DataClientService-thread-1 insert one batch latency (device: d_17, sg: g_0) ,0.11, ms, throughput ,461403.589719928, points/s
11:50:01.185 [DataClientService-thread-1] INFO cn.edu.tsinghua.iot.benchmark.tsdb.DBWrapper -- DataClientService-thread-1 insert one batch latency (device: d_18, sg: g_0) ,0.13, ms, throughput ,396875.79375158745, points/s
11:50:01.185 [DataClientService-thread-1] INFO cn.edu.tsinghua.iot.benchmark.tsdb.DBWrapper -- DataClientService-thread-1 insert one batch latency (device: d_19, sg: g_0) ,0.13, ms, throughput ,373859.72783011815, points/s
11:50:01.185 [DataClientService-thread-1] INFO cn.edu.tsinghua.iot.benchmark.tsdb.DBWrapper -- DataClientService-thread-1 insert one batch latency (device: d_0, sg: g_0) ,0.12, ms, throughput ,433730.34117228637, points/s
11:50:01.185 [DataClientService-thread-1] INFO cn.edu.tsinghua.iot.benchmark.tsdb.DBWrapper -- DataClientService-thread-1 insert one batch latency (device: d_1, sg: g_0) ,0.10, ms, throughput ,513167.8880062401, points/s
11:50:01.185 [DataClientService-thread-1] INFO cn.edu.tsinghua.iot.benchmark.tsdb.DBWrapper -- DataClientService-thread-1 insert one batch latency (device: d_2, sg: g_0) ,0.10, ms, throughput ,485356.7857732219, points/s
11:50:01.185 [DataClientService-thread-1] INFO cn.edu.tsinghua.iot.benchmark.tsdb.DBWrapper -- DataClientService-thread-1 insert one batch latency (device: d_3, sg: g_0) ,0.10, ms, throughput ,519032.9378302347, points/s
11:50:01.185 [DataClientService-thread-1] INFO cn.edu.tsinghua.iot.benchmark.tsdb.DBWrapper -- DataClientService-thread-1 insert one batch latency (device: d_4, sg: g_0) ,0.11, ms, throughput ,475059.38242280285, points/s
11:50:01.186 [DataClientService-thread-1] INFO cn.edu.tsinghua.iot.benchmark.tsdb.DBWrapper -- DataClientService-thread-1 insert one batch latency (device: d_5, sg: g_0) ,0.13, ms, throughput ,385074.5119180562, points/s
11:50:01.186 [DataClientService-thread-1] INFO cn.edu.tsinghua.iot.benchmark.tsdb.DBWrapper -- DataClientService-thread-1 insert one batch latency (device: d_6, sg: g_0) ,0.14, ms, throughput ,366566.2275203261, points/s
11:50:01.186 [DataClientService-thread-1] INFO cn.edu.tsinghua.iot.benchmark.tsdb.DBWrapper -- DataClientService-thread-1 insert one batch latency (device: d_7, sg: g_0) ,0.12, ms, throughput ,419681.37789789995, points/s
11:50:01.186 [DataClientService-thread-1] INFO cn.edu.tsinghua.iot.benchmark.tsdb.DBWrapper -- DataClientService-thread-1 insert one batch latency (device: d_8, sg: g_0) ,0.11, ms, throughput ,437747.8747340682, points/s
11:50:01.186 [DataClientService-thread-1] INFO cn.edu.tsinghua.iot.benchmark.tsdb.DBWrapper -- DataClientService-thread-1 insert one batch latency (device: d_9, sg: g_0) ,0.13, ms, throughput ,399546.115612664, points/s
11:50:01.186 [DataClientService-thread-1] INFO cn.edu.tsinghua.iot.benchmark.tsdb.DBWrapper -- DataClientService-thread-1 insert one batch latency (device: d_10, sg: g_0) ,0.10, ms, throughput ,509082.0232955934, points/s
11:50:01.186 [DataClientService-thread-1] INFO cn.edu.tsinghua.iot.benchmark.tsdb.DBWrapper -- DataClientService-thread-1 insert one batch latency (device: d_11, sg: g_0) ,0.09, ms, throughput ,528703.302280826, points/s
11:50:01.187 [DataClientService-thread-1] INFO cn.edu.tsinghua.iot.benchmark.tsdb.DBWrapper -- DataClientService-thread-1 insert one batch latency (device: d_12, sg: g_0) ,1.03, ms, throughput ,48351.03625940911, points/s
11:50:01.188 [DataClientService-thread-1] INFO cn.edu.tsinghua.iot.benchmark.tsdb.DBWrapper -- DataClientService-thread-1 insert one batch latency (device: d_13, sg: g_0) ,0.19, ms, throughput ,261402.3714423137, points/s
11:50:01.188 [DataClientService-thread-1] INFO cn.edu.tsinghua.iot.benchmark.tsdb.DBWrapper -- DataClientService-thread-1 insert one batch latency (device: d_14, sg: g_0) ,0.11, ms, throughput ,464028.509911649, points/s
11:50:01.188 [DataClientService-thread-1] INFO cn.edu.tsinghua.iot.benchmark.tsdb.DBWrapper -- DataClientService-thread-1 insert one batch latency (device: d_15, sg: g_0) ,0.10, ms, throughput ,489634.43892789644, points/s
11:50:01.188 [DataClientService-thread-1] INFO cn.edu.tsinghua.iot.benchmark.tsdb.DBWrapper -- DataClientService-thread-1 insert one batch latency (device: d_16, sg: g_0) ,0.09, ms, throughput ,555654.3385490754, points/s
11:50:01.188 [DataClientService-thread-1] INFO cn.edu.tsinghua.iot.benchmark.tsdb.DBWrapper -- DataClientService-thread-1 insert one batch latency (device: d_17, sg: g_0) ,0.09, ms, throughput ,556774.2725744129, points/s
11:50:01.188 [DataClientService-thread-1] INFO cn.edu.tsinghua.iot.benchmark.tsdb.DBWrapper -- DataClientService-thread-1 insert one batch latency (device: d_18, sg: g_0) ,0.09, ms, throughput ,543608.254147731, points/s
11:50:01.188 [DataClientService-thread-1] INFO cn.edu.tsinghua.iot.benchmark.tsdb.DBWrapper -- DataClientService-thread-1 insert one batch latency (device: d_19, sg: g_0) ,0.13, ms, throughput ,396523.28384722746, points/s
11:50:01.188 [DataClientService-thread-1] INFO cn.edu.tsinghua.iot.benchmark.tsdb.DBWrapper -- DataClientService-thread-1 insert one batch latency (device: d_0, sg: g_0) ,0.12, ms, throughput ,411993.9684083025, points/s
11:50:01.188 [DataClientService-thread-1] INFO cn.edu.tsinghua.iot.benchmark.tsdb.DBWrapper -- DataClientService-thread-1 insert one batch latency (device: d_1, sg: g_0) ,0.12, ms, throughput ,432952.91204128636, points/s
11:50:01.189 [DataClientService-thread-1] INFO cn.edu.tsinghua.iot.benchmark.tsdb.DBWrapper -- DataClientService-thread-1 insert one batch latency (device: d_2, sg: g_0) ,0.13, ms, throughput ,371570.4051603698, points/s
11:50:01.189 [DataClientService-thread-1] INFO cn.edu.tsinghua.iot.benchmark.tsdb.DBWrapper -- DataClientService-thread-1 insert one batch latency (device: d_3, sg: g_0) ,0.13, ms, throughput ,396030.19334194035, points/s
11:50:01.189 [DataClientService-thread-1] INFO cn.edu.tsinghua.iot.benchmark.tsdb.DBWrapper -- DataClientService-thread-1 insert one batch latency (device: d_4, sg: g_0) ,0.11, ms, throughput ,449660.5063177301, points/s
11:50:01.189 [DataClientService-thread-1] INFO cn.edu.tsinghua.iot.benchmark.tsdb.DBWrapper -- DataClientService-thread-1 insert one batch latency (device: d_5, sg: g_0) ,0.11, ms, throughput ,446420.5996321494, points/s
11:50:01.189 [DataClientService-thread-1] INFO cn.edu.tsinghua.iot.benchmark.tsdb.DBWrapper -- DataClientService-thread-1 insert one batch latency (device: d_6, sg: g_0) ,0.11, ms, throughput ,441450.4295312679, points/s
11:50:01.189 [DataClientService-thread-1] INFO cn.edu.tsinghua.iot.benchmark.tsdb.DBWrapper -- DataClientService-thread-1 insert one batch latency (device: d_7, sg: g_0) ,0.11, ms, throughput ,437456.8011408874, points/s
11:50:01.189 [DataClientService-thread-1] INFO cn.edu.tsinghua.iot.benchmark.tsdb.DBWrapper -- DataClientService-thread-1 insert one batch latency (device: d_8, sg: g_0) ,0.12, ms, throughput ,410947.6452699926, points/s
11:50:01.190 [DataClientService-thread-1] INFO cn.edu.tsinghua.iot.benchmark.tsdb.DBWrapper -- DataClientService-thread-1 insert one batch latency (device: d_9, sg: g_0) ,0.11, ms, throughput ,448426.47151146625, points/s
11:50:01.190 [DataClientService-thread-1] INFO cn.edu.tsinghua.iot.benchmark.tsdb.DBWrapper -- DataClientService-thread-1 insert one batch latency (device: d_10, sg: g_0) ,0.13, ms, throughput ,378859.63250615646, points/s
11:50:01.190 [DataClientService-thread-1] INFO cn.edu.tsinghua.iot.benchmark.tsdb.DBWrapper -- DataClientService-thread-1 insert one batch latency (device: d_11, sg: g_0) ,0.13, ms, throughput ,392310.7100823852, points/s
11:50:01.190 [DataClientService-thread-1] INFO cn.edu.tsinghua.iot.benchmark.tsdb.DBWrapper -- DataClientService-thread-1 insert one batch latency (device: d_12, sg: g_0) ,0.12, ms, throughput ,415703.6199471225, points/s
11:50:01.190 [DataClientService-thread-1] INFO cn.edu.tsinghua.iot.benchmark.tsdb.DBWrapper -- DataClientService-thread-1 insert one batch latency (device: d_13, sg: g_0) ,0.12, ms, throughput ,413599.1397137894, points/s
11:50:01.190 [DataClientService-thread-1] INFO cn.edu.tsinghua.iot.benchmark.tsdb.DBWrapper -- DataClientService-thread-1 insert one batch latency (device: d_14, sg: g_0) ,0.11, ms, throughput ,452652.5439072967, points/s
11:50:01.190 [DataClientService-thread-1] INFO cn.edu.tsinghua.iot.benchmark.tsdb.DBWrapper -- DataClientService-thread-1 insert one batch latency (device: d_15, sg: g_0) ,0.11, ms, throughput ,458921.9006709438, points/s
11:50:01.190 [DataClientService-thread-1] INFO cn.edu.tsinghua.iot.benchmark.tsdb.DBWrapper -- DataClientService-thread-1 insert one batch latency (device: d_16, sg: g_0) ,0.11, ms, throughput ,440074.9887780878, points/s
11:50:01.191 [DataClientService-thread-1] INFO cn.edu.tsinghua.iot.benchmark.tsdb.DBWrapper -- DataClientService-thread-1 insert one batch latency (device: d_17, sg: g_0) ,0.12, ms, throughput ,428901.06967926776, points/s
11:50:01.191 [DataClientService-thread-1] INFO cn.edu.tsinghua.iot.benchmark.tsdb.DBWrapper -- DataClientService-thread-1 insert one batch latency (device: d_18, sg: g_0) ,0.12, ms, throughput ,406867.9306697046, points/s
11:50:01.191 [DataClientService-thread-1] INFO cn.edu.tsinghua.iot.benchmark.tsdb.DBWrapper -- DataClientService-thread-1 insert one batch latency (device: d_19, sg: g_0) ,0.13, ms, throughput ,397876.9287084119, points/s
11:50:01.191 [DataClientService-thread-1] INFO cn.edu.tsinghua.iot.benchmark.tsdb.DBWrapper -- DataClientService-thread-1 insert one batch latency (device: d_0, sg: g_0) ,0.12, ms, throughput ,431287.30635199946, points/s
11:50:01.191 [DataClientService-thread-1] INFO cn.edu.tsinghua.iot.benchmark.tsdb.DBWrapper -- DataClientService-thread-1 insert one batch latency (device: d_1, sg: g_0) ,0.11, ms, throughput ,441723.428127181, points/s
11:50:01.194 [DataClientService-thread-1] INFO cn.edu.tsinghua.iot.benchmark.tsdb.DBWrapper -- DataClientService-thread-1 insert one batch latency (device: d_2, sg: g_0) ,2.91, ms, throughput ,17157.897265374333, points/s
11:50:01.194 [DataClientService-thread-1] INFO cn.edu.tsinghua.iot.benchmark.tsdb.DBWrapper -- DataClientService-thread-1 insert one batch latency (device: d_3, sg: g_0) ,0.32, ms, throughput ,156973.54995683228, points/s
11:50:01.195 [DataClientService-thread-1] INFO cn.edu.tsinghua.iot.benchmark.tsdb.DBWrapper -- DataClientService-thread-1 insert one batch latency (device: d_4, sg: g_0) ,0.25, ms, throughput ,203208.25188069238, points/s
11:50:01.195 [DataClientService-thread-1] INFO cn.edu.tsinghua.iot.benchmark.tsdb.DBWrapper -- DataClientService-thread-1 insert one batch latency (device: d_5, sg: g_0) ,0.23, ms, throughput ,215287.1068857428, points/s
11:50:01.195 [DataClientService-thread-1] INFO cn.edu.tsinghua.iot.benchmark.tsdb.DBWrapper -- DataClientService-thread-1 insert one batch latency (device: d_6, sg: g_0) ,0.14, ms, throughput ,359409.70549968735, points/s
11:50:01.195 [DataClientService-thread-1] INFO cn.edu.tsinghua.iot.benchmark.tsdb.DBWrapper -- DataClientService-thread-1 insert one batch latency (device: d_7, sg: g_0) ,0.12, ms, throughput ,414831.03931768594, points/s
11:50:01.195 [DataClientService-thread-1] INFO cn.edu.tsinghua.iot.benchmark.tsdb.DBWrapper -- DataClientService-thread-1 insert one batch latency (device: d_8, sg: g_0) ,0.15, ms, throughput ,323214.5627553395, points/s
11:50:01.196 [DataClientService-thread-1] INFO cn.edu.tsinghua.iot.benchmark.tsdb.DBWrapper -- DataClientService-thread-1 insert one batch latency (device: d_9, sg: g_0) ,0.15, ms, throughput ,322757.6412871575, points/s
11:50:01.196 [DataClientService-thread-1] INFO cn.edu.tsinghua.iot.benchmark.tsdb.DBWrapper -- DataClientService-thread-1 insert one batch latency (device: d_10, sg: g_0) ,0.15, ms, throughput ,339015.2285640671, points/s
11:50:01.196 [DataClientService-thread-1] INFO cn.edu.tsinghua.iot.benchmark.tsdb.DBWrapper -- DataClientService-thread-1 insert one batch latency (device: d_11, sg: g_0) ,0.13, ms, throughput ,379052.0665918671, points/s
11:50:01.196 [DataClientService-thread-1] INFO cn.edu.tsinghua.iot.benchmark.tsdb.DBWrapper -- DataClientService-thread-1 insert one batch latency (device: d_12, sg: g_0) ,0.15, ms, throughput ,343770.19649904437, points/s
11:50:01.196 [DataClientService-thread-1] INFO cn.edu.tsinghua.iot.benchmark.tsdb.DBWrapper -- DataClientService-thread-1 insert one batch latency (device: d_13, sg: g_0) ,0.10, ms, throughput ,499011.9563264736, points/s
11:50:01.196 [DataClientService-thread-1] INFO cn.edu.tsinghua.iot.benchmark.tsdb.DBWrapper -- DataClientService-thread-1 insert one batch latency (device: d_14, sg: g_0) ,0.09, ms, throughput ,552620.5265368377, points/s
11:50:01.196 [DataClientService-thread-1] INFO cn.edu.tsinghua.iot.benchmark.tsdb.DBWrapper -- DataClientService-thread-1 insert one batch latency (device: d_15, sg: g_0) ,0.12, ms, throughput ,415541.242468315, points/s
11:50:01.196 [DataClientService-thread-1] INFO cn.edu.tsinghua.iot.benchmark.tsdb.DBWrapper -- DataClientService-thread-1 insert one batch latency (device: d_16, sg: g_0) ,0.16, ms, throughput ,318416.5780407191, points/s
11:50:01.197 [DataClientService-thread-1] INFO cn.edu.tsinghua.iot.benchmark.tsdb.DBWrapper -- DataClientService-thread-1 insert one batch latency (device: d_17, sg: g_0) ,0.18, ms, throughput ,276085.9842189252, points/s
11:50:01.197 [DataClientService-thread-1] INFO cn.edu.tsinghua.iot.benchmark.tsdb.DBWrapper -- DataClientService-thread-1 insert one batch latency (device: d_18, sg: g_0) ,0.12, ms, throughput ,406490.845826152, points/s
11:50:01.197 [DataClientService-thread-1] INFO cn.edu.tsinghua.iot.benchmark.tsdb.DBWrapper -- DataClientService-thread-1 insert one batch latency (device: d_19, sg: g_0) ,0.11, ms, throughput ,438554.17459718796, points/s
11:50:01.806 [ShowWorkProgress-thread-1] INFO cn.edu.tsinghua.iot.benchmark.mode.BaseMode -- DataClientService-thread-1 100.00% workload is done.
11:50:04.218 [main] INFO cn.edu.tsinghua.iot.benchmark.mode.BaseMode -- All dataClients finished. The final test result is: 
----------------------Main Configurations----------------------
########### Test Mode ###########
BENCHMARK_WORK_MODE=testWithDefaultPath
IoTDB_DIALECT_MODE=TREE
########### Database Connection Information ###########
DOUBLE_WRITE=false
DBConfig=
  DB_SWITCH=IoTDB-200-SESSION_BY_TABLET
  HOST=[127.0.0.1]
########### Data Mode ###########
GROUP_NUMBER=1
IoTDB_TABLE_NUMBER=1
DEVICE_NUMBER=20
REAL_INSERT_RATE=1.0
SENSOR_NUMBER=5
IS_SENSOR_TS_ALIGNMENT=true
IS_OUT_OF_ORDER=true
OUT_OF_ORDER_RATIO=0.8
########### Data Amount ###########
OPERATION_PROPORTION=1:0:0:0:0:0:0:0:0:0:0:0:0
SCHEMA_CLIENT_NUMBER=1
DATA_CLIENT_NUMBER=1
LOOP=50
BATCH_SIZE_PER_WRITE=10
DEVICE_NUM_PER_WRITE=1
START_TIME=2022-01-01T00:00:00+08:00
POINT_STEP=1000
OP_MIN_INTERVAL=0
OP_MIN_INTERVAL_RANDOM=false
INTERVAL_BETWEEN_WRITE_BATCH=0
INSERT_DATATYPE_PROPORTION=1:1:1:1:1:1:0:0:0:0:0
ENCODINGS=RLE/TS_2DIFF/TS_2DIFF/GORILLA/GORILLA/DICTIONARY/PLAIN/PLAIN/TS_2DIFF/TS_2DIFF
COMPRESSOR=LZ4
########### Other Param ###########
IS_DELETE_DATA=true
CREATE_SCHEMA=true
BENCHMARK_CLUSTER=false
VECTOR=true

---------------------------------------------------------------

Create schema cost 0.16 second
Test elapsed time (not include schema creation): 1.39 second
----------------------------------------------------------Result Matrix----------------------------------------------------------
Operation                okOperation              okPoint                  failOperation            failPoint                throughput(point/s)      
INGESTION                1000                     50000                    0                        0                        35843.96                 
PRECISE_POINT            0                        0                        0                        0                        0.00                     
TIME_RANGE               0                        0                        0                        0                        0.00                     
VALUE_RANGE              0                        0                        0                        0                        0.00                     
AGG_RANGE                0                        0                        0                        0                        0.00                     
AGG_VALUE                0                        0                        0                        0                        0.00                     
AGG_RANGE_VALUE          0                        0                        0                        0                        0.00                     
GROUP_BY                 0                        0                        0                        0                        0.00                     
LATEST_POINT             0                        0                        0                        0                        0.00                     
RANGE_QUERY_DESC         0                        0                        0                        0                        0.00                     
VALUE_RANGE_QUERY_DESC   0                        0                        0                        0                        0.00                     
GROUP_BY_DESC            0                        0                        0                        0                        0.00                     
SET_OPERATION            0                        0                        0                        0                        0.00                     
---------------------------------------------------------------------------------------------------------------------------------

--------------------------------------------------------------------------Latency (ms) Matrix--------------------------------------------------------------------------
Operation                AVG         MIN         P10         P25         MEDIAN      P75         P90         P95         P99         P999        MAX         SLOWEST_THREAD
INGESTION                0.35        0.08        0.10        0.11        0.13        0.19        0.32        0.39        3.31        5.05        63.84       350.51      
PRECISE_POINT            0.00        0.00        0.00        0.00        0.00        0.00        0.00        0.00        0.00        0.00        0.00        0.00        
TIME_RANGE               0.00        0.00        0.00        0.00        0.00        0.00        0.00        0.00        0.00        0.00        0.00        0.00        
VALUE_RANGE              0.00        0.00        0.00        0.00        0.00        0.00        0.00        0.00        0.00        0.00        0.00        0.00        
AGG_RANGE                0.00        0.00        0.00        0.00        0.00        0.00        0.00        0.00        0.00        0.00        0.00        0.00        
AGG_VALUE                0.00        0.00        0.00        0.00        0.00        0.00        0.00        0.00        0.00        0.00        0.00        0.00        
AGG_RANGE_VALUE          0.00        0.00        0.00        0.00        0.00        0.00        0.00        0.00        0.00        0.00        0.00        0.00        
GROUP_BY                 0.00        0.00        0.00        0.00        0.00        0.00        0.00        0.00        0.00        0.00        0.00        0.00        
LATEST_POINT             0.00        0.00        0.00        0.00        0.00        0.00        0.00        0.00        0.00        0.00        0.00        0.00        
RANGE_QUERY_DESC         0.00        0.00        0.00        0.00        0.00        0.00        0.00        0.00        0.00        0.00        0.00        0.00        
VALUE_RANGE_QUERY_DESC   0.00        0.00        0.00        0.00        0.00        0.00        0.00        0.00        0.00        0.00        0.00        0.00        
GROUP_BY_DESC            0.00        0.00        0.00        0.00        0.00        0.00        0.00        0.00        0.00        0.00        0.00        0.00        
SET_OPERATION            0.00        0.00        0.00        0.00        0.00        0.00        0.00        0.00        0.00        0.00        0.00        0.00        
-----------------------------------------------------------------------------------------------------------------------------------------------------------------------


----------------------------------------------------------------------------SQL Statements Example---------------------------------------------------------------------
Operation                          SQL                                                                             
------------------------------------------------------------------------------------------------------------------------------------------------------------------------
